layer,expert,total_mass,selectivity,top_category,share_computational,share_creative,share_factual,share_reasoning,share_social_ethical,share_symbolic
1,0,1118.8555908203125,0.2834617019059719,factual,0.050877595897297144,0.0405653054088274,0.2834617019059719,0.2229797837909197,0.18837640258508248,0.2137392104119014
1,1,1419.170654296875,0.315384704046484,reasoning,0.12232314104281099,0.044462828769622445,0.21979587550015714,0.315384704046484,0.12086905331448568,0.17716439732643974
1,2,1923.9775390625,0.29009955064403625,reasoning,0.09589413867856963,0.058099865847982365,0.22803006923827743,0.29009955064403625,0.07946686120316544,0.24840951438796885
1,3,1977.2884521484375,0.5027845812805783,reasoning,0.03916953179313403,0.02261311263705209,0.09468119632691724,0.5027845812805783,0.07911700167928688,0.26163457628303144
1,4,2201.39892578125,0.3331932265194473,symbolic,0.12217373318856861,0.07379357497507466,0.1810457661310446,0.2080140358192866,0.0817796633665782,0.3331932265194473
1,5,1710.5615234375,0.2779417137898454,symbolic,0.17277276970110442,0.049893669556380825,0.24093101223727817,0.19222703048329684,0.06623380423209438,0.2779417137898454
1,6,1396.310302734375,0.30406097823032835,symbolic,0.08530171680490942,0.05320942977682358,0.2272561247582085,0.20050016724112638,0.12967158318860375,0.30406097823032835
1,7,1966.791748046875,0.33286661993533,symbolic,0.08332724055015536,0.04115973986526032,0.258308083970924,0.18572801642109543,0.09861029925723491,0.33286661993533
1,8,2053.4837036132812,0.22567112974370054,symbolic,0.1633147890204328,0.0586456947789367,0.21774865306215377,0.17090775943855177,0.16371197395622442,0.22567112974370054
1,9,1814.4576416015625,0.3039068726753035,symbolic,0.12782812636970697,0.05783327907485698,0.18129623870015932,0.24367996392904565,0.08545551925092759,0.3039068726753035
1,10,1557.0777587890625,0.3042538007480804,symbolic,0.1033042712832916,0.04088124249299189,0.20965575774243447,0.21669557819436058,0.12520934953884108,0.3042538007480804
1,11,1295.244140625,0.2832716970889598,factual,0.09959276726003333,0.04370179367125828,0.2832716970889598,0.19785055378374913,0.20232191460647048,0.173261273589529
1,12,2125.7063598632812,0.3869601249561662,symbolic,0.049687298049737774,0.05129929668082241,0.16339315403918614,0.25573645341293233,0.09292367286115516,0.3869601249561662
1,13,1854.485595703125,0.32553064630429834,symbolic,0.14477987217700747,0.04424772178626754,0.20487987516543305,0.19423449767396486,0.08632738689302871,0.32553064630429834
1,14,2166.315673828125,0.31028997448392237,symbolic,0.11224834273971741,0.04763536475842109,0.21467072471588414,0.2402066936399365,0.0749488996621185,0.31028997448392237
1,15,1864.8011474609375,0.33213656758366195,reasoning,0.0771114966427739,0.03892356935521215,0.17569892378799237,0.33213656758366195,0.09632400876355379,0.27980543386680584
1,16,1649.2152099609375,0.3668500295069617,symbolic,0.06932126438274715,0.049970648474420135,0.22383508195296783,0.22189753338379828,0.06812544229910489,0.3668500295069617
1,17,1634.3282470703125,0.259592377500641,reasoning,0.12388544515755671,0.03886897158939701,0.23110290036529338,0.259592377500641,0.182948887833416,0.16360141755369587
1,18,1675.8561401367188,0.25287786709123977,factual,0.11657032955294429,0.06761593222797044,0.25287786709123977,0.22557536491212313,0.11685855967902367,0.2205019465366987
1,19,1214.347412109375,0.2745554001464023,factual,0.06943833764880225,0.05690508199994089,0.2745554001464023,0.2161914222591344,0.13914276069784942,0.24376699724787076
1,20,1955.525634765625,0.2931149750562839,factual,0.06874768799798947,0.04035140308168722,0.2931149750562839,0.20381860645534058,0.14769577592941077,0.24627155147928803
1,21,2032.4065551757812,0.3304471261240107,symbolic,0.11584497756971249,0.04916695719135159,0.21965164726370193,0.20529308597697782,0.07959620587424546,0.3304471261240107
1,22,1468.23974609375,0.27964585436097317,factual,0.08632520273831833,0.04454938633933664,0.27964585436097317,0.25931590263239723,0.13320851160060593,0.19695514232836872
1,23,1533.5918579101562,0.2597913769395013,reasoning,0.10288705065184707,0.04253810011307244,0.24465345549928047,0.2597913769395013,0.10568403257947856,0.24444598421682018
1,24,1748.894287109375,0.2720684567579041,factual,0.10025523939442206,0.03786439562608685,0.2720684567579041,0.20277858317567002,0.12124143449453484,0.26579189055138214
1,25,1364.3623046875,0.30554111102442405,factual,0.08597784564818586,0.0654955203860549,0.30554111102442405,0.21560356508127151,0.13748177483900662,0.18990018302105707
1,26,2064.1728515625,0.3239532164489692,symbolic,0.0744676547856781,0.062064185156641416,0.26898548904226827,0.16231928128369366,0.10821017328274936,0.3239532164489692
1,27,2213.411865234375,0.26675816100245586,symbolic,0.13797202446246387,0.0650728232041548,0.20216117452475613,0.24508023540350987,0.08295558140265946,0.26675816100245586
1,28,832.3702392578125,0.33158834788115227,factual,0.10380131217078957,0.0651826566552917,0.33158834788115227,0.14604847760822798,0.21078647974556142,0.14259272593897704
1,29,1887.955078125,0.3537030082771848,symbolic,0.06843846113261186,0.041824883383869575,0.16944215126113013,0.24614887449528414,0.12044262144991946,0.3537030082771848
1,30,1433.352783203125,0.26392847367226063,factual,0.08559664235115814,0.06011603108356258,0.26392847367226063,0.24061111770660362,0.17410853970175164,0.1756391954846634
1,31,1853.661865234375,0.2835769411765326,factual,0.05749572708897177,0.05725081753955398,0.2835769411765326,0.20224629273849443,0.13112466495333153,0.2683055565031157
1,32,1626.05615234375,0.2889688883096713,symbolic,0.07929146411151647,0.04395010094100499,0.2423036800300766,0.2342667611164979,0.1112191054912327,0.2889688883096713
1,33,1683.2833251953125,0.2593206534528517,factual,0.21320382666264523,0.031194339269486827,0.2593206534528517,0.21155053458595216,0.1012024621419103,0.18352818388715378
1,34,1176.3565673828125,0.24727228049647218,reasoning,0.07061941141133911,0.06942875646498967,0.24489304600022851,0.24727228049647218,0.1679329871087787,0.19985351851819183
1,35,1333.230712890625,0.2844919430139246,factual,0.03739058835033629,0.03665861367870171,0.2844919430139246,0.23519116675178675,0.13694971884737955,0.2693179693578711
1,36,2296.7989501953125,0.35161272612289407,symbolic,0.1121262677861836,0.04960878540993359,0.22764563792689352,0.1868275081599481,0.07217907459414712,0.35161272612289407
1,37,1669.9187622070312,0.37899580880066697,symbolic,0.06053929413391816,0.05914557808569015,0.18607721088953785,0.19277959911401882,0.12246250897616805,0.37899580880066697
1,38,2042.05859375,0.28313593819043664,symbolic,0.17028224333211545,0.039468826456145856,0.21323499522731926,0.18800548332239794,0.10587251347158486,0.28313593819043664
1,39,948.0172119140625,0.23683322394847284,symbolic,0.08916224588300237,0.08171686459596426,0.2331747864484326,0.21376518656524712,0.1453476925588808,0.23683322394847284
1,40,2539.2128295898438,0.29330462958407055,reasoning,0.07277251830017853,0.0630697273860925,0.18672211787076165,0.29330462958407055,0.12343052862038481,0.260700478238512
1,41,2080.4869384765625,0.26479197251666914,symbolic,0.15120619779598482,0.0521483189718171,0.25296730120353694,0.16337757326919727,0.11550863624279477,0.26479197251666914
1,42,1835.659423828125,0.3367998158231679,reasoning,0.11746573051423613,0.047116577896572365,0.2064848651943426,0.3367998158231679,0.0750007880182916,0.2171322225533894
1,43,1454.026611328125,0.28209546731169655,symbolic,0.041633945873301395,0.07805430870933072,0.281309496644639,0.17202036773890125,0.14488641372213107,0.28209546731169655
1,44,2155.7921142578125,0.32763365907241737,symbolic,0.10273915163936817,0.07508297306566855,0.2157931068808826,0.2000523322179659,0.07869877712369741,0.32763365907241737
1,45,1336.2731323242188,0.29423862307253856,symbolic,0.11418768649086197,0.042875101873848485,0.21610529226050162,0.2050669927177926,0.12752630358445674,0.29423862307253856
1,46,1602.508056640625,0.26687673573208986,symbolic,0.05645782604264281,0.06239258437815601,0.21416121244271485,0.18913117301324994,0.2109804683911465,0.26687673573208986
1,47,1799.9825439453125,0.2822522218199138,symbolic,0.06847003792422303,0.038863156292816156,0.269035201825213,0.22984889515462287,0.11153048698321116,0.2822522218199138
1,48,1577.5341796875,0.31895836622002666,factual,0.1166795118221859,0.0519821003531644,0.31895836622002666,0.2049527360181256,0.1416176848386927,0.1658096007478047
1,49,973.267822265625,0.29649241628945655,reasoning,0.05931636859855939,0.04399141603986449,0.2422408851863976,0.29649241628945655,0.14290010924356047,0.21505880464216148
1,50,2555.9010009765625,0.27409586262565167,reasoning,0.12979065133481846,0.05028560353666103,0.179358658045698,0.27409586262565167,0.10067393923786488,0.26579528521930595
1,51,2299.1931762695312,0.30997440641130136,symbolic,0.11570767715545172,0.04520841144039866,0.23462079792394905,0.22037632564773527,0.07411238142116397,0.30997440641130136
1,52,2154.9444580078125,0.31356015205084825,reasoning,0.09313746066246519,0.04911675179236976,0.1628381767606689,0.31356015205084825,0.10414520113939005,0.2772022575942579
1,53,1673.4415283203125,0.3633853443250786,reasoning,0.09928226567498488,0.049203750603716595,0.17689842745914258,0.3633853443250786,0.08742071626374032,0.22380949567333705
1,54,1182.0377197265625,0.34980569029849784,factual,0.07646108182859623,0.04578347792833669,0.34980569029849784,0.1674284457919255,0.1391134776711917,0.22140782648145205
1,55,1641.9957275390625,0.36629857390726156,factual,0.09945604226944615,0.031026458623223202,0.36629857390726156,0.20469282026199986,0.1297778812627456,0.16874822367532363
1,56,1438.4124755859375,0.3072365325169358,factual,0.106819932150745,0.06161119703652785,0.3072365325169358,0.15026789635485288,0.21161889849980586,0.1624455434411326
1,57,1627.479248046875,0.29440022021690165,reasoning,0.12849341186936097,0.04471243167913137,0.19030003052734298,0.29440022021690165,0.12746590800843965,0.21462799769882338
1,58,1367.259765625,0.2735642901732337,factual,0.10756663576353821,0.08176487457091554,0.2735642901732337,0.2540505001878472,0.08512898246806955,0.1979247168363958
1,59,1741.853759765625,0.2532483450795577,factual,0.07842849099596293,0.04365010786118922,0.2532483450795577,0.21772107969674123,0.18437276311199188,0.22257921325455704
1,60,927.1524658203125,0.2700595228612473,factual,0.0927078866441622,0.08617247160159537,0.2700595228612473,0.2131938546190749,0.20861835311701432,0.12924791115690593
1,61,1685.1356811523438,0.26673721786778587,symbolic,0.09140642399617839,0.05171380344343129,0.21305461866185996,0.2645738135059962,0.11251412252474831,0.26673721786778587
1,62,1728.2950439453125,0.2934140677415543,factual,0.09556473767521038,0.06374111442046312,0.2934140677415543,0.2254141471302164,0.08670082403877387,0.2351651089937819
1,63,891.198974609375,0.2553770856555986,social_ethical,0.07170214590322958,0.0328856046993837,0.24199234539363476,0.16399518840790928,0.2553770856555986,0.2340476299402441
1,64,2458.2696533203125,0.4046170091634557,symbolic,0.11122002547901011,0.03946073483928137,0.21022124927593877,0.15847030597902637,0.07601067526328766,0.4046170091634557
1,65,1089.8460693359375,0.33835557473612005,factual,0.05878426109980277,0.04214843180777281,0.33835557473612005,0.1832314648971961,0.13771084044512003,0.2397694270139882
1,66,1805.266357421875,0.2725543524932682,reasoning,0.08055817053269304,0.04453996154642498,0.245783481786348,0.2725543524932682,0.10083771831302486,0.2557263153282409
1,67,1825.2584228515625,0.27136254050070635,symbolic,0.11246367417606012,0.05348577767876806,0.23692084750681106,0.19454838272379157,0.13121877741386284,0.27136254050070635
1,68,2452.5013427734375,0.3339090337008946,symbolic,0.09410334265414112,0.040133162834838934,0.20087914468303072,0.24631844351751248,0.08465687260958213,0.3339090337008946
1,69,1741.3426513671875,0.33576210829256536,symbolic,0.05191271636140256,0.06778637538565331,0.2068059349688845,0.21746209747594109,0.1202707675155532,0.33576210829256536
1,70,1453.181396484375,0.350369802516065,symbolic,0.10140685064138136,0.04663663087000488,0.21509850676158235,0.20758233341414337,0.07890587579682308,0.350369802516065
1,71,2055.8659057617188,0.424974543028094,symbolic,0.08043289811181545,0.056271196886932745,0.1642397820380285,0.15677308644308588,0.1173084934920434,0.424974543028094
1,72,1980.4251708984375,0.2443536263710931,factual,0.09680489147844291,0.061699274324515156,0.2443536263710931,0.18808815011523614,0.2023427783759788,0.20671127933473388
1,73,2042.355712890625,0.3146680367399921,reasoning,0.09246428989387231,0.03505897862037712,0.18794812831622873,0.3146680367399921,0.09507716763479099,0.27478339879473873
1,74,1661.71533203125,0.2690198587032825,factual,0.09319938657607724,0.053241911346197525,0.2690198587032825,0.2653787193379864,0.10059475762908539,0.21856536640737095
1,75,1461.9921875,0.3430143178721244,symbolic,0.07751840249018088,0.054992552168220805,0.2540029590937024,0.17195841237609213,0.09851335599967938,0.3430143178721244
1,76,2145.7495727539062,0.26822318980271936,symbolic,0.09894526848519374,0.04942177515784592,0.22735751697983736,0.2505189944885876,0.10553325508581603,0.26822318980271936
1,77,2085.530029296875,0.30870777543038314,symbolic,0.09192221654721644,0.036380526579922974,0.21789778457425732,0.24415630815523304,0.10093538871298713,0.30870777543038314
1,78,1360.1197814941406,0.2729569074773935,symbolic,0.08603951611012331,0.049943811092185146,0.1989514993861683,0.26955095207019414,0.12255731386393567,0.2729569074773935
1,79,1621.8641357421875,0.3348500573259199,symbolic,0.12151770344680325,0.0395972215312437,0.21265187906560368,0.2052587810115238,0.08612435761890565,0.3348500573259199
1,80,2609.93212890625,0.26909098375515256,symbolic,0.10186288818199557,0.0740896732190975,0.234233250348307,0.22207800505169087,0.09864519944375649,0.26909098375515256
1,81,2262.845947265625,0.28271229677523624,symbolic,0.06826266529299894,0.03987186006283354,0.2797110399534256,0.2309928223380036,0.09844931557750201,0.28271229677523624
1,82,1263.2327880859375,0.24362715676998664,reasoning,0.07947052313289306,0.06475491918898017,0.2344149623859836,0.24362715676998664,0.1482374140241736,0.22949502449798292
1,83,2574.0760498046875,0.2948832377895,reasoning,0.10289521455357611,0.034308332058050825,0.21082712712972376,0.2948832377895,0.06385743784829498,0.2932286506208543
1,84,1996.0385131835938,0.4306062163229505,symbolic,0.11521193942041265,0.02421526158303977,0.18676177285360912,0.16766095074487597,0.075543859075112,0.4306062163229505
1,85,2082.9486083984375,0.32823383693219127,symbolic,0.10582983634966184,0.0617470667678963,0.18527038538073778,0.20385465714420506,0.11506421742530774,0.32823383693219127
1,86,1557.9370727539062,0.3502040196212055,symbolic,0.0692541159552617,0.07349971739737933,0.22023051613890737,0.15580319104528728,0.13100843984195878,0.3502040196212055
1,87,934.58984375,0.37334838874840653,factual,0.15241478756974774,0.056521154207853544,0.37334838874840653,0.1706295322981756,0.0664378748615494,0.1806482623142672
1,88,1510.0159912109375,0.2701063237330226,factual,0.12989283552670883,0.046971188720240524,0.2701063237330226,0.19345740773421224,0.09242185016052076,0.267150394125295
1,89,1354.3026123046875,0.2867470546301226,factual,0.09439010344544438,0.04155952973591203,0.2867470546301226,0.2714210090867981,0.12249082806921337,0.1833914750325095
1,90,1792.839111328125,0.31651730265355515,symbolic,0.09683618191892687,0.03946261637381461,0.16023224173752215,0.31492050963924545,0.07203114767693579,0.31651730265355515
1,91,1867.730224609375,0.2570845974032391,factual,0.10573364985569701,0.04317383950768494,0.2570845974032391,0.24919508882290098,0.11320454318782602,0.23160828122265195
1,92,2049.500732421875,0.3486465060624164,reasoning,0.10484296444625245,0.0575949506566898,0.18663987215827024,0.3486465060624164,0.06352061495540966,0.2387550917209615
1,93,1714.0805053710938,0.241427429171476,factual,0.06297321611857784,0.08732588304981272,0.241427429171476,0.1935558946633957,0.1977201911656651,0.21699738583107267
1,94,1922.004638671875,0.3427682279053585,symbolic,0.0559932377528904,0.029412205553715827,0.26945127304039834,0.2286323801074902,0.07374267564014673,0.3427682279053585
1,95,1924.155029296875,0.2683720367820747,factual,0.09780267033304874,0.05184252320576491,0.2683720367820747,0.23026347426496943,0.11288862209835156,0.23883067331579064
1,96,1804.87646484375,0.31919987003525335,symbolic,0.06344066516844692,0.037138156800140244,0.19978569614058267,0.16083678467649626,0.21959882717908055,0.31919987003525335
1,97,2043.764892578125,0.2830962384281173,symbolic,0.09445769281354387,0.015490975612873615,0.2654010548709448,0.23805553309113167,0.10349850518338874,0.2830962384281173
1,98,2323.2122802734375,0.2871149297581857,symbolic,0.13978773896574437,0.049695259317913666,0.2067490885627731,0.22682217168096164,0.0898308117144215,0.2871149297581857
1,99,2193.1329345703125,0.2755296698317864,symbolic,0.08963247263116267,0.027905429907194895,0.2728875337475012,0.1827259548445145,0.15131893903784033,0.2755296698317864
1,100,1899.679931640625,0.3841191123761725,symbolic,0.10056921338388496,0.04710715942202949,0.1716083057268719,0.20040793775781257,0.09618827133322855,0.3841191123761725
1,101,2048.1597900390625,0.3860912684517858,symbolic,0.04779091129881798,0.042066987413971135,0.22683698358467147,0.21707587526317124,0.08013797398758234,0.3860912684517858
1,102,1960.3577270507812,0.2971918272275534,symbolic,0.100241415376141,0.031583977097810384,0.22633954803806067,0.2506052819837389,0.09403795027669566,0.2971918272275534
1,103,1569.0416870117188,0.30291491726882985,symbolic,0.03961547083793208,0.06366299468331395,0.2020471013174958,0.2857672559093318,0.10599225998309655,0.30291491726882985
1,104,1913.0006103515625,0.2878431088778143,symbolic,0.08489199460848847,0.04920357282397932,0.23123096161575865,0.2389451265086415,0.10788523556531777,0.2878431088778143
1,105,1621.7395629882812,0.26143425316894653,symbolic,0.0782399526754797,0.04597242341068868,0.25047935534416804,0.22858047402124929,0.13529354137946775,0.26143425316894653
1,106,1625.0380249023438,0.31352004495988545,factual,0.09153601912034585,0.0625685479189696,0.31352004495988545,0.21329150839056013,0.07278675833269076,0.24629712127754824
1,107,2017.715576171875,0.3259900130230721,symbolic,0.07694950114119767,0.07090774188544512,0.23162945820607816,0.21007816747237573,0.0844451182718312,0.3259900130230721
1,108,2032.6156616210938,0.3396825601777651,symbolic,0.11069366674298756,0.03382353360683735,0.20153886922479253,0.2570323588032385,0.05722901144437897,0.3396825601777651
1,109,2490.4061279296875,0.3597732744609232,symbolic,0.12166356957635324,0.023240946077885707,0.20680833434674384,0.2257260001724391,0.06278787536565493,0.3597732744609232
1,110,1524.6592407226562,0.2931197364677534,reasoning,0.06871284355010647,0.043164582313935176,0.26188088663030135,0.2931197364677534,0.1397909376923162,0.1933310133455874
1,111,1825.4219970703125,0.30243916335431054,symbolic,0.07471610835920124,0.05218239013520057,0.22509731101481043,0.2033046725002118,0.1422603546362654,0.30243916335431054
1,112,1592.1813354492188,0.28517667454474854,reasoning,0.11728455615723794,0.05908538424710995,0.20614062577447265,0.28517667454474854,0.12647919124134857,0.20583356803508232
1,113,1995.84130859375,0.27623338127644814,symbolic,0.08124364064633419,0.044263486845082904,0.23892662061224476,0.21460823200977228,0.14472463861011778,0.27623338127644814
1,114,1595.1033935546875,0.36909565230567454,symbolic,0.05496167585017227,0.04795276866221217,0.19981033263190182,0.19346974578190226,0.13470982476813692,0.36909565230567454
1,115,1909.361328125,0.3243741899747645,factual,0.04280443139425098,0.04721200438219177,0.3243741899747645,0.20037703573982218,0.13361529286727708,0.2516170456416934
1,116,1910.4298095703125,0.28119490300500805,symbolic,0.14839822594425223,0.037248627672890146,0.2433491599266746,0.20177606210664742,0.08803302134452753,0.28119490300500805
1,117,2175.9453735351562,0.289902391507777,symbolic,0.15090019718833483,0.04093177554015857,0.20104405275308984,0.23082628220733686,0.08639530080330285,0.289902391507777
1,118,1521.5738525390625,0.3108892906089525,reasoning,0.09625509026146008,0.050448734040271864,0.22961149669230782,0.3108892906089525,0.08558819511015599,0.2272071932868518
1,119,1591.0094604492188,0.26535196724422616,reasoning,0.0907510268020235,0.038656161930408904,0.25925873070877586,0.26535196724422616,0.11334801774451388,0.23263409557005174
1,120,1938.9127807617188,0.276906578988664,symbolic,0.12906000025749872,0.046549474524734624,0.25146875795928414,0.22383225034341295,0.07218293792640554,0.276906578988664
1,121,1456.2061767578125,0.2661587606453755,factual,0.10618219549760123,0.053504829016364074,0.2661587606453755,0.1627357515872133,0.2057855985975973,0.2056328646558486
1,122,2350.7213134765625,0.3286797618479492,symbolic,0.08880289351844038,0.04911277180806319,0.19341729851557676,0.22739327071368812,0.11259400359628229,0.3286797618479492
1,123,2003.4912719726562,0.31150840477717107,symbolic,0.13387104621232937,0.030988294633748015,0.19526119581110868,0.2289133888319526,0.09945766973369029,0.31150840477717107
1,124,2052.782470703125,0.29924738918462546,symbolic,0.142724177371201,0.03969822543406155,0.2014708979820525,0.22222998581027537,0.09462932421778414,0.29924738918462546
1,125,1254.5797119140625,0.41480262207301627,symbolic,0.1338157844934725,0.028819509615016933,0.16888262018929281,0.18586026177334466,0.06781920185585681,0.41480262207301627
1,126,1669.5018310546875,0.2502071610263956,symbolic,0.07993545744949443,0.06146399836391595,0.22312015763614224,0.2416141370062455,0.14365908851780626,0.2502071610263956
1,127,1809.57177734375,0.46306715078212296,reasoning,0.061472292386163745,0.030930223208130162,0.1411102473473443,0.46306715078212296,0.09216061077122711,0.21125947550501173
3,0,1775.5882568359375,0.3432914061615391,symbolic,0.07452223243300955,0.04747560072898926,0.24555702992083045,0.19384702706705023,0.09530670368858142,0.3432914061615391
3,1,1802.335693359375,0.2770617472688638,factual,0.07043797741293545,0.05060653310787719,0.2770617472688638,0.19359109347990963,0.16133917482021687,0.2469634739101971
3,2,1855.3885498046875,0.29800715728304833,symbolic,0.10857692993703741,0.060875657585989076,0.22494860468639993,0.23414854181526135,0.07344310869226386,0.29800715728304833
3,3,1571.8907470703125,0.3033768377537843,symbolic,0.06068015130004988,0.032444770022417614,0.2208865949326893,0.2680045063539606,0.11460713963709826,0.3033768377537843
3,4,2336.5992431640625,0.3098093396514292,symbolic,0.08868981043779352,0.0628459088800147,0.2285362199598452,0.2217333289937043,0.08838539207721308,0.3098093396514292
3,5,2609.94384765625,0.32772421431330934,symbolic,0.08596469893819929,0.051904805557920104,0.22432965118943943,0.20159120438751657,0.1084854256136153,0.32772421431330934
3,6,1199.1243896484375,0.27119071970952113,symbolic,0.08248358711449913,0.0692189033196525,0.23835293636195112,0.26290647665985933,0.0758473768345168,0.27119071970952113
3,7,2190.7452392578125,0.3937330138296506,symbolic,0.0692603077409992,0.06922498068574048,0.18488096760470027,0.2057374703878203,0.07716325975108913,0.3937330138296506
3,8,1464.4765625,0.3031108131104864,factual,0.07485943143081199,0.07059686294697871,0.3031108131104864,0.18323251361674658,0.17319458077491426,0.1950057981200621
3,9,1288.6522216796875,0.2547167711238397,factual,0.16521802062190438,0.04892864101917287,0.2547167711238397,0.22038349516356484,0.13270530516388787,0.17804776690763036
3,10,2423.4542236328125,0.3241281630017765,symbolic,0.06724743044316314,0.056527807447331345,0.17663386530667982,0.2540570193719952,0.121405714429054,0.3241281630017765
3,11,1800.6092529296875,0.29919045277575657,symbolic,0.09649104907050843,0.023473635734324136,0.24960925294450914,0.22193971753402966,0.10929589194087207,0.29919045277575657
3,12,2472.7181396484375,0.34132429643472095,symbolic,0.15144851972751275,0.03491742184375618,0.18248624997389729,0.19808104131674825,0.09174247070336461,0.34132429643472095
3,13,1086.5040283203125,0.2710376702082468,symbolic,0.05426137286067374,0.08288065994348047,0.21116288141494527,0.18173230444863467,0.19892511112401903,0.2710376702082468
3,14,1521.7437744140625,0.2813255923552828,symbolic,0.0662302038524401,0.016391861945873318,0.25718465040259103,0.19559357859800058,0.18327411284581216,0.2813255923552828
3,15,1432.49462890625,0.3356380351557001,symbolic,0.04946665512284793,0.029790636485943413,0.24172134357779074,0.22973267310870835,0.11365065654900948,0.3356380351557001
3,16,1991.92529296875,0.27057997584486,symbolic,0.08837848265813417,0.05278482731673262,0.2069464780045805,0.24631336281270352,0.13499687336298918,0.27057997584486
3,17,1765.4486083984375,0.4095900067450046,factual,0.1577745426032952,0.029450951094049427,0.4095900067450046,0.13254691166256585,0.13014408588247375,0.14049350201261118
3,18,1604.6387939453125,0.27551674561689854,symbolic,0.08969828608934927,0.053301277021172974,0.25082933307752386,0.2271028795984177,0.10355147859663766,0.27551674561689854
3,19,1463.9154052734375,0.43322488960712185,symbolic,0.05297565665573891,0.030937439935892704,0.18631891294441186,0.2347759559287365,0.061767144928098185,0.43322488960712185
3,20,1799.2696533203125,0.3141572810202599,reasoning,0.13601126813539322,0.02403983767013756,0.21652876055056247,0.3141572810202599,0.10950535553264376,0.1997574970910031
3,21,1455.4579467773438,0.43051849343185294,reasoning,0.06540029421011453,0.05220524860477905,0.1964970720939748,0.43051849343185294,0.06422258149644915,0.19115631016282955
3,22,1249.00439453125,0.25222247329024955,symbolic,0.05595443011054508,0.09492883198766518,0.21074383073080474,0.22463604800855055,0.16151438587218492,0.25222247329024955
3,23,1254.5452880859375,0.37230811594752866,factual,0.021613498183120264,0.01875163893790499,0.37230811594752866,0.161792155185709,0.23527057618123942,0.19026401556449765
3,24,1763.727783203125,0.4215195836123135,symbolic,0.05844962832711975,0.06460419513279549,0.1857917294703698,0.16074580415432568,0.1088890593030758,0.4215195836123135
3,25,798.3507080078125,0.3531297509865691,factual,0.08340987408581137,0.03754811287736298,0.3531297509865691,0.19634090606412236,0.1299101587149655,0.19966119727116863
3,26,1513.078857421875,0.3085253077374991,reasoning,0.0552781888259126,0.06622723644472972,0.2396216195022211,0.3085253077374991,0.08660433256835622,0.24374331492128126
3,27,1646.9656982421875,0.28987477934052935,factual,0.08717032083518289,0.05528447607583281,0.28987477934052935,0.23001742595562402,0.14541322921390937,0.1922397685789215
3,28,1548.76025390625,0.3122586393287726,factual,0.048810146472370634,0.027699905512883444,0.3122586393287726,0.17739672387913594,0.21940944133428295,0.21442514347255445
3,29,1702.5241088867188,0.31457615403657146,reasoning,0.13566655810150907,0.04337094993556894,0.2092237244684415,0.31457615403657146,0.08421197917628263,0.2129506342816264
3,30,1565.895751953125,0.2926471984557311,symbolic,0.057601612370864634,0.038392889577946926,0.25374946853782926,0.23414831735217945,0.12346051370544858,0.2926471984557311
3,31,2357.982666015625,0.28942467807730493,reasoning,0.11867174927422505,0.033456726377331325,0.199198782145548,0.28942467807730493,0.07842205515113068,0.28082600897446
3,32,1048.3681640625,0.26075809316748777,symbolic,0.1358918808900365,0.07670461161272774,0.17487429310246858,0.18955007270413748,0.1622210485231419,0.26075809316748777
3,33,2177.4644775390625,0.2733674560227167,factual,0.07925225486185536,0.05602460035826189,0.2733674560227167,0.1999450716677947,0.1281818054917008,0.26322881159767053
3,34,2082.7645263671875,0.26253974693598475,reasoning,0.14715590024080988,0.012534633235117065,0.2248489875780733,0.26253974693598475,0.11905633375956298,0.23386439825045202
3,35,2133.306884765625,0.2524292388726285,factual,0.10892163847093594,0.0636089963120957,0.2524292388726285,0.21141768305767036,0.11338849453967001,0.25023394874699945
3,36,1718.63134765625,0.36793164982696247,symbolic,0.12956618880223833,0.12012150270601067,0.1847097683163923,0.10732892924142207,0.09034196110697415,0.36793164982696247
3,37,1864.4012451171875,0.32683741265323024,symbolic,0.110317533846106,0.02847043918504175,0.2565644667857207,0.20882246160343215,0.06898768592646912,0.32683741265323024
3,38,1633.67431640625,0.32881329083184263,factual,0.07503067310465618,0.030910569032792202,0.32881329083184263,0.2745085204728963,0.05988107353624657,0.23085587302156607
3,39,1142.50244140625,0.2788197508809344,symbolic,0.04248390384833183,0.04048013864166216,0.23589853174035033,0.18402575811645644,0.21829191677226484,0.2788197508809344
3,40,2076.0181884765625,0.2914002159496637,symbolic,0.10086682686588806,0.07361810237481714,0.23859280270099956,0.18464237210409684,0.11087968000453467,0.2914002159496637
3,41,1588.50537109375,0.3993331763625337,reasoning,0.03561490185687644,0.05249128643000757,0.24359811192407368,0.3993331763625337,0.09377350527578653,0.1751890181507221
3,42,1564.8228759765625,0.2876000982601724,factual,0.06759981586748887,0.0390901682178892,0.2876000982601724,0.17509056263153785,0.22629444086599695,0.2043249141569147
3,43,1640.922607421875,0.27945027531464156,factual,0.1754626653290125,0.026824151987905765,0.27945027531464156,0.18559721086308897,0.06017345960606253,0.27249223689928864
3,44,1960.401611328125,0.2922407829330849,reasoning,0.09340363807091207,0.07039953025011193,0.22195327283788335,0.2922407829330849,0.130724594183794,0.19127818172421374
3,45,1563.1881103515625,0.23150773366447916,factual,0.09636310946499577,0.03382822736580773,0.23150773366447916,0.1994210830745866,0.21676789682543712,0.22211194960469363
3,46,1841.9703369140625,0.3283120671097983,symbolic,0.06080451993486032,0.02900058259359322,0.28881611825927583,0.22458343497739244,0.06848327712507989,0.3283120671097983
3,47,1104.3553466796875,0.3233397948618524,symbolic,0.050951162273752085,0.02390028649659181,0.22064592662287183,0.22350271292453452,0.1576601168203974,0.3233397948618524
3,48,2185.4237060546875,0.3381178038909811,symbolic,0.08534194090808625,0.060346341010840035,0.17470231650119245,0.22078193526433657,0.12070966242456359,0.3381178038909811
3,49,862.4149169921875,0.2547426341168449,factual,0.08178045756608407,0.08095426080159912,0.2547426341168449,0.1568056914581842,0.1826145383737045,0.2431024176835832
3,50,1673.677734375,0.27482822260576506,reasoning,0.10077553642509304,0.053194759039026845,0.24146306027496053,0.27482822260576506,0.1179054302428573,0.21183299141229725
3,51,1915.1165771484375,0.3508464566866397,factual,0.18871303972589074,0.045140829651528,0.3508464566866397,0.19577012276721334,0.07445497967159029,0.1450745714971379
3,52,2266.33984375,0.31571471845952054,symbolic,0.08890670055827213,0.032776996654503836,0.255438962792774,0.16990732880832426,0.13725529272660522,0.31571471845952054
3,53,1899.0643310546875,0.2602502967288,factual,0.11452385031048455,0.09465226084365791,0.2602502967288,0.19754684908243067,0.10486551669057317,0.2281612263440537
3,54,1993.0650634765625,0.3408008567794493,reasoning,0.11603332331119583,0.038969659749758516,0.10685103234855675,0.3408008567794493,0.06905358907770345,0.32829153873333616
3,55,2266.5308837890625,0.38911548351276143,symbolic,0.06765586884683662,0.06512853885308036,0.17312312787004722,0.16563145737902965,0.13934552353824475,0.38911548351276143
3,56,1499.1103515625,0.39286989223426133,symbolic,0.0671870653753626,0.019440240924141858,0.20356189445693376,0.2001949072659631,0.11674599974333735,0.39286989223426133
3,57,1470.583740234375,0.2791662537015372,factual,0.07388813600572822,0.032587638671200236,0.2791662537015372,0.26455401177153987,0.095472308426099,0.25433165142389547
3,58,1376.561767578125,0.3877672146888557,factual,0.0594160893601497,0.042229733025184284,0.3877672146888557,0.2418471065446438,0.06697000938387275,0.20176984699729372
3,59,1483.5963134765625,0.26091409300981167,factual,0.09346671251308561,0.008605912591811116,0.26091409300981167,0.19581859595588838,0.18560904606125203,0.25558563986815125
3,60,1565.7774658203125,0.4641608395015798,symbolic,0.02481981350213135,0.036827517030877964,0.15124260057945643,0.2598976568602312,0.06305157252572319,0.4641608395015798
3,61,1669.07177734375,0.40409620804040886,reasoning,0.029555103928637357,0.023606900471848387,0.16555211293234362,0.40409620804040886,0.1002399905917018,0.27694968403505993
3,62,2531.37451171875,0.3211087706912565,symbolic,0.10213656542743364,0.0555070593556837,0.24369644240107788,0.20526661979397232,0.07228454233057595,0.3211087706912565
3,63,976.2042236328125,0.332682302819847,reasoning,0.07520371536307383,0.030018763133724684,0.1785862688373797,0.332682302819847,0.06540874683399472,0.31810020301198
3,64,2289.932861328125,0.25306573385865977,symbolic,0.22101382100342606,0.0547547247660206,0.22479422020104345,0.1664657689349133,0.07990573123593685,0.25306573385865977
3,65,1305.3135986328125,0.27741608653556876,reasoning,0.0852208927807754,0.04034628217802291,0.2318647797104103,0.27741608653556876,0.14720377917445868,0.21794817962076396
3,66,1257.2496337890625,0.3325873020234501,symbolic,0.08996523968557746,0.04480809492679614,0.16946209139202334,0.31051871135268316,0.05265856061946976,0.3325873020234501
3,67,1353.9820556640625,0.32134272632059246,reasoning,0.05632826205904332,0.048400168015693724,0.2016817617233455,0.32134272632059246,0.10607834367323454,0.26616873820809045
3,68,1696.873046875,0.3074315088990664,reasoning,0.10770824149199067,0.07502878974308212,0.2182235908420705,0.3074315088990664,0.11068303773369904,0.18092483129009126
3,69,1259.52099609375,0.3824510108358251,factual,0.0645860882287607,0.04332546746480615,0.3824510108358251,0.22612656566255696,0.08488828644632156,0.19862258136172956
3,70,2034.2337646484375,0.4442374701632692,symbolic,0.0838625689439485,0.04120587768820116,0.13991760780723364,0.2522048291683076,0.03857164622903988,0.4442374701632692
3,71,2192.2402954101562,0.30849700279792686,symbolic,0.09909758888836454,0.03885597797072833,0.2266129772077333,0.19448268700095064,0.13245376613429632,0.30849700279792686
3,72,1878.1614990234375,0.29269969860064726,reasoning,0.06301237256269523,0.06395901857928483,0.25885390252464285,0.29269969860064726,0.13889776606488838,0.18257724166784145
3,73,1762.1334838867188,0.24477663327248175,symbolic,0.16633979078165323,0.06865526217757426,0.24113897798796327,0.1641122109730612,0.11497712480726631,0.24477663327248175
3,74,2099.3912353515625,0.30584398506984417,symbolic,0.10827497019603141,0.028921551326291865,0.22208330598068532,0.21913817441381847,0.11573801301332877,0.30584398506984417
3,75,2580.0665283203125,0.3259185258450017,symbolic,0.12719261370639204,0.045896733544175186,0.2321655968835969,0.17943485268314746,0.08939167733768674,0.3259185258450017
3,76,1794.1964111328125,0.3661836391027739,symbolic,0.1069424346360883,0.03736936113392403,0.23559481365462115,0.17073855408235253,0.08317119739024008,0.3661836391027739
3,77,1313.8350830078125,0.2727590062080638,factual,0.05906194563807258,0.03950157842603743,0.2727590062080638,0.2413391437671706,0.1693510795426936,0.21798724641796194
3,78,2079.1929931640625,0.25390029524887614,reasoning,0.09039404032784139,0.1339313460205396,0.21078535238204943,0.25390029524887614,0.06262688424516794,0.2483620817755255
3,79,1893.575439453125,0.2987665168703025,reasoning,0.06332286198513812,0.028812023076075107,0.190105059446873,0.2987665168703025,0.14761944976105856,0.2713740888605527
3,80,1398.7252197265625,0.2962916934775204,factual,0.0758443815286956,0.039860426761009454,0.2962916934775204,0.2696695521007069,0.12708994841057927,0.19124399772148834
3,81,2595.0621337890625,0.5239919338621478,symbolic,0.06717041534287836,0.03742092255757853,0.11352333102949755,0.15775006327982893,0.10014333392806886,0.5239919338621478
3,82,2116.5970458984375,0.40444674290218047,symbolic,0.1364283270190147,0.023566362459364387,0.14269673801440128,0.20767611446988532,0.08518571513515387,0.40444674290218047
3,83,1627.4114990234375,0.2534415011376972,symbolic,0.17649319238164818,0.04592711162183823,0.22508176905441182,0.1992457857198846,0.09981064008452001,0.2534415011376972
3,84,1818.53466796875,0.31248263123936226,symbolic,0.12932769102011918,0.025542784677846576,0.18041540839645157,0.2969972819483836,0.055234202717836814,0.31248263123936226
3,85,2422.0804443359375,0.26032126407825384,reasoning,0.1648198895224765,0.05364429015421726,0.2089828771077534,0.26032126407825384,0.05302382867421075,0.25920785046308825
3,86,1454.267333984375,0.3233942100959276,symbolic,0.07140035580228513,0.044990421676239394,0.24373044107295358,0.17190753438283313,0.14457703696976118,0.3233942100959276
3,87,1747.3956298828125,0.3695613554351429,symbolic,0.10040388650380572,0.04652718034267655,0.1529584520490001,0.22739386496295932,0.10315526070641541,0.3695613554351429
3,88,1505.753662109375,0.36841148219387,symbolic,0.05788157631688476,0.05599979700261059,0.18059560601449487,0.2707080441931154,0.06640349427902445,0.36841148219387
3,89,1406.090087890625,0.32157771413242303,factual,0.11367056496875946,0.03836920691502246,0.32157771413242303,0.229761804510756,0.12433262810267487,0.17228808137036417
3,90,1632.0050048828125,0.26399957814065494,symbolic,0.08510406424828068,0.06855453710099604,0.22301908427350997,0.2061478519767364,0.15317488425982198,0.26399957814065494
3,91,1555.1976318359375,0.2553689394787938,factual,0.1263255406380083,0.04902741162427938,0.2553689394787938,0.23504457825906527,0.08671094809578421,0.247522581904069
3,92,1232.96435546875,0.2601680678591951,symbolic,0.08184471890542634,0.06128492965259745,0.20952059137202286,0.2531421390980436,0.13403955311271465,0.2601680678591951
3,93,1151.3037109375,0.31352905376462653,factual,0.09820484165793704,0.03150141865327605,0.31352905376462653,0.24772167252647517,0.13523264641392443,0.17381036698376076
3,94,1696.23193359375,0.3316374644741921,symbolic,0.04909002404513911,0.044125262710344594,0.2811629666284098,0.2173435317194045,0.07664075042250991,0.3316374644741921
3,95,2242.7423095703125,0.33247054232279744,symbolic,0.10543569222445774,0.051087260910233176,0.17492073090581625,0.2745586961414437,0.06152707749525175,0.33247054232279744
3,96,1868.070068359375,0.4329514749500596,symbolic,0.04570799759266508,0.09113030386395551,0.18734757302870048,0.1995371565349276,0.04332549402969177,0.4329514749500596
3,97,2190.253173828125,0.29370266908490283,reasoning,0.07436148722194176,0.03924664236763618,0.22264093506420546,0.29370266908490283,0.1600904754139238,0.20995779084738994
3,98,1741.2857666015625,0.30337731559909825,computational,0.30337731559909825,0.023986630411915136,0.21273370683102302,0.20322703462056768,0.17571833179070473,0.08095698074669112
3,99,1119.634521484375,0.36243483733073295,reasoning,0.0918760110884747,0.030480004134301113,0.15860310774717004,0.36243483733073295,0.2277089539236938,0.1288970857756274
3,100,3211.0819091796875,0.32093583990653096,symbolic,0.08160889813995972,0.08066809495299843,0.15977227757738846,0.25448768024157065,0.10252720918155178,0.32093583990653096
3,101,1418.938232421875,0.3143178966309364,factual,0.06951634824055385,0.05061682172880766,0.3143178966309364,0.22029721070528396,0.14888167886591314,0.19637004382850498
3,102,1775.38720703125,0.33154787426708465,symbolic,0.06938242180334231,0.06765414564879525,0.20568418311036352,0.2443870216471814,0.08134435352323285,0.33154787426708465
3,103,979.8450927734375,0.27338380451410144,reasoning,0.05392349291898943,0.036709356088179095,0.25017917896231556,0.27338380451410144,0.19933720290956985,0.18646696460684467
3,104,1726.3311767578125,0.2873352305049354,symbolic,0.11232564034844883,0.04264513663277143,0.22083558282165208,0.1880043317455216,0.1488540779466706,0.2873352305049354
3,105,1731.7413330078125,0.2771002560546438,reasoning,0.059606701476940104,0.06466104039601238,0.25034199948189906,0.2771002560546438,0.12683364554494878,0.22145635704555588
3,106,1648.0672607421875,0.3056751416398544,reasoning,0.07808477718670077,0.06842524687305732,0.23307456421454847,0.3056751416398544,0.130696712316977,0.18404355776886203
3,107,1377.2012939453125,0.3297442934265482,factual,0.12655954826581345,0.039362143330018626,0.3297442934265482,0.22347080530610042,0.07872313438544276,0.20214007528607655
3,108,1996.5406494140625,0.3259914716990038,symbolic,0.0464332808071774,0.07381499286393867,0.1863197702618072,0.24113877146267582,0.1263017129053971,0.3259914716990038
3,109,1853.8892822265625,0.25671115695130214,reasoning,0.13953404151073073,0.10147460394081514,0.1282624729037435,0.25671115695130214,0.14504458762626948,0.22897313706713893
3,110,2416.9320068359375,0.31891804174720106,symbolic,0.07693151147652313,0.06792719636908132,0.17364720242781803,0.2224169520988578,0.14015909588051864,0.31891804174720106
3,111,2072.88427734375,0.3417300961282294,factual,0.07484700020045854,0.04876460067175987,0.3417300961282294,0.21313930313452606,0.12467502044041046,0.1968439794246157
3,112,2024.7159423828125,0.24737537630815182,factual,0.20326949557027585,0.05157087947509998,0.24737537630815182,0.23420030286125326,0.08083563033563555,0.18274831544958353
3,113,1823.1266479492188,0.27537598040743544,symbolic,0.10177291966178761,0.03575594824618472,0.21188916397252947,0.25490969951999165,0.1202962881920711,0.27537598040743544
3,114,1832.249267578125,0.34585716278699774,symbolic,0.06503557079361424,0.033113596689519756,0.2735097622311204,0.19589666368327968,0.08658724381546812,0.34585716278699774
3,115,3273.345703125,0.31684789937426644,symbolic,0.2014456476404768,0.05695528156219178,0.17046577380153263,0.20262206786228493,0.05166332975924742,0.31684789937426644
3,116,2356.434814453125,0.26965847444202246,symbolic,0.09999044753307541,0.035365884866664865,0.24456392625868514,0.15809301678405738,0.1923282501154947,0.26965847444202246
3,117,2978.646484375,0.33700322674348077,symbolic,0.15478951088706266,0.038697971957953325,0.17113489931917744,0.2543763651039594,0.04399802598836641,0.33700322674348077
3,118,1569.168212890625,0.2674971640559593,symbolic,0.0859324106356731,0.032779950190694,0.2482097884450314,0.21643982485371413,0.14914086181892808,0.2674971640559593
3,119,2019.541259765625,0.2609920574619976,factual,0.07499195180488104,0.05713499244019704,0.2609920574619976,0.18303971172289885,0.1752752434375023,0.24856604313252315
3,120,2161.0335693359375,0.2587340912119383,symbolic,0.10859513600573727,0.050518982824956885,0.22875813264583378,0.2507036727341806,0.10268998457735322,0.2587340912119383
3,121,1447.422607421875,0.3845502250683672,factual,0.0728019042468909,0.027983216395387613,0.3845502250683672,0.17503339297036438,0.11307655056983529,0.22655471074915456
3,122,2262.746337890625,0.316667384173145,symbolic,0.08057360381061757,0.03714223535528817,0.2451890111670982,0.2329266096610467,0.08750115583280438,0.316667384173145
3,123,1579.6988525390625,0.3019633189146993,symbolic,0.1026022701833637,0.024081722953740517,0.19666679880592475,0.19492379698989862,0.1797620921523731,0.3019633189146993
3,124,1627.667236328125,0.27427389688649567,reasoning,0.09132171128368775,0.038603104129714974,0.2484968707462586,0.27427389688649567,0.12011677047514409,0.22718764647869896
3,125,1778.7896728515625,0.2696707932317424,factual,0.12343289405013573,0.042402866623958736,0.2696707932317424,0.259922199282246,0.05613619963703979,0.2484350471748773
3,126,1750.039306640625,0.37591950013399533,reasoning,0.08449049902757486,0.040530200144779115,0.21521440436396447,0.37591950013399533,0.055442462857628334,0.2284029334720579
3,127,1335.8787841796875,0.28539110682770324,factual,0.06790457438781804,0.04906949949097726,0.28539110682770324,0.21735476495266284,0.20969196471445795,0.1705880896263807
6,0,1582.0783081054688,0.23877788974718384,social_ethical,0.08875121808683854,0.03792410341497944,0.2273916929399978,0.206151969785158,0.23877788974718384,0.20100312602584236
6,1,1512.6268310546875,0.3532854416666216,symbolic,0.08992175969231661,0.05084437731566124,0.2016375176442381,0.1620835965863206,0.14222730709484185,0.3532854416666216
6,2,1601.2222900390625,0.23023518791682349,factual,0.15099282141717146,0.08302541096191698,0.23023518791682349,0.18844795765685896,0.1224510877424953,0.22484753430473378
6,3,1805.5130615234375,0.2476629501804606,symbolic,0.13966554666584813,0.041377513790194595,0.20204968465791792,0.2435701254898074,0.12567417921577137,0.2476629501804606
6,4,1644.8648681640625,0.3139547922767746,factual,0.0641816798893158,0.024424676911965527,0.3139547922767746,0.21140596997357944,0.24906868284514433,0.1369641981032203
6,5,1919.227783203125,0.3058852532776028,symbolic,0.09465858524387695,0.049434389874162286,0.15905133302896762,0.24370871870387528,0.1472617198715151,0.3058852532776028
6,6,259.001708984375,0.7019015507069192,reasoning,0.0830185762453682,0.0,0.039545807171654235,0.7019015507069192,0.13812800990883906,0.03740605596721939
6,7,1802.7410888671875,0.32403962471699893,symbolic,0.09332447637823667,0.031856192301559005,0.2382198603675298,0.18128419754666406,0.1312756486890115,0.32403962471699893
6,8,2186.1427001953125,0.4084079848428274,reasoning,0.051806140204963116,0.04609964184808643,0.17864829187261896,0.4084079848428274,0.11100682393277392,0.20403111729873016
6,9,1180.2086181640625,0.2346259707916691,social_ethical,0.1160165278810509,0.04323204081309694,0.185557724966072,0.20027576808216652,0.2346259707916691,0.22029196746594454
6,10,1367.5115966796875,0.38490456057068617,reasoning,0.04303676226751605,0.07314283980002954,0.11316353132360141,0.38490456057068617,0.12173640980642535,0.2640158962317415
6,11,1321.71533203125,0.3920750992011816,reasoning,0.08889316196216077,0.06418587055986742,0.15713814427200684,0.3920750992011816,0.10070531569083588,0.1970024083139475
6,12,1453.04638671875,0.2762619214278729,symbolic,0.1279143461726256,0.07167970108597944,0.18306845565233873,0.21739667367757462,0.12367890198360866,0.2762619214278729
6,13,1283.3916015625,0.3515459677535948,symbolic,0.10855844613386315,0.04457564452101023,0.2048146657302238,0.19723663114930606,0.09326864471200197,0.3515459677535948
6,14,2520.372802734375,0.40825007383677175,symbolic,0.10399292988088184,0.030123949878369114,0.22338841861637881,0.17107532009415072,0.06316930769344774,0.40825007383677175
6,15,3408.3671875,0.40944021176058,symbolic,0.09713379126735447,0.049970373918963217,0.17859197608825708,0.2041289273181119,0.06073471964673334,0.40944021176058
6,16,3470.8155517578125,0.7111957649374118,factual,0.020626969701776333,0.04884105998113947,0.7111957649374118,0.03692086367067246,0.12329398024212848,0.05912136146687145
6,17,1110.406494140625,0.4258317255632692,factual,0.10108921612277318,0.027704763946374684,0.4258317255632692,0.24680320344749876,0.07969570546751754,0.11887538545256666
6,18,2437.50146484375,0.3778887953392656,reasoning,0.13688283039894006,0.07676963535478644,0.12284798306411274,0.3778887953392656,0.05142409770186436,0.23418665814103076
6,19,1458.476806640625,0.28383945820508844,factual,0.09076199702004764,0.05659766843250857,0.28383945820508844,0.21476112590039273,0.14042728385594655,0.21361246658601613
6,20,2269.5311279296875,0.4184270879102349,symbolic,0.08115426426173969,0.0566684626004982,0.1830471806716427,0.2319151372587746,0.0287878672971099,0.4184270879102349
6,21,2755.744873046875,0.46573107971973676,symbolic,0.031350965946405816,0.05134865188853081,0.2169699024525381,0.17089618624303224,0.06370321374975625,0.46573107971973676
6,22,2328.5504150390625,0.43557996035225316,symbolic,0.05045879567413358,0.08330231184161241,0.12800969411786908,0.215889661521057,0.08675957649307475,0.43557996035225316
6,23,2339.9735107421875,0.25935706925268076,computational,0.25935706925268076,0.056365926701790275,0.24333646355067015,0.16225081006828554,0.044378642816292065,0.23431108761028122
6,24,2170.2874755859375,0.28922337848680424,factual,0.07288027247884371,0.04658401670060653,0.28922337848680424,0.24616835766026146,0.10152328632748926,0.24362068834599482
6,25,1761.7088623046875,0.4796562397557802,symbolic,0.04852729564238824,0.19088071378449395,0.0722091774489588,0.1452302358404312,0.0634963375279476,0.4796562397557802
6,26,1334.7139892578125,0.2836460146202978,symbolic,0.06945249656186399,0.03804535165932762,0.22842594236296637,0.192399618181015,0.18803057661452918,0.2836460146202978
6,27,2297.7674560546875,0.2599853978930699,factual,0.11502248462026686,0.07763166639492913,0.2599853978930699,0.18151477176358613,0.10992274419734127,0.2559229351308067
6,28,1309.3641357421875,0.317288208406413,factual,0.052126029163241674,0.07137011037625145,0.317288208406413,0.1159565483417365,0.23616255392930524,0.20709654978305217
6,29,2798.25341796875,0.40028508994257894,symbolic,0.14395161916534502,0.04459769565383541,0.2013452518076374,0.16273932208340758,0.04708102134719568,0.40028508994257894
6,30,1907.3612060546875,0.42802738644346855,factual,0.0635442211164944,0.0411667686286612,0.42802738644346855,0.15424051924649712,0.20393855963701488,0.10908254492786383
6,31,577.265869140625,0.3507143851018469,social_ethical,0.05252273120401475,0.06164798955880804,0.15792387420326068,0.1137966428996469,0.3507143851018469,0.26339437703242274
6,32,1549.94775390625,0.3099652426540335,factual,0.07097123674468614,0.03509080604720484,0.3099652426540335,0.19835015230163064,0.10489296356700531,0.28072959868543956
6,33,2087.2003173828125,0.40568207039921117,symbolic,0.05603559876701517,0.03158919766796143,0.1722526946321413,0.21655546194675568,0.11788497658691528,0.40568207039921117
6,34,1947.039794921875,0.2547210527800679,reasoning,0.0804692745836246,0.04218524590677831,0.24445149418657505,0.2547210527800679,0.16319840252286028,0.21497453002009387
6,35,1510.4937744140625,0.30113419587011925,reasoning,0.1498099437003418,0.021319439646063327,0.20924432871759374,0.30113419587011925,0.05458549462520704,0.26390659744067485
6,36,1626.44384765625,0.33125285015687683,symbolic,0.08943698462634012,0.0649164039043434,0.21137656535344046,0.22628707005224025,0.07673012590675893,0.33125285015687683
6,37,2478.8326416015625,0.3206214216985741,symbolic,0.1488084389521297,0.06295934272000375,0.20621623603403366,0.19146753146280493,0.06992702913245386,0.3206214216985741
6,38,2181.3359375,0.2664218324134794,symbolic,0.08423188466786767,0.0567246858110891,0.2656053016356805,0.1674337463423719,0.15958254912951136,0.2664218324134794
6,39,1494.3414306640625,0.320986599431694,factual,0.11634441286281379,0.08710822769325528,0.320986599431694,0.15024916994407206,0.1615789381247373,0.16373265194342754
6,40,1500.016845703125,0.3370973698374807,factual,0.10273582539519006,0.04602991926034685,0.3370973698374807,0.2724972652488115,0.10938304892083732,0.13225657133733362
6,41,1286.5611572265625,0.2384826465824926,social_ethical,0.08267064433457004,0.0275988188823597,0.2117887085631788,0.22830067320972922,0.2384826465824926,0.21115850842766964
6,42,1778.4058837890625,0.3460632488785376,factual,0.20418107283552597,0.023497908289833117,0.3460632488785376,0.15585178115742784,0.14416316183577382,0.12624282700290163
6,43,1052.9808349609375,0.2925757524995018,factual,0.09040149343515241,0.07622484949314394,0.2925757524995018,0.21901447237711857,0.19141297973027882,0.13037045246480444
6,44,1740.7462158203125,0.30508591293259496,reasoning,0.08231901209191209,0.038660276196822864,0.26125291572140713,0.30508591293259496,0.14446824106798556,0.16821364198927743
6,45,2331.79296875,0.3125064914505502,symbolic,0.1466424961344459,0.02828309299610178,0.16684158682880496,0.2766414889126025,0.06908484367749469,0.3125064914505502
6,46,2093.078125,0.22045110557865583,reasoning,0.11931499007144084,0.04560803560097643,0.21855917383936638,0.22045110557865583,0.19366353335398673,0.2024031615555738
6,47,2713.46240234375,0.3350098908239462,symbolic,0.05631161070983779,0.05178390227689592,0.2116350207686609,0.26343039470982627,0.08182918071083291,0.3350098908239462
6,48,1497.655029296875,0.4246384525287335,symbolic,0.12343776362624187,0.010486364180982803,0.18796971828517728,0.16078455984657003,0.09268314153229455,0.4246384525287335
6,49,1407.4622802734375,0.5100921245755937,factual,0.056264864030842854,0.045337305140854704,0.5100921245755937,0.14118427942023243,0.11423771746769343,0.13288370936478283
6,50,1145.5679931640625,0.44985466982606304,factual,0.06443587309404994,0.0030144409506192823,0.44985466982606304,0.10694781273745955,0.24294556988853847,0.1328016335032697
6,51,1049.125,0.2925238107649232,reasoning,0.05944232265727392,0.03397362385321101,0.28198803597491956,0.2925238107649232,0.11880063743595853,0.2132715693137138
6,52,3675.6810302734375,0.6195407692272694,symbolic,0.054683644237244915,0.05400828044627545,0.05709487496321549,0.1740338031931596,0.04063862793283518,0.6195407692272694
6,53,1485.842041015625,0.27634653514314556,reasoning,0.10167714178536377,0.03615711051363874,0.20910156393130538,0.27634653514314556,0.1582196148576185,0.21849803376892804
6,54,1094.35791015625,0.29966179511833824,factual,0.09530328009655348,0.04365118494408242,0.29966179511833824,0.17387501143337744,0.12320629828510493,0.2643024301225435
6,55,996.2171630859375,0.5530280500785993,reasoning,0.05026999718539774,0.057873099301054734,0.1585112432761088,0.5530280500785993,0.07803371420526208,0.10228389595357731
6,56,1895.2720947265625,0.2938908103525754,reasoning,0.12002548745596842,0.02841343806986817,0.22535401588128973,0.2938908103525754,0.05575783541861111,0.2765584128216872
6,57,1442.034423828125,0.2794893079286415,factual,0.0854648710851453,0.03310760740618968,0.2794893079286415,0.21628565328829424,0.1177610942927481,0.2678914659989811
6,58,2377.4158935546875,0.3023552676243034,symbolic,0.11959791517582008,0.0592726118287057,0.20895644238531827,0.22481541314547893,0.08500234984037362,0.3023552676243034
6,59,2585.0517578125,0.27347098307464074,symbolic,0.07225936149579935,0.06302956677381566,0.27313282910725084,0.17947669386757473,0.13863056568091867,0.27347098307464074
6,60,2142.6556396484375,0.3070577152661125,social_ethical,0.048988428233139925,0.01744342088808888,0.17854863386608336,0.21890542360164159,0.3070577152661125,0.2290563781449338
6,61,1079.0233154296875,0.41436296455433025,reasoning,0.09835011792144657,0.03447003340400588,0.2587410467206955,0.41436296455433025,0.09323481487741363,0.10084102252210822
6,62,991.611083984375,0.27855220515658824,reasoning,0.15630709671637485,0.04402533066084898,0.25142633306406603,0.27855220515658824,0.06457676322292552,0.20511227117919636
6,63,1601.213134765625,0.4575481328320248,reasoning,0.022275057257154725,0.020745455296727076,0.06283192263434295,0.4575481328320248,0.04955669445575704,0.38704273752399343
6,64,1599.479248046875,0.25838052759786473,symbolic,0.07856629667828595,0.06531819514621687,0.21283729277732757,0.18838803583991187,0.196509651960393,0.25838052759786473
6,65,1258.8094482421875,0.4016153927685616,symbolic,0.02982641766759596,0.018180853742962074,0.21827245427658415,0.30561636559997524,0.026488515944320917,0.4016153927685616
6,66,2095.777099609375,0.29767180864887927,reasoning,0.11944941831619876,0.11094569937710726,0.1717196492248701,0.29767180864887927,0.08533587409484497,0.21487755033809966
6,67,1521.4443359375,0.3246049799770084,symbolic,0.07011697676254638,0.06549739113802096,0.23162772576171772,0.19869906717699246,0.10945385918371407,0.3246049799770084
6,68,1288.2271728515625,0.5532945259887634,symbolic,0.0534219286228756,0.07470996593720723,0.11833179398354444,0.1853948538811656,0.014846931586443754,0.5532945259887634
6,69,1229.51318359375,0.2279632436777291,social_ethical,0.10963126920390161,0.09834432930652892,0.22321451619372665,0.1295316442173545,0.2279632436777291,0.21131499740075924
6,70,1291.1697998046875,0.2752664843447686,reasoning,0.10575949562755507,0.02762898114568958,0.25879880267702526,0.2752664843447686,0.07331925092531026,0.25922698527965127
6,71,2073.9835205078125,0.3248178509886332,reasoning,0.040772985495706814,0.05972469924055064,0.32232692584663997,0.3248178509886332,0.06303427889921367,0.1893232595292557
6,72,686.3165283203125,0.26307324131294907,reasoning,0.20208900086352483,0.0680838197145121,0.19135514704378365,0.26307324131294907,0.08803488960488626,0.18736390146034412
6,73,1358.332275390625,0.25678065915863263,factual,0.1563537692076663,0.05441844849021223,0.25678065915863263,0.1826091817196704,0.20257735414503475,0.14726058727878372
6,74,974.4801025390625,0.3193427084078412,reasoning,0.04815130163181715,0.025514907350561652,0.2038288896285216,0.3193427084078412,0.09317217802311203,0.3099900149581464
6,75,1668.7962646484375,0.47006538544731064,symbolic,0.10442850403769968,0.021706005195461064,0.09845481373080495,0.2830881839286554,0.022257107660068238,0.47006538544731064
6,76,1970.880859375,0.3261411755728671,symbolic,0.08968275656011201,0.0394833072537561,0.18170821561187248,0.23776113848998753,0.12522340651140482,0.3261411755728671
6,77,1123.038330078125,0.34986374896330735,reasoning,0.04582339213450537,0.03743115436747888,0.1633392862771782,0.34986374896330735,0.22978740055630859,0.17375501770122165
6,78,1454.7393798828125,0.38276738082901013,social_ethical,0.07396805883920124,0.03910717469880782,0.2697523123042487,0.16433506961561942,0.38276738082901013,0.07007000371311274
6,79,1705.5758056640625,0.2920187170454328,reasoning,0.2146944223110136,0.09715649291082493,0.1682719040268673,0.2920187170454328,0.11228459448083489,0.11557386922502645
6,80,1949.4945068359375,0.25993222777413943,symbolic,0.028510245200156114,0.05935601921045864,0.19826979637587594,0.21865068061826673,0.23528103082110316,0.25993222777413943
6,81,1362.2904052734375,0.36739946108754007,factual,0.12794614423825051,0.05521984415069584,0.36739946108754007,0.1088492594411608,0.19486422931136466,0.1457210617709881
6,82,1918.9454345703125,0.32019883459294946,symbolic,0.06212404184961566,0.03221373840879527,0.21224292542983936,0.2426076817679592,0.13061277795084109,0.32019883459294946
6,83,2872.621337890625,0.29085069279040904,symbolic,0.08723555842779909,0.062074540782170576,0.23547526626351947,0.19639661108881099,0.1279673306472908,0.29085069279040904
6,84,1126.5990600585938,0.26175684854194065,symbolic,0.06528058344153728,0.05926233648255715,0.21440759198662881,0.2050364718681384,0.19425616767919773,0.26175684854194065
6,85,1287.6029052734375,0.29848617416519824,factual,0.0972943511891258,0.030318230595002316,0.29848617416519824,0.17385755822193746,0.22655330472202284,0.17349038110671336
6,86,2149.418701171875,0.29358160176619336,reasoning,0.08768376124585828,0.03388992004674229,0.26907097769779914,0.29358160176619336,0.09662541618776606,0.21914832305564083
6,87,2104.6131591796875,0.36767584879546655,symbolic,0.10701809426151895,0.04531236052498375,0.1398358713834953,0.24331455193033857,0.09684327310419685,0.36767584879546655
6,88,817.420654296875,0.31320115108171515,factual,0.07011742287916778,0.1248377091263696,0.31320115108171515,0.19864432799556772,0.1272912992379385,0.16590808967924126
6,89,1692.798828125,0.42898002279878117,reasoning,0.14845896219394425,0.015203850640292692,0.17290390532967662,0.42898002279878117,0.08280155887819843,0.15165170015910687
6,90,1548.5870361328125,0.343956755563701,reasoning,0.09904284438979113,0.036497720917308615,0.2545509724283217,0.343956755563701,0.096557274638825,0.16939443206205254
6,91,2670.2183837890625,0.3275804822151015,symbolic,0.08665871918302416,0.041174011902207826,0.21450571349771005,0.26656522097102514,0.06351585223093138,0.3275804822151015
6,92,2255.09130859375,0.34400706127865616,symbolic,0.04558765354524387,0.09020333113417188,0.19641454763710675,0.27788936579489076,0.045898040609930614,0.34400706127865616
6,93,3513.2991943359375,0.5852384217934177,symbolic,0.06736421841852529,0.009983479695786243,0.08771177682235404,0.22714433267258372,0.02255777059733302,0.5852384217934177
6,94,1057.1422119140625,0.3703385257622046,social_ethical,0.05396698817532204,0.008131190958450985,0.13971879568721363,0.16644940612179362,0.3703385257622046,0.2613950932950151
6,95,1261.0572509765625,0.355638758362187,symbolic,0.11947043443151939,0.02406089260613706,0.2714741794290176,0.12533670661892105,0.10401902855221792,0.355638758362187
6,96,1137.6549072265625,0.22626189835711977,creative,0.09826765306793621,0.22626189835711977,0.2002436996421225,0.16615547183059828,0.11585207586235091,0.19321920123987235
6,97,1782.237548828125,0.27388475002551355,symbolic,0.08274551732215349,0.1273603107926047,0.15961833111987667,0.23848318743240624,0.11790790330744537,0.27388475002551355
6,98,1679.037841796875,0.2782640204299948,factual,0.06557725306255806,0.0408871803469336,0.2782640204299948,0.21824952936012024,0.14100235570763633,0.256019661092757
6,99,1741.9219970703125,0.2708965947374968,reasoning,0.09186784000504561,0.0615367742771898,0.255280776043154,0.2708965947374968,0.055911757852671634,0.2645062570844422
6,100,1113.84765625,0.3861947430254783,factual,0.10066249189009101,0.030413912220098545,0.3861947430254783,0.22280868067123744,0.06028522769117466,0.19963494450192007
6,101,1394.7470703125,0.25816409015131414,factual,0.04828997052977095,0.027488042816902987,0.25816409015131414,0.23797402502833945,0.20675144112850882,0.22133243034516367
6,102,946.9467163085938,0.3395788852883783,reasoning,0.06662835909640971,0.035531678674038135,0.1954701244458911,0.3395788852883783,0.12136689059299925,0.24142406190228347
6,103,1626.9866943359375,0.3308900814246405,factual,0.11595506545295621,0.03997006364289452,0.3308900814246405,0.22071070712451538,0.1009426201065029,0.19153146224849052
6,104,2466.193603515625,0.30092112788073966,factual,0.14750262064287495,0.011262255446675449,0.30092112788073966,0.23404189603375886,0.06994312445175378,0.23632897554419732
6,105,2223.1070556640625,0.30897929149146103,reasoning,0.11206970159226821,0.05211091577263025,0.1671713332747263,0.30897929149146103,0.09348384029974588,0.26618491756916834
6,106,2768.5008544921875,0.5026904182748879,computational,0.5026904182748879,0.026378026133576937,0.058676229110098656,0.2796986043688063,0.04110124010788746,0.09145548200474268
6,107,1641.6712646484375,0.3732514777964142,symbolic,0.05389650692255705,0.05917424237861405,0.22145096308001794,0.1841952576225385,0.10803155219985826,0.3732514777964142
6,108,1333.9342041015625,0.29061973322752166,factual,0.1321567822508698,0.06347109138163963,0.29061973322752166,0.19778223723458122,0.15375486761077856,0.16221528829460918
6,109,2093.032958984375,0.2989306155804524,symbolic,0.13072002387011503,0.04879574546460232,0.17128312249659194,0.2921843686439724,0.05808612394426589,0.2989306155804524
6,110,2983.931396484375,0.2866342289262074,symbolic,0.1927033002205907,0.02982036842354594,0.27248781989273113,0.15678758041832624,0.06156670211859862,0.2866342289262074
6,111,2660.5948486328125,0.8495992744955367,symbolic,0.016518109876615884,0.01485915065490533,0.02786003574208786,0.07819626655718888,0.012967162673665268,0.8495992744955367
6,112,1321.76025390625,0.2887239953231756,reasoning,0.09152380987563563,0.0335646194169485,0.1553453775722996,0.2887239953231756,0.1790942069808808,0.25174799083105986
6,113,2183.493408203125,0.577884281131434,factual,0.052915445913268154,0.007007477646837304,0.577884281131434,0.13717787121031613,0.011949453401760747,0.21306547069638374
6,114,1025.058349609375,0.32498435802649384,reasoning,0.09236493063585605,0.009270384998567393,0.23524337291203173,0.32498435802649384,0.1168211889614706,0.2213157644655804
6,115,2157.6859130859375,0.344005857059749,symbolic,0.11292779836434784,0.014290981385075145,0.1462874898243431,0.32739582444050647,0.05509204892597847,0.344005857059749
6,116,1729.0621337890625,0.3040898015507385,factual,0.12166047500377176,0.033522804971902596,0.3040898015507385,0.16973835320569902,0.08079027556047427,0.29019828970741385
6,117,2359.0958251953125,0.27266497230917175,factual,0.1064617383068868,0.03474795470676813,0.27266497230917175,0.242123589437554,0.1010265960174406,0.24297514922217875
6,118,2067.060546875,0.7307900499369292,reasoning,0.013418659970614219,0.009729905937156004,0.14177806412903288,0.7307900499369292,0.04970041385761597,0.054582906168651704
6,119,1513.814208984375,0.32217551156076774,reasoning,0.029314743468477077,0.04419786010444502,0.2581699978856827,0.32217551156076774,0.1349269899298179,0.21121489705080956
6,120,2242.7598876953125,0.34438181585722155,symbolic,0.07502984456983951,0.18574254427318723,0.14826713716212145,0.1477887096439721,0.09878994849365817,0.34438181585722155
6,121,693.60595703125,0.29646868543229343,factual,0.05453500691655432,0.031847828765122266,0.29646868543229343,0.23729360333120966,0.11563000482222871,0.2642248707325916
6,122,1292.40576171875,0.3386704067141017,factual,0.05718247031279103,0.014892058362270278,0.3386704067141017,0.19613194491408079,0.1486395889146596,0.2444835307820966
6,123,1363.2691650390625,0.30242137712359735,factual,0.06514626159383038,0.008934803415610508,0.30242137712359735,0.26998278369408896,0.20606889333993916,0.1474458808329336
6,124,2176.2340087890625,0.308539644662138,factual,0.2065128503051065,0.046061442892073236,0.308539644662138,0.19339299289661951,0.11297772473176447,0.13251534451229824
6,125,2372.2259521484375,0.3165387717716134,symbolic,0.13622418249111382,0.023218114291080633,0.18405101559052708,0.2458428648799546,0.09412505097571047,0.3165387717716134
6,126,1826.980224609375,0.3247264479586643,factual,0.028557813513296455,0.0774266898702994,0.3247264479586643,0.18107659831323328,0.1735763086687163,0.21463614167579032
6,127,2608.6829833984375,0.3942938927806032,symbolic,0.08311261065633471,0.0482680403967538,0.20387807750848594,0.1658149796556731,0.10463239900214928,0.3942938927806032
8,0,1573.514404296875,0.26730089377769056,symbolic,0.0876358296166942,0.05206439295497443,0.17946894663632845,0.2611754794134783,0.15235445760083413,0.26730089377769056
8,1,2720.7750244140625,0.4669232314347041,symbolic,0.06521579270899562,0.05458761880350524,0.11743372359730803,0.16830262337378107,0.12753701008170593,0.4669232314347041
8,2,4668.1392822265625,0.39697979652783083,factual,0.06593849068850702,0.008251842891618212,0.39697979652783083,0.14326375158313384,0.2714851395203998,0.11408097878851026
8,3,832.7894287109375,0.3722796026097698,reasoning,0.09039884577008832,0.02190726730674264,0.20388522137471268,0.3722796026097698,0.1371674080441077,0.1743616548945789
8,4,1318.2239990234375,0.8393695241483593,symbolic,0.04777786904229332,0.0012123467122688802,0.029315510268600728,0.05193514778508274,0.03038960204339501,0.8393695241483593
8,5,2455.686767578125,0.3604073194662461,factual,0.07947244184591072,0.013946025512967001,0.3604073194662461,0.2131152251137422,0.11134167911634477,0.22171730894478925
8,6,1574.1376953125,0.4771708934144872,reasoning,0.04300531603054003,0.06754597165983112,0.13288285004749004,0.4771708934144872,0.03323511694460695,0.24615985190304462
8,7,1533.3814697265625,0.4139360063292001,factual,0.07696620639908049,0.0030663630607936448,0.4139360063292001,0.2273254679531306,0.2563142933771796,0.02239166288061556
8,8,982.756591796875,0.5022592948575423,reasoning,0.15753752883895672,0.012263962750265752,0.0868558450885645,0.5022592948575423,0.07900836966331799,0.16207499880135273
8,9,1208.887939453125,0.3013899533585575,symbolic,0.09246133324447325,0.04179856834299182,0.2727713539347343,0.22132621644900996,0.07025257467023319,0.3013899533585575
8,10,3468.3743896484375,0.2808037736912883,computational,0.2808037736912883,0.046472374559984556,0.24515538228854525,0.10452638047834782,0.0468711367711094,0.2761709522107247
8,11,1013.45166015625,0.5116231898162847,symbolic,0.11001041170312048,0.03810919424210173,0.09574237948610223,0.22326406170126553,0.02125076305112527,0.5116231898162847
8,12,1908.4326171875,0.324279705357851,symbolic,0.09516882565300488,0.03944305572257175,0.11439290822239905,0.3163801948076869,0.1103353102364864,0.324279705357851
8,13,1702.8455810546875,0.2711589508915274,symbolic,0.11918569495812494,0.1372236313712879,0.16956021526180723,0.2626583446782518,0.04021316283900075,0.2711589508915274
8,14,966.270751953125,0.2507665156164529,factual,0.1060678222618622,0.03718412418879466,0.2507665156164529,0.18828225966403433,0.2116204651773882,0.2060788130914677
8,15,1589.8218994140625,0.3600551635345725,reasoning,0.131757646239149,0.06071720426747266,0.15433251117318028,0.3600551635345725,0.050398419941428865,0.24273905484419664
8,16,657.786865234375,0.4651012602554657,factual,0.2965814804986091,0.008382897938050585,0.4651012602554657,0.07860683406976593,0.09115779823664447,0.0601697290014642
8,17,1856.1175537109375,0.3611935037189299,social_ethical,0.09333302203867529,0.006561652948327608,0.09650875368251167,0.20916449281057314,0.3611935037189299,0.23323857480098242
8,18,1760.36474609375,0.35116880296303116,reasoning,0.10263681038669688,0.044290276312698204,0.19584141303723732,0.35116880296303116,0.07764989555442695,0.22841280174590947
8,19,1819.1658935546875,0.29728999764940456,reasoning,0.10498062520202002,0.04959481250495299,0.11147935391438558,0.29728999764940456,0.15064310559890629,0.28601210513033054
8,20,1181.857421875,0.3309900993371464,factual,0.057122784084242394,0.040318016033421965,0.3309900993371464,0.31360682172361765,0.06548147777845717,0.1924808010431144
8,21,657.7840576171875,0.37678254719668514,reasoning,0.13237359765592596,0.016189090717439347,0.1624738079715813,0.37678254719668514,0.12045094734833955,0.1917300091100287
8,22,1253.038330078125,0.32972160442050524,symbolic,0.12046285931948614,0.03906072057274847,0.12609058645538335,0.26021691416079473,0.1244473150710821,0.32972160442050524
8,23,1664.7979736328125,0.42461089490597065,symbolic,0.12110272565125815,0.014756535495425474,0.08797292863152839,0.3336167810221788,0.017940134293638558,0.42461089490597065
8,24,1799.6219482421875,0.4491438122820799,reasoning,0.07166381448252036,0.06339778258820772,0.1500151636394444,0.4491438122820799,0.07129033651883944,0.19448909048890817
8,25,1349.8017578125,0.33735223705448647,reasoning,0.23220785459670365,0.031185858455777288,0.18688128392696554,0.33735223705448647,0.0603153891956067,0.15205737677046036
8,26,1298.8902587890625,0.45312550367656285,reasoning,0.04680509174890036,0.01868519635667805,0.10416418988978816,0.45312550367656285,0.10203844571721146,0.2751815726108591
8,27,1749.288818359375,0.7480280420879747,factual,0.005842497097383465,0.009412028074467204,0.7480280420879747,0.15047521404834302,0.02999405310779897,0.056248165584032686
8,28,2249.7091064453125,0.37222531537144804,factual,0.08080992676082199,0.01114955346060637,0.37222531537144804,0.17675196397190457,0.03249638882891598,0.32656685160630305
8,29,2196.735595703125,0.3243123424550522,symbolic,0.10393518258682177,0.02655262730598681,0.22023406979616972,0.2302919959914775,0.09467378186449198,0.3243123424550522
8,30,948.7769775390625,0.3313472409548631,factual,0.15382570669142442,0.026055078874800398,0.3313472409548631,0.1681865569894219,0.017412424841242342,0.3031729916482478
8,31,752.1396484375,0.3689068685559816,social_ethical,0.06154317565383132,0.030561899580753345,0.16521388850298172,0.26259979667381206,0.3689068685559816,0.11117437103263995
8,32,1470.570068359375,0.42277629699234076,reasoning,0.05376648451760659,0.007902441372932976,0.35091222562466223,0.42277629699234076,0.06456643238805636,0.10007611910440105
8,33,1492.9378662109375,0.4769349051977871,symbolic,0.11809522812767499,0.018755457313800072,0.1382225413970903,0.19418621869385544,0.053805649269792095,0.4769349051977871
8,34,1724.703125,0.3003140825866771,reasoning,0.12288997880069939,0.033730187939953436,0.1910078783939265,0.3003140825866771,0.09531517539250414,0.25674269688623946
8,35,1960.3446044921875,0.24521320969618365,factual,0.09901786166297916,0.032815013852233586,0.24521320969618365,0.22450737252915676,0.15851020194539647,0.2399363403140504
8,36,1872.9637451171875,0.28242357471678714,factual,0.09860317705706308,0.07353845670548856,0.28242357471678714,0.18889746084272901,0.22219143068067607,0.13434589999725613
8,37,1240.8916015625,0.7334603395208681,factual,0.023085601094852887,0.0,0.7334603395208681,0.040736286991224335,0.18838599702677242,0.014331775366282277
8,38,2749.7886962890625,0.340177949575227,symbolic,0.034220136499302216,0.24861258648735837,0.11978099879744844,0.161973827090496,0.09523450155016794,0.340177949575227
8,39,1882.140380859375,0.5706567710179736,factual,0.027658473000021923,0.00962454569168688,0.5706567710179736,0.08198997904724029,0.18934443273123822,0.1207257985118391
8,40,2593.17822265625,0.27936674293222397,reasoning,0.06895486561514219,0.01930932063525299,0.24334317674321654,0.27936674293222397,0.15116754841852373,0.23785834565564057
8,41,1861.7275390625,0.3071267760485814,symbolic,0.10078818343807651,0.04265513066713386,0.1617701789070446,0.18258241017536112,0.20507732076380253,0.3071267760485814
8,42,2464.46337890625,0.2959879307840889,factual,0.07781678274044271,0.0719311676663257,0.2959879307840889,0.19485950783609435,0.09904598986254019,0.2603586211105081
8,43,1899.8895263671875,0.27654619875037706,computational,0.27654619875037706,0.0501718882066475,0.15982760099576615,0.18500728770015476,0.09050954147403333,0.2379374828730212
8,44,1415.2952880859375,0.35890085120025284,reasoning,0.13257916807506992,0.0327739136952341,0.17453689156871957,0.35890085120025284,0.11168258956560574,0.18952658589511787
8,45,1699.033935546875,0.33127568616299213,reasoning,0.08424364546546226,0.027533167041300325,0.21435355828212924,0.33127568616299213,0.1375039641524229,0.2050899788956931
8,46,1780.3671875,0.37798859741889623,reasoning,0.03870654644626503,0.03408254419953749,0.26521306338229034,0.37798859741889623,0.06546741093173371,0.2185418376212772
8,47,1741.583984375,0.251550985711418,symbolic,0.2106137383914383,0.0702824745343398,0.1417057590577902,0.2314899443865644,0.09435709791844933,0.251550985711418
8,48,1839.6231689453125,0.28067842263201276,reasoning,0.07818712076215613,0.0877416765664514,0.24339641834713066,0.28067842263201276,0.0902612859702593,0.21973507572198975
8,49,2234.8541259765625,0.5044554202619904,symbolic,0.024006543614309105,0.07721344718202636,0.10191996089125338,0.2837016210193127,0.008703007031108113,0.5044554202619904
8,50,1652.7659912109375,0.4046174961643593,symbolic,0.1011158569925135,0.0637309068257454,0.14384585085711327,0.2069324926498171,0.07975739651045141,0.4046174961643593
8,51,1668.0753173828125,0.295835168025345,symbolic,0.10489815748744975,0.010302181366778894,0.08772653796343369,0.25982612498484253,0.24141183017215015,0.295835168025345
8,52,893.4791259765625,0.26712778034098783,reasoning,0.07930178795174073,0.0495331504125827,0.1994612659185251,0.26712778034098783,0.15075646424198985,0.25381955113417376
8,53,2317.1724853515625,0.22033816069589543,factual,0.09987305527150404,0.19076320506754801,0.22033816069589543,0.155057899534392,0.12876806086013812,0.20519961857052238
8,54,3430.79248046875,0.32481242162441115,symbolic,0.039815119360035345,0.1913230760078295,0.2924519406688876,0.1390893708362468,0.01250807150258964,0.32481242162441115
8,55,1335.7181396484375,0.3315131331414707,symbolic,0.09654637187776538,0.10251061874834529,0.1335512601987004,0.24906684695942855,0.0868117690742897,0.3315131331414707
8,56,2026.2291259765625,0.3862898128782148,symbolic,0.10555478207581492,0.04424048409563326,0.16485237638781292,0.21378890332829303,0.08527364123423108,0.3862898128782148
8,57,705.780029296875,0.6458995978726164,reasoning,0.029604185583949495,0.004897479136939508,0.19383543044925844,0.6458995978726164,0.07704103428892636,0.048722272668309766
8,58,1791.888916015625,0.40650748673935844,symbolic,0.14141223669974443,0.01323087147937817,0.11462636061996488,0.2857067920944218,0.03851625236713233,0.40650748673935844
8,59,1401.194580078125,0.31772467445031993,reasoning,0.11551945509664692,0.007540824279227424,0.31348042345982335,0.31772467445031993,0.06194822254239329,0.1837864001715891
8,60,2414.2406005859375,0.5787991268241284,reasoning,0.13278935377896625,0.002810472265420952,0.02424907062125625,0.5787991268241284,0.03970934789954564,0.22164262861068249
8,61,47.6854248046875,0.47686738907277565,factual,0.00862689081223329,0.008345300904415586,0.47686738907277565,0.06454040687181771,0.42434063163176233,0.017279380706995463
8,62,121.153564453125,0.7941823091416538,factual,0.0,0.0052715896381827524,0.7941823091416538,0.08223760440911243,0.11315378492478513,0.005154711886265857
8,63,1869.9720458984375,0.333294339880556,symbolic,0.10754385572091725,0.04137892947435672,0.19294519659521878,0.2076678144276341,0.11716986390131715,0.333294339880556
8,64,1918.635986328125,0.25575267667192664,symbolic,0.12258159171459318,0.051897678671612844,0.1456955593223488,0.2064415472570451,0.21763094636247343,0.25575267667192664
8,65,1952.900146484375,0.4603307455770846,factual,0.08374476611619913,0.01025980616018419,0.4603307455770846,0.10074547332261627,0.2529234928171106,0.09199571600680528
8,66,1973.623046875,0.45541875516454805,reasoning,0.053894007392416586,0.007099119738346058,0.34279053830053585,0.45541875516454805,0.10676054804823379,0.03403703135591962
8,67,1822.295166015625,0.4317645708047873,symbolic,0.07875649389928165,0.10334920883517296,0.06559767720807312,0.27642799466943263,0.04410405458325233,0.4317645708047873
8,68,1783.0567626953125,0.24787843690072864,factual,0.16116081816956362,0.00771380400130049,0.24787843690072864,0.1789054290532198,0.158002837171534,0.24633867470365345
8,69,6304.5430908203125,0.6275099199240101,symbolic,0.020023189425206978,0.13939058432197282,0.10376995740124702,0.1046452872400636,0.004661061687499541,0.6275099199240101
8,70,2081.47021484375,0.5783877972746408,symbolic,0.0043486155157663265,0.005082631318805184,0.19551809340744022,0.1909751243944487,0.02568773808889872,0.5783877972746408
8,71,1179.6077880859375,0.40275082743070284,symbolic,0.10951464332182213,0.17869874692484913,0.07312393935558767,0.19272121760710859,0.04319062535992964,0.40275082743070284
8,72,2366.1953125,0.4607565506004167,symbolic,0.054676692045841,0.04946792880184103,0.13275149567640562,0.22728384710753352,0.07506348576796215,0.4607565506004167
8,73,117.06494140625,0.27905434433511717,factual,0.08310149364543752,0.11415271805096162,0.27905434433511717,0.156140380147571,0.0918752528686251,0.2756758109522876
8,74,1742.0494384765625,0.3222831069362349,symbolic,0.08950008580416512,0.09873442184915299,0.19052217492852047,0.1993219894317578,0.0996382210501687,0.3222831069362349
8,75,958.0238037109375,0.29893333839610986,reasoning,0.11690834416499929,0.05506406557179028,0.18550544072212863,0.29893333839610986,0.10778668195013565,0.2358021291948363
8,76,1430.386962890625,0.26336636874206865,symbolic,0.05606632001249389,0.021972515154385704,0.26205903361828614,0.23464305799843485,0.16189270447433077,0.26336636874206865
8,77,3708.6173095703125,0.3707575983444649,symbolic,0.0663771589032656,0.1615063734091904,0.27562979919714936,0.08335849983573611,0.04237057031019361,0.3707575983444649
8,78,835.8638916015625,0.25829581664390133,factual,0.1437953721684313,0.10863748662447935,0.25829581664390133,0.21038184291052497,0.11888795114406248,0.16000153050860058
8,79,1680.9443359375,0.35277004938746415,reasoning,0.22901170751885072,0.021889289816282815,0.17852201579399601,0.35277004938746415,0.08012217021333455,0.13768476727007176
8,80,1208.8333740234375,0.29018123527746753,reasoning,0.07764257308793515,0.02023031349937386,0.2495880190205501,0.29018123527746753,0.1829279363749289,0.17942992273974445
8,81,2342.8912353515625,0.3255761681428586,factual,0.059587979241352236,0.0052805806710948516,0.3255761681428586,0.1652002178923371,0.2369157136482039,0.2074393404041533
8,82,1082.738525390625,0.33043382969209883,reasoning,0.08422179816126507,0.008971797992151791,0.14081409331490674,0.33043382969209883,0.18144367276173495,0.25411480807784265
8,83,1870.801025390625,0.30788806860572265,symbolic,0.08114382717233555,0.03911989884638789,0.04768243361663705,0.26538089661991743,0.25878487513899945,0.30788806860572265
8,84,1705.846435546875,0.34601977030109715,reasoning,0.09374598816942022,0.04504885899781413,0.11524589363870547,0.34601977030109715,0.1405588003229358,0.2593806885700272
8,85,1767.552001953125,0.7875445120528715,factual,0.043327435916525284,0.004327826391909383,0.7875445120528715,0.046123057343527035,0.0424264557501057,0.07625071254506109
8,86,1893.701904296875,0.2596913880986303,symbolic,0.25750396146354276,0.02847109746367063,0.20508275336510068,0.2077298528750279,0.04152094673402777,0.2596913880986303
8,87,1170.7904052734375,0.3592658413542117,symbolic,0.08438747736837687,0.04328193333100479,0.16879445194849607,0.22528392162954985,0.11898637436836072,0.3592658413542117
8,88,2761.3016357421875,0.2930748071347233,computational,0.2930748071347233,0.037771793945363834,0.11417039958696025,0.23404489619034133,0.16817979448186637,0.15275830866074494
8,89,1792.0009765625,0.29432580439659967,symbolic,0.10162007379800317,0.049420602296773475,0.19888887465947033,0.2549776322622941,0.10076701258685924,0.29432580439659967
8,90,2552.6429443359375,0.4601388984331927,symbolic,0.09161862195619,0.02741203766336122,0.15537664389375844,0.1612946064298114,0.10415919162368621,0.4601388984331927
8,91,1087.8421630859375,0.23342197806612347,reasoning,0.17900438338646818,0.03918711369884857,0.23296111821857415,0.23342197806612347,0.088492945657476,0.22693246097250966
8,92,2695.626953125,0.3742802470146599,symbolic,0.09495223745635473,0.05392278509536206,0.20085351455373684,0.1969211381860522,0.07907007769383427,0.3742802470146599
8,93,2336.1484375,0.34954065602771656,symbolic,0.08462885458503747,0.07536260312613911,0.12648664460065479,0.27981910914399033,0.08416213251646172,0.34954065602771656
8,94,1122.4486083984375,0.3382936931946029,reasoning,0.06413982057180678,0.06312340954675964,0.3102865994156235,0.3382936931946029,0.05550337195934486,0.16865310531186234
8,95,1529.5460205078125,0.20875590111796122,factual,0.11260825084291425,0.1097298883539168,0.20875590111796122,0.20346302138995395,0.19447829420510276,0.17096464409015102
8,96,1289.354248046875,0.28875358701960446,symbolic,0.08949641132357354,0.05094036482273425,0.2162730215415261,0.24672124396088385,0.10781537133167778,0.28875358701960446
8,97,1316.1053466796875,0.36136245905615483,reasoning,0.09504815408937596,0.029281359286966097,0.1820150841229936,0.36136245905615483,0.13662377388748448,0.19566916955702504
8,98,2198.995849609375,0.31036715866073017,factual,0.16413231047951463,0.049746827137341965,0.31036715866073017,0.1585119584167445,0.09509867063568943,0.22214307466997932
8,99,2120.6077880859375,0.36844721387882434,reasoning,0.05974170302254447,0.05932091140356224,0.15958904949390165,0.36844721387882434,0.16875004569129243,0.18415107650987486
8,100,2263.6693115234375,0.3350373725078097,symbolic,0.11992226695252405,0.017353449332529983,0.2111669777020347,0.18236388209887425,0.13415605140622733,0.3350373725078097
8,101,422.5914306640625,0.4557399485653559,symbolic,0.012073824861657098,0.0,0.0675869017574033,0.369406236919999,0.09519308789558473,0.4557399485653559
8,102,1913.6253662109375,0.3654357541731948,symbolic,0.08521142487962334,0.008447720107506695,0.24959966941429673,0.2206953003744031,0.07061013105097536,0.3654357541731948
8,103,1052.717041015625,0.40354896845472177,factual,0.06848814069062825,0.040848075188622074,0.40354896845472177,0.2057515325507447,0.05106334079248522,0.230299942322798
8,104,2060.487060546875,0.4453509610172333,symbolic,0.050690097046655974,0.02261309718113855,0.049073225466853006,0.05707831566200677,0.3751943036261124,0.4453509610172333
8,105,1637.8333740234375,0.4231573799197459,symbolic,0.15397792568321797,0.029009033302276024,0.15618711630675738,0.19000112617220477,0.047667418615797964,0.4231573799197459
8,106,1937.83056640625,0.3805825593768402,factual,0.028827364887593524,0.010819978547006975,0.3805825593768402,0.31358951610322533,0.11323968919617293,0.15294089188916105
8,107,838.2628173828125,0.5177353474541976,factual,0.034884271249557126,0.017423787131852417,0.5177353474541976,0.21472163661566998,0.07730729750144494,0.13792766004727794
8,108,2033.4677734375,0.3805244370209257,symbolic,0.08742005723558557,0.04894992054348353,0.2843337874849143,0.14450628664568638,0.05426551106940451,0.3805244370209257
8,109,2713.3975830078125,0.4596918151499137,symbolic,0.02522989651906751,0.02435937884717637,0.17214871608990634,0.22835248614673473,0.09021770724720134,0.4596918151499137
8,110,2850.15576171875,0.27887062093474535,reasoning,0.05459748207977257,0.009499035397428081,0.27433790539476754,0.27887062093474535,0.16465862696991443,0.21803632922337202
8,111,3073.1962890625,0.31041915783298957,symbolic,0.0781421743508721,0.05365809403572281,0.2607453940367079,0.21751532355265554,0.0795198561910521,0.31041915783298957
8,112,1857.13671875,0.36044624095812816,reasoning,0.08362863804537815,0.016367917682420224,0.25241966695202417,0.36044624095812816,0.1273116061982176,0.15982593016383168
8,113,2371.20556640625,0.29657394657459524,symbolic,0.10219421283469128,0.0050619523914543565,0.13986382231974645,0.29652483439310623,0.15978123148640644,0.29657394657459524
8,114,2143.4520263671875,0.3802144510451782,symbolic,0.23352245970322383,0.017845615499011085,0.23200410680260938,0.08719233079443042,0.049221036155547085,0.3802144510451782
8,115,2023.2747802734375,0.33334003030045795,symbolic,0.08610718996647113,0.05437780439269157,0.1453347448850707,0.21475532509944242,0.16608490535586629,0.33334003030045795
8,116,2014.3955078125,0.30931646290057746,reasoning,0.0963441362730464,0.1051328062999669,0.15873508840906347,0.30931646290057746,0.049272848602902646,0.2811986575144432
8,117,1886.987060546875,0.5600606875393885,factual,0.04920728793873646,0.05038996136548387,0.5600606875393885,0.23853129582115587,0.04793941700061029,0.053871350334625034
8,118,498.048095703125,0.28780223577883385,factual,0.09504878664513078,0.11029335712412469,0.28780223577883385,0.19643432246489592,0.1218497013487712,0.18857159663824352
8,119,1325.938232421875,0.25946507880714625,reasoning,0.17464628801502768,0.036264857413207736,0.2257138269757761,0.25946507880714625,0.09235435992681332,0.2115555888620289
8,120,2009.9708251953125,0.26677918757201724,factual,0.22679134862384373,0.00803064264393316,0.26677918757201724,0.05558008806316605,0.2548783739949778,0.18794035910206203
8,121,1587.9263916015625,0.3371642997278736,symbolic,0.13468638813716757,0.013973393741976753,0.13498219943231599,0.22230203455595596,0.15689168440471013,0.3371642997278736
8,122,1832.3660888671875,0.6240950897633781,factual,0.08024339634620352,0.02227151580704566,0.6240950897633781,0.19470415288570325,0.05779214260080264,0.020893702596866792
8,123,1812.5767822265625,0.32612950326929174,symbolic,0.15904013764503105,0.039533616201199454,0.20950930890656638,0.20650755029302706,0.05927988368488431,0.32612950326929174
8,124,1358.23193359375,0.355644059893754,reasoning,0.035783681608709046,0.004178082216403952,0.3442470842040667,0.355644059893754,0.10454336782474057,0.1556037242523257
8,125,1891.2113037109375,0.36994996967301524,social_ethical,0.07005975613321876,0.033428166613878714,0.20770799189791544,0.1438340111857099,0.36994996967301524,0.1750201044962619
8,126,1711.3341064453125,0.5745285642618945,factual,0.035356672814642214,0.0738949711214916,0.5745285642618945,0.13422202573047956,0.059490775861103545,0.12250699021038859
8,127,1293.841552734375,0.2963567833269649,reasoning,0.09547690144964455,0.02707085002099225,0.24208205374959313,0.2963567833269649,0.06680837614336999,0.2722050353094352
10,0,1190.265869140625,0.2895691757417807,reasoning,0.17127069783393079,0.06713639223117045,0.17629251277195856,0.2895691757417807,0.08068614446327622,0.21504507695788325
10,1,1485.226806640625,0.5826222419404391,social_ethical,0.04152403333021561,0.012607896554099137,0.15322506541887393,0.13417251185955953,0.5826222419404391,0.07584825089681267
10,2,1826.1727294921875,0.25866933083654303,symbolic,0.09535222811058845,0.08187148575532084,0.25065362603105734,0.2523311653530643,0.061122163913425974,0.25866933083654303
10,3,2618.3895263671875,0.3396821898076942,factual,0.0755145712694361,0.04141428141655276,0.3396821898076942,0.2366627603450971,0.029275173850890405,0.27745102331032945
10,4,1732.446533203125,0.33607547299566337,computational,0.33607547299566337,0.06500753019157986,0.1702744929927012,0.16754313389846057,0.09521454105571496,0.16588482886588002
10,5,2064.0546875,0.47864151406704797,factual,0.004568171151291262,0.050329841331723434,0.47864151406704797,0.33631171484373523,0.026032696944348767,0.10411606166185337
10,6,2721.9339599609375,0.3986647641413838,symbolic,0.04390700312668134,0.07800616761539546,0.1385071084361826,0.3178124325754819,0.023102524104874844,0.3986647641413838
10,7,2370.919189453125,0.7859865095092977,symbolic,0.036707397630694596,0.03642360408535019,0.012519352485278724,0.12393529795490504,0.004427838334473759,0.7859865095092977
10,8,600.5234375,0.9989437925247505,factual,0.0,0.0,0.9989437925247505,0.0,0.001056207475249457,0.0
10,9,962.2110595703125,0.5133634500921226,factual,0.002450512424273064,0.003047789939984266,0.5133634500921226,0.20878249139574037,0.07385410063111225,0.1985016555167675
10,10,1440.7130126953125,0.30279205251238295,factual,0.06555100475575948,0.190588613883659,0.30279205251238295,0.10382601862803087,0.1690174330964223,0.1682248771237454
10,11,1918.9151611328125,0.6140488975876403,social_ethical,0.016747464161809666,0.0004234163221266899,0.2944578073205094,0.05801554261062499,0.6140488975876403,0.016306871997289016
10,12,865.2607421875,0.3071080226674808,reasoning,0.2549637313535592,0.0217592127553675,0.1468352544561283,0.3071080226674808,0.07128676665609512,0.19804701211136908
10,13,833.51806640625,0.592972944474223,reasoning,0.03304540887908637,0.005999548928118474,0.09938255874918353,0.592972944474223,0.17586706853070658,0.09273247043868205
10,14,866.15185546875,0.27581588146654873,reasoning,0.12112551081556296,0.07122159966942503,0.24726320115408096,0.27581588146654873,0.10724519541637281,0.1773286114780095
10,15,1824.5885009765625,0.4040105896630026,reasoning,0.10657395526562503,0.03586933563854061,0.15579223135246476,0.4040105896630026,0.07491221165089063,0.2228416764294764
10,16,1618.9407958984375,0.31994667918530056,factual,0.13308096000690073,0.03629654836019795,0.31994667918530056,0.22969255177225958,0.1329281968831648,0.1480550637921764
10,17,1308.36279296875,0.8057795275061606,reasoning,0.05661335004275008,0.007904100238586885,0.08724095707936513,0.8057795275061606,0.007006553768631553,0.03545551136450575
10,18,462.307373046875,0.3338948706994203,social_ethical,0.0401803749555743,0.0037462815752548964,0.2947664541450171,0.22718763251797755,0.3338948706994203,0.10022438610675583
10,19,348.210693359375,0.47342475588440064,symbolic,0.057899936267371346,0.009357969137702442,0.04872846745113656,0.24968466721962376,0.16090420403976524,0.47342475588440064
10,20,1326.8968505859375,0.3376876355975871,symbolic,0.06839210413232309,0.024284588901556853,0.25180132105617153,0.2655481323308254,0.05228621798153605,0.3376876355975871
10,21,2184.1451416015625,0.2323938549282921,computational,0.2323938549282921,0.19854769454739096,0.13708535249680076,0.16594244398370558,0.06937268803489191,0.1966579660089187
10,22,1208.9947509765625,0.3790599535444213,reasoning,0.05229155444445398,0.0019196119580960785,0.25501689454401893,0.3790599535444213,0.10559319715046872,0.20611878835854094
10,23,3532.0321044921875,0.553799806576302,factual,0.0688948627839513,0.12511844462545924,0.553799806576302,0.09871216645290155,0.004217055493827815,0.14925766406755805
10,24,1927.9771728515625,0.3710046904553371,reasoning,0.03813197539899515,0.015428274642967017,0.3119046746201989,0.3710046904553371,0.028273034760249612,0.2352573501222522
10,25,986.1134033203125,0.3807988645052803,factual,0.05494785312792723,0.010812502375207672,0.3807988645052803,0.21957775213688227,0.019498799305442856,0.31436422854925966
10,26,1921.3536376953125,0.39578032124949547,social_ethical,0.07170746078283813,0.00019822450564428398,0.3353088226614321,0.16257459070610428,0.39578032124949547,0.03443058009448574
10,27,1293.0098876953125,0.36655480277865027,factual,0.06383161713982476,0.05381664121902466,0.36655480277865027,0.1781818308839683,0.08979991856376926,0.24781518941476277
10,28,2736.333251953125,0.4334581457333101,symbolic,0.0908690303132016,0.07575708503758156,0.1161308941159193,0.17476484028714792,0.10902000451283951,0.4334581457333101
10,29,87.0439453125,0.5575123691562047,factual,0.005985437492286807,0.04381373901921847,0.5575123691562047,0.0,0.3762916091683215,0.01639684516396845
10,30,3377.3306884765625,0.29720751652513694,factual,0.10105904512628053,0.06756727206577141,0.29720751652513694,0.17287634808615418,0.1314807088695585,0.22980910932709844
10,31,840.185546875,0.4230223164990992,reasoning,0.1826192828500029,0.00364299413029581,0.1359362468762713,0.4230223164990992,0.012539954669611204,0.2422392049747196
10,32,1266.3448486328125,0.29695426896951066,symbolic,0.08372986544979191,0.07430804450824989,0.18124490728990272,0.21335183875452013,0.15041107502802467,0.29695426896951066
10,33,1452.914794921875,0.19861626488643602,reasoning,0.11573330752314809,0.19548493153999597,0.1746021223836311,0.19861626488643602,0.1642515827642406,0.15131179090254823
10,34,1272.6448974609375,0.43301213072899,factual,0.021444712472976135,0.0023060748988034826,0.43301213072899,0.29171204815267016,0.03632149496422572,0.21520353878233453
10,35,1456.244140625,0.2639660734954674,symbolic,0.20996748243353983,0.014942220797562222,0.12182058471265308,0.24375936330215922,0.14554427525861827,0.2639660734954674
10,36,1623.46240234375,0.28217813369681827,factual,0.21514949090951746,0.003473990263022313,0.28217813369681827,0.16590713388359357,0.2782931475726281,0.0549981036744203
10,37,4093.1412353515625,0.8087846615311025,symbolic,0.022206128994671292,0.0039031328996830487,0.05728267141824794,0.09947501436953307,0.008348390786762094,0.8087846615311025
10,38,545.1527099609375,0.29791255541167483,social_ethical,0.04304404205118307,0.033477306096364644,0.19829100172843447,0.20493603628033016,0.29791255541167483,0.2223390584320128
10,39,3678.0248413085938,0.7433950176432395,symbolic,0.02856260074653225,0.01898515748864033,0.06629572986294448,0.10031423600223821,0.0424472582564053,0.7433950176432395
10,40,1692.6795654296875,0.23509409162314368,reasoning,0.21224077053424922,0.05508670543992178,0.1696015362568782,0.23509409162314368,0.14344880813238822,0.18452808801341888
10,41,2028.4310302734375,0.22883344054341762,symbolic,0.09016840498655977,0.20150103746744205,0.2147418289095558,0.20174620944800378,0.063009078645021,0.22883344054341762
10,42,1220.7967529296875,0.35802213970188485,reasoning,0.08297463584543066,0.013490765258304688,0.2779081844422533,0.35802213970188485,0.013511563663067043,0.25409271108905945
10,43,2033.35107421875,0.2923536063538124,reasoning,0.07566416276625404,0.05059964416614257,0.15799840933764905,0.2923536063538124,0.2044385939255621,0.21894558345057985
10,44,1884.6502685546875,0.2722597982842862,reasoning,0.11171156524800255,0.10811918216497059,0.1506934848020167,0.2722597982842862,0.09811209300051071,0.25910387650021327
10,45,1660.9508056640625,0.27303505991139976,factual,0.08960814269111937,0.049656087391703484,0.27303505991139976,0.23387497851212238,0.13189371351608264,0.22193201797757234
10,46,2390.76123046875,0.5551003118899066,symbolic,0.025684606616575567,0.010774100087025269,0.0116383277995392,0.3831230818341847,0.013679571772768668,0.5551003118899066
10,47,772.59423828125,0.5408892776404578,factual,0.11501681441824514,0.016782502134587395,0.5408892776404578,0.21042512891264656,0.06537509645933413,0.05151118043472903
10,48,9596.617431640625,0.7623008646260425,symbolic,0.006178477040593399,0.07295483371025227,0.053651843930502756,0.10342872632352733,0.0014852543690817167,0.7623008646260425
10,49,2302.1864013671875,0.3332261902230657,symbolic,0.14671880941133628,0.05214270932051208,0.19925145461088573,0.22853689048459422,0.04012394594960601,0.3332261902230657
10,50,1011.7523193359375,0.2658204511795277,reasoning,0.062245038925470016,0.04965231004038838,0.21584225909492627,0.2658204511795277,0.1420071124570553,0.2644328283026323
10,51,1464.7274169921875,0.42282532937824147,symbolic,0.07534565036706665,0.011435324822046284,0.2707305838538677,0.1581598105249525,0.06150330105382536,0.42282532937824147
10,52,1723.444091796875,0.3740012893763014,reasoning,0.056294053159078185,0.07343509423907178,0.15041264433060447,0.3740012893763014,0.07761494282589297,0.2682419760690512
10,53,2947.956298828125,0.3672635032761126,reasoning,0.03958118164654754,0.012588998154756477,0.2741178777769855,0.3672635032761126,0.034830513955932625,0.2716179251896652
10,54,734.7374267578125,0.26835924890126533,symbolic,0.21328569726808694,0.040407252471311945,0.2541616346586932,0.1934982552659766,0.03028791143466597,0.26835924890126533
10,55,2327.62109375,0.26484822218231796,computational,0.26484822218231796,0.019534009877976946,0.17423811110122828,0.16678012103290812,0.11289094032097552,0.26170859548459313
10,56,2389.93310546875,0.293696419082075,symbolic,0.07961715022505492,0.09253689231544342,0.23550208465154232,0.1502968690080442,0.1483505847178401,0.293696419082075
10,57,1591.636474609375,0.3842940922114391,reasoning,0.05203008953509579,0.02256929877749951,0.10545295745292126,0.3842940922114391,0.06974644530898282,0.3659071167140615
10,58,2630.80810546875,0.6056496089845849,social_ethical,0.03745182487780478,0.043931349812867546,0.15067145889071706,0.13425586430322045,0.6056496089845849,0.02803989313080526
10,59,1327.8277587890625,0.48819988664742525,symbolic,0.05647900058514934,0.011469662557750747,0.14923808775217615,0.24997929224049684,0.04463407021700169,0.48819988664742525
10,60,2148.11474609375,0.3190191185539464,symbolic,0.14711505523898022,0.1633318096195815,0.10951525899686294,0.1899065973320083,0.07111216025862067,0.3190191185539464
10,61,2062.1033935546875,0.5327383917515862,factual,0.034265466885766566,0.002831391997668112,0.5327383917515862,0.24953827828279715,0.03940388394998541,0.14122258713219651
10,62,1409.5797119140625,0.3408864271637374,reasoning,0.06823600057398814,0.036207150828719184,0.22993975116384582,0.3408864271637374,0.16638546039901875,0.15834520987069073
10,63,1575.774169921875,0.43254269083695374,creative,0.1351330749348,0.43254269083695374,0.07214707676394803,0.13142256619583845,0.030718407727104623,0.19803618354135516
10,64,1225.2310791015625,0.4122560187496519,reasoning,0.06572839366936223,0.08201797074112993,0.1430927261508885,0.4122560187496519,0.17876291472042752,0.1181419759685399
10,65,1868.075927734375,0.43961666252158527,reasoning,0.04079635748628496,0.0668779590882424,0.05048519670099439,0.43961666252158527,0.09932277254585586,0.3029010516570371
10,66,3074.31298828125,0.6641032922593065,factual,0.15421954187236636,0.001921557995442643,0.6641032922593065,0.06027213587639388,0.013371492900551174,0.1061119790959394
10,67,1130.1893310546875,0.3383575393494699,symbolic,0.029476230033101434,0.1616268533892761,0.26458379754584727,0.1752826129385168,0.0306729667437885,0.3383575393494699
10,68,314.674560546875,0.2620305421570369,creative,0.24862150643917677,0.2620305421570369,0.13970713170151144,0.10184986193728485,0.15444054536130225,0.09335041240368777
10,69,1883.733642578125,0.35018856827436473,factual,0.07804299063749025,0.05786238138421128,0.35018856827436473,0.33065682466293395,0.07299495462087856,0.11025428042012123
10,70,1582.7813720703125,0.3393645528412647,factual,0.05505414292374487,0.06363541360982775,0.3393645528412647,0.2809131010026496,0.16507412187662562,0.09595866774588746
10,71,778.9508056640625,0.32676133590026274,reasoning,0.07145936517861551,0.05256438283604953,0.17913218040906323,0.32676133590026274,0.12997093790867342,0.2401117977673356
10,72,1339.39794921875,0.4527583339500351,social_ethical,0.07806679117359384,0.0,0.3519007964384651,0.04822796360450835,0.4527583339500351,0.06904611483339755
10,73,909.800048828125,0.3257436319632603,factual,0.05395942242417298,0.05725121500072051,0.3257436319632603,0.2970913240992116,0.17906525112698343,0.0868891553856512
10,74,744.265625,0.47497762842987007,social_ethical,0.1975291552075242,0.0,0.21959992284760566,0.0669670973904646,0.47497762842987007,0.04092619612453551
10,75,1451.5938720703125,0.7625277541683917,reasoning,0.04239985058180844,0.00827703451309625,0.058976036325910274,0.7625277541683917,0.07044637171037998,0.05737295270041341
10,76,2880.8660888671875,0.40856561563098054,symbolic,0.11645362690892035,0.003564483218365381,0.17896809986247914,0.2330044569811384,0.059443717398116235,0.40856561563098054
10,77,1431.3702392578125,0.32600333367872597,factual,0.07135556382792282,0.05504322311896389,0.32600333367872597,0.2793899086500392,0.07545678178475897,0.19275118893958912
10,78,1845.0445556640625,0.6599526749127748,reasoning,0.03234196328650335,0.012478526564207268,0.1869920517274517,0.6599526749127748,0.03538001820093876,0.07285476530812417
10,79,1156.1913452148438,0.5527932450542914,factual,0.05450466527572476,0.008229091435645569,0.5527932450542914,0.21487470938533146,0.07607538579211076,0.09352290305689599
10,80,3750.349365234375,0.4100957130881882,computational,0.4100957130881882,0.002050590208685636,0.27908604348123556,0.082244356010843,0.1873844305260363,0.03913886668501131
10,81,1960.43505859375,0.4069909844927896,reasoning,0.15893016412820915,0.004295547838328097,0.27668692999276956,0.4069909844927896,0.07213277505615856,0.08096359849174502
10,82,1259.44384765625,0.2871906041116704,symbolic,0.04033161958810409,0.04918232990519671,0.2848956380718951,0.23607677309824487,0.10232303522488884,0.2871906041116704
10,83,1782.97265625,0.5092103908281683,factual,0.030267055325880015,0.029943081362103757,0.5092103908281683,0.22574741313773303,0.025552864444692742,0.17927919490142208
10,84,3806.567138671875,0.46016005054997533,symbolic,0.09699898644785279,0.040152904439727834,0.13571663998900954,0.1518313687302455,0.115140049843189,0.46016005054997533
10,85,2050.0660400390625,0.46936904959890474,symbolic,0.06150942760335286,0.06401994600378787,0.14773979806409868,0.21330438990597972,0.04405738882387614,0.46936904959890474
10,86,2218.9998779296875,0.39818810018479983,symbolic,0.07937238802386197,0.043282537447504675,0.20926488967709236,0.19949211265654665,0.07039997201019449,0.39818810018479983
10,87,1465.582275390625,0.7187442997488767,symbolic,0.017846668971060423,0.008202697806522545,0.04963830735337601,0.0559481261530645,0.14961989996709993,0.7187442997488767
10,88,1571.6572265625,0.36600140924096713,factual,0.02105814858793185,0.009485580445103912,0.36600140924096713,0.36229989927779505,0.043967168662159335,0.19718779378604268
10,89,894.8472900390625,0.2384965246312404,social_ethical,0.057602738333850115,0.035748014245512875,0.19970250685176866,0.23560262347268413,0.2384965246312404,0.23284759246494383
10,90,1945.076416015625,0.42216035756347436,computational,0.42216035756347436,0.024678321277193153,0.05376279977753324,0.19010640473059418,0.053571197709360564,0.25572091894184446
10,91,1338.7247314453125,0.4043116184955128,symbolic,0.034338628116248326,0.016337989280952852,0.06735745862091636,0.3421604030990533,0.13549390238731637,0.4043116184955128
10,92,1214.5400390625,0.30398556230697543,reasoning,0.05377248652999263,0.036902111379935015,0.20231404314101034,0.30398556230697543,0.29001784208109904,0.11300795456098751
10,93,1956.305908203125,0.2766958661949183,creative,0.06191928170982534,0.2766958661949183,0.08418514396990202,0.2533129481997382,0.2060927272321116,0.11779403269350454
10,94,2978.5181884765625,0.35954382990080214,factual,0.0795317758128159,0.10635404781004082,0.35954382990080214,0.16692543010516261,0.03295947982995588,0.25468543654122267
10,95,690.2550048828125,0.3351965463680786,reasoning,0.05036953302718563,0.002793846887357816,0.14411407836742288,0.3351965463680786,0.18001478096739115,0.2875112143825639
10,96,1038.0743408203125,0.2662460363797573,factual,0.10442590786232912,0.011788701778771046,0.2662460363797573,0.2574487838234317,0.17135539496266716,0.18873517519304367
10,97,1734.84033203125,0.4352167760170202,factual,0.06011013936857594,0.002550554426135105,0.4352167760170202,0.19019235548570443,0.21827723305092975,0.09365294165163457
10,98,1714.96630859375,0.2292116935834028,reasoning,0.14237279738834155,0.038356740449358544,0.22182241531143418,0.2292116935834028,0.14126823510050962,0.22696811816695334
10,99,2902.83154296875,0.400696577072595,factual,0.2981733890956079,0.018511188984220182,0.400696577072595,0.09153458225981198,0.06988054161152929,0.12120372097623566
10,100,2780.1859130859375,0.35824551554419765,factual,0.10907407824526263,0.014059803340314146,0.35824551554419765,0.19482453851396708,0.1575091295243181,0.1662869348319404
10,101,1182.21142578125,0.2628430729122998,factual,0.10983103616476174,0.02947605061852353,0.2628430729122998,0.23237246140190956,0.12014681750840193,0.24533056139410342
10,102,1965.205810546875,0.25553243605831577,factual,0.050057873282048054,0.024232860669436782,0.25553243605831577,0.2298089206474503,0.19708768873727667,0.2432802206054724
10,103,1597.9805908203125,0.3640015165014254,symbolic,0.10246025084913614,0.08581448585812003,0.17837622664775343,0.22715254093052778,0.042194979213037206,0.3640015165014254
10,104,1267.8924560546875,0.3924543942541213,social_ethical,0.031090903401746965,0.01613756218965347,0.1478674153895774,0.2871468217386386,0.3924543942541213,0.12530290302626226
10,105,1249.9005126953125,0.35244494556939837,symbolic,0.08518177960452906,0.03396383598889951,0.2121268440798755,0.25108248361563934,0.06520011114165825,0.35244494556939837
10,106,1494.787841796875,0.444644811536702,social_ethical,0.06280041112910077,0.0010015269529489758,0.262492015305135,0.1485296156844478,0.444644811536702,0.08053161939166548
10,107,1567.880126953125,0.33288316464075185,social_ethical,0.1329265153719918,0.005966486957331451,0.11003144329439397,0.2918809094373016,0.33288316464075185,0.12631148029822936
10,108,603.3668212890625,0.3538764917968245,reasoning,0.02325492470736616,0.08857523730062085,0.06776691097582514,0.3538764917968245,0.1557184103442981,0.31080802487506526
10,109,2353.7135009765625,0.3027712244732951,reasoning,0.17242741157499153,0.011476006088907151,0.2538503894459911,0.3027712244732951,0.14277430305263236,0.11670066536418282
10,110,1494.0369873046875,0.29582051892324884,reasoning,0.08153735500117615,0.029911715281558338,0.21626402027395528,0.29582051892324884,0.10819108286187498,0.2682753076581864
10,111,2597.3209228515625,0.6129467934606032,symbolic,0.04694600379099689,0.0361088905602617,0.06531501035401516,0.20270361028277475,0.03597969155134829,0.6129467934606032
10,112,2141.057373046875,0.38136058512816357,reasoning,0.10267896390909181,0.001262632741493478,0.31620574813184976,0.38136058512816357,0.030318807640473167,0.16817326244892825
10,113,997.7999267578125,0.3885327790866062,reasoning,0.07702076969387117,0.14101874766713926,0.0783393444831078,0.3885327790866062,0.1322635236189189,0.18282483545035666
10,114,2774.58203125,0.46622621756092203,symbolic,0.0903468709391758,0.018909626027568904,0.2523798717571481,0.11859340089230783,0.05354401282287732,0.46622621756092203
10,115,1366.813720703125,0.3120056572609404,computational,0.3120056572609404,0.013544595852901927,0.14853078582733958,0.18622805627752873,0.07740116092453134,0.26228974385675796
10,116,488.97021484375,0.26930051697055457,reasoning,0.15654661272943876,0.013756090156788772,0.2641607691547227,0.26930051697055457,0.19638390231383518,0.09985210867466006
10,117,979.07373046875,0.49342590528456076,symbolic,0.028125674827181903,0.0195646894012048,0.16900191158436081,0.277950749647282,0.011931069255409713,0.49342590528456076
10,118,1631.94580078125,0.5063418830270254,reasoning,0.0897068569590617,0.028144574347926905,0.30153498043967714,0.5063418830270254,0.05978629505793297,0.014485410168375857
10,119,2060.0682373046875,0.3798779918012946,factual,0.10874872060032428,0.018146158239719073,0.3798779918012946,0.3319312501440649,0.04173943485332108,0.1195564443612761
10,120,2359.1851806640625,0.3422617041054369,reasoning,0.13177188044671434,0.0364868965813423,0.22669140651578704,0.3422617041054369,0.22112592357259703,0.04166218877812241
10,121,2166.481201171875,0.2863094012592199,symbolic,0.09026136965375003,0.18065131852294597,0.17175151824331716,0.23085840318137207,0.04016798913939486,0.2863094012592199
10,122,747.3900146484375,0.42756359655892356,factual,0.023854824218198126,0.019196686908004565,0.42756359655892356,0.1591586868299334,0.28725321631151635,0.08297298917342398
10,123,2803.0980224609375,0.5184067798868779,symbolic,0.08638008160874945,0.002763056134833377,0.2196509433728089,0.15099913647963534,0.021800002517095015,0.5184067798868779
10,124,3512.17626953125,0.30088575084141567,factual,0.13331014855267048,0.004495868655599236,0.30088575084141567,0.18548535876235256,0.09815660139940055,0.27766627178856146
10,125,1539.1051025390625,0.2648711579922161,reasoning,0.10760346180138256,0.06507053381850392,0.19636306069890674,0.2648711579922161,0.10353496718721857,0.2625568185017721
10,126,1135.1802978515625,0.3063138394887324,reasoning,0.2007521562957254,0.014625249357565873,0.1234076790140264,0.3063138394887324,0.22647834047734494,0.12842273536660495
10,127,883.5211181640625,0.3877164416559993,factual,0.1702507873588747,0.024029937253076037,0.3877164416559993,0.1028480319654923,0.25860146826282276,0.056553333503734905
13,0,1804.0423583984375,0.37470165707911685,symbolic,0.06480184508599023,0.05696828174844701,0.20109251717757598,0.2518934832967548,0.050542215612115124,0.37470165707911685
13,1,1412.110107421875,0.5560460463108335,reasoning,0.017355281454729535,0.05303809489725368,0.04564140094671459,0.5560460463108335,0.2409961578512321,0.08692301853923658
13,2,1515.5130615234375,0.390649985988817,symbolic,0.07157052433721144,0.056194710901248106,0.13174732702149475,0.31634544851613156,0.03349200323509718,0.390649985988817
13,3,4067.098876953125,0.48562522701914906,reasoning,0.14321810099948754,0.05383569093088551,0.07183094474122054,0.48562522701914906,0.09142384909582824,0.15406618721342913
13,4,5463.8370361328125,0.7005833343182211,symbolic,0.00827140399992824,0.003639966467196546,0.03887592945385557,0.038606781409182486,0.21002258435161605,0.7005833343182211
13,5,1262.323486328125,0.45858854028361407,factual,0.05832092474253343,0.014878704614680618,0.45858854028361407,0.10188847179863676,0.15390572281822354,0.2124176357423116
13,6,2324.860107421875,0.34871212534104296,symbolic,0.0407987207731648,0.01853999951904028,0.2485658106738823,0.11062861120150984,0.23275473249135978,0.34871212534104296
13,7,1666.6077880859375,0.3463406287814904,symbolic,0.07119494675507701,0.03444042566640477,0.2204121322352379,0.23397340233186462,0.0936384642299253,0.3463406287814904
13,8,2029.9783935546875,0.4865416048015155,factual,0.011790794754143866,0.1640956360721733,0.4865416048015155,0.05378739803637891,0.010731116949835723,0.2730534493859527
13,9,754.0289306640625,0.2891770364440372,social_ethical,0.09726153694225599,0.06905773914704619,0.14999955480042512,0.2602322646654811,0.2891770364440372,0.1342718680007544
13,10,2478.8197021484375,0.37575059127645444,symbolic,0.07944769975275394,0.06679864088778312,0.20522428025600287,0.25209810990978204,0.02068067791722361,0.37575059127645444
13,11,1572.296630859375,0.3687853515932217,symbolic,0.032172968017556175,0.007610408925165606,0.30560530871518526,0.24035737183443742,0.04546859091443383,0.3687853515932217
13,12,174.704345703125,0.3722206462089272,computational,0.3722206462089272,0.02835007245779351,0.26485873874528537,0.06839540574268191,0.09210035369464874,0.1740747831506633
13,13,2972.37548828125,0.519684759976509,symbolic,0.12053006813225625,0.015449266315396082,0.20439565990546085,0.09984484408432137,0.040095401586056505,0.519684759976509
13,14,2528.82861328125,0.3593712619768795,symbolic,0.07939133905292504,0.02041652112813936,0.26606238490871187,0.24910383988078103,0.025654653052563207,0.3593712619768795
13,15,899.2918701171875,0.3505199335577486,reasoning,0.020290758828662797,0.0005285734394697216,0.24423364249133195,0.3505199335577486,0.29368457902600503,0.09074251265678196
13,16,1252.188720703125,0.30971443556351036,factual,0.18184984689893574,0.03171439072015504,0.30971443556351036,0.20879797386022325,0.09834888715364601,0.16957446580352956
13,17,1827.7945556640625,0.4272572506261649,factual,0.1398610846658781,0.019703347820683132,0.4272572506261649,0.13718198127826658,0.14753948914243514,0.12845684646657218
13,18,197.5142822265625,0.3853150453296185,reasoning,0.296622388734003,0.0,0.08602090063453431,0.3853150453296185,0.02368425443917537,0.2083574108626688
13,19,1180.7249755859375,0.34488274436626976,factual,0.1683405705185392,0.04164177220385342,0.34488274436626976,0.13141185127028704,0.22258260248980125,0.09114045915124933
13,20,2719.928955078125,0.904939749097666,reasoning,0.01138757268422305,0.0033086406765600656,0.01033347697913683,0.904939749097666,0.010215532434794575,0.05981502812761959
13,21,501.521484375,0.9540709131198424,symbolic,0.002949520794145939,0.0,0.010474474158712355,0.02189772138687354,0.010607370540425813,0.9540709131198424
13,22,1078.1749267578125,0.27133446832002456,reasoning,0.09367670813251515,0.06356114169984656,0.2698505017147643,0.27133446832002456,0.08211746081957935,0.21945971931327002
13,23,1749.779052734375,0.3462875125835502,reasoning,0.13200641263998872,0.04260938357870239,0.2561558065017975,0.3462875125835502,0.08287123304490872,0.14006965165105248
13,24,2406.193359375,0.3110597773811234,reasoning,0.1381332231034659,0.040952414870155225,0.12829279260631946,0.3110597773811234,0.13169612961668742,0.24986566242224859
13,25,641.354248046875,0.6352050847606021,social_ethical,0.02270319571432976,0.10117256004692829,0.144019936147381,0.06268169579826623,0.6352050847606021,0.03421752753249255
13,26,1777.79931640625,0.26883006361281575,symbolic,0.0636357494081874,0.07703973129964216,0.18145445137276628,0.26394512066000664,0.1450948836465818,0.26883006361281575
13,27,1376.032470703125,0.36051728913072906,symbolic,0.12746696417054737,0.014288099365728398,0.13562268318054502,0.20115240172107982,0.16095256243137035,0.36051728913072906
13,28,926.6619873046875,0.42588887286159066,factual,0.07323755156453875,0.0014856646795012392,0.42588887286159066,0.31573364738055765,0.09867708924065516,0.08497717427315654
13,29,1457.094970703125,0.33068351065745955,factual,0.09751299415357338,0.05854552942641081,0.33068351065745955,0.20242060459487277,0.07728649936723611,0.2335508618004474
13,30,3183.2535400390625,0.43082901535528356,symbolic,0.105819513764757,0.04837595183196916,0.17374908890762214,0.1490730240229276,0.09215340611744054,0.43082901535528356
13,31,1446.349365234375,0.23458711292760076,symbolic,0.11383387627153291,0.01134186336255055,0.23358901139672267,0.22511409466890897,0.18153404137268417,0.23458711292760076
13,32,1465.2364501953125,0.45112914312887953,reasoning,0.09148580751310254,0.002986532693693699,0.11084020225577859,0.45112914312887953,0.06280974508750446,0.2807485693210412
13,33,1725.6075439453125,0.5717731180077895,symbolic,0.03707084312823757,0.0040290949950612534,0.056883271905834226,0.3276474962077795,0.002596175755297914,0.5717731180077895
13,34,8126.5128173828125,0.327608112269601,symbolic,0.2638039464797367,0.008866678414279024,0.20807485469239478,0.1876273547805319,0.00401905336345653,0.327608112269601
13,35,2409.7451171875,0.5995021841246014,symbolic,0.03879090598517818,0.04864373136584482,0.040667441650297724,0.2701369946007808,0.002258742273297025,0.5995021841246014
13,36,1355.020751953125,0.3564457092717063,reasoning,0.11138722902832618,0.04809334497262694,0.1340200696736043,0.3564457092717063,0.03922486989125549,0.31082877716248075
13,37,1473.8936767578125,0.2648730919650821,reasoning,0.09700353739567474,0.08432552984946254,0.2547143534978939,0.2648730919650821,0.09631321890748797,0.20277026838439882
13,38,1723.8590087890625,0.2862121564358445,factual,0.08672650819973837,0.011829609046348237,0.2862121564358445,0.2860214590818924,0.1970297382361932,0.13218052899998323
13,39,1610.9320068359375,0.3591979998113172,factual,0.17775559218914044,0.024752297060906262,0.3591979998113172,0.28232311655403164,0.034768168386849645,0.12120282599775475
13,40,671.0572509765625,0.33453161833416073,reasoning,0.1910957759089415,0.1683862680977447,0.06101412311241462,0.33453161833416073,0.09477159791686866,0.15020061662986983
13,41,1715.8780517578125,0.4229667001103335,symbolic,0.08795542096513115,0.022499669725115256,0.08465245869287409,0.3012831881795668,0.08064256232697918,0.4229667001103335
13,42,1680.9832763671875,0.5568309766847741,factual,0.09064184860298541,0.0,0.5568309766847741,0.08833635970506763,0.23120303632045483,0.03298777868671806
13,43,1754.4322509765625,0.22640669637704006,symbolic,0.22456280337418294,0.04496146026362222,0.21614320983496807,0.17421591756759475,0.11370991258259198,0.22640669637704006
13,44,1445.5455322265625,0.3782768470860568,reasoning,0.036814841255746855,0.014233515896803463,0.2866346971590476,0.3782768470860568,0.04577783869137991,0.23826225991096536
13,45,2959.920166015625,0.29771661321959814,factual,0.13951264422728357,0.05639487115997061,0.29771661321959814,0.2270948469844479,0.058759923532434005,0.22052110087626578
13,46,2854.2666015625,0.4332731221660008,symbolic,0.06252538260806789,0.20563338224813524,0.05682624935463596,0.19680626488100839,0.04493559874215171,0.4332731221660008
13,47,987.2410888671875,0.373011664079746,computational,0.373011664079746,0.04204598243779056,0.11821718486069639,0.19078281377917644,0.2392189210012168,0.03672343384137381
13,48,1248.11962890625,0.38237461900695147,symbolic,0.279877366303764,0.029116064830336574,0.14334209390767128,0.08765725315699516,0.07763260279428155,0.38237461900695147
13,49,1753.750732421875,0.3210688364210468,reasoning,0.034658279137501476,0.04429944581667389,0.2934120132868129,0.3210688364210468,0.06822974141777326,0.2383316839201917
13,50,1304.6112060546875,0.2912713365068597,computational,0.2912713365068597,0.016734137241371246,0.05380011462122364,0.1763829752394765,0.2832369969239406,0.17857443946712828
13,51,2348.6571044921875,0.4303198735106638,factual,0.17810335537589814,0.011227534600863535,0.4303198735106638,0.18012999761592902,0.03115050941001182,0.16906872948663368
13,52,52.9501953125,0.6216871691779937,creative,0.0,0.6216871691779937,0.01956806403423028,0.0,0.35874476678777595,0.0
13,53,2593.0457763671875,0.6354889465235549,factual,0.06863441038749649,0.011304179866982898,0.6354889465235549,0.08978845018680005,0.027766386685089715,0.16701762635007594
13,54,1295.376708984375,0.34751434403790676,reasoning,0.06574481851491454,0.06902298457385726,0.08435065134550214,0.34751434403790676,0.18166403844200274,0.2517031630858166
13,55,1824.160888671875,0.7352734555418848,factual,0.02072094631481218,0.002404653359588627,0.7352734555418848,0.10935344175129752,0.021084849720206595,0.11116265331221024
13,56,814.689453125,0.5305152761428938,symbolic,0.0,0.004232285116309176,0.037454060092874726,0.3958810812689843,0.031917297378938,0.5305152761428938
13,57,1472.0599365234375,0.44438866367888524,social_ethical,0.010666122679815227,0.006841795604403806,0.24389575851959286,0.11867670222897783,0.44438866367888524,0.17553095728832505
13,58,1487.9544677734375,0.2597162287027754,reasoning,0.0961240423278635,0.052550006263678464,0.23488794250509237,0.2597162287027754,0.14954784609448776,0.20717393410610252
13,59,2328.76806640625,0.42838455695018807,symbolic,0.0812976994399827,0.057116144722609126,0.11496273994787932,0.29265207156496414,0.025586787374376665,0.42838455695018807
13,60,419.8211669921875,0.3247133396817551,reasoning,0.03747584813218286,0.10548634483560737,0.2313281528273496,0.3247133396817551,0.16635966474517871,0.1346366497779264
13,61,1653.682861328125,0.3045848628881588,factual,0.028695420451953463,0.1261293115729938,0.3045848628881588,0.24421114094147992,0.007921328533243965,0.2884579356121701
13,62,4393.359130859375,0.41895260508094406,factual,0.16506197013992455,0.0032765961632322043,0.41895260508094406,0.17210454299505107,0.07328504675052495,0.16731923887032313
13,63,2698.1085205078125,0.4691980533780514,symbolic,0.11975362514565394,0.04017910767837983,0.07400760216813129,0.26518233689191534,0.03167927473786817,0.4691980533780514
13,64,3048.695068359375,0.31951746773061446,symbolic,0.0912422106826411,0.13034493417593898,0.20202371099635594,0.1269430400349791,0.12992863637947044,0.31951746773061446
13,65,5058.5421142578125,0.598288587743065,symbolic,0.10791302237472164,0.01299829870367644,0.07391779119753081,0.14864847679309082,0.058233823187915264,0.598288587743065
13,66,2255.504150390625,0.3411470637421802,symbolic,0.029567426472458597,0.08210486608010244,0.15700161659655282,0.20395018912610158,0.1862288379826044,0.3411470637421802
13,67,2565.1497802734375,0.4377086822425001,factual,0.022703990304994735,0.01566710718865548,0.4377086822425001,0.178238708667633,0.03199092858770706,0.31369058300850966
13,68,2218.0989990234375,0.2964655067422676,symbolic,0.19113343500268867,0.04005807822024365,0.19111186177150238,0.22138416823113868,0.05984695003215897,0.2964655067422676
13,69,1718.066650390625,0.4562807712896079,factual,0.1370191074547963,0.0013445686715499528,0.4562807712896079,0.3451705443684215,0.041519490490608414,0.018665517725015953
13,70,200.392333984375,0.9439551563278579,factual,0.007011392446701843,0.0,0.9439551563278579,0.007026012205061604,0.04200743902037873,0.0
13,71,1609.082763671875,0.4312318241039825,symbolic,0.07798731049919107,0.031099245418198664,0.1930317899048113,0.21658150000842083,0.050068330065395676,0.4312318241039825
13,72,1263.0616455078125,0.4990112593977714,factual,0.030769012199766868,0.050847583758810884,0.4990112593977714,0.3276895401865719,0.008425339864179001,0.08325726459289991
13,73,1330.4896240234375,0.4216885543211622,factual,0.06242855665707682,0.07272538938256162,0.4216885543211622,0.2600603282519698,0.10299089736462774,0.08010627402260186
13,74,962.6884765625,0.31448235075720765,social_ethical,0.1549162704543449,0.06803786393289464,0.18186893698778547,0.04437315947668527,0.31448235075720765,0.23632141839108212
13,75,1006.5667724609375,0.3471434834361029,social_ethical,0.040280409590585264,0.0010519301049807812,0.3103304168973398,0.18003358075237136,0.3471434834361029,0.12116017921861992
13,76,826.712158203125,0.2429244704925532,symbolic,0.1381224394330776,0.04444817854045212,0.19603787475861678,0.14830313391390323,0.2301639028613971,0.2429244704925532
13,77,1754.881591796875,0.34819445478189676,factual,0.06393834442010603,0.10042285783448653,0.34819445478189676,0.2290849534536404,0.06550129764976186,0.1928580918601084
13,78,1868.25927734375,0.6209279061835583,reasoning,0.053943539208012134,0.002288566055833537,0.07519650723499456,0.6209279061835583,0.011269812437682868,0.23637366887991856
13,79,891.9866943359375,0.37394772657758046,reasoning,0.1681308251980422,0.0009913571013616107,0.2260088912853224,0.37394772657758046,0.05008994608708861,0.18083125375060471
13,80,2048.4835205078125,0.4626295283102014,computational,0.4626295283102014,0.06574413701732602,0.21384954106616003,0.09692049610107802,0.1370291249535119,0.023827172551722682
13,81,2853.5367431640625,0.2754263069493882,factual,0.05528646626631314,0.03767644087849624,0.2754263069493882,0.2550917551816544,0.10161902891461318,0.2749000018095349
13,82,1302.715087890625,0.39421310772779433,social_ethical,0.08870577356748723,0.02977976997785387,0.19661582321027615,0.13203981093423234,0.39421310772779433,0.15864571458235607
13,83,1668.328857421875,0.5644977848020224,factual,0.07184075452094286,0.003042961304460761,0.5644977848020224,0.19910931114842742,0.08553773885175552,0.07597144937239106
13,84,889.2564697265625,0.42690351086352674,factual,0.07143350342748431,0.09649229373699088,0.42690351086352674,0.2068449751942026,0.11750992376031756,0.08081579301747792
13,85,2361.0924072265625,0.3486097066451371,symbolic,0.12302339527379413,0.04204265841467115,0.1827772406354253,0.23988648784160577,0.06366051118936655,0.3486097066451371
13,86,994.2969970703125,0.2701593720339421,factual,0.16526575326253323,0.14359259060552976,0.2701593720339421,0.16618149821964398,0.11971324255111641,0.1350875433272345
13,87,2455.3260498046875,0.5924094479122559,symbolic,0.025196739529734245,0.07343828792945581,0.03487147852163497,0.2547242767996132,0.01935976930730593,0.5924094479122559
13,88,676.64892578125,0.41214134741736946,reasoning,0.057425906188369416,0.006781394120410427,0.16974466310236064,0.41214134741736946,0.2585531438319441,0.09535354533954597
13,89,1551.8935546875,0.39440083592435904,symbolic,0.05821060964459371,0.010771084216044034,0.14550473558323093,0.3382333137629874,0.05287942086878492,0.39440083592435904
13,90,1044.157470703125,0.7178138961001611,social_ethical,0.019207275228677802,0.009003549091636896,0.13004373058889576,0.07171554705089167,0.7178138961001611,0.05221600193973676
13,91,1469.8544921875,0.4765468919316658,factual,0.034418764878273056,0.029670174888431638,0.4765468919316658,0.3626754083199403,0.03743328653784953,0.05925547344383977
13,92,911.2091064453125,0.24435333322169567,symbolic,0.09785555202036271,0.03502962305541136,0.20942994457189745,0.22984034696987457,0.18349120016075823,0.24435333322169567
13,93,2333.88916015625,0.4108660290534865,symbolic,0.07418147811469296,0.054173130493817216,0.20158285745966625,0.19234037790244582,0.06685612697589127,0.4108660290534865
13,94,1003.0672607421875,0.30456971153056295,symbolic,0.16911920674951234,0.028437189786649275,0.04512805996548429,0.2852422750676727,0.1675035569001185,0.30456971153056295
13,95,2132.649169921875,0.3746813944428666,symbolic,0.31130005262536703,0.04354191043247245,0.13779672458891368,0.08876595517674145,0.04391396273363883,0.3746813944428666
13,96,2346.5386962890625,0.37205996302836547,reasoning,0.09564307468535485,0.3005046339394611,0.05210446216467958,0.37205996302836547,0.0030678081210143452,0.17662005806112466
13,97,1100.56689453125,0.4189921653480251,reasoning,0.1611125924539067,0.07696295543711715,0.16406506146290908,0.4189921653480251,0.08688282539050143,0.09198439990754055
13,98,1010.2911376953125,0.7251661218381874,reasoning,0.02545314605974526,0.004832591355683484,0.048201824364858474,0.7251661218381874,0.10547098010525228,0.09087533627627305
13,99,1445.10546875,0.2791865287460096,factual,0.06959425944797498,0.03209429323659876,0.2791865287460096,0.2607653934212198,0.21624964184058798,0.14210988330760893
13,100,1086.6717529296875,0.4221531866661649,symbolic,0.0005782960374701683,0.022052759965019157,0.2461242763576561,0.21863184908135966,0.09045963189233,0.4221531866661649
13,101,1310.392578125,0.27382676201818096,reasoning,0.10089414401993678,0.04278819712007822,0.27232993899430785,0.27382676201818096,0.043723758087762944,0.2664371997597333
13,102,1207.317138671875,0.25167238908421974,symbolic,0.15486987204284747,0.06113822959812714,0.20764297129462259,0.23836061483010396,0.08631592315007913,0.25167238908421974
13,103,1196.9393310546875,0.5966421109668245,reasoning,0.009223149824580047,0.009318200198728711,0.23623475280324666,0.5966421109668245,0.11558890386827486,0.03299288233834527
13,104,5281.52978515625,0.5881732596821563,symbolic,0.00344115460599212,0.12737777482757245,0.09343624824609421,0.04665553498321511,0.14091602765496983,0.5881732596821563
13,105,1263.2354736328125,0.2886451803052155,reasoning,0.1735277590551219,0.07210962054612176,0.16704870547933623,0.2886451803052155,0.1496662535603244,0.14900248105388017
13,106,1064.9010009765625,0.30880871339799804,reasoning,0.13216560600820595,0.047239641944232406,0.24081152093230498,0.30880871339799804,0.15709307631914965,0.11388144139810899
13,107,1435.383544921875,0.4553502770978535,social_ethical,0.04499610584945804,0.0,0.24947260155959922,0.09350689729834909,0.4553502770978535,0.1566741181947402
13,108,2046.4990234375,0.344657594548617,social_ethical,0.2197922805477151,0.006075066269329052,0.285755792452335,0.090284355666475,0.344657594548617,0.05343491051552885
13,109,1982.7254638671875,0.3566534484528139,symbolic,0.07417398579417056,0.11957460701677028,0.15493273905652502,0.21332496679849583,0.08134025288122441,0.3566534484528139
13,110,254.08349609375,0.5517782778560351,reasoning,0.025855988992299607,0.0,0.2425787383038379,0.5517782778560351,0.026371014080555304,0.1534159807672721
13,111,1155.795166015625,0.5504637909718286,factual,0.0181817720948929,0.03808487164608882,0.5504637909718286,0.31747866612225206,0.02118876154196636,0.0546021376229712
13,112,1426.5286865234375,0.33334947783794505,reasoning,0.0447968928617301,0.020894183639860713,0.15138194249709677,0.33334947783794505,0.17351006830922455,0.2760674348541428
13,113,1915.92138671875,0.31160012457289565,reasoning,0.1563812899054413,0.041844820604071506,0.16229340535862238,0.31160012457289565,0.02637706186874125,0.3015032976902279
13,114,2236.9681396484375,0.6140554861946442,factual,0.015081546258349753,0.02618573734602046,0.6140554861946442,0.14462007406941343,0.0102795908354394,0.18977756529613277
13,115,608.40478515625,0.4313157246352967,social_ethical,0.0570591960115986,0.04696098676338048,0.17808522061968857,0.09583206595757829,0.4313157246352967,0.19074680601245733
13,116,597.5863037109375,0.4701453009104211,symbolic,0.10256837656858125,0.0011386136490238747,0.050880342000810146,0.35594320985687256,0.019324157014291094,0.4701453009104211
13,117,1580.3916015625,0.4322106831710149,reasoning,0.052960290325590534,0.03956894213199977,0.31157276584806104,0.4322106831710149,0.07446120083716395,0.0892261176861698
13,118,2095.3836669921875,0.5339078073585658,symbolic,0.050290168299769365,0.08047976558402455,0.13615589002587358,0.1591709314030453,0.03999543732872141,0.5339078073585658
13,119,1737.0076904296875,0.27575477173690527,factual,0.08993815482930717,0.08013631054268903,0.27575477173690527,0.2142273197771935,0.08966885640300931,0.2502745867108957
13,120,3306.156005859375,0.5130568087540887,symbolic,0.017830802875347575,0.35055455188906526,0.0784789412801566,0.03778100969464293,0.002297885506698966,0.5130568087540887
13,121,2969.9990234375,0.4500062720322601,factual,0.035353629180354715,0.0012702714877523568,0.4500062720322601,0.14497033978138804,0.3510211904267908,0.017378297091453956
13,122,966.6971435546875,0.27898218793529583,social_ethical,0.07187622763610842,0.040265264737536687,0.2776795283048769,0.2691765046975174,0.27898218793529583,0.06202028668866473
13,123,1726.91552734375,0.35252789093180326,social_ethical,0.0349498674337798,0.01838651203387995,0.21916389833187389,0.2185698455886989,0.35252789093180326,0.1564019856799642
13,124,1936.20849609375,0.44758439030049013,factual,0.04611957819665578,0.004586222418925922,0.44758439030049013,0.2457662680894901,0.03237528544102609,0.22356825555341198
13,125,2004.3834228515625,0.28781779484892395,reasoning,0.20223242406520037,0.05370821482628192,0.26772030222579185,0.28781779484892395,0.11657592012233442,0.07194534391146748
13,126,2433.82568359375,0.614117685413208,social_ethical,0.032372215729841156,0.01232346435682795,0.08878823747736722,0.21774710476028067,0.614117685413208,0.034651292262474986
13,127,1126.703857421875,0.7354427831632603,factual,0.03890006866770141,0.0006294719867631033,0.7354427831632603,0.09350855117650589,0.03765845955095354,0.09386066545481572
15,0,1556.2764892578125,0.31041083402743913,reasoning,0.12285056957724662,0.020020680810136186,0.12691613792655543,0.31041083402743913,0.14668738774134507,0.27311438991727754
15,1,1392.0516357421875,0.49049557393148374,symbolic,0.08920167661564195,0.006216585916467191,0.09322739215834318,0.2943007818436265,0.026557989534437415,0.49049557393148374
15,2,1124.80126953125,0.29161260257345806,reasoning,0.12022892064700666,0.15821154170897375,0.13685186575927258,0.29161260257345806,0.044208221678048165,0.24888684763324076
15,3,2102.451416015625,0.5529223756540711,symbolic,0.057038257865138595,0.02424892073415508,0.13984280115717782,0.15411110379543225,0.0718365407940252,0.5529223756540711
15,4,1790.2025146484375,0.31932142857386386,reasoning,0.12076795497192394,0.02668891595346006,0.14223523915812653,0.31932142857386386,0.11164474275023578,0.2793417185923899
15,5,704.190673828125,0.35343689165552905,reasoning,0.10507165355286172,0.020527915156368905,0.2540474246497929,0.35343689165552905,0.05029581901042344,0.21662029597502397
15,6,1134.09423828125,0.3261594101501534,social_ethical,0.11230827189064098,0.042230235186480815,0.1535356547010387,0.2108716430762607,0.3261594101501534,0.15489478499542544
15,7,1110.7032470703125,0.37819793444930205,symbolic,0.07537080658599668,0.008438839896906004,0.15475903025877577,0.24065838425626185,0.14257500455275765,0.37819793444930205
15,8,1668.154052734375,0.25778210529597195,factual,0.11977833551571188,0.03712321772215294,0.25778210529597195,0.22692443857598374,0.1627374095881327,0.1956544933020468
15,9,607.5650634765625,0.2936196913388383,reasoning,0.025067643821100855,0.020467442059980634,0.1710043030451222,0.2936196913388383,0.2128019259125612,0.2770389938223968
15,10,2112.1483154296875,0.2967187989355893,symbolic,0.06754175456470166,0.01039062126594092,0.1888076087925834,0.2735997735384826,0.16294144290270218,0.2967187989355893
15,11,1435.802490234375,0.24217439513746447,factual,0.162175544592655,0.016496892475098397,0.24217439513746447,0.1761552832344309,0.22454352090707658,0.17845436365327466
15,12,1024.408203125,0.2297587021470094,reasoning,0.11479069470368754,0.14976467930226484,0.1621465423062477,0.2297587021470094,0.21187132624209482,0.1316680552986957
15,13,2279.951171875,0.35042763002908334,social_ethical,0.07648254357146834,0.06410242132721113,0.11392289916776246,0.08551454809459152,0.35042763002908334,0.3095499578098832
15,14,1930.3011474609375,0.3942197784143415,symbolic,0.05018621671865861,0.025624568907648106,0.2392309834163946,0.213500172990282,0.07723827955267515,0.3942197784143415
15,15,884.1611328125,0.37169683260417435,factual,0.22490283096287642,0.00451246491808421,0.37169683260417435,0.1977750250999303,0.02670284664688126,0.17440999976805344
15,16,1699.8983154296875,0.3277339443341876,factual,0.08702683344958234,0.059612222611833326,0.3277339443341876,0.2399392426893641,0.21255400228945795,0.07313375462557467
15,17,9795.656982421875,0.7144429165597767,symbolic,0.020029715616308057,0.1377935967966113,0.02127739117086701,0.10271610722335868,0.00374027263307831,0.7144429165597767
15,18,1752.923828125,0.37017129305167595,social_ethical,0.11136708534958892,0.01899602449924624,0.20319106916234816,0.14896693247999715,0.37017129305167595,0.1473075954571436
15,19,1408.8223876953125,0.434375902483244,factual,0.061022575630532795,0.00984934416409982,0.434375902483244,0.18213887044991398,0.14838559638258939,0.16422771088962004
15,20,1904.308837890625,0.31785242631168087,symbolic,0.1259599779437283,0.16200846943397407,0.15625914657715612,0.1700852776694095,0.06783470206405114,0.31785242631168087
15,21,1826.712646484375,0.27921584717894365,reasoning,0.13031261464686594,0.05753269586613055,0.19499934177245642,0.27921584717894365,0.13315682588645208,0.20478267464915134
15,22,1182.5732421875,0.30867311336920034,reasoning,0.22975771188855076,0.04965626303206973,0.20012294015880028,0.30867311336920034,0.045688836496814496,0.16610113505456436
15,23,1209.88671875,0.5116213746767356,factual,0.05941123103596346,0.04979482195840907,0.5116213746767356,0.0628174125289364,0.2246178942372575,0.09173726556269796
15,24,1475.9061279296875,0.30353663330665426,reasoning,0.10936508399939358,0.047083595278754456,0.3030727200740607,0.30353663330665426,0.06120875657110473,0.1757332107700323
15,25,459.4300537109375,0.6285441981735288,factual,0.035850561064243204,0.024822705399623928,0.6285441981735288,0.11496336934535109,0.043657342298741304,0.1521618237185116
15,26,2959.970458984375,0.3704426387938871,creative,0.12441472680845055,0.3704426387938871,0.2543453547122374,0.07666813839843306,0.0034331793225013544,0.17069596196449055
15,27,1884.51416015625,0.4779394789719354,factual,0.07572707239437386,0.029499207795858774,0.4779394789719354,0.1932803210791077,0.10929107121805111,0.11426284854067317
15,28,1400.832275390625,0.3924058817573049,reasoning,0.03777644044965596,0.025502417386148616,0.13910832514641042,0.3924058817573049,0.1660960655887988,0.2391108696716813
15,29,2636.64111328125,0.3847598475584744,symbolic,0.13904113102589502,0.023852276391101147,0.09220206669048218,0.34560091676773447,0.014543761566312785,0.3847598475584744
15,30,1664.0201416015625,0.3575564900309596,reasoning,0.03815927532779774,0.017290199508452862,0.23307892300368854,0.3575564900309596,0.10037043930035484,0.25354467282874643
15,31,846.8472900390625,0.400388014310316,symbolic,0.23222219707661676,0.011256422279730382,0.11375977621500243,0.08933381555237119,0.15303977456596324,0.400388014310316
15,32,1876.93505859375,0.33703797357050524,factual,0.12545815347338152,0.0063768173627061445,0.33703797357050524,0.14756144895255235,0.15529916651122813,0.22826644012962663
15,33,1570.834228515625,0.29949952884124165,symbolic,0.1622733553855008,0.10638691715765455,0.1342476854316282,0.1453481640195103,0.15224434916446447,0.29949952884124165
15,34,928.723876953125,0.4502920963509183,social_ethical,0.1710654399399798,0.002267318567853813,0.21722646871639276,0.12333292937821844,0.4502920963509183,0.035815747046636835
15,35,1104.2161865234375,0.28005793667051415,factual,0.10617264106337802,0.009845298432775918,0.28005793667051415,0.2151295764779417,0.11095135510763687,0.27784319224775333
15,36,1501.420166015625,0.5594390044451729,factual,0.0186788484925649,0.0,0.5594390044451729,0.1143120193657795,0.13351852583580942,0.17405160186067326
15,37,704.528076171875,0.3546719445606285,social_ethical,0.14625589145548795,0.0029971442402954938,0.18671785849556458,0.2331294115527106,0.3546719445606285,0.07622774969531286
15,38,1608.53076171875,0.44912060968875966,reasoning,0.05800706742098631,0.012780369313878548,0.2709400653437437,0.44912060968875966,0.02378219642524856,0.1853696918073832
15,39,2566.9849853515625,0.41530294181663086,symbolic,0.10494170811272059,0.010407850855170073,0.17531116104383043,0.22453289048545513,0.0695034476861929,0.41530294181663086
15,40,2629.6019287109375,0.3556048202140416,symbolic,0.2323107847714333,0.03977021496772376,0.044588729979004905,0.2932189331955664,0.03450651687223,0.3556048202140416
15,41,3122.2408447265625,0.8131927576523913,factual,0.01380875465943622,0.04034824184806609,0.8131927576523913,0.026602316099640633,0.07348093318487413,0.03256699655559164
15,42,896.955078125,0.6552575336261353,computational,0.6552575336261353,0.009155051487127674,0.043148777003795394,0.08797627498415865,0.07294617640846528,0.1315161864903177
15,43,1457.1234130859375,0.3365501763251403,reasoning,0.17665605099543386,0.07964358822812398,0.1161786431907164,0.3365501763251403,0.05645671708935971,0.23451482417122577
15,44,2482.06787109375,0.5586729028038027,social_ethical,0.0026252760277576956,0.00015983789977917778,0.3279163531384786,0.09638294209933557,0.5586729028038027,0.014242688030846256
15,45,1433.5220947265625,0.39675399306828435,factual,0.06494985742219915,0.004787194319062099,0.39675399306828435,0.23347973881187692,0.04132554990614739,0.2587036664724301
15,46,1933.9947509765625,0.49316275002311705,symbolic,0.024890418874621015,0.039297279573017846,0.10429497417991282,0.2460441758132862,0.09231040153604508,0.49316275002311705
15,47,1598.5887451171875,0.2776793098832367,reasoning,0.11501103535306677,0.05902484025407237,0.19299997502985536,0.2776793098832367,0.08533207123379012,0.2699527682459787
15,48,2660.4903564453125,0.8217670623875847,factual,0.03161965202883613,0.0014768703104790849,0.8217670623875847,0.03016755834218142,0.10728865413700564,0.007680202793913044
15,49,1174.865966796875,0.2952994347136091,factual,0.1248177827798259,0.019926121891813208,0.2952994347136091,0.22509476334463852,0.13689113473091907,0.19797076253919424
15,50,1734.8773193359375,0.29832167837088286,reasoning,0.1217110894472779,0.011397881314638954,0.24409477407127653,0.29832167837088286,0.11310279997030702,0.21137177682561673
15,51,3495.5938720703125,0.37503026357993574,symbolic,0.1560495468887748,0.004427378844845308,0.16584344025446376,0.2930749351207863,0.005574435311194111,0.37503026357993574
15,52,729.7904052734375,0.48463788983185085,symbolic,0.16052674584335755,0.0885678762848454,0.04529122381864308,0.21609974369580842,0.004876520525494681,0.48463788983185085
15,53,1148.498779296875,0.2967267265288353,symbolic,0.12316477160763743,0.029848322294027254,0.09764774456124896,0.28457101885082237,0.16804141615742868,0.2967267265288353
15,54,781.6923828125,0.6493371565850837,symbolic,0.017029731914303525,0.043814252679420275,0.13229602487591402,0.13492641042009962,0.022596423525178867,0.6493371565850837
15,55,1500.5401611328125,0.24461520001138912,factual,0.14802758609468838,0.10594825675161736,0.24461520001138912,0.2004448267937368,0.08968547703158652,0.2112786533169818
15,56,1909.64404296875,0.6023279248448778,social_ethical,0.041540024408385584,0.0,0.21859504248455172,0.10817420110863062,0.6023279248448778,0.029362807153554212
15,57,2233.1170654296875,0.23929862173825464,reasoning,0.09889117534757194,0.08691180212636103,0.1957562974565827,0.23929862173825464,0.1957945620061994,0.18334754132503028
15,58,2172.281982421875,0.2661878669992932,reasoning,0.19845797780474364,0.02986603117423927,0.26096413812744396,0.2661878669992932,0.02830056463115556,0.21622342126312435
15,59,487.259521484375,0.33861354885097067,factual,0.1229477682049689,0.01415912797528829,0.33861354885097067,0.23279662694187586,0.06766909758670017,0.22381383044019612
15,60,1205.5145263671875,0.35080114322457173,factual,0.07604863514276385,0.04838300554651248,0.35080114322457173,0.2559880310766715,0.066712064867109,0.20206712014237146
15,61,1132.303955078125,0.3702153358932469,symbolic,0.03502434390266147,0.005852842989643842,0.14749649465482026,0.1179288029518424,0.32348217960778514,0.3702153358932469
15,62,2035.6854248046875,0.40535345446106713,symbolic,0.10529351922949497,0.04072285667084524,0.22413174117694326,0.20898500779697698,0.015513420664672423,0.40535345446106713
15,63,3887.193115234375,0.41373097491932986,factual,0.1263461689317692,0.028331404025249935,0.41373097491932986,0.15544076498703707,0.08838754792678255,0.18776313920983137
15,64,2789.771728515625,0.39165522072687226,symbolic,0.022793223536906975,0.1038072863999482,0.24124100095345152,0.1737342701282631,0.066768998254558,0.39165522072687226
15,65,2092.9185791015625,0.33174297466187164,social_ethical,0.10127155786967411,0.17956734101910454,0.17659122917805106,0.1482048404365796,0.33174297466187164,0.06262205683471905
15,66,1349.7933349609375,0.4807144141984265,reasoning,0.02594671656097527,0.010938270262908266,0.10847381783253676,0.4807144141984265,0.10955019065328198,0.2643765904918713
15,67,5091.345458984375,0.41506839573569787,symbolic,0.1492576226191131,0.034835007188736666,0.06787718186177898,0.3117667077408234,0.02119508485384996,0.41506839573569787
15,68,3499.552490234375,0.3763481686797705,factual,0.22769247770030865,0.012849438687298676,0.3763481686797705,0.04594595556197999,0.03003543910155365,0.30712852026908855
15,69,3105.9207763671875,0.5488430280765343,symbolic,0.020257900353576677,0.0016285365380974616,0.3098199582034109,0.11504088064539977,0.004409696182980913,0.5488430280765343
15,70,1208.0771484375,0.4001385126641882,reasoning,0.15622769428755504,0.006123536967562897,0.07713623551113881,0.4001385126641882,0.011031298931104197,0.3493427216384508
15,71,1362.165283203125,0.31762506521724715,factual,0.02308121494152896,0.011669115244588649,0.31762506521724715,0.3168944348964742,0.023141077698094197,0.30758909200206686
15,72,687.2340087890625,0.42849959172769436,reasoning,0.1421785879160279,0.0,0.07226055677436281,0.42849959172769436,0.07793551517890178,0.2791257484030132
15,73,2373.7249755859375,0.4433821508308711,social_ethical,0.02218131598712405,0.012126987375778166,0.37084099682420996,0.08759626557328912,0.4433821508308711,0.0638722834087276
15,74,2125.1485595703125,0.38329391838817334,symbolic,0.08131543193470447,0.028944897406931052,0.13587991924048048,0.2509153053810519,0.11965052764865876,0.38329391838817334
15,75,1418.0565185546875,0.2696915540437881,reasoning,0.1432662699338772,0.035731173320108715,0.19328650370212105,0.2696915540437881,0.1253035388047176,0.23272096019538735
15,76,1356.2659912109375,0.5740176594620006,factual,0.03604859209699338,0.013874944410847691,0.5740176594620006,0.19208613881730766,0.01844358293946527,0.1655290822733855
15,77,1031.13623046875,0.5062225141315306,reasoning,0.06642825652640656,0.0009709878031051721,0.06004047795045571,0.5062225141315306,0.26639562982090353,0.09994213376759842
15,78,2663.694580078125,0.32151416072582606,factual,0.13126647897578964,0.014398249464987512,0.32151416072582606,0.22457940259894763,0.1182139982125464,0.19002771002190277
15,79,1218.1456298828125,0.4144614381590871,social_ethical,0.038636146590722224,0.0006830310182864118,0.10148872903620375,0.23229618373454225,0.4144614381590871,0.21243447146115826
15,80,829.7801513671875,0.3675679755041479,factual,0.046636741218428555,0.021510957095039557,0.3675679755041479,0.21009453540601855,0.23327373841109728,0.12091605236526817
15,81,1206.10400390625,0.3362755207175739,symbolic,0.04833931891853815,0.11692841709711466,0.2358765896617183,0.2202638677527761,0.042316285852278916,0.3362755207175739
15,82,1513.9130859375,0.4432925043557575,symbolic,0.09759783440961343,0.003730695818150269,0.0444823470066383,0.39876532578356866,0.012131292626271814,0.4432925043557575
15,83,1349.0009765625,0.34171437268754296,social_ethical,0.09324681097195045,0.019128919911074238,0.11578537213229988,0.21526608956135798,0.34171437268754296,0.2148584347357745
15,84,1891.157958984375,0.21988958949201173,symbolic,0.18817196805187794,0.0199373033144195,0.1756026807009336,0.18128644778983405,0.21511201065092317,0.21988958949201173
15,85,700.1329345703125,0.2723377204628934,factual,0.11212505158670864,0.042024664331149444,0.2723377204628934,0.24412792004308612,0.07680321590713537,0.252581427669027
15,86,1462.6136474609375,0.5034807574965587,symbolic,0.11852077133095376,0.046799748717443246,0.1419870801639596,0.15989050330039958,0.02932113899068507,0.5034807574965587
15,87,1325.64013671875,0.6851300097866928,computational,0.6851300097866928,0.00043205836213415467,0.015104915041413881,0.2371318986147244,0.010901462331546043,0.05129965586348871
15,88,1183.596923828125,0.44609884503197494,symbolic,0.0774898912193511,0.02282048336091508,0.21146828607926588,0.11877195873855949,0.1233505355699335,0.44609884503197494
15,89,1132.2772216796875,0.6063638906961965,symbolic,0.057604697909518665,0.05532032107844062,0.08500794826003451,0.09509622812072299,0.10060691393508678,0.6063638906961965
15,90,1631.564453125,0.3139097946875662,reasoning,0.14800532344698877,0.025399797213420304,0.2803381561983382,0.3139097946875662,0.09230784654777995,0.14003908190590655
15,91,1687.0263671875,0.39989971143521186,symbolic,0.13989979826513807,0.08907505868255847,0.03823063765003488,0.32797197129981503,0.004922822667241674,0.39989971143521186
15,92,1625.646240234375,0.419386100509608,social_ethical,0.03355689226354844,0.0010318913136557622,0.33392406895875393,0.11326955761433216,0.419386100509608,0.09883148934010168
15,93,1467.1748046875,0.39127401927732336,reasoning,0.10556043482804364,0.03455634267335913,0.15666253102562788,0.39127401927732336,0.14826655848326697,0.16368011371237903
15,94,2224.69873046875,0.5419780109798048,reasoning,0.05241075698671454,0.026698664210809794,0.08144295345467906,0.5419780109798048,0.10568967488794898,0.19177993948004282
15,95,1380.1956787109375,0.4759394167794404,reasoning,0.06938784138026738,0.1331586796093561,0.10765526181563752,0.4759394167794404,0.009918840942203215,0.2039399594730954
15,96,959.5223388671875,0.5391826402882192,reasoning,0.05399007964854746,0.02582996020435074,0.27345174365653074,0.5391826402882192,0.05928446198778257,0.048261114214569294
15,97,1579.5679931640625,0.3337080165173846,reasoning,0.10643872121569534,0.030156676819563424,0.2244777574589324,0.3337080165173846,0.11600415492609983,0.18921467306232442
15,98,1730.5335693359375,0.43713902928720716,factual,0.042214981930346715,0.013135230332441695,0.43713902928720716,0.33005761423580987,0.09622269369001486,0.08123045052417972
15,99,2798.4921875,0.3562332237365546,factual,0.08634702664939546,0.10414997473527876,0.3562332237365546,0.26221735965517146,0.03803976297224789,0.15301265225135188
15,100,981.072998046875,0.24022981354867207,reasoning,0.08504046933227156,0.0736035436328458,0.2278287161174326,0.24022981354867207,0.2292010028680034,0.14409645450077455
15,101,1201.5421142578125,0.2715679201725728,reasoning,0.08652902006932213,0.00712463323042806,0.26573861938693083,0.2715679201725728,0.14394353854142317,0.225096268599323
15,102,2840.30126953125,0.6088313746564558,symbolic,0.02914403233179249,0.06092394502467536,0.1959988134648871,0.06830695433008815,0.0367948801921011,0.6088313746564558
15,103,1216.4874267578125,0.33300051728644875,symbolic,0.0485474586484424,0.01807562416806441,0.09814554564187421,0.3151447524024218,0.18708610185274846,0.33300051728644875
15,104,1109.9176025390625,0.4505251337786481,social_ethical,0.011819483098330537,0.0713358178135804,0.2485613055674244,0.1363374757834664,0.4505251337786481,0.08142078395855021
15,105,2488.03466796875,0.3662989562348702,factual,0.06823213446387447,0.060870778992031194,0.3662989562348702,0.20425939972465873,0.055181243431698,0.2451574871528674
15,106,1296.192626953125,0.2714586270449154,factual,0.04323283806144235,0.016777653151460528,0.2714586270449154,0.2702072155812405,0.2440390792971829,0.15428458686375832
15,107,1477.7691650390625,0.5682727863349106,reasoning,0.042481156891875316,0.00811250065567284,0.11584126232819823,0.5682727863349106,0.06968478554025584,0.19560750824908713
15,108,2180.000244140625,0.28761436671104873,reasoning,0.1791040062464156,0.08263212905943938,0.193450794078493,0.28761436671104873,0.08997835324031128,0.167220350664292
15,109,1596.6865234375,0.46119794899960675,reasoning,0.043800729905131904,0.0004325669553708333,0.21726229612472608,0.46119794899960675,0.01312417928485933,0.26418227873030514
15,110,2459.42333984375,0.6784309155295748,reasoning,0.038136460548444585,0.042196746450544276,0.18733033956011427,0.6784309155295748,0.01051167593394269,0.043393861977379336
15,111,829.689697265625,0.26421437207822834,factual,0.10357979277950359,0.033382385698719604,0.26421437207822834,0.2443191799456746,0.10448918891163482,0.25001508058623906
15,112,3114.898681640625,0.44460515925501376,symbolic,0.07313288069835111,0.016635570055550657,0.07104762464607275,0.38340867452409644,0.011170090820915263,0.44460515925501376
15,113,4377.2843017578125,0.534026276960916,symbolic,0.03925545236383693,0.06968005237667063,0.1731052366547567,0.15957053450300906,0.024362447140810657,0.534026276960916
15,114,1866.19580078125,0.4561041703896604,factual,0.08367349395036956,0.004122089948924232,0.4561041703896604,0.15981513717144227,0.05802670037355091,0.23825840816605262
15,115,1537.0396728515625,0.25770418909561416,factual,0.16150581478877418,0.0028913318734513772,0.25770418909561416,0.21592187828720633,0.19788460864926452,0.16409217730568945
15,116,1091.02294921875,0.44844791589744964,reasoning,0.03868708364381729,0.005599899750046433,0.38095832689988207,0.44844791589744964,0.0765982371224683,0.04970853668633624
15,117,1316.69482421875,0.2864519498878399,reasoning,0.044924035569354044,0.01625821268408891,0.25698474481298794,0.2864519498878399,0.12440021493804584,0.27098084210768336
15,118,12.85546875,0.581339258584017,social_ethical,0.17483287754481922,0.0,0.0,0.08025676086295959,0.581339258584017,0.16357110300820418
15,119,683.2109375,0.27475993699328766,factual,0.07477937645081245,0.01237264296577512,0.27475993699328766,0.16567420612685962,0.21545351110907823,0.2569603263541869
15,120,1827.337890625,0.35692931892684565,creative,0.07913937571411622,0.35692931892684565,0.1669024563994968,0.16367430367989635,0.14633350416899585,0.08702104111064914
15,121,1909.4664306640625,0.3850447269780261,reasoning,0.1020574339570099,0.057638146291199614,0.11635272937587571,0.3850447269780261,0.10549425792762966,0.23341270547025897
15,122,2720.1580810546875,0.3619407333710742,factual,0.2613222273755039,0.10680289280852433,0.3619407333710742,0.10263483778493852,0.07934706050902605,0.08795224815093297
15,123,1782.1912841796875,0.30579440921810025,factual,0.09611423130224975,0.032369613343716186,0.30579440921810025,0.23066826459784032,0.11496350852424407,0.2200899730138494
15,124,1581.1021728515625,0.29100986698284,reasoning,0.10495314802543376,0.0536519556353658,0.19399641255369957,0.29100986698284,0.06759231829741988,0.288796298505241
15,125,3959.7470703125,0.5613960100434524,symbolic,0.041901184059015766,0.0248253234884942,0.2422149926222896,0.12656583672459745,0.0030966530621505824,0.5613960100434524
15,126,1777.6417236328125,0.3106969497764832,factual,0.1179067437938461,0.05581935061573812,0.3106969497764832,0.2046191981138327,0.12778386535608968,0.1831738923440102
15,127,1472.58935546875,0.5629846249647281,reasoning,0.044515616259757154,0.038631811193015064,0.13976215099956463,0.5629846249647281,0.028683746576021525,0.18542205000691345
17,0,1051.742919921875,0.30764386403800054,social_ethical,0.048698229013920576,0.06612582025882911,0.19301921406036623,0.15760970617271972,0.30764386403800054,0.22690316645616385
17,1,771.324462890625,0.49209978650638025,factual,0.02181338220422271,0.057611941715767036,0.49209978650638025,0.09997325394979023,0.17401233483522693,0.15448930078861284
17,2,102.224853515625,0.47604206222400547,creative,0.04533176662773786,0.47604206222400547,0.04340443215281111,0.06889683386950012,0.341202685371603,0.02512221975434247
17,3,4467.935791015625,0.36908604140887774,computational,0.36908604140887774,0.07546698439646865,0.20557004349295505,0.14898882089803842,0.04221136226470459,0.15867674753895555
17,4,134.56494140625,0.3877132251287243,creative,0.009336366836121907,0.3877132251287243,0.11345881003958794,0.14305723377928728,0.033049214591293556,0.31338514962498504
17,5,663.078125,0.41692354254542024,reasoning,0.04752228303131701,0.058783093173409996,0.30913692650281593,0.41692354254542024,0.04048317211395716,0.1271509826330796
17,6,2413.9862060546875,0.3273319974968869,reasoning,0.10083318268300855,0.012128771262239022,0.32026381294918554,0.3273319974968869,0.004658723285904818,0.23478351232277517
17,7,572.755126953125,0.3381719135295961,computational,0.3381719135295961,0.018540881200167943,0.17090117028736085,0.30657777796722513,0.06221811121459673,0.10359014580105327
17,8,2065.189453125,0.5113451730083026,reasoning,0.017623562835204474,0.01713284382013227,0.26500127201556306,0.5113451730083026,0.09050201583730307,0.09839513248349453
17,9,4690.6199951171875,0.25847990916670854,factual,0.09847791674286378,0.02072443500431575,0.25847990916670854,0.23794675309733296,0.13458765817824536,0.2497833278105336
17,10,138.57958984375,0.5626790364009852,symbolic,0.04460715053327743,0.2858944861192836,0.06521769769318314,0.03466215192504871,0.006939477328221951,0.5626790364009852
17,11,1491.5155029296875,0.24916669360670032,reasoning,0.10084187946224146,0.05562739109849454,0.1742987168223255,0.24916669360670032,0.18886172151316508,0.2312035974970731
17,12,3076.2603759765625,0.31232506207658706,symbolic,0.07241882922019109,0.04379921609398142,0.24718832493906426,0.2417466957795857,0.08252187189059045,0.31232506207658706
17,13,225.451171875,0.5507651757326888,factual,0.06540920549938925,0.015052282315842365,0.5507651757326888,0.0747351231471615,0.23935727837409362,0.054680934930824474
17,14,2175.7987060546875,0.3861730126379709,symbolic,0.024104553021146655,0.057078929404908836,0.3154252072596141,0.20097695580651478,0.016241341869844737,0.3861730126379709
17,15,2280.2960205078125,0.5107089142853778,factual,0.05907805516915384,0.019802855271508286,0.5107089142853778,0.15763071939598028,0.14254478743117371,0.11023466844680607
17,16,934.076171875,0.33399739046977817,factual,0.08561423281275157,0.0958273130829885,0.33399739046977817,0.12305278443983966,0.209262682254149,0.15224559694049308
17,17,1593.34130859375,0.24665753748740102,symbolic,0.1202259893238554,0.037260090899535206,0.1589952754428755,0.2285268924659908,0.20833421438034203,0.24665753748740102
17,18,453.76318359375,0.26613272040348346,factual,0.17670855809759314,0.030851483955248372,0.26613272040348346,0.19640872176794105,0.08816246945304404,0.2417360463226899
17,19,3269.16748046875,0.2517052748551026,computational,0.2517052748551026,0.0437507607999994,0.20154083003559983,0.21146375306093643,0.09183578519414122,0.1997035960542205
17,20,25.54296875,0.5068148799510629,symbolic,0.09796987306927665,0.0,0.16447469031962073,0.07734363052454504,0.15339692613549472,0.5068148799510629
17,21,3091.8551025390625,0.3263531399854796,reasoning,0.06879920178382616,0.1299328814756608,0.11875862097827675,0.3263531399854796,0.0469875073815137,0.30916864839524305
17,22,843.3099365234375,0.30276858807291707,social_ethical,0.07453540221715753,0.03665540259351123,0.1779686888199068,0.19746858713203283,0.30276858807291707,0.21060333116447452
17,23,602.906982421875,0.7334220959891995,reasoning,0.02077945112121569,0.0549526686905524,0.06387145288513052,0.7334220959891995,0.013163356086862681,0.11381097522703924
17,24,1044.752197265625,0.31844516808220025,factual,0.14422856047886282,0.17922501434228222,0.31844516808220025,0.16805883198323093,0.04449040206295181,0.145552023050472
17,25,136.178466796875,0.5631845130847438,factual,0.02718062629641781,0.00335611980917447,0.5631845130847438,0.2244584402289763,0.023989443999232682,0.15783085658145493
17,26,3791.00048828125,0.3505412953091389,reasoning,0.07486724895475497,0.02645367337247225,0.18881376909155614,0.3505412953091389,0.08524077697888799,0.27408323629318976
17,27,3318.1497802734375,0.34726148646160443,symbolic,0.09616804445748725,0.057419569945614944,0.2151027564535326,0.209721898635225,0.07432624404653575,0.34726148646160443
17,28,592.45361328125,0.3916874425657995,creative,0.11172461253806626,0.3916874425657995,0.26601131582525994,0.043736942089842544,0.07912300293815856,0.10771668404287321
17,29,790.081298828125,0.509640244820039,social_ethical,0.02158382756422478,0.00291671675154573,0.4525895247256559,0.009322122148599597,0.509640244820039,0.003947563989935025
17,30,3876.5252075195312,0.5573720991150329,symbolic,0.04564184500905791,0.11551926803507861,0.1047589966203606,0.11151476432639629,0.0651930268940736,0.5573720991150329
17,31,2092.2763671875,0.3355598693296728,symbolic,0.09252710979882763,0.05863595226304334,0.15857353659828677,0.27145674124185354,0.08324679076831594,0.3355598693296728
17,32,3963.010498046875,0.2890192269319601,factual,0.05923400789194955,0.09659241455917025,0.2890192269319601,0.16895161069240697,0.1559534824322404,0.23024925749227276
17,33,1846.892822265625,0.8187374725259763,symbolic,0.006560321633952084,0.02124226011461131,0.029199564883640478,0.1035959228925588,0.02066445794926101,0.8187374725259763
17,34,4020.9945068359375,0.519031291663837,factual,0.04565074661383443,0.02854284672304212,0.519031291663837,0.11999777049092339,0.21400943479425175,0.0727679097141113
17,35,3847.540771484375,0.5699560018520861,symbolic,0.08833348868909581,0.014075676256019612,0.0880730747820033,0.23523903985189404,0.004322718568901211,0.5699560018520861
17,36,3841.2890625,0.44198000244058694,computational,0.44198000244058694,0.012973245065438238,0.11343257115836358,0.32257908391551504,0.052049489256332813,0.056985608163763385
17,37,875.765380859375,0.4149556679634304,factual,0.09083405001484472,0.031660085276968945,0.4149556679634304,0.11297679066999151,0.10058974641322392,0.24898365966154049
17,38,3554.3671875,0.3376690262199451,reasoning,0.12953073106587626,0.0023704059047078966,0.09024006833582807,0.3376690262199451,0.14796055111559503,0.29222921735804763
17,39,805.7880859375,0.2545844457883453,factual,0.08596040367119244,0.06196682450095561,0.2545844457883453,0.12693652007509146,0.24441328425805967,0.2261385217063555
17,40,728.05419921875,0.2458319780289795,factual,0.13044119767547138,0.10605745596238905,0.2458319780289795,0.18949133331768445,0.14341322084027752,0.1847648141751981
17,41,494.282958984375,0.25868141735853756,factual,0.14654276954809953,0.023852813147201175,0.25868141735853756,0.23580016230502776,0.08538894182159981,0.2497338958195342
17,42,551.8916015625,0.48700226670701086,social_ethical,0.07448326688926755,0.025759683050304617,0.21457805806379693,0.10053668402528944,0.48700226670701086,0.0976400412643306
17,43,937.53173828125,0.5828471952772433,social_ethical,0.027744633645215136,0.01564426204321208,0.19746362753344288,0.06952238596089196,0.5828471952772433,0.10677789553999474
17,44,1890.984619140625,0.4104102486704169,symbolic,0.09841671386628034,0.056190564475533,0.12574558067660943,0.2738787547255022,0.0353581375856581,0.4104102486704169
17,45,4355.1904296875,0.2719322310954848,symbolic,0.19138992065636481,0.04979852972667536,0.19524560425946502,0.23367356434211603,0.05796014991989398,0.2719322310954848
17,46,725.52685546875,0.475769561316904,factual,0.048602880853689974,0.04422601032789346,0.475769561316904,0.11196133736327117,0.2363701889588587,0.08307002117938271
17,47,442.5185546875,0.6584072436934363,symbolic,0.04259454604437049,0.0,0.006891924994317417,0.2894018171024785,0.0027044681653973727,0.6584072436934363
17,48,268.132568359375,0.44141837488197355,factual,0.408475685873523,0.032801558085390585,0.44141837488197355,0.05473239300682618,0.05745303299458877,0.005118955157697873
17,49,2591.7889404296875,0.30625329250489886,social_ethical,0.050359281902473796,0.0185646762765617,0.27641823507843255,0.16002451024835937,0.30625329250489886,0.1883800039892737
17,50,1915.8360595703125,0.5506058831074192,social_ethical,0.031011507258357354,0.006837159624223193,0.1007009512677953,0.11451015828509413,0.5506058831074192,0.19633434045711087
17,51,1223.82177734375,0.2980710879844174,social_ethical,0.04371481738454596,0.0061988631444385885,0.21389543993006666,0.17420563943237816,0.2980710879844174,0.2639141521241532
17,52,2034.1590576171875,0.2421927466739191,factual,0.2244761123657579,0.026790838193210192,0.2421927466739191,0.22093827043733222,0.11704967483167586,0.16855235749810474
17,53,2762.757568359375,0.3763233949747509,factual,0.08597570485995588,0.027823294897472706,0.3763233949747509,0.19266099959748167,0.1139890803096961,0.20322752536064273
17,54,747.2861328125,0.5238797027264019,social_ethical,0.0077774917311469495,0.06817834324985854,0.254485632255257,0.06458755052461969,0.5238797027264019,0.08109127951271593
17,55,571.86767578125,0.30707702028287587,symbolic,0.15138086638746226,0.049840119195515654,0.20495096846356467,0.26966235052532267,0.01708867514525886,0.30707702028287587
17,56,3209.3155517578125,0.4048323832069522,reasoning,0.051020335583899915,0.20536095768874735,0.0900241465493918,0.4048323832069522,0.011810558351916892,0.23695161861909184
17,57,2610.0291748046875,0.46187728291733,symbolic,0.10891632285861717,0.015276203912015134,0.23635335808168229,0.14408391908110238,0.03349291314925305,0.46187728291733
17,58,1951.729736328125,0.4298077939427979,reasoning,0.06444891569414901,0.004660704490770594,0.06575735040719714,0.4298077939427979,0.14044708188412097,0.2948781535809644
17,59,3533.7528076171875,0.4649109489357705,symbolic,0.06198220336298564,0.057660218215774404,0.15879608696864222,0.20953390923185217,0.04711663328497505,0.4649109489357705
17,60,3007.789306640625,0.66907147417127,factual,0.12310411484504141,0.02334141375278462,0.66907147417127,0.06307654158047485,0.04089877316424112,0.080507682486188
17,61,2385.841064453125,0.48398904875514265,symbolic,0.12155175721841247,0.02397649299225728,0.03995935493872798,0.3278388482671359,0.002684497828323734,0.48398904875514265
17,62,3107.054443359375,0.5215266654330198,symbolic,0.03534861719585793,0.014832402794327897,0.26495504064551945,0.10783055350275154,0.05550672042852333,0.5215266654330198
17,63,137.7890625,0.9801394086295855,creative,0.013347295458411294,0.9801394086295855,0.0,0.0030688325678970346,0.0,0.0034444633441061403
17,64,4655.9659423828125,0.3244790809254749,factual,0.16796258517553753,0.005779898537748986,0.3244790809254749,0.1506713142866072,0.07366428315821386,0.27744283791641755
17,65,954.19287109375,0.4396369180636244,reasoning,0.026318105687940817,0.030553498718392868,0.1975705242128824,0.4396369180636244,0.04702940404372765,0.2588915492734319
17,66,1717.96142578125,0.32544022328426253,factual,0.06153490877206445,0.01606276743449054,0.32544022328426253,0.22124618255250633,0.2036859240816454,0.17202999387503073
17,67,1119.227783203125,0.5653233376021981,reasoning,0.04959016062667022,0.0004133622228809842,0.11354569463067558,0.5653233376021981,0.038786028225986764,0.23234141669158836
17,68,1243.334716796875,0.27940626375130356,factual,0.11938482914462449,0.08012980936041969,0.27940626375130356,0.15376993613798892,0.10813715870504029,0.25917200290062303
17,69,948.417724609375,0.39026632299530545,factual,0.0822324600569565,0.028459458715031898,0.39026632299530545,0.2578227665887803,0.07430653285347022,0.16691245879045563
17,70,292.6044921875,0.718456614390559,social_ethical,0.02096189595730692,0.0,0.023761209770815046,0.06675883682044675,0.718456614390559,0.17006144306087234
17,71,423.884765625,0.5059462099535085,social_ethical,0.03418033995456828,0.0008829465186680121,0.31640875182579287,0.03082537356758774,0.5059462099535085,0.11175637817987458
17,72,1314.010986328125,0.3149498280346528,symbolic,0.06795394959188539,0.01535824921792973,0.25859757061671373,0.19858741489754447,0.14455298764127383,0.3149498280346528
17,73,2470.98486328125,0.6773904438169798,factual,0.029463043443465044,0.004955857800404973,0.6773904438169798,0.03631996904700788,0.16454428022733375,0.08732640566480858
17,74,5343.8829345703125,0.5021415197342153,symbolic,0.0943071842899376,0.03182509462883656,0.1103177280700414,0.22820169701096388,0.03320677626600526,0.5021415197342153
17,75,1727.6068115234375,0.3827970991810313,reasoning,0.16423967262448372,0.024295047784657964,0.17087706071447875,0.3827970991810313,0.016797037708032224,0.24099408198731606
17,76,1042.11181640625,0.4616770801852646,reasoning,0.08467467418220495,0.0748604307378019,0.16213344765947676,0.4616770801852646,0.16277044106932428,0.05388392616592753
17,77,2332.2440185546875,0.26024598990994485,social_ethical,0.09367727808334908,0.07772081933688735,0.16496202215218744,0.16279565782916686,0.26024598990994485,0.24059823268846442
17,78,587.58837890625,0.4930383644082797,reasoning,0.08349392253991048,0.003757330388297638,0.1434441793579922,0.4930383644082797,0.0061780101231447065,0.2700881931823753
17,79,601.144775390625,0.4251450581146242,computational,0.4251450581146242,0.02112505883752882,0.41651000349674633,0.012529804584270977,0.12288200125980338,0.001808073707026267
17,80,1972.5874633789062,0.338128993545041,symbolic,0.03189220119154526,0.10270351939561755,0.15041771413254415,0.11885204041613703,0.258005531319115,0.338128993545041
17,81,1628.93896484375,0.33510942675911487,factual,0.243962276537012,0.0002681301064996596,0.33510942675911487,0.27267153207654404,0.004193111229480703,0.14379552329134876
17,82,186.799560546875,0.46003102736655554,social_ethical,0.017449299531714178,0.0,0.3135450007907143,0.1334594990923123,0.46003102736655554,0.07551517321870373
17,83,2330.40966796875,0.3326209975571372,symbolic,0.09911205006663971,0.006113652311416712,0.09646542329790041,0.3276711046353631,0.1380167721315429,0.3326209975571372
17,84,1666.00439453125,0.6976559337885337,factual,0.021839830690535137,0.017362367917485962,0.6976559337885337,0.10117990244365657,0.005662406282340121,0.15629955887744848
17,85,936.029052734375,0.29083522975501924,reasoning,0.13230289712374232,0.024570321924373528,0.26747696581224445,0.29083522975501924,0.1005901186105804,0.18422446677404
17,86,2118.3623046875,0.45239910695310676,symbolic,0.11221298790385224,0.05682789946353568,0.1298525310909122,0.19112929956301922,0.057578175025573906,0.45239910695310676
17,87,1873.6534423828125,0.2777213244746276,reasoning,0.11637635075033378,0.061418457487274876,0.16570064087040634,0.2777213244746276,0.20614003455215787,0.17264319186519955
17,88,748.1708984375,0.3295667689560608,social_ethical,0.032814402833994886,0.06000734865107221,0.2270961602971831,0.26864703893740854,0.3295667689560608,0.08186828032428044
17,89,113.059326171875,0.3481756285481687,symbolic,0.03182095959541429,0.04744207941851602,0.2285576700907597,0.13808517116506258,0.2059184911820787,0.3481756285481687
17,90,2886.4317626953125,0.2938924619916332,factual,0.0423030046669474,0.06707826035986578,0.2938924619916332,0.1622205421386404,0.15759605498669121,0.276909675856222
17,91,121.0791015625,0.4137677944912691,factual,0.10531515909182562,0.0075069564866717745,0.4137677944912691,0.31116264064201316,0.1050852925757148,0.057162156712505546
17,92,553.095703125,0.33246111199392625,social_ethical,0.0890045376697212,0.057687112664865724,0.12564357222310504,0.2058640994402952,0.33246111199392625,0.18933956600808657
17,93,611.8466796875,0.4020487414030591,social_ethical,0.06280495298716264,0.05840453225778134,0.13480737585211267,0.18009284456794636,0.4020487414030591,0.16184155293193792
17,94,556.257080078125,0.45011760296239206,symbolic,0.028847947423422015,0.011666810771808119,0.33540917886842203,0.08846753618392322,0.08549092379003252,0.45011760296239206
17,95,802.68603515625,0.4826263868687956,reasoning,0.074347846981053,0.059688813377447913,0.24412814396974028,0.4826263868687956,0.02469674268705962,0.11451206611590357
17,96,353.88916015625,0.3256434844397839,social_ethical,0.06409042931156995,0.11253992673487269,0.2217629162556139,0.1771456955013004,0.3256434844397839,0.09881754775685912
17,97,1890.703857421875,0.49754071466285693,reasoning,0.11283491145707636,0.0032201652746147082,0.14633002781521381,0.49754071466285693,0.0014697217561819155,0.2386044590340563
17,98,1926.701171875,0.289497739923424,factual,0.05741742534752669,0.06202925630859903,0.289497739923424,0.21520228420298215,0.19534355292755692,0.1805097412899112
17,99,258.402587890625,0.4093830692439747,symbolic,0.27130800053287124,0.004722146375199945,0.2293538369092711,0.042083602209715076,0.043149344728967885,0.4093830692439747
17,100,640.880859375,0.27557629422395324,social_ethical,0.10114024581645745,0.05813988925154892,0.26126912726929186,0.20669679183009226,0.27557629422395324,0.0971776516086563
17,101,1529.905029296875,0.2375249561516964,reasoning,0.16295052526206452,0.215078741834944,0.13343496384180556,0.2375249561516964,0.06167742042556193,0.1893333924839276
17,102,3592.2423095703125,0.5480919321825539,symbolic,0.09603247612474922,0.02812912441629299,0.05186007213828057,0.21909004691472295,0.05679634822340038,0.5480919321825539
17,103,117.81884765625,0.9707326776988972,social_ethical,0.0,0.0,0.01719071833828582,0.008062811602491577,0.9707326776988972,0.004013792360325413
17,104,2715.374755859375,0.30610483111441783,reasoning,0.1063961859977927,0.25933201015089224,0.09521442523607118,0.30610483111441783,0.016811325123008765,0.2161412223778173
17,105,1349.795654296875,0.367138544372403,symbolic,0.03613520782135172,0.14604586957335663,0.17099593525712714,0.1876010963030971,0.09208334667266439,0.367138544372403
17,106,1734.49560546875,0.3113929718288171,symbolic,0.044341300027841535,0.03813389102728498,0.19652173680490123,0.16886649492560624,0.24074360538554893,0.3113929718288171
17,107,2866.4935302734375,0.42584928274746336,reasoning,0.09054545942340012,0.08730732042390199,0.17504181338168745,0.42584928274746336,0.01572894324941983,0.20552718077412727
17,108,1596.092529296875,0.26932855277820056,factual,0.07686381612810216,0.059982684764045495,0.26932855277820056,0.26433803256396277,0.1694182646676645,0.16006864909802457
17,109,1957.319091796875,0.7680749051505523,symbolic,0.016018227857953527,0.10061855922139196,0.024438022401645266,0.056130965767385264,0.03471931960107165,0.7680749051505523
17,110,2001.9822998046875,0.3490402792300771,social_ethical,0.04777918175460736,0.027535147506082075,0.12605804098342713,0.28338812623401405,0.3490402792300771,0.16619922429179235
17,111,4668.7767333984375,0.36378271763054404,symbolic,0.07505243796843847,0.12414299941126822,0.26699497281053786,0.14996611857377512,0.02006075360543634,0.36378271763054404
17,112,3435.7567138671875,0.5539771430248416,factual,0.02259110879349005,0.00916938735869565,0.5539771430248416,0.21073350444520533,0.01629917501841044,0.187229681359357
17,113,335.785888671875,0.5342527405173411,social_ethical,0.040502290641343225,0.06320512382405141,0.21386105211727094,0.12513787108862356,0.5342527405173411,0.02304092181136981
17,114,744.039306640625,0.4453450847146183,social_ethical,0.06813099552596565,0.05035823447090073,0.24631667369408894,0.10726460459675448,0.4453450847146183,0.08258440699767193
17,115,1956.360595703125,0.4724146361034651,symbolic,0.05362241776217474,0.028228236397877367,0.09671814929592264,0.3249808785520687,0.024035681888491478,0.4724146361034651
17,116,4762.2252197265625,0.45654965072547016,symbolic,0.05833200831874194,0.00761393585367471,0.20701325630638803,0.2497590942759908,0.020732054519734353,0.45654965072547016
17,117,1839.12548828125,0.35565954755691515,symbolic,0.06935961464786279,0.03529230758610912,0.2317223629500795,0.2932300534523961,0.014736113806637358,0.35565954755691515
17,118,1976.987060546875,0.40575690325410585,symbolic,0.03844381746559132,0.006865928872244463,0.35497495041517146,0.1404425976189156,0.0535158023739713,0.40575690325410585
17,119,2606.2108154296875,0.32400638892249534,symbolic,0.08879437869995703,0.021188258835014146,0.2516437995381656,0.16198052475590372,0.15238664924846415,0.32400638892249534
17,120,368.482666015625,0.4865484444827255,reasoning,0.05550302954008633,0.008984930149969688,0.046683075985304495,0.4865484444827255,0.0867485365780939,0.3155319832638201
17,121,5937.9154052734375,0.3255001299970728,symbolic,0.12225713320262564,0.00488847377721497,0.2380459483889316,0.30595369735953715,0.0033546172746178964,0.3255001299970728
17,122,1442.028076171875,0.38605042844829646,reasoning,0.0523320986017719,0.07592016113644741,0.14120483592190158,0.38605042844829646,0.0390334657457225,0.3054590101458602
17,123,770.541748046875,0.45689242457318896,reasoning,0.05690148627801247,0.06300419594954468,0.1437240248290712,0.45689242457318896,0.07016262591729959,0.2093152424528831
17,124,3829.7508544921875,0.49377794552116083,social_ethical,0.03923913819892629,0.0,0.32935268978076565,0.09598477610864187,0.49377794552116083,0.041645450390505385
17,125,200.38720703125,0.6825396632008831,creative,0.046544409870538726,0.6825396632008831,0.013160555857434215,0.011062566856647166,0.03769557472958847,0.20899722948490837
17,126,15.41015625,0.3846166032953105,factual,0.10741444866920152,0.02335234474017744,0.3846166032953105,0.3221007604562738,0.05972750316856781,0.10278833967046895
17,127,3410.0167236328125,0.6095016702609217,reasoning,0.06013848576350328,0.01814872365374915,0.1131151664746306,0.6095016702609217,0.026718518730917434,0.17237743511627784
20,0,1310.9185791015625,0.45078505584062645,factual,0.0356672311178508,0.049471065630137506,0.45078505584062645,0.11748428282030665,0.14012819575669905,0.2064641688343796
20,1,1520.048583984375,0.33275014499401634,factual,0.1334270193036786,0.08985196074793944,0.33275014499401634,0.13319918877233153,0.2759528849352221,0.03481880124681202
20,2,668.91650390625,0.2682635602555147,reasoning,0.20587839184315238,0.0026858820927324607,0.13538922479143262,0.2682635602555147,0.13369389630648326,0.2540890447106846
20,3,720.8304443359375,0.43821069550213265,factual,0.055189945272202084,0.05113087237468042,0.43821069550213265,0.1720156821889358,0.05138150560461626,0.23207129905743276
20,4,1346.8817138671875,0.3941243404837291,reasoning,0.23623096788870052,0.0008126047080500523,0.16057960847969235,0.3941243404837291,0.04039912431555998,0.16785335412426797
20,5,69.195556640625,0.6228102672664726,social_ethical,0.03872629443415366,0.0,0.211329275822528,0.03665167151803828,0.6228102672664726,0.09048249095880745
20,6,1.41845703125,0.36419965576592084,reasoning,0.0,0.0,0.2834767641996558,0.36419965576592084,0.35232358003442343,0.0
20,7,2189.2713623046875,0.3932566658773133,reasoning,0.19012037741090348,0.025597464017836895,0.1387097200475664,0.3932566658773133,0.0022056915853462633,0.25011008106103366
20,8,735.1729736328125,0.3641824035286126,factual,0.022685290268868417,0.003237173968379107,0.3641824035286126,0.10451724912607428,0.16804429761079093,0.33733358549727466
20,9,1287.0450439453125,0.33604116973600634,factual,0.05386071553462507,0.06821035156062903,0.33604116973600634,0.1630265473245865,0.16986897960472797,0.2089922362394251
20,10,1061.2972412109375,0.7243390294643052,reasoning,0.0029790156527144066,0.024247807174182814,0.1632639751777834,0.7243390294643052,0.005006816654928885,0.08016335587608538
20,11,2209.811767578125,0.7332771246490456,reasoning,0.07312883138709429,0.01022262991901022,0.04627820105842319,0.7332771246490456,0.0013717231686761005,0.13572148981775062
20,12,1229.203369140625,0.3511883351470371,factual,0.04453101274584558,0.07727629425260144,0.3511883351470371,0.09186182933759063,0.2104187699374178,0.22472375857950747
20,13,1687.5841064453125,0.4314174445443221,symbolic,0.09433232096577363,0.03200057520281288,0.15279996533737578,0.27664094288124674,0.012808751068468882,0.4314174445443221
20,14,1022.456787109375,0.45394978919446427,factual,0.1034324876676911,0.024017289468462502,0.45394978919446427,0.19042364785148364,0.019656240247393555,0.20852054557050495
20,15,3776.6070556640625,0.2930409288393726,factual,0.08070721522892665,0.04195279165905062,0.2930409288393726,0.18549584628465382,0.12008724555735971,0.2787159724306366
20,16,6242.167236328125,0.46142036130671105,symbolic,0.16367811660214635,0.09815291171353537,0.19449529267480023,0.06912976133331472,0.013123556369492282,0.46142036130671105
20,17,2613.339111328125,0.4695210877711321,symbolic,0.05506006640174353,0.014480994768707008,0.2415791989657927,0.20366038233271555,0.01569826975990909,0.4695210877711321
20,18,1007.275634765625,0.3887829296662636,factual,0.051907496265573644,0.034861109394272775,0.3887829296662636,0.37436269950974366,0.10756529459370436,0.042520470570441955
20,19,2903.266845703125,0.2625229980269566,reasoning,0.2221401907754608,0.031737172085493336,0.22239175107580605,0.2625229980269566,0.08010440151899871,0.1811034865172845
20,20,1030.406494140625,0.39668170816802095,social_ethical,0.07607714169615536,0.06203653793526665,0.21755934363926935,0.13469291288210408,0.39668170816802095,0.11295235567918362
20,21,526.499755859375,0.6258198885902113,factual,0.06085688993912943,0.0027613639051018227,0.6258198885902113,0.06540699628989545,0.014781527657922889,0.23037333361773912
20,22,457.39599609375,0.33405551338835354,creative,0.050460796778639266,0.33405551338835354,0.051616658500107285,0.2577993310893977,0.02588879387924381,0.28017890636425846
20,23,1381.6334228515625,0.7045253363545064,symbolic,0.01686103997043383,0.013288343229807266,0.03613303398439754,0.0643904437938387,0.1648018026670163,0.7045253363545064
20,24,889.334716796875,0.38427779829056075,symbolic,0.14596544061229055,0.0080206659044147,0.104272911825383,0.3089027003210517,0.04856048304629926,0.38427779829056075
20,25,1439.7308349609375,0.37284809791191065,symbolic,0.039297201396440225,0.04824171049089495,0.16421195876813116,0.23149502618855333,0.14390600524406968,0.37284809791191065
20,26,3594.9736328125,0.45284954606488603,computational,0.45284954606488603,0.05107248809033229,0.22796001796127568,0.11642482872000376,0.01781920449368734,0.13387391466981488
20,27,2112.7061767578125,0.5496731463835844,reasoning,0.024742407664192816,0.015233581642971351,0.05333822067684893,0.5496731463835844,0.014517293840762698,0.3424953497916398
20,28,2899.355224609375,0.3925612249288656,symbolic,0.1358667264972285,0.019489743771324425,0.2140573920370058,0.20595028915625518,0.032074623609320466,0.3925612249288656
20,29,1381.110107421875,0.3235729650927952,factual,0.058373948011915096,0.050701455022222806,0.3235729650927952,0.23134298280704688,0.11484601363931973,0.22116263542670028
20,30,2417.3248291015625,0.40817291559621216,symbolic,0.18170499262096504,0.047054180674629374,0.150100099859994,0.17758485258973197,0.03538295865846746,0.40817291559621216
20,31,2704.497802734375,0.3390107245931731,computational,0.3390107245931731,0.00648902747457645,0.06649580871275362,0.17801165466634855,0.11303241679194173,0.29696036776120655
20,32,2203.6683349609375,0.41756828477196806,factual,0.0826788007899869,0.03901309578405725,0.41756828477196806,0.13919832824916684,0.0681699676127081,0.25337152279211284
20,33,1307.35791015625,0.4512284736069773,reasoning,0.07261223192500081,0.00047899714245057553,0.1017565469478825,0.4512284736069773,0.15342315821396998,0.22050059216371878
20,34,3414.026123046875,0.5943261623711523,factual,0.005166101955748814,0.0030814830621407508,0.5943261623711523,0.1733942960347618,0.15004042877745194,0.07399152779874442
20,35,787.861328125,0.6543587391697758,reasoning,0.07091271366064678,0.004708900925914449,0.08164718569108916,0.6543587391697758,0.0018552375522143858,0.18651722300035944
20,36,1495.634765625,0.545291391614921,reasoning,0.1309240596005302,0.01892111156817039,0.05719705131469837,0.545291391614921,0.060694126135302603,0.1869722597663774
20,37,1029.015625,0.3989015736747802,symbolic,0.09194744389358762,0.027048899509543405,0.22496766194178294,0.23638124079444858,0.020753180185857235,0.3989015736747802
20,38,2795.78515625,0.3308927291500459,symbolic,0.08321639123345549,0.030803029392738233,0.20254819964762805,0.2796983304248443,0.072841320151288,0.3308927291500459
20,39,1069.247802734375,0.34518027627391207,factual,0.06101130709631547,0.07241612836126447,0.34518027627391207,0.20555449889819685,0.15172220815459905,0.16411558121571207
20,40,11.793212890625,0.8737811820722492,factual,0.12621881792775075,0.0,0.8737811820722492,0.0,0.0,0.0
20,41,999.80517578125,0.3861610489543617,symbolic,0.044709394066519796,0.00861080845340474,0.24268522041159385,0.31181196922642646,0.006021558887693452,0.3861610489543617
20,42,2356.3555908203125,0.26518109760188235,symbolic,0.08833111911378723,0.0524703981424904,0.2054800055845475,0.20827616467991295,0.18026121487737956,0.26518109760188235
20,43,1834.8563232421875,0.6263896231976503,social_ethical,0.027453534305408443,0.012361135809831628,0.16000426580999197,0.064409273466429,0.6263896231976503,0.1093821674106886
20,44,1681.4490966796875,0.4777085891968968,social_ethical,0.08879568237700708,0.026033598048442075,0.10691468852687999,0.16297733096924294,0.4777085891968968,0.13757011088153115
20,45,745.9796142578125,0.3983526602973459,symbolic,0.05891051723390277,0.038502290517282996,0.27506629368203417,0.13477274419434257,0.09439549407509165,0.3983526602973459
20,46,2164.482177734375,0.669594310399416,factual,0.03975526406826113,0.0,0.669594310399416,0.09311923827046628,0.19075147768613013,0.006779709575726458
20,47,2058.1334228515625,0.49619076941363016,symbolic,0.046521906671611636,0.2567985879669843,0.015641128006031235,0.18284004327580605,0.002007564665936625,0.49619076941363016
20,48,1885.847900390625,0.37699809163986536,factual,0.037703349876942426,0.02993721351457123,0.37699809163986536,0.1510242240433699,0.20700114817488868,0.19733597275036238
20,49,1433.4173583984375,0.609513261807162,social_ethical,0.06041640852437991,0.042173785858358764,0.06846261311954681,0.1181225891639426,0.609513261807162,0.10131134152660984
20,50,2627.6436767578125,0.6408171420737587,factual,0.01958472161848533,0.011186975617050853,0.6408171420737587,0.1200190544706719,0.004460909137407513,0.20393119708262564
20,51,703.548095703125,0.3848876700235587,reasoning,0.15620444364554245,0.020589346757662837,0.2379281841863906,0.3848876700235587,0.06383918982084738,0.13655116556599797
20,52,2596.64794921875,0.6703159214996046,symbolic,0.03027171261025191,0.02563405720453522,0.045925862200271346,0.2014145528292467,0.026437893656090193,0.6703159214996046
20,53,1180.6895751953125,0.386976749571892,symbolic,0.08352600734744256,0.042723539162563585,0.2166678780410969,0.23320794660247726,0.03689787927452767,0.386976749571892
20,54,1961.6429443359375,0.29900809463527783,reasoning,0.08075860906363429,0.14179286473074706,0.21431333934337243,0.29900809463527783,0.02780486278000463,0.23632222944696377
20,55,817.308349609375,0.38321113482560387,factual,0.12619369446738726,0.003238048866458862,0.38321113482560387,0.07225628380124234,0.30540237387217173,0.1096984641671359
20,56,539.6580810546875,0.24751774477428584,reasoning,0.15764873908559812,0.2243368343716261,0.18721276922530564,0.24751774477428584,0.009700785748716488,0.1735831267944678
20,57,203.751708984375,0.42745279887654314,social_ethical,0.061062802626991,0.037591948878879705,0.3776892688064589,0.05472658276687192,0.42745279887654314,0.04147659804425528
20,58,6247.25048828125,0.5421200529701777,symbolic,0.044895629475748274,0.1768486003491067,0.16705868808379687,0.05750545415721557,0.011571574963954846,0.5421200529701777
20,59,1066.794189453125,0.41025723471932946,symbolic,0.0777181789866278,0.038129329783647845,0.14249795575739505,0.32428656333581946,0.007110737417180426,0.41025723471932946
20,60,3060.439453125,0.4711375080171927,symbolic,0.06000031111494022,0.03396760894607022,0.05768808892462722,0.3650428461113823,0.012163636885787312,0.4711375080171927
20,61,1566.324951171875,0.38998563984072115,reasoning,0.07297378433138753,0.022731073791703964,0.21971020316359935,0.38998563984072115,0.0687268369757969,0.22587246189679108
20,62,1268.427490234375,0.2525531332144736,reasoning,0.16068845625206069,0.12118901837539907,0.18134930388516632,0.2525531332144736,0.0610638595594362,0.22315622871346416
20,63,1967.1807861328125,0.48400793166924655,factual,0.033323808132039764,0.0040122505878786695,0.48400793166924655,0.2755365217005494,0.027387839203432546,0.1757316487068531
20,64,1090.7216796875,0.34558843279472895,factual,0.06978406283826917,0.05295454199529232,0.34558843279472895,0.14477775071873106,0.1555822191621624,0.23131299249081608
20,65,1732.5849609375,0.5196298460066048,reasoning,0.1179511286141609,0.02085006653826838,0.15766504787880736,0.5196298460066048,0.03778209717574501,0.14612181378641356
20,66,2252.8994140625,0.46734947457031284,factual,0.037686516377116466,0.005008628204366855,0.46734947457031284,0.07396187378330615,0.11186880924711169,0.304124697817786
20,67,2700.6607666015625,0.849220792094021,reasoning,0.01947883034447995,0.0018202106481373713,0.020723823691693653,0.849220792094021,0.007396464614847359,0.10135987860682062
20,68,1670.9749755859375,0.2794309465806907,factual,0.026903428663809747,0.009122609594081276,0.2794309465806907,0.23173843512574344,0.23282196234874397,0.21998261768693092
20,69,951.1612548828125,0.41053602626210023,factual,0.058525679123984056,0.16672568084371578,0.41053602626210023,0.26972683088222366,0.011898618477901383,0.08258716441007491
20,70,1370.4669189453125,0.3570326177432436,factual,0.05692862611245437,0.08676696477600826,0.3570326177432436,0.15789528065047545,0.16635080229431815,0.17502570842350024
20,71,1477.8619384765625,0.33247171284860505,symbolic,0.06491674613404456,0.03198218829411451,0.2634000583976816,0.22311730458768717,0.0841119897378671,0.33247171284860505
20,72,975.2203369140625,0.376613733499979,factual,0.04213641123018449,0.0008421574401317811,0.376613733499979,0.1580614857544838,0.18174766444632343,0.24059854762889746
20,73,3163.518310546875,0.3413404975284715,symbolic,0.08171802850968735,0.04944924555311249,0.2736571745248469,0.24769618941405894,0.0061388644698227805,0.3413404975284715
20,74,1549.08251953125,0.45565876474891737,social_ethical,0.03924639111923924,0.04118522777311797,0.15102902392135467,0.10801252379416874,0.45565876474891737,0.20486806864320203
20,75,1398.37890625,0.49924420715951784,symbolic,0.044166567733284916,0.01998975166557258,0.08577454362612959,0.13193490998226182,0.21889001983323322,0.49924420715951784
20,76,2223.616943359375,0.29656167945862594,computational,0.29656167945862594,0.04230333220428121,0.15362746879506717,0.20580373048336423,0.021268432416349042,0.28043535664231245
20,77,643.1978759765625,0.39934356624509376,factual,0.07972326082917369,0.025535022547592302,0.39934356624509376,0.237905044849411,0.08910725730521683,0.16838584822351238
20,78,1460.0478515625,0.3156582986029594,symbolic,0.06672328536963351,0.14780516410728725,0.07895917901877414,0.30510449545144136,0.08574957744990432,0.3156582986029594
20,79,1152.93701171875,0.31809238040585036,reasoning,0.13571709903587773,0.05609294367518417,0.20279061838926146,0.31809238040585036,0.008617385540918553,0.2786895729529077
20,80,2743.4490966796875,0.24207546074221997,reasoning,0.08443213113980903,0.04369339515496232,0.18513780274255057,0.24207546074221997,0.2264306819311895,0.21823052828926862
20,81,3228.4908447265625,0.8016979637283211,social_ethical,0.006846581588629102,0.0,0.07279528801586008,0.06292883297614542,0.8016979637283211,0.055731333691044285
20,82,683.22021484375,0.37815038217311603,symbolic,0.12162217211547739,0.019216929250626236,0.1014972467098093,0.35961168066836524,0.019901589082605853,0.37815038217311603
20,83,590.0762939453125,0.3623008726898853,social_ethical,0.06240255031904847,0.0022913151996160454,0.2111388204774401,0.21888204257220611,0.3623008726898853,0.142984398741804
20,84,1634.476806640625,0.3528510189300171,symbolic,0.10589169203579425,0.017802503040785133,0.12384580489653414,0.3168126925650096,0.0827962885318598,0.3528510189300171
20,85,2503.67626953125,0.6569839487987293,symbolic,0.014341654625454094,0.00624755120838907,0.07789907185312847,0.11430739835893663,0.13022037515536236,0.6569839487987293
20,86,1849.6949462890625,0.4361640211867178,reasoning,0.14190578960147104,0.035199797052683876,0.0404125970676779,0.4361640211867178,0.013090207481821228,0.3332275876096281
20,87,2066.677001953125,0.43776630637597225,reasoning,0.01584628148320358,0.018603481656290544,0.13573646836679834,0.43776630637597225,0.022823332812371346,0.3692241293053639
20,88,210.032958984375,0.35929884516357763,factual,0.0176381357557582,0.0492993682399642,0.35929884516357763,0.1031797232344719,0.1910902655484456,0.27949366205778253
20,89,1283.1685791015625,0.4707289969849835,factual,0.0502644810548077,0.0517962003733548,0.4707289969849835,0.17451601864852337,0.024619669650543293,0.22807463328778732
20,90,2793.2877197265625,0.3099270175132534,symbolic,0.096905978351336,0.049864410152809034,0.23291994668615862,0.18538381084363048,0.12499883645281244,0.3099270175132534
20,91,1162.82568359375,0.4791370193246432,social_ethical,0.06302984672892802,0.025677660030560996,0.1600264668794487,0.12191686888795855,0.4791370193246432,0.1502121381484606
20,92,1188.431396484375,0.3429260356032429,creative,0.08071044195393622,0.3429260356032429,0.0517898687604192,0.25631458878367397,0.058802563367753295,0.20945650153097436
20,93,1537.0977783203125,0.48237720980264703,symbolic,0.15392492240054226,0.028939544890149663,0.061503720048713836,0.25883343306672024,0.014421169791226983,0.48237720980264703
20,94,895.1282958984375,0.3096383131837089,reasoning,0.2670991563900241,0.03227376487663597,0.20643045150950695,0.3096383131837089,0.09538270785696937,0.08917560618315477
20,95,1571.47509765625,0.39079656821240244,symbolic,0.13123958909774822,0.05062949352484992,0.13010361420851044,0.21202982182656435,0.08520091312992464,0.39079656821240244
20,96,1428.2265625,0.25412716819919806,factual,0.07339689327345429,0.04233509788691176,0.25412716819919806,0.25033794779364704,0.16869201725260238,0.2111108755941864
20,97,778.6807861328125,0.4341281398373683,factual,0.09593016283393214,0.04709393532136073,0.4341281398373683,0.10360603064484093,0.23670216726788865,0.08253956409460926
20,98,4156.1507568359375,0.3756668355597189,reasoning,0.09833984229005469,0.022420971224436252,0.11227230020500666,0.3756668355597189,0.030890070301549433,0.36040998041923406
20,99,343.7822265625,0.40894781171083394,symbolic,0.25581550593268243,0.0008365692989009553,0.15446101643879978,0.16204517758278345,0.017893919035999465,0.40894781171083394
20,100,2251.265380859375,0.5447732140225392,computational,0.5447732140225392,0.04315704394978388,0.29793623009108483,0.01837128706804756,0.05692566778037048,0.038836557088174045
20,101,1787.2227783203125,0.7223335349826504,reasoning,0.0030495332639069554,0.00305308495109839,0.0801676587599052,0.7223335349826504,0.056047399724430055,0.13534878831800906
20,102,3078.1009521484375,0.35230545701836263,symbolic,0.03099576087265593,0.015563969943768992,0.24119584849231254,0.2865203221963623,0.07341864147653755,0.35230545701836263
20,103,1953.6171875,0.3838690774924719,factual,0.09562177831186541,0.05778612539640011,0.3838690774924719,0.22059640970475441,0.16229547653991194,0.07983113255459624
20,104,1599.1607666015625,0.41202542685009724,factual,0.05904395501638318,0.027847171730472336,0.41202542685009724,0.16753340088890925,0.2069100575749075,0.1266399879392305
20,105,4550.033447265625,0.5652670822464013,symbolic,0.07007557089450911,0.06066458238282396,0.0717710211715584,0.22674729221867307,0.0054744510860341485,0.5652670822464013
20,106,2131.263427734375,0.5780711265221822,social_ethical,0.03292879271861259,0.11848532387591491,0.1838011353255083,0.052353386244931785,0.5780711265221822,0.034360235312850276
20,107,1589.109130859375,0.2535790877572269,symbolic,0.15727875487921247,0.05526033144000353,0.19604113755880134,0.2177261421931602,0.12011454617159557,0.2535790877572269
20,108,2614.65234375,0.3282645708305508,symbolic,0.1140228090344229,0.06644360544766498,0.23886878857281157,0.2263983134409301,0.02600191267361967,0.3282645708305508
20,109,1656.068359375,0.4407690790381492,factual,0.0410146690615834,0.017848876704638597,0.4407690790381492,0.2134783059934639,0.12471665524638904,0.1621724139557758
20,110,2308.390625,0.6526010431543893,social_ethical,0.019838568706552862,0.17612918141697748,0.08952802319324205,0.03114349739740214,0.6526010431543893,0.03075968613143627
20,111,518.9935302734375,0.4240824913944061,factual,0.06652844403100483,0.0051613570906918465,0.4240824913944061,0.17891120861700138,0.20311812390408776,0.12219837496280808
20,112,3137.330078125,0.48223089148876963,factual,0.12452678898819844,0.008693822436847614,0.48223089148876963,0.1546207837451356,0.027993999301505996,0.20193371403954272
20,113,659.3770751953125,0.2827773609272927,factual,0.09520723146420784,0.035381997649962964,0.2827773609272927,0.2796505194648195,0.10205351471605632,0.20492937577766066
20,114,673.20361328125,0.3757837880180254,factual,0.08106353642252494,0.1918308707853148,0.3757837880180254,0.07865840877160789,0.022674456978605532,0.24998893902392144
20,115,2112.88671875,0.35992515469616326,symbolic,0.031462320137400884,0.0951386025856953,0.144646690047495,0.189699463300912,0.1791277692323336,0.35992515469616326
20,116,3673.4698486328125,0.5463105203806924,symbolic,0.08010549938997573,0.02529466506651948,0.1847007607899029,0.13269469228209224,0.030893862090817268,0.5463105203806924
20,117,1415.74072265625,0.3198026892807121,factual,0.10981916489304648,0.03170063705471097,0.3198026892807121,0.23196865460432492,0.12060341369721088,0.1861054404699947
20,118,1409.3077392578125,0.2609985457835649,symbolic,0.1461980802333537,0.04448434995815089,0.20225578947304598,0.23155899987951545,0.11450423467236909,0.2609985457835649
20,119,3384.0565185546875,0.33399452445876304,symbolic,0.18741336137536893,0.012508967996072172,0.18068092092720955,0.24329913173168743,0.0421030935108989,0.33399452445876304
20,120,2724.4227294921875,0.20758733875631535,factual,0.18905555851025815,0.09807898578715361,0.20758733875631535,0.13447274233078063,0.17374917842714224,0.19705619618835
20,121,615.067626953125,0.30753275590169876,reasoning,0.04559985900940612,0.20268687902316382,0.0937208378302532,0.30753275590169876,0.05381041766478772,0.2966492505706904
20,122,1730.864501953125,0.3340607346993584,symbolic,0.10549682416027599,0.07673781151347865,0.3046790512497071,0.12393419902135812,0.0550913793558217,0.3340607346993584
20,123,1570.3951416015625,0.7300978485507253,factual,0.054191255637432635,0.003699276709395813,0.7300978485507253,0.09815116228724592,0.009773817096224024,0.10408663971897623
20,124,2230.9478759765625,0.44026493871035255,factual,0.14842805494113157,0.004937643375095925,0.44026493871035255,0.23589295753840092,0.05896270640200154,0.11151369903301749
20,125,2366.261474609375,0.47238379246336776,symbolic,0.03141740575701695,0.003249982176402134,0.3938693220233534,0.07442732083621409,0.024652176743645695,0.47238379246336776
20,126,2969.726318359375,0.4842370917656274,reasoning,0.05476739187499111,0.13893827186273197,0.1926107935391971,0.4842370917656274,0.011191631962482075,0.11825481899497033
20,127,1737.9217529296875,0.54434628509899,reasoning,0.04067681132088062,0.0044993855822008134,0.2925659836251247,0.54434628509899,0.03506778613975994,0.08284374823304398
22,0,2126.565185546875,0.28948697139549445,symbolic,0.10138832714093514,0.046853816656871876,0.19649095777455278,0.28534945136343165,0.08043047566871414,0.28948697139549445
22,1,1657.5457763671875,0.2818425148662069,symbolic,0.07664110073081827,0.10106737690110516,0.21647274040835535,0.197701974759576,0.12627429233393833,0.2818425148662069
22,2,1376.361328125,0.434249400806304,creative,0.09292504438077642,0.434249400806304,0.120734957719417,0.1812196412074977,0.02795341473001872,0.14291754115598618
22,3,1905.7130126953125,0.3096262196298765,symbolic,0.09140599993556074,0.10430032128030943,0.23658041222037382,0.1860477346301638,0.07203931230371569,0.3096262196298765
22,4,1738.2476806640625,0.2933068229899103,factual,0.0949488139693709,0.06150364561113364,0.2933068229899103,0.18061093174201046,0.2337042323499927,0.13592555333758202
22,5,1576.7282104492188,0.3814428883237658,symbolic,0.07148170090985931,0.024842532540113725,0.2827555252241164,0.15572198706969717,0.08375536593244756,0.3814428883237658
22,6,1205.0418701171875,0.31063242076873665,factual,0.13497640680640413,0.041047831362025375,0.31063242076873665,0.23032986304389425,0.08874942854338304,0.19426404947555656
22,7,1767.202392578125,0.32681677776532886,symbolic,0.2381112504439825,0.03948795192790291,0.2303557344579186,0.1581621424775239,0.007066142927343257,0.32681677776532886
22,8,3624.6956787109375,0.35712999478303453,symbolic,0.08155274484755203,0.04446817278942498,0.2826902191108649,0.20218164193269592,0.03197722653642764,0.35712999478303453
22,9,4164.4873046875,0.6512106234471858,symbolic,0.06536663121843808,0.0024601148804003345,0.14062068011354376,0.11787505261541095,0.02246689772502102,0.6512106234471858
22,10,1606.9317016601562,0.32655910526178455,reasoning,0.12707592446648658,0.0828659818005711,0.15045281312812242,0.32655910526178455,0.10977094359234471,0.20327523175069068
22,11,1142.9599609375,0.32626051892060004,social_ethical,0.1118803459698511,0.08614354091923127,0.20931754857991902,0.15810378753766904,0.32626051892060004,0.10829425807272954
22,12,1442.8690185546875,0.35272791847500967,social_ethical,0.05869805396505223,0.011830558470346362,0.2236969376351895,0.20822458035684147,0.35272791847500967,0.1448219510975608
22,13,744.7138061523438,0.3540797930334336,factual,0.03691464358448967,0.05440609189558797,0.3540797930334336,0.11511441605305493,0.31720932474010544,0.12227573069332832
22,14,4574.7042236328125,0.26870816469974884,symbolic,0.1838944185497819,0.004402873873041389,0.2640844293398942,0.2577509053333019,0.02115920820423174,0.26870816469974884
22,15,1101.6641845703125,0.27295009226209505,creative,0.04091111713646114,0.27295009226209505,0.170808479226153,0.18988041108350703,0.0783316433666972,0.2471182569250866
22,16,2320.9439697265625,0.4494260374110097,reasoning,0.051858414163695875,0.010724248919420235,0.07328519022048556,0.4494260374110097,0.011995840988771312,0.4027102682966173
22,17,2708.4554443359375,0.44332254490749295,symbolic,0.0973583657984411,0.029811336180590776,0.19965717891836038,0.2115184980917552,0.018332076103359584,0.44332254490749295
22,18,1047.694580078125,0.5311309452930623,symbolic,0.027234508804557626,0.08400512937982088,0.05725985975997802,0.14873150847156272,0.15163804829101843,0.5311309452930623
22,19,693.1674194335938,0.643850784394095,social_ethical,0.02165150475197579,0.02599522491041754,0.049703020774677496,0.1464606178383012,0.643850784394095,0.11233884733053297
22,20,2320.7437133789062,0.49845308367434343,symbolic,0.07347861094312097,0.050716137691687924,0.1679854320002872,0.19145944704878473,0.017907288641775723,0.49845308367434343
22,21,1987.9282836914062,0.30208745615664767,factual,0.07960966302435135,0.048098082981762144,0.30208745615664767,0.22126533575137064,0.16232400293802157,0.18661545914784664
22,22,1263.2929077148438,0.2590519442388804,factual,0.10173293372225084,0.060709570407779266,0.2590519442388804,0.1940861225238964,0.20389146841805486,0.1805279606891383
22,23,1557.694091796875,0.3700902698377745,factual,0.05179305410469546,0.051827221696734406,0.3700902698377745,0.18308265344265917,0.17562706543485707,0.16757973548327942
22,24,1429.221923828125,0.32069861206509703,reasoning,0.09053221395696993,0.075448493899909,0.21669300436463856,0.32069861206509703,0.08542988640597271,0.2111977893074128
22,25,1123.771240234375,0.2926537383387715,factual,0.06922708765889479,0.05192998342156266,0.2926537383387715,0.2557463479533961,0.10051125719563056,0.22993158543174436
22,26,1131.299560546875,0.3176529084210097,factual,0.01895872569464002,0.08906097216476402,0.3176529084210097,0.22587753514769618,0.15046399253485743,0.19798586603703264
22,27,1482.23388671875,0.2482072001884297,factual,0.11470418679575638,0.06278365339478162,0.2482072001884297,0.17755364234265544,0.18128616441808332,0.21546515286029355
22,28,197.1334228515625,0.272879039603893,reasoning,0.11712862023249491,0.07735196298014077,0.22571562501354558,0.272879039603893,0.13652094813541502,0.17040380403451075
22,29,1390.406982421875,0.3370243087618898,factual,0.19865193050806595,0.06547655733246101,0.3370243087618898,0.1702330614683798,0.05886395110750334,0.1697501908217001
22,30,949.3975830078125,0.2752752985709354,symbolic,0.11696703231708533,0.006123589112905041,0.22746897607382355,0.15905041038436046,0.21511469354089024,0.2752752985709354
22,31,2563.2125244140625,0.25019867522545297,factual,0.10729533713401052,0.028835112873768855,0.25019867522545297,0.22254044547540777,0.15707917915545302,0.23405125013590686
22,32,4751.6689453125,0.4244489600590582,symbolic,0.08895592091512254,0.029604832512589635,0.16981261107065795,0.28385354529011086,0.0033241301524608233,0.4244489600590582
22,33,2304.3070678710938,0.3879394339642982,factual,0.07835403550591388,0.037306105109988094,0.3879394339642982,0.21999357044291765,0.11300800791613722,0.16339884706074495
22,34,1148.911865234375,0.514519406631147,reasoning,0.11104182519847776,0.022273006706626068,0.12753894384186124,0.514519406631147,0.016331902022612685,0.2082949155992752
22,35,1258.712646484375,0.5135218643024684,reasoning,0.024055281090570473,0.09561247608708597,0.2845199873460123,0.5135218643024684,0.043446392304265176,0.03884399886959779
22,36,2257.7052612304688,0.29467470651652655,symbolic,0.08920282032210494,0.05504127128875579,0.14283734226887884,0.26499150059652216,0.1532523590072117,0.29467470651652655
22,37,1202.9880981445312,0.2693841430921751,reasoning,0.0993026448778643,0.04521679288080518,0.2465615887603282,0.2693841430921751,0.13030084541377146,0.20923398497505574
22,38,2240.56298828125,0.27501905234912144,reasoning,0.14963699745002532,0.0448675466741692,0.2162364260865832,0.27501905234912144,0.09751108871780578,0.2167288887222951
22,39,1052.4102172851562,0.28357688293281863,reasoning,0.08233738948721978,0.04795597716806236,0.2576110953459753,0.28357688293281863,0.10918424614629424,0.21933440891962966
22,40,851.09228515625,0.26201724346643246,reasoning,0.12701982229866607,0.05293562328281041,0.17987283115619462,0.26201724346643246,0.1443839115291299,0.23377056826676657
22,41,1690.0869140625,0.285178854868896,reasoning,0.13572762298998814,0.02098013519783619,0.1844840432693169,0.285178854868896,0.11009056429119943,0.2635387793827633
22,42,2591.1239013671875,0.25597867419135345,reasoning,0.12742080213273163,0.056369148601933046,0.22770428286131378,0.25597867419135345,0.08660561684088375,0.24592147537178433
22,43,755.0750732421875,0.3530253856755435,factual,0.15574671716049032,0.05513812377992345,0.3530253856755435,0.16428755612857335,0.06154787550066081,0.21025434175480856
22,44,1204.81201171875,0.2971350034752407,factual,0.028836594790989097,0.06534090793955716,0.2971350034752407,0.10220307969142295,0.2480924677451058,0.2583919463576843
22,45,2556.296142578125,0.344075056331597,factual,0.07070237404982661,0.05977834675776119,0.344075056331597,0.22362342748817665,0.09591112782671539,0.20590966754592316
22,46,1802.8746337890625,0.45412982156250165,computational,0.45412982156250165,0.0,0.1404041627584636,0.07888091588757078,0.17891457388641688,0.14767052590504706
22,47,1902.1303100585938,0.373670133613233,factual,0.0552376529155623,0.05981215230674463,0.373670133613233,0.19971670974505834,0.18029297627496257,0.13127037514443918
22,48,2571.8826904296875,0.4370242950462016,reasoning,0.12123459153918273,0.023278237653356047,0.14735417853350702,0.4370242950462016,0.017659662033020006,0.2534490351947326
22,49,742.0565185546875,0.3252606915661267,factual,0.1520238686860362,0.04305759881637006,0.3252606915661267,0.24026707344898204,0.09528030193486449,0.1441104655476205
22,50,1799.43310546875,0.3202545004543803,symbolic,0.07121285078118407,0.12945391737143777,0.2842383831822034,0.13321503707086568,0.06162531113992878,0.3202545004543803
22,51,1277.1385498046875,0.2890445225384544,factual,0.11404469697396916,0.04029966970037904,0.2890445225384544,0.24960881043676836,0.1195803721909072,0.1874219281595218
22,52,1837.76025390625,0.5659652929684438,symbolic,0.11581042013341541,0.024296091141427938,0.08156210868305483,0.20029070871924232,0.012075378354415682,0.5659652929684438
22,53,1592.048583984375,0.29023186670942064,factual,0.04626300657058677,0.016295199332743548,0.29023186670942064,0.2553178324102431,0.11734256438897468,0.2745495305880312
22,54,1688.6152954101562,0.303020395989008,symbolic,0.10237092650679765,0.11960483437722168,0.18752298150170066,0.18614968485274472,0.10133117677252733,0.303020395989008
22,55,4499.04052734375,0.6924328754991705,symbolic,0.004332005467745673,0.10881437936799676,0.036952214746308214,0.1539516075204837,0.003516917398295101,0.6924328754991705
22,56,1524.2011108398438,0.2586191672915871,computational,0.2586191672915871,0.0748971539145583,0.17832335723067655,0.2153930375683887,0.09698440016704768,0.17578288382774163
22,57,1040.1080322265625,0.3573777091073186,symbolic,0.04276488707028231,0.0024255433765249137,0.11716863846470275,0.21653740098221186,0.2637258209989596,0.3573777091073186
22,58,4746.470947265625,0.42623664940209227,factual,0.18329901250132127,0.08141554593526389,0.42623664940209227,0.12616170679850805,0.06743669291715242,0.11545039244566212
22,59,3443.3055419921875,0.46092485351178386,symbolic,0.10342266766153002,0.010856841600508572,0.08300147488834464,0.337381798970978,0.004412363366854963,0.46092485351178386
22,60,3075.196533203125,0.44431524122132376,reasoning,0.10642513241301507,0.012396668626282699,0.08174302090226226,0.44431524122132376,0.010259760932136817,0.3448601759049794
22,61,1502.563232421875,0.39344827255638515,factual,0.09969893568916008,0.030252340604816085,0.39344827255638515,0.1169913261826836,0.04384914190415824,0.31575998306279685
22,62,1114.510498046875,0.39344429998893765,factual,0.07434707510457203,0.007763576840046134,0.39344429998893765,0.22578611116891764,0.11957750597750072,0.1790814309200258
22,63,2928.6485595703125,0.3150619788542512,symbolic,0.08503486382191618,0.07252551102601426,0.28450939414389825,0.19803693718218157,0.04483131497173852,0.3150619788542512
22,64,869.8494873046875,0.3512640743708046,symbolic,0.026773669284054422,0.0771581380186132,0.1632021467884269,0.16654703109416238,0.2150549404439385,0.3512640743708046
22,65,3535.971435546875,0.4467725985009396,factual,0.11596890744599708,0.02641801037730319,0.4467725985009396,0.15273038903529082,0.10981966934558392,0.1482904252948854
22,66,1661.7577514648438,0.2681945530559693,factual,0.11315848656143802,0.06431428152819785,0.2681945530559693,0.16749092667555002,0.18151945261334113,0.2053222995655037
22,67,726.938232421875,0.30313557605794583,factual,0.052024843335385366,0.03017491962321904,0.30313557605794583,0.14060386782507298,0.23725919291065542,0.23680160024772134
22,68,2079.5404663085938,0.46291234726722646,symbolic,0.07888717479820415,0.048575994892576545,0.10793611529459009,0.2308908426476785,0.07079752509972428,0.46291234726722646
22,69,1468.193603515625,0.2761036802339184,factual,0.0714494403714439,0.07022141532671702,0.2761036802339184,0.19568317186647002,0.15454208800175465,0.232000204199696
22,70,2478.895263671875,0.2945381691437137,factual,0.09308621463123015,0.06705636597231215,0.2945381691437137,0.19232150709776033,0.18778816877438492,0.16520957438059872
22,71,1672.4755859375,0.5346332946984582,factual,0.023448425361216618,0.011372666944993474,0.5346332946984582,0.0551378301603104,0.31709381559778466,0.05831396723723662
22,72,2120.9305419921875,0.4141171543873973,symbolic,0.023427447197105346,0.11631149335097896,0.11779952221231571,0.18902381013087852,0.13932057272132414,0.4141171543873973
22,73,1429.8935546875,0.39191055797286045,reasoning,0.09998183321939257,0.05972499865115069,0.13560955354112214,0.39191055797286045,0.04671884721532621,0.26605420940014796
22,74,1642.1732177734375,0.30848084356109484,factual,0.08772279849305897,0.02653886960690295,0.30848084356109484,0.24853741071576577,0.12363979735492168,0.20508028026825578
22,75,1106.1243896484375,0.5916966648865828,social_ethical,0.01910351093670042,0.014944868717989805,0.17141920356202167,0.13041249497454635,0.5916966648865828,0.07242325692215891
22,76,2040.9349365234375,0.23643350972188554,reasoning,0.13207567595824213,0.05832036780879914,0.14756193411713225,0.23643350972188554,0.20505427876066154,0.2205542336332794
22,77,1401.1072998046875,0.33910173759576145,factual,0.0820985877955938,0.03067633361622552,0.33910173759576145,0.2208068900582695,0.08741716996122365,0.23989928097292607
22,78,535.2747802734375,0.3390759026684555,computational,0.3390759026684555,0.023981002382911995,0.20261593520230806,0.17682397443449455,0.012496547867705396,0.2450066374441245
22,79,1244.5113525390625,0.3292184226501581,factual,0.08713239589027484,0.06447548939743916,0.3292184226501581,0.3102169222142107,0.041265176379448154,0.167691593468469
22,80,809.409423828125,0.27354712531833075,symbolic,0.08396813480121652,0.03264189113578362,0.22308941976104418,0.22308806243460325,0.16366536654902167,0.27354712531833075
22,81,1258.7835693359375,0.319654614474171,factual,0.09772686168626608,0.06824166707476904,0.319654614474171,0.228282609844593,0.17194557191143678,0.1141486750087641
22,82,1989.052978515625,0.34904508453926464,reasoning,0.07544112605605806,0.027251517430427606,0.22954124755850536,0.34904508453926464,0.08847081823962973,0.2302502061761146
22,83,1600.767333984375,0.30877136712541575,factual,0.12334279382309174,0.08364518786232737,0.30877136712541575,0.19634786661609277,0.12829601526245576,0.15959676931061656
22,84,1973.0872802734375,0.39488716914639505,factual,0.06476796437610075,0.05434765460591501,0.39488716914639505,0.22040165604904027,0.12946608015290717,0.13612947566964173
22,85,978.9132080078125,0.31703161527308577,factual,0.06848227959273534,0.04688302170637504,0.31703161527308577,0.20404022467418118,0.17973099004059853,0.18383186871302415
22,86,1291.2247314453125,0.34944018617256867,social_ethical,0.08696530147868448,0.08343892484131495,0.14656287233355642,0.18387727101311976,0.34944018617256867,0.14971544416075575
22,87,1253.3693237304688,0.3074623610976721,symbolic,0.12201973362522883,0.017417797135971823,0.2188282239040929,0.25373223727079786,0.08053964696623647,0.3074623610976721
22,88,3555.2947998046875,0.43440342867247095,reasoning,0.07803433307668076,0.010287734152561505,0.12165177824186973,0.43440342867247095,0.023849462531727494,0.33177326332468954
22,89,2291.1143798828125,0.45574415510328864,reasoning,0.07476265542475284,0.016095001020043413,0.21965767779937448,0.45574415510328864,0.009845270416465957,0.22389524023607466
22,90,1560.6549072265625,0.24992129377776962,reasoning,0.12416161740993369,0.031104620808087048,0.24410880504595855,0.24992129377776962,0.12126976503895029,0.2294338979193008
22,91,2985.377685546875,0.3434569226455084,symbolic,0.09354199304929209,0.04475500582387773,0.21911470025573052,0.1999728576140199,0.09915852061157136,0.3434569226455084
22,92,867.39501953125,0.3886070337897744,symbolic,0.047301321474309356,0.04596295931435326,0.10710500021109813,0.34755506142955656,0.06346862378090828,0.3886070337897744
22,93,1677.0440063476562,0.35039047099161036,social_ethical,0.03174312596397623,0.05189984863168921,0.1795336403159784,0.14460687020914348,0.35039047099161036,0.24182604388760232
22,94,8145.7657470703125,0.6039876479753601,symbolic,0.09056335630661977,0.023292692461048283,0.05999078706790141,0.2065818770605109,0.015583639128559545,0.6039876479753601
22,95,1231.5751342773438,0.2928829816563252,factual,0.13967768167977138,0.03549933053746763,0.2928829816563252,0.22598257013646508,0.15665735476835882,0.1493000812216119
22,96,1319.6412353515625,0.31519917532036673,factual,0.16196474150457968,0.046846302497913835,0.31519917532036673,0.17710992302761916,0.10545348453323301,0.19342637311628758
22,97,1172.00146484375,0.2953102144393584,factual,0.08899508344724465,0.06876737052126458,0.2953102144393584,0.2615801044803915,0.15972567960374276,0.1256215475079981
22,98,2119.6324462890625,0.27858707215934736,reasoning,0.04654426688644669,0.04024382820369627,0.2341791182219288,0.27858707215934736,0.21422522388093224,0.18622049064764865
22,99,1457.6116943359375,0.3829453832693159,factual,0.05695293136824263,0.08282993830792107,0.3829453832693159,0.17001278394875366,0.21406133866744606,0.09319762443832069
22,100,1123.81640625,0.41901321094762894,symbolic,0.033751764008661894,0.0880894222046111,0.07139727299902328,0.1430415506592005,0.24470677918087433,0.41901321094762894
22,101,4784.183349609375,0.3608357107299622,symbolic,0.19124406161150623,0.016866005664927283,0.3091581630244721,0.09944174874330317,0.02245431022582908,0.3608357107299622
22,102,1498.3917846679688,0.4437223160524767,reasoning,0.05754892401525382,0.019661908839355802,0.2215462044653914,0.4437223160524767,0.025222028614581934,0.23229861801294038
22,103,2665.55615234375,0.38572252104254595,symbolic,0.060771828991040396,0.04118681443083872,0.28298242426029835,0.19885093749673707,0.03048547377853949,0.38572252104254595
22,104,2125.7021484375,0.363231887074078,social_ethical,0.03864015061199907,0.0001079606508694967,0.2584899566733235,0.1953707047165941,0.363231887074078,0.14415934027313584
22,105,1473.5760498046875,0.3198941973825201,factual,0.10165906821294889,0.025701122516730474,0.3198941973825201,0.2625247741898607,0.12056983639611699,0.16965100130182284
22,106,1060.5533447265625,0.45402968881520406,social_ethical,0.03356839558874698,0.03128606604955103,0.3211495141661774,0.08148419444494641,0.45402968881520406,0.07848214093537413
22,107,1353.5343017578125,0.33452956502313774,reasoning,0.14717978729189612,0.02419591432405379,0.19583423857877863,0.33452956502313774,0.1299155955008918,0.16834489928124188
22,108,821.3463134765625,0.27061973533652306,reasoning,0.23808395342239075,0.13627728685381474,0.15927538642148756,0.27061973533652306,0.01284690469704178,0.18289673326874212
22,109,1120.4273681640625,0.32628617118995273,factual,0.0942763125424836,0.013260386372954045,0.32628617118995273,0.13604112026083448,0.15632549879114774,0.27381051084262736
22,110,1091.3016357421875,0.2771263754142504,reasoning,0.0589287873535659,0.0422768914745877,0.21477530673294,0.2771263754142504,0.17113688532466034,0.23575575369999563
22,111,1022.148193359375,0.28481526942696656,factual,0.15984139370232395,0.002121470296907913,0.28481526942696656,0.2210540043408693,0.17966682263605463,0.15250103959687766
22,112,1854.1249389648438,0.29157413117256664,reasoning,0.21025250425612524,0.0840917581657742,0.17268500018582536,0.29157413117256664,0.04770165287142336,0.19369495334828518
22,113,1302.5715942382812,0.42469357467033575,social_ethical,0.04398534993104695,0.023227789941706076,0.3100493300957349,0.09094202316228325,0.42469357467033575,0.10710193219889311
22,114,845.5338134765625,0.2760831303842152,reasoning,0.12874336995585,0.22795838312318012,0.13287352707593164,0.2760831303842152,0.0049843985797965035,0.22935719088102655
22,115,1158.715087890625,0.24348785960337516,reasoning,0.19079098046247264,0.07511856584473516,0.14389413027167375,0.24348785960337516,0.14726900861908215,0.19943945519866113
22,116,905.99951171875,0.2875122541952598,symbolic,0.02905221109067323,0.06307036912681145,0.25890776922716247,0.17981707767286972,0.18164031868722336,0.2875122541952598
22,117,1925.9710693359375,0.3905605146044492,symbolic,0.09193053042755991,0.02219773596099015,0.17570872039425628,0.22132839974254567,0.09827409887019883,0.3905605146044492
22,118,1336.224365234375,0.30312058357351995,symbolic,0.031792606667976085,0.10125247228528231,0.21046467543975847,0.12385315653162926,0.22951650550183395,0.30312058357351995
22,119,847.4794921875,0.39147564181010097,factual,0.06250208856916016,0.01827051493456585,0.39147564181010097,0.18687479762485035,0.25464656224397025,0.08623039481735247
22,120,1657.0836181640625,0.7258961420434835,reasoning,0.03165918333114914,0.003535735146276981,0.10277683792554587,0.7258961420434835,0.003387740648519403,0.13274436090502503
22,121,582.812255859375,0.42185318442241304,reasoning,0.06142345066330876,0.03770800004524131,0.10411385896190473,0.42185318442241304,0.05947116264710232,0.31543034326002983
22,122,1373.1434326171875,0.29677198198455285,factual,0.1120930240414281,0.06416280647404686,0.29677198198455285,0.18300802281774103,0.21239224730906636,0.13157191737316482
22,123,1016.5465087890625,0.44654801791019183,factual,0.028848104045980396,0.016843971737662545,0.44654801791019183,0.209835691149941,0.2073436013405625,0.09058061381566172
22,124,1410.1873779296875,0.4848771084087046,reasoning,0.009353758205649028,0.0157918951754441,0.23536080185210592,0.4848771084087046,0.06488707183143032,0.189729364526666
22,125,623.587646484375,0.2763028954101358,reasoning,0.10009200478424878,0.02647780237763853,0.2720103828377799,0.2763028954101358,0.06352793323976251,0.26158898135043446
22,126,1487.5615844726562,0.2868160206569704,reasoning,0.10181842770181398,0.03964835522295086,0.2194120770915759,0.2868160206569704,0.12704256721251653,0.22526255211417234
22,127,1532.8898315429688,0.5780631448297138,social_ethical,0.021804853674916934,0.05570497347248544,0.26022204298354434,0.041664485023950155,0.5780631448297138,0.04254050001538929
24,0,1805.4378662109375,0.3358265472276915,factual,0.10940918978019623,0.042857315752169334,0.3358265472276915,0.21474296367710205,0.0990822471203295,0.19808173644251137
24,1,1227.2815551757812,0.5781872698931821,social_ethical,0.035936237817589124,0.02555528131124961,0.19490077000540237,0.11986096327585824,0.5781872698931821,0.045559477696718496
24,2,585.1790771484375,0.3341224797847714,symbolic,0.08533587328765338,0.04783295544837516,0.19879940431229004,0.2766904328456813,0.05721885432122871,0.3341224797847714
24,3,1785.0079345703125,0.3656875212211627,social_ethical,0.1196542245543513,0.028687490105339032,0.34775967779051664,0.07305851792254349,0.3656875212211627,0.0651525684060868
24,4,2131.7620849609375,0.4422439050367927,symbolic,0.025549098557296562,0.06833150140622714,0.19242753198905482,0.2226977056866663,0.048750257323962494,0.4422439050367927
24,5,1792.2655029296875,0.740913017421934,reasoning,0.06719424741689602,0.027034977430894565,0.059864779479478575,0.740913017421934,0.013180142347498907,0.09181283590329785
24,6,2117.5458984375,0.3182241520923349,computational,0.3182241520923349,0.042719244482137944,0.09117679341181635,0.2295512014340746,0.01125743474236603,0.3070711738372702
24,7,254.946533203125,0.34740787983080856,factual,0.08159071343275293,0.04347667872303955,0.34740787983080856,0.22588988768133636,0.13299692318299736,0.16863791714906523
24,8,887.4327392578125,0.383352804164158,factual,0.027530558062485205,0.00044292529322135854,0.383352804164158,0.09262296919784717,0.15216079453644774,0.3438899487458405
24,9,1750.1783447265625,0.35831218651614816,symbolic,0.11195615457994969,0.028536572828341086,0.09866230847986265,0.28817215265659657,0.11436062493910185,0.35831218651614816
24,10,1092.790771484375,0.6053153535768311,reasoning,0.029437088911234876,0.019581682238731246,0.1731392330461246,0.6053153535768311,0.0007706535486143986,0.17175598867846376
24,11,2196.5844116210938,0.3282348730393887,symbolic,0.13288683749981486,0.02787847643543044,0.22277840082587827,0.2430846963415519,0.04513671585793585,0.3282348730393887
24,12,3581.70849609375,0.4079213653247655,factual,0.07733572367957364,0.039980531233798466,0.4079213653247655,0.1473490863885091,0.0373315057422704,0.2900817876310829
24,13,950.0783081054688,0.31615737883448264,symbolic,0.0710129195636436,0.04267297045762894,0.26622933977674407,0.23454924401983465,0.06937814734766608,0.31615737883448264
24,14,239.1353759765625,0.34791375382402323,reasoning,0.21609731918936068,0.04422977676841772,0.05216853318305235,0.34791375382402323,0.016458932811025232,0.3231316842241208
24,15,1918.070556640625,0.293231889295082,symbolic,0.039527878930051705,0.016074057677946577,0.2040440317768265,0.28524338766641333,0.1618787546536799,0.293231889295082
24,16,2857.206298828125,0.3416036941269578,reasoning,0.19281786211314472,0.16746136947960102,0.10309420131406018,0.3416036941269578,0.01883446948364269,0.17618840348259357
24,17,3366.5238037109375,0.3447528792562542,symbolic,0.09656616263871326,0.2822586514025404,0.1544138829858539,0.115290851086041,0.0067175726305971776,0.3447528792562542
24,18,534.1016845703125,0.5851562876754627,reasoning,0.01846841894874503,0.013569623169379624,0.08573555416341645,0.5851562876754627,0.05852614218575336,0.23854397385724285
24,19,1060.152099609375,0.4456418284614692,reasoning,0.010324515364029382,0.08157583059808404,0.12553706110216442,0.4456418284614692,0.2455396034849989,0.09138116098925406
24,20,6824.8514404296875,0.9046335017988011,symbolic,0.015610494612307249,0.012614868652257,0.02637344924178198,0.03999194550920195,0.0007757401856507186,0.9046335017988011
24,21,2403.6881103515625,0.6184388786904971,factual,0.06045945934828239,0.07022462480726614,0.6184388786904971,0.17653652455564373,0.023743623550499915,0.050596889047810796
24,22,2579.314453125,0.2978754498871354,factual,0.06813736124772737,0.050765972365779725,0.2978754498871354,0.23756099458658847,0.08942062904311572,0.2562395928696533
24,23,971.813232421875,0.5071353258735546,social_ethical,0.03409280181844355,0.0011146709233680698,0.22851783938237635,0.16133561543174846,0.5071353258735546,0.06780374657050903
24,24,4373.0611572265625,0.47304761203186113,symbolic,0.08091152672374312,0.017543991384351497,0.11724542994318604,0.2997809548243715,0.011470485092486717,0.47304761203186113
24,25,1676.4661865234375,0.26464332650750044,social_ethical,0.0603040234647683,0.060971582783289846,0.22501886066235602,0.17778426955590923,0.26464332650750044,0.21127793702617614
24,26,1671.336669921875,0.9302218369086425,reasoning,0.007775283951681288,0.0029862127042951186,0.027345837846444423,0.9302218369086425,0.011837996901747715,0.019832831687188995
24,27,603.905517578125,0.35303689323685306,computational,0.35303689323685306,0.00302454280143451,0.11226444728062009,0.21046940952790613,0.2638934313067165,0.057311275846469736
24,28,169.87158203125,0.5171013259671684,factual,0.09523652115424967,0.003848840317680233,0.5171013259671684,0.13703481202769785,0.14025559289099934,0.10652290764220444
24,29,916.818115234375,0.4336126639588399,symbolic,0.0910215384336803,0.04020811192326978,0.18411069513461953,0.2412954056507532,0.009751584898837293,0.4336126639588399
24,30,2717.4168701171875,0.20810177260500265,creative,0.18015676598605126,0.20810177260500265,0.16891162373575871,0.1845951402445497,0.06967326246854431,0.18856143496009337
24,31,3482.68603515625,0.5555021345127914,factual,0.01980086760104148,0.0015570187398852666,0.5555021345127914,0.11439986815357948,0.15832678003533382,0.1504133309573685
24,32,2188.85888671875,0.6733871570406151,symbolic,0.02594805503634684,0.019566472434646067,0.17565154280276338,0.10084360541208441,0.004603167273544135,0.6733871570406151
24,33,2040.1353759765625,0.2655231272290938,reasoning,0.0938361634314895,0.034389113630286364,0.2117153516387959,0.2655231272290938,0.18669750452782,0.20783873954251442
24,34,1492.800537109375,0.3384164326468625,reasoning,0.13098533145168928,0.03241653339081408,0.28219247622581756,0.3384164326468625,0.08570873451695483,0.13028049176786174
24,35,4596.4224853515625,0.5165383828970885,symbolic,0.12475761802371935,0.02361630973987205,0.08065211212025275,0.2508946684476954,0.003540908771371927,0.5165383828970885
24,36,2572.3250732421875,0.5073317164699165,social_ethical,0.01723992047070666,0.0,0.41351483571920106,0.025945774696645916,0.5073317164699165,0.03596775264352993
24,37,1340.2764892578125,0.29551060631383175,symbolic,0.1667876036757443,0.02713154324701069,0.1510016125440535,0.21108014949617676,0.14848848472318296,0.29551060631383175
24,38,2728.3331298828125,0.28739346157950346,factual,0.08731923506873782,0.04066673213871454,0.28739346157950346,0.2129466425926394,0.18705935279762134,0.18461457582278343
24,39,3338.9739990234375,0.5783175625962536,factual,0.013767620405533238,0.026296467921562174,0.5783175625962536,0.009715249311087044,0.3668088637848855,0.005094235980678448
24,40,1457.0831298828125,0.3778395122492706,reasoning,0.16881671019589198,0.021683209168574344,0.17261994273829895,0.3778395122492706,0.0142783119736437,0.24476231367432041
24,41,3379.50341796875,0.6100837236424834,symbolic,0.04275263201315721,0.07164008441860636,0.06116505710045753,0.19588488913014362,0.018473613695151853,0.6100837236424834
24,42,2350.2169189453125,0.4223412306574718,reasoning,0.14280487635756278,0.09357254205414571,0.14969051279705992,0.4223412306574718,0.035630333947835706,0.15596050418592408
24,43,953.5167236328125,0.37349967207381085,computational,0.37349967207381085,0.061273741363212786,0.17824999945591008,0.14672056527997138,0.2216347046916809,0.018621317135413994
24,44,468.4442138671875,0.32927104791016015,reasoning,0.13739926696972896,0.03670154619093966,0.15950222736446562,0.32927104791016015,0.07375670847779606,0.2633692030869096
24,45,1874.088134765625,0.4548225276224831,factual,0.10559582036315839,0.039435194068990584,0.4548225276224831,0.15849228107679972,0.022322249166749714,0.21933192770181853
24,46,2759.0013427734375,0.3445528682549604,symbolic,0.13814622848268446,0.05068207362274204,0.2194865182718905,0.20355438136861947,0.04357792999910317,0.3445528682549604
24,47,1987.88525390625,0.2762374824651963,social_ethical,0.06955928599728482,0.050860203247749,0.23576994337526458,0.17075816180481918,0.2762374824651963,0.19681492310968615
24,48,1487.2437744140625,0.3072106285377249,reasoning,0.07794475496000698,0.020073704594434718,0.06330150914749381,0.3072106285377249,0.2907599383789602,0.24070946438137938
24,49,1499.4498291015625,0.26165765715012823,social_ethical,0.09221464936724431,0.022946404577264788,0.21384788512518385,0.1666706693283417,0.26165765715012823,0.24266273445183711
24,50,1793.3301391601562,0.400146607160233,symbolic,0.08810659452797522,0.07825873604384138,0.031745235445973734,0.3114178953785901,0.09032493144338656,0.400146607160233
24,51,795.294921875,0.40422630288979866,reasoning,0.036536293778595304,0.02260134064849174,0.21902129467498055,0.40422630288979866,0.13995658671237823,0.17765818129575556
24,52,782.52294921875,0.448533077666577,social_ethical,0.1039520294120767,0.016833197408971757,0.1258569630608128,0.2321525177414051,0.448533077666577,0.07267221471015664
24,53,875.8546752929688,0.24758127228266086,factual,0.18813919411724164,0.022255326357771492,0.24758127228266086,0.21524211528039403,0.1545883997376168,0.17219369222431521
24,54,197.2777099609375,0.548614905398741,symbolic,0.1336304273438694,0.03713881389692092,0.09988435114432964,0.09152162089079939,0.0892098813253396,0.548614905398741
24,55,2268.88525390625,0.3792534428366766,reasoning,0.1989502390633134,0.002410324625533473,0.16975033986653257,0.3792534428366766,0.0049030737449579555,0.24473257986298597
24,56,1225.9659423828125,0.33659274768689745,factual,0.07042059568581972,0.020750139921755336,0.33659274768689745,0.18991014041164328,0.135186072286551,0.2471403040073332
24,57,1350.5479736328125,0.3631022166295528,factual,0.05255932266353474,0.002656799192385108,0.3631022166295528,0.2737559777755864,0.03731205748823923,0.27061362625070173
24,58,1120.475341796875,0.43435523122837577,factual,0.054076214078889774,0.06542132234527452,0.43435523122837577,0.1580630169037058,0.15563059937025367,0.13245361607350048
24,59,1287.9508056640625,0.3522422225303583,reasoning,0.0497776823250885,0.052131227186172774,0.04697668718657274,0.3522422225303583,0.1882667182768321,0.31060546249497556
24,60,1999.4329833984375,0.41921046341568396,reasoning,0.009292795717535886,0.27293113800879215,0.08615436932650888,0.41921046341568396,0.0021182763301729524,0.21029295720130617
24,61,1168.068359375,0.3852248804867812,reasoning,0.05118282136473311,0.010537562849991054,0.12389860981755736,0.3852248804867812,0.3064758482136139,0.12268027726732336
24,62,1011.2757568359375,0.3561576370734724,factual,0.15627124859569905,0.04475982545928955,0.3561576370734724,0.16318945638721394,0.06577095593618393,0.21385087654814108
24,63,1869.5994262695312,0.3219429191182402,factual,0.04955085965869728,0.04165807393737633,0.3219429191182402,0.21811972289847742,0.11014975196951558,0.25857867241769317
24,64,36.7470703125,0.7294772648754949,factual,0.1526017167610088,0.0,0.7294772648754949,0.09232905471843525,0.02559196364506099,0.0
24,65,2675.3521728515625,0.38188240495681675,reasoning,0.07782292644098723,0.002033629023997233,0.21253914576174054,0.38188240495681675,0.03908806544480103,0.28663382837165724
24,66,4.86181640625,0.6325198352917546,factual,0.0,0.0,0.6325198352917546,0.0,0.36748016470824546,0.0
24,67,2610.66796875,0.3353877513537454,symbolic,0.27880187736316286,0.0005855070316953725,0.12560280759084944,0.2076525797097546,0.05196947695079235,0.3353877513537454
24,68,1317.89697265625,0.36953183209073703,factual,0.32376457594571134,0.03257068312478488,0.36953183209073703,0.12138590831673184,0.03339782508902196,0.11934917543301299
24,69,2114.9222412109375,0.49969008007472016,reasoning,0.08738801080007016,0.013997448723244767,0.1051005160445248,0.49969008007472016,0.04860239360113332,0.24522155075630678
24,70,1162.702392578125,0.31931783129995217,symbolic,0.14690245250900327,0.07075937510039519,0.16467416102161314,0.2761786054973208,0.0221675745717154,0.31931783129995217
24,71,2112.6062622070312,0.4662830298066842,reasoning,0.08972308940751379,0.07876268012013195,0.09319086754286496,0.4662830298066842,0.04744942072388474,0.2245909123989204
24,72,1962.9879150390625,0.41669968223589915,factual,0.15038390199192242,0.024492940244193122,0.41669968223589915,0.12461764177484487,0.08406542287673925,0.1997404108764012
24,73,1258.3084716796875,0.6755875473403684,factual,0.007884022439521373,0.042373237338576605,0.6755875473403684,0.15468900413200812,0.043032721084455924,0.07643346766506957
24,74,4064.63818359375,0.3298384780414251,factual,0.0795815219369517,0.033941030315895036,0.3298384780414251,0.189943748356484,0.10051933003050438,0.2661758913187398
24,75,3385.56201171875,0.43306281369746963,symbolic,0.07426310976168186,0.07075232298921012,0.2016289516993333,0.19692856455730048,0.023364237295004593,0.43306281369746963
24,76,3254.017822265625,0.4812880440699175,reasoning,0.2249913849742697,0.0009376929377496585,0.1314449226943524,0.4812880440699175,0.0032780988827138804,0.15805985644099688
24,77,1557.7945556640625,0.38471167820780283,symbolic,0.044678611440249004,0.05712782078968594,0.21574236099917463,0.20531541353480673,0.09242411502828086,0.38471167820780283
24,78,3370.7892456054688,0.29842688752429497,factual,0.193699021661701,0.02757071173017131,0.29842688752429497,0.2135250267301267,0.03294514707667232,0.23383320527703375
24,79,4179.088134765625,0.6050201708247298,symbolic,0.08102227860361985,0.0035111343361445813,0.06671987717864916,0.18960735899920228,0.054119180057654294,0.6050201708247298
24,80,917.5987548828125,0.7567523559030243,reasoning,0.014745304922768739,0.0005605982943391146,0.059509092028981365,0.7567523559030243,0.02399078671203779,0.14444186213884877
24,81,1378.1890869140625,0.23175748718459716,factual,0.13201040732498534,0.13077720574395765,0.23175748718459716,0.1547926174422338,0.22870862811527773,0.12195365418894831
24,82,1297.031005859375,0.35134356014026175,computational,0.35134356014026175,0.05589218465625088,0.20763673195186047,0.1921482901435614,0.06299458705927506,0.12998464604879045
24,83,998.9111328125,0.3979694687086036,social_ethical,0.047227327607697836,0.031108702346793627,0.231623422965436,0.21108726787468776,0.3979694687086036,0.08098381049678116
24,84,965.56787109375,0.2938455096706267,factual,0.13266308736914553,0.02032432137216856,0.2938455096706267,0.1681352001508989,0.11978901967804527,0.265242861759115
24,85,757.0013427734375,0.3532266738478929,symbolic,0.056159016860024946,0.01851111571583952,0.09459287526677637,0.1898552816279668,0.28765503668149944,0.3532266738478929
24,86,1198.03466796875,0.3098404369134834,reasoning,0.07619330976228564,0.06277116044954811,0.26425491374830606,0.3098404369134834,0.16215298085446747,0.12478719827190936
24,87,4733.55126953125,0.6875859846901993,symbolic,0.006945205916087092,0.16659947950927517,0.05114952446862403,0.07571488046651681,0.012004924949297594,0.6875859846901993
24,88,4205.8292236328125,0.45973836593806267,factual,0.03992923581665177,0.0439900525199386,0.45973836593806267,0.19491255524406592,0.00719106344016061,0.25423872704112044
24,89,375.2020263671875,0.25002610898100147,factual,0.18943245094195674,0.06415879465977802,0.25002610898100147,0.2174954573626513,0.09240074113718033,0.18648644691743219
24,90,1934.5997314453125,0.3917853091709042,reasoning,0.17422185843842228,0.0036979498229488053,0.12121269483471384,0.3917853091709042,0.004564039630644183,0.3045181481023667
24,91,698.635009765625,0.38230834471096503,reasoning,0.007386054488925636,0.030040966463272936,0.2902568100673432,0.38230834471096503,0.05273344471589235,0.23727437955360078
24,92,2552.2544555664062,0.23097198098427887,symbolic,0.10177166771765646,0.07778040329263318,0.21530219302658204,0.2120350571837853,0.16213869779506415,0.23097198098427887
24,93,862.0126953125,0.7082378404465385,factual,0.07716344492642468,0.0,0.7082378404465385,0.044698034781879704,0.01307832437031339,0.1568223554748437
24,94,1385.662109375,0.36392157615873505,factual,0.09393363464273481,0.019883989067726253,0.36392157615873505,0.2986034076669688,0.10646096180328955,0.11719643066054557
24,95,630.06982421875,0.42329041067652007,reasoning,0.12748656794145613,0.01334952490849616,0.14905845783771174,0.42329041067652007,0.057671249543740116,0.22914378909207575
24,96,1834.9257202148438,0.29196442467645817,symbolic,0.2216872975509143,0.02039814295265047,0.1904439158508331,0.2580103403394883,0.017495878629655712,0.29196442467645817
24,97,2185.5177001953125,0.3552970239046422,symbolic,0.08273814647101244,0.03145780375419444,0.19884916917735887,0.31058580373140593,0.02107205296138616,0.3552970239046422
24,98,659.2112121582031,0.34665027362348827,social_ethical,0.1130566765024617,0.03499684482681916,0.1023056628819557,0.1737772448197269,0.34665027362348827,0.22921329734554824
24,99,1892.8265380859375,0.2944490322638895,symbolic,0.132038074207881,0.028571004773302783,0.24960358982808953,0.2483816784884079,0.0469566204384293,0.2944490322638895
24,100,1844.9403076171875,0.5036438009333355,social_ethical,0.03010913703686133,0.004479364520429111,0.2781957966622581,0.13915129341485116,0.5036438009333355,0.04442060743226483
24,101,1064.6954345703125,0.4111881641621718,symbolic,0.10374966249082061,0.04802198123477626,0.24032442156229344,0.17265782961103465,0.024057940938903243,0.4111881641621718
24,102,1834.45947265625,0.47789470406095547,reasoning,0.04468664001577866,0.0027592692308408924,0.11095614740909769,0.47789470406095547,0.10372273103905724,0.25998050824427005
24,103,1797.1964111328125,0.3319401495642797,reasoning,0.09970016912056423,0.004481942869865737,0.2130059888064859,0.3319401495642797,0.09100029865581788,0.25987145098298653
24,104,1737.6875,0.25124677417904545,factual,0.17173548605366326,0.12106052235819875,0.25124677417904545,0.17954257690267236,0.0761881024529727,0.20022653805344748
24,105,899.3197021484375,0.28552886995337595,computational,0.28552886995337595,0.1524896680935717,0.1013798000251655,0.22984373903505348,0.15294424890124872,0.07781367399158462
24,106,1514.6162109375,0.4233364168934607,symbolic,0.02655552955027412,0.022004497839090066,0.31642887953128596,0.19037586712031912,0.02129880906557006,0.4233364168934607
24,107,994.928955078125,0.3335983695640171,symbolic,0.07615387994147077,0.07825578636194433,0.17617684797590516,0.16346529237988836,0.17234982377677427,0.3335983695640171
24,108,2416.54443359375,0.6576456689047244,factual,0.0414766735575055,0.0009944266442894574,0.6576456689047244,0.03221020944688137,0.26298134422073743,0.004691677225861841
24,109,627.413330078125,0.5463069359134747,symbolic,0.09155759888088377,0.09084997966835091,0.07479906688431584,0.19200645165056024,0.004479967002414505,0.5463069359134747
24,110,336.826416015625,0.4710399299527921,computational,0.4710399299527921,0.016399193703289478,0.37133065775806895,0.06363611983117347,0.052850705364656456,0.024743393390019578
24,111,2615.54638671875,0.5698027251789788,social_ethical,0.03336271120753144,0.09888710066144088,0.08618697283875205,0.09444154254188121,0.5698027251789788,0.11731894757141559
24,112,1286.9990234375,0.39195393838773734,factual,0.08109989703214313,0.013730691629859008,0.39195393838773734,0.1835446627821657,0.14318972339813657,0.18648108676995828
24,113,2292.4688720703125,0.33184251997014896,factual,0.13969213369290207,0.055706085840157335,0.33184251997014896,0.1879224628665587,0.06116234347298349,0.22367445415724946
24,114,1225.665283203125,0.30474481233784667,symbolic,0.11439239491467186,0.03026985304736247,0.16483713703794078,0.23812143636119176,0.1476343663009865,0.30474481233784667
24,115,1584.9346313476562,0.2997190842161621,reasoning,0.14361644711524593,0.01878265924700152,0.1908024582509052,0.2997190842161621,0.08227008080733318,0.26480927036335206
24,116,1248.8709106445312,0.29851680969055006,factual,0.07155525882485356,0.10904097407125704,0.29851680969055006,0.23358095772152787,0.14211391432133938,0.1451920853704721
24,117,1866.52783203125,0.5933108166614304,social_ethical,0.06503978000595922,0.0008386854246884817,0.0633735925009071,0.15455218357740927,0.5933108166614304,0.12288494182960559
24,118,928.58447265625,0.5927075506075749,reasoning,0.07417926521014165,0.0003530975038136108,0.24654947755766954,0.5927075506075749,0.04543573493972102,0.040774874181079335
24,119,532.6922607421875,0.3624599117973608,symbolic,0.11021961288459754,0.020445642173190202,0.16276492014441493,0.24753249163862354,0.096577421361813,0.3624599117973608
24,120,1313.5501708984375,0.33179832022424766,factual,0.06679700013094061,0.016983620713448864,0.33179832022424766,0.26399951749915873,0.02541075068005018,0.295010790752154
24,121,2971.080810546875,0.43098494134580356,factual,0.06519310044983598,0.2126238141814153,0.43098494134580356,0.03877046532627714,0.2045069549425299,0.0479207237541381
24,122,2238.3785400390625,0.2817564048944862,symbolic,0.0859792470844281,0.041797866879368296,0.24255937391901106,0.19705120801631823,0.15085589920638812,0.2817564048944862
24,123,1289.6927490234375,0.41966565021287416,factual,0.3593208169149875,0.01979524594178055,0.41966565021287416,0.13149991154892735,0.03243092416084825,0.03728745122058221
24,124,1308.04150390625,0.304919538805369,reasoning,0.04877058191348663,0.06217390622684424,0.26466906369815024,0.304919538805369,0.13634811929959995,0.18311879005655
24,125,1691.8770751953125,0.36130791248423416,symbolic,0.10462106499367202,0.005496954261505007,0.14931748574317902,0.18617313295512355,0.19308344956228624,0.36130791248423416
24,126,2184.6007080078125,0.4320764647385047,symbolic,0.1122531319272547,0.026389440602888347,0.13034452079874392,0.24839976243066356,0.05053667950194479,0.4320764647385047
24,127,1464.5592041015625,0.4143457366593461,factual,0.019869526322154746,0.005828465512759187,0.4143457366593461,0.11081219193495002,0.37317515594070816,0.07596892363008181
27,0,4465.0411376953125,0.619008176503133,symbolic,0.02154183527046062,0.09564302671767819,0.051846625218914616,0.20352014730757337,0.00844018898224015,0.619008176503133
27,1,1187.581298828125,0.38111288844739866,symbolic,0.17048493596141548,0.0269015299733797,0.1724234340042098,0.24068880563892317,0.008388405974673198,0.38111288844739866
27,2,2120.0057373046875,0.6113566425964239,factual,0.08332151500133557,0.017844731243644947,0.6113566425964239,0.09505267060618744,0.0903407692953919,0.10208367125701621
27,3,881.968994140625,0.3027019732626168,social_ethical,0.01271845748634273,0.014487293583886153,0.1760477724152917,0.1982607829106627,0.3027019732626168,0.29578372034119993
27,4,1517.1280517578125,0.28398777855047586,factual,0.04842177695395988,0.04855671079413594,0.28398777855047586,0.16300426292771997,0.20590043073424366,0.25012904003946473
27,5,2110.198486328125,0.5229835042407635,symbolic,0.11100839915158121,0.024205018110406668,0.20191289904994267,0.11312262006973435,0.026767559377571696,0.5229835042407635
27,6,1678.19580078125,0.3271659860719331,reasoning,0.0633301522136665,0.14897416164646218,0.17914950632029317,0.3271659860719331,0.12090119277439702,0.16047900097324805
27,7,1462.814208984375,0.4642653229382643,factual,0.08613575775904182,0.05995606913378486,0.4642653229382643,0.11033837381692335,0.0537864377762056,0.22551803857578007
27,8,1828.45166015625,0.7638099655804025,factual,0.01616257671906382,0.0,0.7638099655804025,0.04839279519765299,0.04620755532731999,0.12542710717556077
27,9,1214.4102783203125,0.3654780760297409,symbolic,0.01312536255651509,0.09577472830186896,0.1548741919469055,0.13043018062413547,0.24031746054083405,0.3654780760297409
27,10,1252.822509765625,0.2454223968106391,reasoning,0.17486306798262752,0.05467770918050083,0.2106527623855587,0.2454223968106391,0.1431431878136107,0.17124087582706315
27,11,5061.6763916015625,0.44825690560720804,symbolic,0.1364205591607026,0.02585907289652857,0.07295433600754829,0.31242153520683935,0.00408759112117319,0.44825690560720804
27,12,1064.173095703125,0.35538775911919945,reasoning,0.05099024904028652,0.023676297411268515,0.3158925065837274,0.35538775911919945,0.04869124973932362,0.20536193810619446
27,13,3427.770751953125,0.5094530691946361,symbolic,0.08683964108927904,0.02239192760703608,0.10295549570022369,0.25593122266722385,0.022428643741601317,0.5094530691946361
27,14,2155.7684326171875,0.4147659223031865,symbolic,0.10013892935214527,0.02170265041643415,0.06932401965905542,0.35456984703615024,0.039498631233028436,0.4147659223031865
27,15,922.0439453125,0.30544481784588207,reasoning,0.17389980437907035,0.00582758668167804,0.2958835404104968,0.30544481784588207,0.05006047620510224,0.1688837744777705
27,16,3660.72607421875,0.6193813276401606,symbolic,0.08839325574580371,0.004843362832920755,0.12147125040698707,0.16024152856672394,0.0056692748074039165,0.6193813276401606
27,17,933.1243896484375,0.5513846854230454,creative,0.06672392174151362,0.5513846854230454,0.11548248302134115,0.11097668741672559,0.011819357404448236,0.14361286499292597
27,18,1953.724365234375,0.27014822326398585,symbolic,0.08843117518311568,0.037917551551367674,0.2598676281216202,0.21984478513156275,0.12379063674834785,0.27014822326398585
27,19,1115.3880615234375,0.2760750242496136,factual,0.09741510008636069,0.03505613663791297,0.2760750242496136,0.2462522951357732,0.124680935497177,0.22052050839316253
27,20,2085.8011474609375,0.668599182191392,social_ethical,0.0071813565996794145,0.1405455284032787,0.09817009925098685,0.04360174995053223,0.668599182191392,0.041902083604130724
27,21,1007.8812255859375,0.5678324019328623,symbolic,0.058621608046834986,0.012650542362481821,0.055517774163414,0.268715687144881,0.036661986349525826,0.5678324019328623
27,22,823.2984619140625,0.6290508611436851,social_ethical,0.02907808348213445,0.0,0.04722364025828009,0.2504398794803617,0.6290508611436851,0.04420753563553856
27,23,1500.3890380859375,0.33751524567968905,factual,0.08204577800337755,0.04786120331583923,0.33751524567968905,0.25299964926088914,0.13596864159661715,0.14360948214358793
27,24,1383.2109985351562,0.342923157428723,social_ethical,0.09507147238509876,0.012735471844294166,0.19119379836204511,0.18095464985395054,0.342923157428723,0.17712145012588842
27,25,2335.11669921875,0.3314963932769855,symbolic,0.1082739357203064,0.05404193028528628,0.31120195035086534,0.1460705569829198,0.04891523338363668,0.3314963932769855
27,26,112.0948486328125,0.6923076923076923,symbolic,0.040040031319389165,0.0,0.16363182947267776,0.09055615873572469,0.01346428816451609,0.6923076923076923
27,27,505.7725830078125,0.3162282428283424,factual,0.039529465600878916,0.03870837877830873,0.3162282428283424,0.15990557260186292,0.24547479067957848,0.20015354951102857
27,28,1953.7637939453125,0.2736632450149273,social_ethical,0.15704688585289572,0.01786540689535729,0.20312100423655188,0.15372778390667602,0.2736632450149273,0.19457567409359178
27,29,1171.719482421875,0.5088405482144193,symbolic,0.031206537200874365,0.00028524618787951654,0.06864140095258475,0.11528269480762343,0.27574357263661864,0.5088405482144193
27,30,1718.988525390625,0.26090150557230907,symbolic,0.13212505878090497,0.037515674316220604,0.21792401821508578,0.2497350864801859,0.10179865663529365,0.26090150557230907
27,31,1454.0882568359375,0.2831999554059049,factual,0.06768035402607361,0.027092759663432112,0.2831999554059049,0.27914056634668666,0.07190906968507352,0.2709772948728292
27,32,3757.593994140625,0.3807943939047911,symbolic,0.11301066427654155,0.09048788244898595,0.24865836468531663,0.1311305133711972,0.035918181313167576,0.3807943939047911
27,33,506.69775390625,0.37580983061855977,creative,0.04862187860466775,0.37580983061855977,0.1815767208208018,0.0409470982936581,0.09257654061752867,0.2604679310447839
27,34,2696.8702392578125,0.2643641960368828,reasoning,0.10271726562379414,0.08413774086453024,0.07016669396821883,0.2643641960368828,0.25883012087081375,0.21978398263576018
27,35,3085.45703125,0.40502904249648997,factual,0.04260145092210559,0.013972903376095266,0.40502904249648997,0.34231682591086965,0.006961329105670883,0.18911844818876863
27,36,1350.5816650390625,0.4526377297831293,symbolic,0.03180785550207362,0.015013785744983828,0.122364721869601,0.18770892713416934,0.19046697996604292,0.4526377297831293
27,37,1720.032470703125,0.6044953956940936,symbolic,0.0448762450404549,0.07129978156923535,0.15516923238952526,0.06703286595953332,0.05712647934715758,0.6044953956940936
27,38,1627.3812255859375,0.37516501322768686,factual,0.04354931516744506,0.05230578958552848,0.37516501322768686,0.21711266400715237,0.12887530269458658,0.18299191531760062
27,39,3489.6177978515625,0.46834693691866175,symbolic,0.09980876238314204,0.025906682101682135,0.04723547098362963,0.35776161352510893,0.000940534087775509,0.46834693691866175
27,40,1129.5869140625,0.359034604568007,social_ethical,0.04150784518331076,0.0060007071860651495,0.3428342729340527,0.06847212364171429,0.359034604568007,0.18215044648685005
27,41,1626.534423828125,0.3527890205837787,factual,0.08995044492993019,0.024249112729341358,0.3527890205837787,0.24626738423829062,0.07792611694035904,0.2088179205783001
27,42,1154.0318603515625,0.6894817962118841,reasoning,0.0010011816376200584,0.010720100818409134,0.14915131212972013,0.6894817962118841,0.03144493093750691,0.11820067826485967
27,43,637.186279296875,0.34128621047045593,creative,0.20048986269667787,0.34128621047045593,0.11221304142088918,0.19510462984426696,0.030478770381410888,0.12042748518629917
27,44,1004.2425537109375,0.4304071289347987,symbolic,0.04403388699432522,0.14380761308681247,0.15248734160674532,0.20593320209487215,0.023330827282446117,0.4304071289347987
27,45,694.8118896484375,0.34928518584043744,social_ethical,0.02750751550580922,0.059845053469852506,0.23522325325871032,0.26816726719852196,0.34928518584043744,0.05997172472666855
27,46,908.3829345703125,0.3435834545122988,symbolic,0.12458299586654416,0.006253331833630251,0.18661144104130997,0.24397736845917467,0.0949914082870421,0.3435834545122988
27,47,426.8692626953125,0.24393600870253276,reasoning,0.20089375972464857,0.14913954107522834,0.18902043030524351,0.24393600870253276,0.12651558674751132,0.09049467344483549
27,48,3054.0406494140625,0.30008552402460864,factual,0.10320955512438476,0.029486023275149258,0.30008552402460864,0.2988437729041168,0.04863893613021715,0.2197361885415234
27,49,1289.839599609375,0.4851128571544843,factual,0.03947781100900726,0.004272613687619755,0.4851128571544843,0.12193605635087787,0.024803418696645565,0.3243972431013652
27,50,1067.4862060546875,0.36683397662646355,reasoning,0.08328310375241557,0.04606953100494497,0.2515325882774164,0.36683397662646355,0.07421376268790066,0.17806703765085885
27,51,1691.1192626953125,0.5766161680579608,factual,0.008733583476815387,0.06871236596220967,0.5766161680579608,0.2630137373914988,0.006340134646113814,0.07658401046540157
27,52,988.727294921875,0.3376871407099612,factual,0.07665932396618423,0.08562328711819048,0.3376871407099612,0.30734670888410787,0.07377586746298052,0.11890767185857569
27,53,1725.60888671875,0.3047412074598895,reasoning,0.0875963873711923,0.038025173406012996,0.12354914917656726,0.3047412074598895,0.17638156764751572,0.26970651493882225
27,54,866.9542236328125,0.308542317619506,social_ethical,0.09247955073500205,0.016285067675158676,0.26608438728379774,0.19305150921088146,0.308542317619506,0.123557167475654
27,55,1371.2535400390625,0.5752197326718245,social_ethical,0.05108859731357875,0.0020647522470894374,0.07439793563944515,0.13563403267906188,0.5752197326718245,0.1615949494490003
27,56,2656.1988525390625,0.4444925203293207,symbolic,0.11500469609226391,0.028613878180834457,0.22983172332224597,0.15390677789246035,0.02815040418287466,0.4444925203293207
27,57,492.8006591796875,0.5497873061411838,social_ethical,0.12535821569508027,0.0005974699673497029,0.14114063754405165,0.14531970712081652,0.5497873061411838,0.03779666353151815
27,58,1184.6074829101562,0.23274774611616939,social_ethical,0.09273111741289651,0.07125827512935111,0.22747457069179972,0.17471329346683218,0.23274774611616939,0.20107499718295113
27,59,2593.1490478515625,0.34362907972324347,factual,0.09755630034198906,0.05875490636314127,0.34362907972324347,0.17018772751235614,0.05055444651450447,0.27931753954476557
27,60,2892.050537109375,0.47292201084279467,reasoning,0.05004685611546805,0.007096584716371715,0.06491798512540986,0.47292201084279467,0.05300924653796156,0.35200731666199414
27,61,1825.01416015625,0.3583434845994613,symbolic,0.21970726629100962,0.008050959578920219,0.11132492015660195,0.2061992375380221,0.0963741318359848,0.3583434845994613
27,62,1217.5968017578125,0.25051378242212957,factual,0.13442527198963203,0.04191295589887587,0.25051378242212957,0.17769107046701743,0.24182066103613867,0.15363625818620644
27,63,625.82568359375,0.7193151469425938,reasoning,0.0007322357728968995,0.0007692961876146435,0.21902334494039516,0.7193151469425938,0.02624423515496325,0.03391574100153625
27,64,3767.3287353515625,0.3459629277560072,symbolic,0.1387997851205612,0.07026161691560907,0.16566836639685553,0.1737661678421754,0.10554113596879161,0.3459629277560072
27,65,2704.629150390625,0.32448436161922545,symbolic,0.08909037339320128,0.05570234084881056,0.23457119823407513,0.22748193495292224,0.06866979095176537,0.32448436161922545
27,66,1444.9712524414062,0.4044274980634152,social_ethical,0.05660901608990535,0.022858859961403893,0.14754049404147745,0.18431801190897731,0.4044274980634152,0.18424611993482076
27,67,1216.203125,0.5520246837943394,reasoning,0.036095763422279895,0.014800058937266339,0.1440490223158652,0.5520246837943394,0.009295667548852088,0.24373480398139702
27,68,1945.3828125,0.34224271261279715,symbolic,0.0741931014541643,0.04724615877337767,0.27121541038677316,0.1947777866462658,0.07032483012662193,0.34224271261279715
27,69,2936.4344482421875,0.5564406653327664,symbolic,0.08248678636794406,0.017074594586774766,0.07272318819438783,0.261978507745766,0.009296257772360993,0.5564406653327664
27,70,1743.2518310546875,0.3476336170468728,computational,0.3476336170468728,0.09748290684803755,0.16964713051212618,0.20859159822415105,0.06212194217952191,0.11452280518929053
27,71,1955.11328125,0.4471052843205617,reasoning,0.02173961906778899,0.01860281233704089,0.12134184899772033,0.4471052843205617,0.10943209812410966,0.28177833715277845
27,72,2124.208984375,0.5302441395924035,factual,0.013091212721647304,0.007945053075823261,0.5302441395924035,0.22334169658742456,0.011315448305665252,0.21406244971703622
27,73,2188.2521362304688,0.3091803563188918,symbolic,0.06920299139333315,0.07081577391791322,0.13511049200354466,0.2033072166620835,0.21238316970423368,0.3091803563188918
27,74,1071.5401306152344,0.40751194733390167,reasoning,0.24094783278770668,0.03270553018468467,0.027035596460458063,0.40751194733390167,0.18843430238702888,0.10336479084622004
27,75,2524.2720947265625,0.30026166365158735,factual,0.07668356784281437,0.05094029224177356,0.30026166365158735,0.19962921512462234,0.10854720698267509,0.26393805415652727
27,76,1051.9176025390625,0.5263544570584622,factual,0.022951016378779037,0.03787934261148115,0.5263544570584622,0.12861149576973507,0.12770726917184935,0.15649641900969316
27,77,2192.94970703125,0.39539364097613067,reasoning,0.11789707605672564,0.030188185193093724,0.042640421930988444,0.39539364097613067,0.020786106309704774,0.39309456953335675
27,78,632.5601806640625,0.40999603815796154,factual,0.050817909069839386,0.03978978500879884,0.40999603815796154,0.12237363933497403,0.2912197050791664,0.08580292334925982
27,79,1913.8961181640625,0.2836874149200597,reasoning,0.10150614495379924,0.021123838762259754,0.24849653703953986,0.2836874149200597,0.1029226583917977,0.24226340593254375
27,80,447.865478515625,0.648392685137891,factual,0.02417009501994323,0.0016931440747861629,0.648392685137891,0.13225275926336785,0.04158396735382732,0.1519073491501845
27,81,1983.3795166015625,0.42360134528609794,reasoning,0.02133452159347901,0.005518885735308282,0.2897376852130236,0.42360134528609794,0.0031059503583398293,0.2567016118137513
27,82,1115.8363037109375,0.3578609224815284,factual,0.013541290269010891,0.047520323695693575,0.3578609224815284,0.2549529145335415,0.09472175208411485,0.23140279693611077
27,83,778.258544921875,0.2950103944886467,reasoning,0.07703089360604841,0.022531744206801856,0.15559641339165248,0.2950103944886467,0.21307619456625634,0.23675435974059422
27,84,620.437744140625,0.3281567441712217,factual,0.20757419491420379,0.03912780519361448,0.3281567441712217,0.09780180560206476,0.15649154590560077,0.17084790421329446
27,85,1100.5133056640625,0.3016710841054839,symbolic,0.040016837845887124,0.11758384676007345,0.1589566968982536,0.2625446111405977,0.11922692324970426,0.3016710841054839
27,86,1167.58837890625,0.4341547686307539,factual,0.07191723391522574,0.04515224648830033,0.4341547686307539,0.20752849694779363,0.030649822831097587,0.21059743118682883
27,87,2470.68896484375,0.3278182819624856,symbolic,0.07597039587776294,0.0331939649456489,0.30963611253898493,0.1286286522195483,0.12475259245556941,0.3278182819624856
27,88,3220.98583984375,0.2954807332709879,symbolic,0.04154422314960527,0.07474518231343853,0.16115212900504944,0.18855531026006056,0.23852242200085833,0.2954807332709879
27,89,1336.4423828125,0.38255644613841117,symbolic,0.12816199944903864,0.23123333506269925,0.056109094735396055,0.18997133393300925,0.011967790681445682,0.38255644613841117
27,90,5201.013671875,0.5839257596644885,computational,0.5839257596644885,0.003088645392518511,0.1321389939010537,0.15190820674605574,0.04771509666647765,0.08122329762940593
27,91,2882.2860107421875,0.40649543592543813,factual,0.07601345892819941,0.04826351458919475,0.40649543592543813,0.2385102343597897,0.04000853475653815,0.19070882144083987
27,92,1239.2313232421875,0.4027148728454893,symbolic,0.03435810241412764,0.04324885589063517,0.1667855784545434,0.28907808608596147,0.06381450430924301,0.4027148728454893
27,93,2805.338623046875,0.304333029579571,symbolic,0.12078968087753304,0.022192619453683584,0.08600379769076939,0.2647776234399622,0.20190324895848083,0.304333029579571
27,94,1261.5350341796875,0.48535463029398146,symbolic,0.09495432529601108,0.1766680423184684,0.032642523896910296,0.205406263199121,0.004974214995507763,0.48535463029398146
27,95,2178.279296875,0.29344680792877836,symbolic,0.10676476469116697,0.024008902705063038,0.291755527092324,0.19070536385962616,0.0933186337230415,0.29344680792877836
27,96,498.3743896484375,0.33889430063514603,symbolic,0.04640453348937451,0.05934332888446152,0.09722528053243419,0.30085607920085883,0.1572764772577249,0.33889430063514603
27,97,186.4588623046875,0.448489038417096,reasoning,0.05851895060528154,0.0,0.3643460334107816,0.448489038417096,0.03951957189367261,0.08912640567316826
27,98,3533.3477783203125,0.3699770099931992,reasoning,0.0603132783570048,0.026558303220380178,0.2703743645100213,0.3699770099931992,0.002471706434075305,0.2703053374853192
27,99,2385.7073974609375,0.4382631961221293,reasoning,0.10404915339790823,0.006058008930236652,0.0854606199486638,0.4382631961221293,0.02347327516800158,0.34269574643306044
27,100,1068.0533447265625,0.3835305657139219,factual,0.06824418283436537,0.07125281430592607,0.3835305657139219,0.22791183443429236,0.04850361043777051,0.20055699227372376
27,101,1636.9747314453125,0.4168630547564272,symbolic,0.06893007559900573,0.04014460148945977,0.18656919483878454,0.2531566326477728,0.034336440668549975,0.4168630547564272
27,102,1781.713134765625,0.2814113435692501,symbolic,0.028320213343652288,0.177847125000531,0.27402551721406865,0.19849690945213394,0.03989889142036398,0.2814113435692501
27,103,3483.7764892578125,0.44070609522088244,factual,0.19184342097439172,0.0919970943719768,0.44070609522088244,0.12287326399990861,0.05431934304018098,0.09826078239265945
27,104,1609.1287841796875,0.2304031191665169,symbolic,0.09061990142150843,0.05818138287691617,0.1975793778523307,0.21599246486662893,0.20722375381609884,0.2304031191665169
27,105,2594.9100341796875,0.42849811664145127,symbolic,0.04526679356460634,0.030145967755479088,0.22269718131993207,0.23075184324330097,0.042640097475230274,0.42849811664145127
27,106,1335.85498046875,0.2789598480315487,reasoning,0.1503718614198026,0.027790459279100208,0.2385978885391678,0.2789598480315487,0.10845635201881988,0.19582359071156077
27,107,1599.9105224609375,0.40034236533766115,computational,0.40034236533766115,0.03152878651432152,0.33229534702219904,0.03836213069471735,0.1746360022117326,0.022835368219368348
27,108,1412.19775390625,0.43648279620120595,factual,0.04458261775455962,0.03846941114681273,0.43648279620120595,0.18079496061968459,0.1978467979701132,0.1018234163076239
27,109,2413.6802978515625,0.3079181377270036,factual,0.04538066782316719,0.05857592036846044,0.3079181377270036,0.18970823101088669,0.2691025262949954,0.12931451677548667
27,110,3159.321533203125,0.705311531221048,factual,0.02432182140817325,0.009978454599526869,0.705311531221048,0.06629115029688389,0.1821822760508203,0.011914766423547753
27,111,1040.302978515625,0.31688050520513455,symbolic,0.04072898403010879,0.03414872892582892,0.2851993426081316,0.22068062071572916,0.10236181851506695,0.31688050520513455
27,112,1193.9744873046875,0.3258157952340237,factual,0.03919246206870252,0.08290908562985998,0.3258157952340237,0.11213174796665262,0.27301434949804415,0.16693655960271706
27,113,984.4232177734375,0.26794905259477,social_ethical,0.0771280424631978,0.027592274435962027,0.247518009720506,0.1390399403799045,0.26794905259477,0.2407726804056597
27,114,1576.880126953125,0.41241296313413073,reasoning,0.12722760420077658,0.018427593177229376,0.10931681721085368,0.41241296313413073,0.10386782519193281,0.22874719708507685
27,115,1183.8757934570312,0.32241760046762785,social_ethical,0.0556295346493598,0.02553156036816928,0.1304064249128753,0.15483635010448468,0.32241760046762785,0.3111785294974831
27,116,1672.2447509765625,0.5367961481065556,social_ethical,0.028751453843918428,0.01006509293468902,0.33851464946895143,0.0363868125251797,0.5367961481065556,0.04948584312070586
27,117,1933.1845703125,0.32046566925021003,factual,0.14068570571247146,0.17027770017998758,0.32046566925021003,0.1275466879102194,0.1169267637949647,0.12409747315214684
27,118,2049.8861083984375,0.3411564107118899,reasoning,0.10329044219122549,0.025820675179231506,0.1566537346330991,0.3411564107118899,0.09467108470619943,0.2784076525783546
27,119,1532.4820556640625,0.37114708326599144,factual,0.0699281899536669,0.08449324057102334,0.37114708326599144,0.1381440299988219,0.19841409490912645,0.13787336130137
27,120,2881.46826171875,0.3361496731114627,factual,0.10011333197881736,0.052030613190737485,0.3361496731114627,0.22054542031540114,0.12235384317924669,0.1688071182243346
27,121,2241.4879150390625,0.32332638194114244,reasoning,0.0483705472346582,0.06293198297007847,0.25330791091231697,0.32332638194114244,0.043363268450102764,0.2686999084917011
27,122,3034.25048828125,0.35626683155928934,symbolic,0.14058064303295142,0.026957489727066235,0.1396180407763256,0.32576158908425856,0.0108154058201088,0.35626683155928934
27,123,1297.221923828125,0.5758855735316287,social_ethical,0.02147646497426046,0.1267295589790457,0.04532117820138852,0.1426866984566064,0.5758855735316287,0.08790052585707024
27,124,617.3948364257812,0.47166077614155927,reasoning,0.030161248243642833,0.07697849130390039,0.0543832337969533,0.47166077614155927,0.02439943780753242,0.34241681270641183
27,125,3345.92041015625,0.42884528806871125,reasoning,0.08827071942934238,0.037740872053697624,0.06909829265320626,0.42884528806871125,0.011927676909482673,0.36411715088555985
27,126,1195.2933349609375,0.2876249139206991,factual,0.0517084475312768,0.07168844516808531,0.2876249139206991,0.11074013339470415,0.24151132733643707,0.23672673264879757
27,127,1304.440673828125,0.3675963023693292,symbolic,0.04937760493237025,0.044791595116516245,0.211050312849231,0.2640749400756767,0.06310924465687652,0.3675963023693292
29,0,1040.970947265625,0.3419879417901847,factual,0.05896195826415627,0.05685422240213405,0.3419879417901847,0.1360344498837544,0.09512486112795178,0.31103656653181877
29,1,1004.0501708984375,0.4352227471280564,factual,0.09262157091049325,0.01862695024631075,0.4352227471280564,0.17197121181192532,0.06448139304931844,0.21707612685389582
29,2,653.958740234375,0.3710466043085699,symbolic,0.0782637669093916,0.06572762416398027,0.16109873946050476,0.20647946793398828,0.11738379722356516,0.3710466043085699
29,3,509.540283203125,0.5652378901209683,social_ethical,0.035533906990494364,0.013352885399053317,0.06440107384634108,0.13901116250143142,0.5652378901209683,0.18246308114171159
29,4,1108.9776611328125,0.32172482551794246,reasoning,0.05326885894981092,0.014828374379247848,0.26276620862776007,0.32172482551794246,0.20227986586304844,0.1451318666621903
29,5,1312.9898681640625,0.2991117619511988,social_ethical,0.059108426142660854,0.06696300943481567,0.23037913769721177,0.17172459720902158,0.2991117619511988,0.17271306756509128
29,6,1923.07275390625,0.3617264824538975,factual,0.04576809727067963,0.04228100474983452,0.3617264824538975,0.29969990755253395,0.20143505584553123,0.049089452127523164
29,7,1654.694580078125,0.26097673685001055,factual,0.1319893726847545,0.1557133032805425,0.26097673685001055,0.21873969495822213,0.054830457671849554,0.1777504345546208
29,8,1162.4700927734375,0.4617952095751791,reasoning,0.054273069651174455,0.0033785731424752084,0.12403313887338542,0.4617952095751791,0.09660793314680159,0.2599120756109842
29,9,904.785400390625,0.4583819594220293,reasoning,0.11901399918672445,0.0070272512068938996,0.2569027909058848,0.4583819594220293,0.03743603954774972,0.12123795973071783
29,10,1439.9022216796875,0.31139504559254283,factual,0.05382844005843156,0.032747415388296,0.31139504559254283,0.23743872650315426,0.0544629944575467,0.31012737800002865
29,11,1102.6561279296875,0.3497477404690977,reasoning,0.04780902913430693,0.04342962256332615,0.20933882241688465,0.3497477404690977,0.2488907566169624,0.1007840287994222
29,12,837.96630859375,0.3066067750290621,social_ethical,0.03582616372064295,0.0859400811698244,0.12329611835760756,0.2438877898558114,0.3066067750290621,0.20444307186705163
29,13,1841.9666748046875,0.3307733227934779,factual,0.02404742510814386,0.0057565610169423,0.3307733227934779,0.09314663527507505,0.2789529411756909,0.26732311463067
29,14,1852.52880859375,0.5475931732885184,factual,0.06003683731512483,0.02308934762158673,0.5475931732885184,0.12591081816741737,0.05397802676293147,0.18939179684442112
29,15,851.2867431640625,0.5120623206396682,symbolic,0.03690917113210829,0.10738325383750272,0.14235315019585615,0.1936013970120198,0.007690707182844904,0.5120623206396682
29,16,1750.4979248046875,0.6829266421754022,reasoning,0.03221111961796026,0.0008251000569801603,0.12102506548255418,0.6829266421754022,0.016968246827649972,0.1460438258394532
29,17,1670.0347900390625,0.41319084784106336,reasoning,0.08882937374483085,0.03036717181038563,0.1549649603371117,0.41319084784106336,0.010345280015788405,0.30230236625082
29,18,5153.3172607421875,0.3500902442736429,factual,0.2333372615461327,0.05725875098229995,0.3500902442736429,0.1638765183085313,0.09054100965333621,0.10489621523605697
29,19,3718.549285888672,0.28040030193659593,reasoning,0.11402012958239449,0.04265641865206042,0.2722815355473616,0.28040030193659593,0.04989111848317903,0.2407504957984085
29,20,1276.54443359375,0.2581709196465831,factual,0.12313534884023374,0.03395607266473707,0.2581709196465831,0.20457411614224957,0.16377804076939584,0.21638550193680067
29,21,1166.630859375,0.367475180599851,factual,0.02234844679942744,0.060672551333885806,0.367475180599851,0.2031905276110595,0.1995748683692859,0.14673842528649036
29,22,1359.5689697265625,0.4429468532193099,reasoning,0.06092449631603393,0.027975174878512754,0.12689604545472094,0.4429468532193099,0.04139324947257436,0.2998641806588482
29,23,1044.776123046875,0.3121627011992093,factual,0.10347798513016886,0.09894510986696041,0.3121627011992093,0.20169028249968513,0.19651432688157672,0.08720959442239958
29,24,1807.1793212890625,0.2741637915667443,symbolic,0.03950281581579763,0.03945485714293434,0.23729127254150503,0.17511818942095173,0.23446907351206697,0.2741637915667443
29,25,1815.3475341796875,0.40550523836911123,symbolic,0.0698109186893678,0.039284456592205926,0.1713576737301251,0.19620280019395714,0.1178389124252328,0.40550523836911123
29,26,1563.720703125,0.25459258391881345,factual,0.09353005464480875,0.05025222482435597,0.25459258391881345,0.23212615144418422,0.13249945355191256,0.23699953161592505
29,27,1420.452392578125,0.2999885874827029,factual,0.08850854039575654,0.023010488000270876,0.2999885874827029,0.2612716225523029,0.14249223940230035,0.1847285221666664
29,28,282.1207275390625,0.33612042232100015,reasoning,0.05152754082088742,0.10258258611685264,0.2751351826138954,0.33612042232100015,0.013106991246284831,0.22152727688107954
29,29,1301.1246337890625,0.3058855615536176,factual,0.06413978742285843,0.045188990556453146,0.3058855615536176,0.2427404439875247,0.12962390840330906,0.21242130807623702
29,30,1210.0438232421875,0.287234359147512,social_ethical,0.06389211231393653,0.07260842401937963,0.27909821351019237,0.17414404319962343,0.287234359147512,0.12302284780935607
29,31,1580.20703125,0.42041394027186907,symbolic,0.16417256132379807,0.026749131096845003,0.06608530700832813,0.30473317380782283,0.017845886491336924,0.42041394027186907
29,32,1836.1578369140625,0.35191866933522936,reasoning,0.09551506617723073,0.0455407446114346,0.16995726244290496,0.35191866933522936,0.08469103275836909,0.25237722467483126
29,33,4172.748779296875,0.43672307865762433,symbolic,0.12577784650558033,0.004247501064705607,0.04777981601348828,0.3809138991780689,0.004557858580532553,0.43672307865762433
29,34,2466.0819091796875,0.8370934707273382,factual,0.024567641165593176,0.016111558065894295,0.8370934707273382,0.043066223221962144,0.004778849451763607,0.07438225736744859
29,35,962.938232421875,0.32898918537242705,symbolic,0.0732281238630443,0.029051809051023086,0.32487085450896824,0.18384283738506843,0.060017189819468866,0.32898918537242705
29,36,1809.6790771484375,0.2978570297751262,symbolic,0.0479583964563382,0.12903083064826582,0.1993891894382225,0.1539921608867141,0.1717723927953332,0.2978570297751262
29,37,1199.3272705078125,0.25619312340322625,social_ethical,0.10058536030279833,0.04349382471394842,0.24538669088271634,0.19749057724723404,0.25619312340322625,0.15685042345007663
29,38,2018.7078857421875,0.29417288419390036,reasoning,0.24219382237257633,0.053272323611143445,0.1273302008102312,0.29417288419390036,0.03420652339218329,0.24882424561996536
29,39,1614.708251953125,0.25589275224925895,factual,0.09058187786378423,0.04398606257025981,0.25589275224925895,0.16370356426556715,0.2504390411326543,0.19539670191847555
29,40,1936.905517578125,0.6328536414587893,symbolic,0.014239185032201791,0.012399217753935337,0.19018631598783145,0.14960115660488066,0.0007204831623614352,0.6328536414587893
29,41,1776.220703125,0.4376439783379608,reasoning,0.016413255628556507,0.0739521538334662,0.1522409764411579,0.4376439783379608,0.034745787173213846,0.28500384858564476
29,42,2805.6510009765625,0.3444249305372245,reasoning,0.1073269658886769,0.013990754307810256,0.19810063290844593,0.3444249305372245,0.05789972133963554,0.2782569950182069
29,43,3382.0762939453125,0.2706668371714413,symbolic,0.12099147299269698,0.050442632055208034,0.2398783814419196,0.24763447183529297,0.07038620450344112,0.2706668371714413
29,44,4980.223388671875,0.5081277533525549,symbolic,0.048419468704218024,0.3540474420431007,0.04413707636086974,0.030924587216183935,0.014343672323072779,0.5081277533525549
29,45,4236.281005859375,0.38531756375575177,factual,0.3790336649087902,0.006171922036707762,0.38531756375575177,0.0278507016589108,0.03726505256772392,0.16436109507211555
29,46,348.8687744140625,0.46842385738224096,symbolic,0.07360704397198954,0.0029146939413905084,0.11133571010936925,0.20672108128497063,0.1369976133100391,0.46842385738224096
29,47,3953.9837646484375,0.5981205293378244,symbolic,0.08273634973380752,0.03168419903840677,0.09902527041818825,0.18399594208706205,0.0044377093847109235,0.5981205293378244
29,48,1269.4345703125,0.25778790077090485,social_ethical,0.06136217296547968,0.05917719887899155,0.23835863269587454,0.18343300759057804,0.25778790077090485,0.19988108709817132
29,49,1118.3489990234375,0.3752907679570464,social_ethical,0.06081898026691,0.013390143442432828,0.1495424064687991,0.2557606465742838,0.3752907679570464,0.14519705529052782
29,50,3234.9503173828125,0.25995742076826384,factual,0.13791987408036907,0.03493818260663402,0.25995742076826384,0.2564015258759264,0.0793866282012865,0.2313963684675201
29,51,2110.742919921875,0.27326757890687325,factual,0.10385273300196643,0.05562856633597448,0.27326757890687325,0.23629647347906213,0.13648116851999798,0.19447347975612575
29,52,1884.5404052734375,0.26811811385492634,symbolic,0.13204991140456873,0.06302553640639053,0.26571640199233654,0.19775808702529543,0.07333194931648244,0.26811811385492634
29,53,1009.4769287109375,0.4933885231935871,social_ethical,0.033549243709063335,0.06283106811848407,0.21871340149837326,0.08863196501417535,0.4933885231935871,0.10288579846631683
29,54,1201.0316162109375,0.3285129533926268,factual,0.059169917300302646,0.04535285675126089,0.3285129533926268,0.2428799866976337,0.16559830004540163,0.1584859858127743
29,55,1006.68994140625,0.423427305899352,factual,0.29991157786701367,0.022680543880999233,0.423427305899352,0.06745619272629737,0.1333951916403009,0.053129187986036774
29,56,1065.3828125,0.31970907060988935,reasoning,0.10551380812354715,0.025005912267450813,0.23258058099714746,0.31970907060988935,0.09857033123363815,0.21862029676832712
29,57,1229.965087890625,0.49598555916836595,symbolic,0.09512157456514442,0.07605285655616575,0.08267014851515611,0.15011581129339252,0.10005404990177527,0.49598555916836595
29,58,798.0426025390625,0.2524673942056408,factual,0.12075367510686318,0.040379560279706586,0.2524673942056408,0.23166041178940477,0.18791568420352225,0.16682327441486242
29,59,1031.210693359375,0.25637482868073336,symbolic,0.182500208933153,0.039165555315910476,0.1744102935741632,0.22269942107168383,0.12484969242435613,0.25637482868073336
29,60,3714.5206909179688,0.24488976573228874,factual,0.09207047399150298,0.05191187351384248,0.24488976573228874,0.15916942665245912,0.2151264238985557,0.236832036211351
29,61,1873.163330078125,0.35756496891421113,symbolic,0.1262304207624213,0.05858134211415687,0.16646136573625442,0.273557809296789,0.017604093176167228,0.35756496891421113
29,62,17.861328125,0.4332285401858939,factual,0.0,0.18085019136139968,0.4332285401858939,0.02024330235101148,0.319313832695462,0.04636413340623292
29,63,1829.96533203125,0.2669857720686627,symbolic,0.11680909362343303,0.036880941701582994,0.2374732140641539,0.19644053568936612,0.14541044285280122,0.2669857720686627
29,64,2570.271942138672,0.31328085047314636,social_ethical,0.04632940221048083,0.03226872251534269,0.10023349888772823,0.2484830717372998,0.31328085047314636,0.2594044541760021
29,65,1331.940673828125,0.3881510271317936,factual,0.10746707666522046,0.021347675950839032,0.3881510271317936,0.20384166518654404,0.18902357546673354,0.09016897959886935
29,66,2210.5758666992188,0.26566278025543877,symbolic,0.1167571302450503,0.040203820882252855,0.22478584242812463,0.20686059377810664,0.14572983241102683,0.26566278025543877
29,67,705.3758544921875,0.48207206133005814,factual,0.028371676156830592,0.02310641334104245,0.48207206133005814,0.24983390843097936,0.005602551138811018,0.2110133896022784
29,68,1927.9483642578125,0.40206143530293276,reasoning,0.074848201057722,0.016119664528120706,0.1377267328417761,0.40206143530293276,0.06635781881608507,0.30288614745336334
29,69,1192.570556640625,0.2835190364170752,symbolic,0.05188873823920845,0.026652027966931495,0.27298660387011137,0.1289585034624974,0.2359950900441761,0.2835190364170752
29,70,1543.705322265625,0.4066199727123935,factual,0.05753946256984601,0.03947593371961518,0.4066199727123935,0.14748884907315607,0.17376847160145228,0.17510731032353702
29,71,1150.638916015625,0.2866314719424946,social_ethical,0.04320502132710321,0.03289124567129718,0.20467314249025625,0.19124321002873532,0.2866314719424946,0.2413559085401135
29,72,1643.4566650390625,0.31679176944376586,reasoning,0.12759064581763158,0.045629726728354345,0.17760625503734365,0.31679176944376586,0.075142627713165,0.25723897525973954
29,73,1830.3275146484375,0.414009083474017,symbolic,0.05452838837396958,0.03247489686404127,0.18561131243921336,0.25377471573210775,0.05960160311665106,0.414009083474017
29,74,2570.730224609375,0.23800819414701885,symbolic,0.090857289435579,0.04703258237571763,0.2283945874677852,0.23162007960142497,0.16408726697247436,0.23800819414701885
29,75,2029.7269287109375,0.40065835422389734,symbolic,0.024713482579455763,0.02959153928098611,0.13460321179528664,0.25221826486121834,0.1582151472591558,0.40065835422389734
29,76,2058.8619384765625,0.3117904409630695,reasoning,0.13922356059282362,0.05852433716978404,0.17496427914366233,0.3117904409630695,0.060026157645377914,0.2554712244852826
29,77,508.082275390625,0.3744075863543646,reasoning,0.12725355039750516,0.05873177951136536,0.12230425663289454,0.3744075863543646,0.06555699976695073,0.2517458273369196
29,78,1563.3118896484375,0.30330864798298945,factual,0.0474683037743435,0.014186222455816123,0.30330864798298945,0.2538474734729634,0.28491141048506746,0.09627794182882005
29,79,855.741943359375,0.5912201554355216,factual,0.05926760261206538,0.0324094559984982,0.5912201554355216,0.10345326364097766,0.0789194318366937,0.13473009047624346
29,80,3236.4168701171875,0.42029625998110265,factual,0.08822743884474803,0.022130843047567305,0.42029625998110265,0.16195354027520442,0.0073736662396139034,0.30001825161176365
29,81,1469.570068359375,0.3124764613640755,symbolic,0.1063776059876143,0.0852525160901684,0.26091017332576444,0.12278865573560241,0.112194587496775,0.3124764613640755
29,82,929.8868408203125,0.242962085466706,factual,0.08380214693986965,0.05882575335409306,0.242962085466706,0.235092711869947,0.2020656547775405,0.1772516475918438
29,83,3314.203369140625,0.3690429825405966,symbolic,0.22043315432504967,0.0427202933750827,0.07625511999025855,0.2838792655044646,0.007669184264547925,0.3690429825405966
29,84,2171.040771484375,0.34691821262730976,factual,0.12774927149963064,0.007138645768051869,0.34691821262730976,0.15522885757715166,0.0487833512490128,0.3141816612788433
29,85,1039.1260986328125,0.265772383997643,reasoning,0.07895346161260572,0.04860827949793017,0.2315101484037455,0.265772383997643,0.11490556087908622,0.2602501656089894
29,86,896.016357421875,0.2918596118943359,symbolic,0.15619619501793283,0.04083122915748772,0.20428625183681132,0.22877152914525367,0.07805518294817855,0.2918596118943359
29,87,1411.099609375,0.3388445645087843,reasoning,0.04514492036490824,0.057816931332640355,0.321830409850474,0.3388445645087843,0.04748061546084821,0.18888255848234492
29,88,2899.333251953125,0.36525508583979566,symbolic,0.07147883626598216,0.007351501629087169,0.26769009813257677,0.15792849228115063,0.13029598585140761,0.36525508583979566
29,89,1657.074462890625,0.7515627170849652,factual,0.009456009294901403,0.013941468110582335,0.7515627170849652,0.07687262693673859,0.0415492612241813,0.10661791734863114
29,90,1307.37841796875,0.3521396364011203,factual,0.05463488291924851,0.030154497964714245,0.3521396364011203,0.23113789261743461,0.13099908833241022,0.20093400176507212
29,91,969.8399658203125,0.3118937878488279,factual,0.09118608863590852,0.02514648022656968,0.3118937878488279,0.20800437612469538,0.19081303306801106,0.1729562340959875
29,92,898.9439697265625,0.31964358678782845,factual,0.10685851141795202,0.037267849957951696,0.31964358678782845,0.23306073790739432,0.062188584179923574,0.24098072974894993
29,93,1614.560791015625,0.30457184306454277,social_ethical,0.09492108332359278,0.017896293209335633,0.23438522805988773,0.14995000182210205,0.30457184306454277,0.19827555052053902
29,94,6803.273468017578,0.5657159355620078,symbolic,0.08954270397347074,0.015243238265306684,0.13032827192379265,0.13289357878862823,0.06627627148679383,0.5657159355620078
29,95,2911.6146545410156,0.3749936496274953,symbolic,0.06419753632483821,0.039187324632373566,0.1221536849575248,0.2963935365906027,0.10307426786716543,0.3749936496274953
29,96,1504.53173828125,0.3990330644949292,factual,0.06695299779539743,0.07668661183449352,0.3990330644949292,0.1757344591421555,0.19027151369836118,0.09132135303466318
29,97,2647.657958984375,0.30058520174679,symbolic,0.10468116214516311,0.05987128217219541,0.2263197030615667,0.21183991563888596,0.09670273523539884,0.30058520174679
29,98,1760.396484375,0.43806604291691215,symbolic,0.09622403677704885,0.10072644601324941,0.04429030991109735,0.25815065742247784,0.0625425069592144,0.43806604291691215
29,99,1335.9775390625,0.23774022489092067,social_ethical,0.10968485228147402,0.06279078989591687,0.2015951093571026,0.16564525478403058,0.23774022489092067,0.22254376879055526
29,100,819.1885986328125,0.40062567866420556,reasoning,0.061825331223895594,0.019769347676198624,0.10900678951056902,0.40062567866420556,0.12852340997554237,0.2802494429495888
29,101,1031.76416015625,0.2941860663220468,factual,0.09273844527326101,0.055764100569176446,0.2941860663220468,0.26720863130266964,0.11956657026586649,0.17053618626697958
29,102,3560.6961669921875,0.268096788179788,factual,0.12021261245114413,0.05512457428159811,0.268096788179788,0.22592540432084873,0.15852711434925779,0.17211350641736325
29,103,2184.7672119140625,0.4289252985859064,reasoning,0.14347421636617128,0.008999747619975915,0.06152502012419198,0.4289252985859064,0.017452494922088214,0.3396232223816662
29,104,2166.9296875,0.2764131660399399,reasoning,0.1260128165030447,0.04760457264202302,0.1569072406775139,0.2764131660399399,0.1684861009961531,0.2245761031413254
29,105,2761.6475830078125,0.38454854100952124,symbolic,0.12237647389870417,0.034523476272395104,0.20920292456263348,0.15821084852036277,0.09113773573638323,0.38454854100952124
29,106,1218.697509765625,0.2892378177345378,factual,0.0971115542836881,0.024779212245719717,0.2892378177345378,0.2645467503107606,0.09556651578543547,0.2287581496398583
29,107,581.9124755859375,0.370078247931048,creative,0.11521478691016435,0.370078247931048,0.09643746511190308,0.17059395719806075,0.12657952220534938,0.12109602064347444
29,108,1116.7264404296875,0.30903488032593873,factual,0.08261571673537035,0.05601087774095581,0.30903488032593873,0.21468737699113807,0.16064234551344014,0.1770088026931569
29,109,859.626220703125,0.42535591158152913,symbolic,0.11787136658062175,0.037673503967164144,0.13036416343063348,0.27341140899435934,0.015323645445692154,0.42535591158152913
29,110,1103.626220703125,0.2833583271411073,reasoning,0.1999246535690118,0.1297670830777358,0.0918667885718533,0.2833583271411073,0.1025204774831195,0.1925626701571723
29,111,1066.088134765625,0.4827098147638822,symbolic,0.11891688385981442,0.04641460124208297,0.09691238022697705,0.21906202788972992,0.035984292017513464,0.4827098147638822
29,112,738.135986328125,0.3703437018857877,social_ethical,0.06658155291798486,0.05346422328467407,0.12417059573560274,0.15009120511476298,0.3703437018857877,0.23534872106118762
29,113,2080.524169921875,0.6130761044550658,reasoning,0.08591620083345977,0.006751662524949169,0.09245804919531926,0.6130761044550658,0.019152700471389526,0.18264528251981646
29,114,3745.3861389160156,0.4657925030204602,reasoning,0.06165787654118353,0.020645942367258127,0.17654762129900173,0.4657925030204602,0.05924186686299981,0.21611418990909656
29,115,1352.027587890625,0.2873033213823639,symbolic,0.07381428536603643,0.0627923375355843,0.21863033042278623,0.1642692498336465,0.19319047545958265,0.2873033213823639
29,116,4452.2716064453125,0.4487181191987752,symbolic,0.012861346317766104,0.0072679224244975235,0.08376029518156837,0.27571555722205426,0.17167675965533855,0.4487181191987752
29,117,879.635498046875,0.46444991336355085,reasoning,0.02853160447151211,0.0101408914325808,0.02505088139368807,0.46444991336355085,0.14317939531838444,0.32864731402028374
29,118,2507.231689453125,0.4537176931845878,symbolic,0.04946370464888626,0.031423384563072,0.19145368168893478,0.15438729433150455,0.1195542415830146,0.4537176931845878
29,119,416.328369140625,0.2822250409170102,factual,0.016169475881101122,0.04475039597579519,0.2822250409170102,0.1341339052038931,0.24235477906573755,0.28036640295646287
29,120,712.0357666015625,0.5400265078140791,factual,0.02514299253025503,0.10720595261749663,0.5400265078140791,0.11723064489832585,0.1226791304710083,0.08771477166883508
29,121,1755.4793701171875,0.509657714437225,symbolic,0.05862538242599361,0.04267101187847453,0.07581646389405605,0.30446327823867886,0.008766149125572017,0.509657714437225
29,122,1929.92138671875,0.3893997918774521,reasoning,0.06703843334777997,0.15320119347882682,0.20670913115540904,0.3893997918774521,0.07218950435916295,0.11146194578136912
29,123,2385.69384765625,0.3098317997028593,symbolic,0.2075807000592112,0.07099918725328246,0.19304054666682768,0.20572546394206515,0.012822302375754236,0.3098317997028593
29,124,1537.62841796875,0.28518300523044476,symbolic,0.09466950962873719,0.09085972557551246,0.19730218163307625,0.1774670751267917,0.1545185028054377,0.28518300523044476
29,125,2227.7174072265625,0.33517258400124805,social_ethical,0.13512590865012397,0.06887266423923424,0.07797830303042923,0.09905465153190003,0.33517258400124805,0.2837958885470645
29,126,2438.799072265625,0.5425462851779416,factual,0.025077880668766175,0.029715333004115094,0.5425462851779416,0.16312369979901536,0.08685710470211139,0.15267969664805045
29,127,1110.4278564453125,0.2954349552718728,reasoning,0.1293976612205076,0.09319478377969852,0.2785518805051324,0.2954349552718728,0.06407156500350404,0.13934915421928462
31,0,1127.30224609375,0.31722949779422754,symbolic,0.057795353692421975,0.019072514364050996,0.23059006850130917,0.3148125688965507,0.060499996751439654,0.31722949779422754
31,1,1226.565673828125,0.4856468325221292,symbolic,0.039743328689635156,0.20110158950623735,0.1048850789199789,0.08651301260566005,0.08211015775635931,0.4856468325221292
31,2,2146.4820556640625,0.3593581567223031,symbolic,0.08926431392299616,0.059418342183149536,0.23970612798091626,0.22177509177244903,0.030477967418185904,0.3593581567223031
31,3,939.677734375,0.3196955249784355,reasoning,0.06166262224208349,0.028413554971264667,0.11253494486765118,0.3196955249784355,0.26153063716575037,0.21616271577481475
31,4,3913.2916259765625,0.5128969543496357,symbolic,0.017519917611019013,0.27597710190239877,0.03920379777891011,0.15216257817743234,0.0022396501806041203,0.5128969543496357
31,5,2300.8585205078125,0.5355702983871562,factual,0.08698339025434895,0.014374305022544605,0.5355702983871562,0.04378598702622095,0.24548066695340717,0.07380535235632207
31,6,1976.204345703125,0.36363252827556575,reasoning,0.08325384552759252,0.041075562975652825,0.21708281379543454,0.36363252827556575,0.09632161608334909,0.1986336333424053
31,7,1960.4254150390625,0.4090635596135819,factual,0.03463329722870234,0.043367712123528274,0.4090635596135819,0.18548867810038788,0.154302683002689,0.17314406993111062
31,8,1993.7171630859375,0.27099865905657855,reasoning,0.11955305641238335,0.04029442834059216,0.20497741593143157,0.27099865905657855,0.14127969510665556,0.2228967451523588
31,9,1213.8043212890625,0.25136941424460335,social_ethical,0.0701821343321783,0.026672338722289017,0.2317731660479198,0.1820328587009484,0.25136941424460335,0.23797008795206107
31,10,2516.23681640625,0.2733499597244692,factual,0.06929462807279207,0.07296895766615767,0.2733499597244692,0.2431432145869803,0.16202847987475097,0.17921476007484982
31,11,852.233154296875,0.3750861921531409,factual,0.03572902877235159,0.010556622980697254,0.3750861921531409,0.18784603983044318,0.16956829011097052,0.2212138261523966
31,12,894.91748046875,0.33383429971011425,reasoning,0.030185929546795026,0.016542257136793012,0.07265326488399386,0.33383429971011425,0.22353912693809605,0.3232451217842078
31,13,1895.233642578125,0.471523444207605,social_ethical,0.014307710916970603,0.001609712481596707,0.3417116489157306,0.09327495463344325,0.471523444207605,0.07757252884465386
31,14,228.333740234375,0.4405771687935376,reasoning,0.04714329247103731,0.052208221287242514,0.23374266911163266,0.4405771687935376,0.00849180170114033,0.2178368466354096
31,15,361.3465576171875,0.34281021474918,factual,0.16128400206611082,0.0008310386868777978,0.34281021474918,0.2866583495233858,0.007482726387944399,0.20093366858650116
31,16,625.9063720703125,0.27106354554186557,reasoning,0.2660879486291852,0.06308468675797306,0.2437765545083546,0.27106354554186557,0.07076515014846634,0.08522211441415525
31,17,1265.209228515625,0.7078652574331421,reasoning,0.0,0.003554794331548346,0.05348072486003793,0.7078652574331421,0.007734697567507227,0.2273645258077644
31,18,1192.0057373046875,0.46504212890419583,symbolic,0.046150139002802994,0.037519338373898134,0.1236904258523196,0.31465663127907667,0.012941336587706739,0.46504212890419583
31,19,2511.4366455078125,0.2874089328364981,symbolic,0.14496204351101058,0.04128311650866308,0.2077091279060357,0.26913180227425426,0.049504976963538234,0.2874089328364981
31,20,1074.4205322265625,0.3707843288073274,computational,0.3707843288073274,0.14504411841730183,0.09061718293143345,0.23560665252311128,0.024047641959981835,0.13390007536084414
31,21,2762.9302978515625,0.4535242119959309,symbolic,0.08426629495326153,0.025587033623200573,0.17073591964274867,0.18881687555295867,0.07706966423189968,0.4535242119959309
31,22,2635.995361328125,0.3256399880819154,symbolic,0.09833470979121402,0.06078343530729773,0.227758458176998,0.17692886483578782,0.11055454380678699,0.3256399880819154
31,23,6228.253173828125,0.44723891822817086,symbolic,0.12529694630829732,0.017665882362164445,0.31707186234917,0.03534303440584769,0.057383356346349654,0.44723891822817086
31,24,1077.9764404296875,0.4487110599365877,reasoning,0.12407665322542746,0.021465593707828627,0.1746383078374817,0.4487110599365877,0.055001125041799805,0.1761072602508747
31,25,1807.37158203125,0.260623674691618,reasoning,0.21031463756420712,0.04481463850977051,0.20605318604877973,0.260623674691618,0.052651130069806894,0.22554273311581774
31,26,2890.4119873046875,0.550754183532528,factual,0.028035638605969908,0.0007551654461023416,0.550754183532528,0.12974013498883258,0.14572522341701277,0.14498965400955433
31,27,1920.57861328125,0.3170778307013496,factual,0.05276463163032991,0.08590766891793118,0.3170778307013496,0.15903238846325457,0.2699758729529192,0.11524160733421554
31,28,1922.9949340820312,0.38249471558891196,factual,0.07927462493353324,0.04713138929553532,0.38249471558891196,0.1488042299029951,0.16879070945351363,0.17350433082551076
31,29,2421.3876953125,0.5911021511989711,factual,0.033318800839362436,0.07765735928317835,0.5911021511989711,0.08284676029572079,0.16822643951343436,0.04684848886933298
31,30,1098.425048828125,0.547321060049356,factual,0.019885093825521227,0.004114555886013111,0.547321060049356,0.10647213506376428,0.1467265253940245,0.17548062978132087
31,31,1285.85302734375,0.4466612326827362,reasoning,0.05885353951334136,0.028750749498657073,0.20855818293045525,0.4466612326827362,0.007347555105951295,0.2498287402688588
31,32,1246.117431640625,0.3888034455458037,symbolic,0.08950897680823856,0.06599786406880591,0.17678455170424856,0.2060201833938501,0.0728849784790532,0.3888034455458037
31,33,3457.2470703125,0.3614783159017474,symbolic,0.14292472842797102,0.06403092490553555,0.11558212043824383,0.22745469138791052,0.08852921893859168,0.3614783159017474
31,34,718.537841796875,0.4696838163167049,symbolic,0.01885254173191747,0.023151195104805053,0.17497624128861405,0.17224666520110726,0.14108954035685126,0.4696838163167049
31,35,3532.9498291015625,0.6857741148869676,computational,0.6857741148869676,0.06255793282582274,0.04518220539926076,0.11236405318581953,0.048217006988996065,0.04590468671313328
31,36,1133.08154296875,0.23712073124012356,factual,0.11335314328364254,0.04612913053839368,0.23712073124012356,0.23460796595291378,0.1366459948520847,0.23214303413284174
31,37,2572.711669921875,0.4207617471799452,symbolic,0.10934849281545427,0.014917306955219515,0.1868832635039463,0.207460038962492,0.06062915058294276,0.4207617471799452
31,38,1850.5938720703125,0.34122307523087797,factual,0.10821681833158367,0.029204228345986644,0.34122307523087797,0.2398818210871787,0.06573415087600218,0.21573990612837082
31,39,1655.1788330078125,0.36104733124496424,factual,0.06017497312715144,0.05087119654700029,0.36104733124496424,0.1426071917827162,0.15206009193003286,0.23323921536813497
31,40,645.72998046875,0.5502353577248376,factual,0.03287295219875157,0.03892608822228356,0.5502353577248376,0.146090793259506,0.04762903085549225,0.18424577773912912
31,41,1334.939453125,0.4710323611645542,factual,0.09324089341598768,0.05802068504394365,0.4710323611645542,0.23069893955864687,0.0274865433094022,0.11952057750746538
31,42,1523.30517578125,0.29478345715284887,factual,0.09977845832121957,0.06180120132229434,0.29478345715284887,0.19442169496132516,0.1799706801456152,0.16924450809669686
31,43,3159.41015625,0.2606635574653596,factual,0.11213563709108083,0.04167914643630326,0.2606635574653596,0.22183617362071886,0.10541101174690193,0.25827447363963557
31,44,2397.45458984375,0.27136853926497156,factual,0.08372659642479705,0.07942541395730783,0.27136853926497156,0.20132502387480863,0.15516700960715374,0.20898741687096117
31,45,517.3780517578125,0.5727237486377399,factual,0.10633072548562994,0.033205760434281084,0.5727237486377399,0.08506307037083438,0.1372816048467792,0.06539509022473546
31,46,1880.3812255859375,0.3470699294466279,symbolic,0.09305974266692799,0.03108396650420541,0.2731240152367395,0.21113519058550906,0.044527155559990164,0.3470699294466279
31,47,1907.8218994140625,0.31737123531012496,symbolic,0.09802182204134052,0.02624980668796613,0.27455830639655043,0.24456261316791986,0.03923621639609807,0.31737123531012496
31,48,800.517822265625,0.3117443207689359,factual,0.10827250793782467,0.033131325823342495,0.3117443207689359,0.22162351578461328,0.2071771476043491,0.11805118208093456
31,49,1423.5323486328125,0.27915615529529153,social_ethical,0.08239202982581173,0.049083241486121476,0.2211376728893528,0.160271976937596,0.27915615529529153,0.2079589235658265
31,50,1271.356689453125,0.5686907498583287,factual,0.16173148724420675,0.0101734486777378,0.5686907498583287,0.03610539230418108,0.08404261795107304,0.1392563039644726
31,51,1126.6143798828125,0.338194810506841,symbolic,0.06223621159956551,0.023520934856393685,0.17300585910517946,0.21436306948849984,0.18867911444352045,0.338194810506841
31,52,2566.9197387695312,0.2970541496251713,symbolic,0.09671340729890587,0.04868879331197361,0.13109234969706046,0.2580401709484829,0.1684111291184058,0.2970541496251713
31,53,2738.60546875,0.4000197729798041,symbolic,0.0752263818977211,0.0045916014936890496,0.17594965574689445,0.33371935812164893,0.010493229760242367,0.4000197729798041
31,54,1382.4615478515625,0.3099156079954967,reasoning,0.07633911325482058,0.05293345548062384,0.25508204103707466,0.3099156079954967,0.018231675147073433,0.28749810708491075
31,55,504.57666015625,0.38839726797584223,factual,0.17424008562251966,0.12424361774499625,0.38839726797584223,0.025086778926873454,0.229986413424775,0.05804583630499345
31,56,948.1259765625,0.35800589876617217,factual,0.19884761881219223,0.05964659932576701,0.35800589876617217,0.212467078869604,0.019262530629397423,0.15177027359686718
31,57,1578.540771484375,0.2650932156951843,reasoning,0.10851874885066636,0.09484305109591332,0.22123495310564065,0.2650932156951843,0.09889813992384122,0.2114118913287542
31,58,4537.91064453125,0.3759728291635108,symbolic,0.12221060615532707,0.036073805734480165,0.12383168770990831,0.3233389368063604,0.018572134430413226,0.3759728291635108
31,59,3075.7935791015625,0.26202496092674255,symbolic,0.07549003744547791,0.051915352606259,0.16739102161809502,0.2570404987502233,0.18613812865320223,0.26202496092674255
31,60,954.205322265625,0.31988755061181934,social_ethical,0.11349021664737075,0.04108765039625936,0.17867325073399132,0.23605019924905812,0.31988755061181934,0.11081113236150111
31,61,4801.159912109375,0.41649412721769147,symbolic,0.09426483905790384,0.04321572276312014,0.14910708578671403,0.2768974538267451,0.020020771347825445,0.41649412721769147
31,62,2057.2635498046875,0.32009630511366366,factual,0.11040465367119634,0.010428702654935415,0.32009630511366366,0.30690757660473567,0.042320811781664185,0.20984195017380478
31,63,2363.5826416015625,0.7798664519488708,reasoning,0.0456141724487719,0.0164284833716196,0.14584322898076688,0.7798664519488708,0.009873999023574938,0.002373664226395921
31,64,2003.718994140625,0.4515769809386428,symbolic,0.11587065945367946,0.046359046952852444,0.13008866691124768,0.2347810157211328,0.021323630022444837,0.4515769809386428
31,65,1303.0899658203125,0.26827094515899097,social_ethical,0.11914916777307694,0.00575611248541323,0.2600231027643972,0.1279171080832228,0.26827094515899097,0.2188835637348988
31,66,894.1947021484375,0.376523345368884,factual,0.06991481374747568,0.043104918157663846,0.376523345368884,0.1713970444393449,0.1278793072120611,0.2111805710745705
31,67,2807.595458984375,0.4086446408150463,factual,0.1468523973794232,0.0984485010362254,0.4086446408150463,0.10118991355672231,0.04896290066940518,0.1959016465431776
31,68,966.531982421875,0.3655716275797788,factual,0.12312060248830803,0.05054756164252074,0.3655716275797788,0.24199408171178213,0.10377868683717635,0.11498743974043393
31,69,1684.5072021484375,0.45683552057711146,reasoning,0.13043082845929807,0.037015299776085815,0.09075325503136603,0.45683552057711146,0.038576372752515437,0.24638872340362317
31,70,1820.753662109375,0.315638967326454,reasoning,0.08780443098085,0.03693384663883096,0.2345391212188784,0.315638967326454,0.10310135405756679,0.22198227977741983
31,71,1177.9884643554688,0.31968299956844926,symbolic,0.05151997939084763,0.009459298348931043,0.10773525591467803,0.3001035794360908,0.21149888734100328,0.31968299956844926
31,72,545.1610107421875,0.45673683972468176,reasoning,0.024432826185820336,0.039248457050322226,0.15561629652220274,0.45673683972468176,0.29899378834422796,0.02497179217274498
31,73,2861.8174438476562,0.40333678432167436,symbolic,0.07537744665124141,0.06947689854318215,0.20267263595301974,0.20345061724406047,0.04568561728682192,0.40333678432167436
31,74,1515.55419921875,0.3703150598207713,creative,0.04360206903995193,0.3703150598207713,0.059232228953994305,0.3129495417794968,0.0269110509350469,0.1869900494707388
31,75,7020.322021484375,0.7846512595496077,symbolic,0.008534149203211282,0.0017216514875776202,0.014436012860126114,0.18428714850883346,0.006369778390643875,0.7846512595496077
31,76,1782.4625244140625,0.289874498122954,social_ethical,0.09627485621253022,0.03953483418941862,0.27711358489317817,0.13849269134435832,0.289874498122954,0.15870953523756068
31,77,1277.4307861328125,0.48548278390434596,reasoning,0.04348709802170399,0.022843053603094514,0.25961409548451064,0.48548278390434596,0.05975290483360604,0.12882006415273883
31,78,1542.0540771484375,0.29866795244997685,factual,0.06263950615661641,0.06795001182267305,0.29866795244997685,0.1947774103746786,0.20952476020793023,0.16644035898812484
31,79,1422.21142578125,0.3095266092603776,symbolic,0.15983906967067202,0.061893408462077484,0.10138483717279806,0.1669861595247553,0.20036991590931955,0.3095266092603776
31,80,2381.7281494140625,0.33997253975771863,symbolic,0.1518916625839515,0.01457025756136873,0.17490346657241612,0.2549098034725536,0.06375227005199138,0.33997253975771863
31,81,1507.483154296875,0.32159679956000753,factual,0.056257025700723814,0.050434267459002945,0.32159679956000753,0.236069455585425,0.1231200759362756,0.21252237575856514
31,82,1209.3116455078125,0.2718232271736619,symbolic,0.1854737222284638,0.0776195377644642,0.1280107838336573,0.24210843167353424,0.09496429732621854,0.2718232271736619
31,83,3191.5843505859375,0.37067285756964524,factual,0.13814115866162457,0.04633821880885702,0.37067285756964524,0.1913825647505366,0.052511566157626074,0.20095363405171046
31,84,211.23486328125,0.48183752534043445,symbolic,0.09993030658169386,0.006701201315737768,0.11470924090807172,0.2414923175430932,0.055329408310969025,0.48183752534043445
31,85,2524.2318115234375,0.5621618620725375,symbolic,0.07852094931224968,0.010167078309860572,0.11487304184968479,0.1392397429853132,0.09503732547035432,0.5621618620725375
31,86,1032.5091552734375,0.29258510708102026,symbolic,0.08640538925306045,0.02850047556753325,0.2911727690444255,0.15767525801533758,0.14366100103862295,0.29258510708102026
31,87,1018.2491455078125,0.35772020298035234,reasoning,0.06088043908665315,0.029114078683958048,0.3049438248314421,0.35772020298035234,0.04939269294228602,0.19794876147530832
31,88,1418.200439453125,0.3045312499731018,factual,0.1493894162265842,0.03677386391238759,0.3045312499731018,0.24534412335174574,0.10159118284564041,0.16237016369054022
31,89,1846.6070556640625,0.37065524457102855,factual,0.05782776358536048,0.038370890446841346,0.37065524457102855,0.1556179662010768,0.1560295371215354,0.22149859807415748
31,90,1146.806396484375,0.24404612503430148,factual,0.07440350548898211,0.08011942557020292,0.24404612503430148,0.2000673149939359,0.19062480108334137,0.2107388278292362
31,91,1109.4853515625,0.23683735684742627,factual,0.1531614812963147,0.1713881013596359,0.23683735684742627,0.13087683619499116,0.21132239926838264,0.09641382503324933
31,92,1487.6348876953125,0.4940136813026983,social_ethical,0.02776730871880463,0.04889738448579825,0.231719238301083,0.08629551630239675,0.4940136813026983,0.11130687088921903
31,93,1420.136474609375,0.3665353877912881,symbolic,0.006957682977417959,0.16201059021513084,0.08419076621672894,0.054867395385050984,0.3254381774143832,0.3665353877912881
31,94,1607.5348510742188,0.367916349743189,symbolic,0.14456213606797305,0.05831083181387882,0.15728022001491312,0.2692736017072919,0.0026568606527540913,0.367916349743189
31,95,1518.5833740234375,0.35300217399430156,symbolic,0.0670772698425713,0.05206637977498013,0.18873638641070686,0.23406149481902874,0.1050562951584114,0.35300217399430156
31,96,1345.311767578125,0.27259542279803073,symbolic,0.1400231235607888,0.0539810471005991,0.2584327408714835,0.16251242877781763,0.11245523689128024,0.27259542279803073
31,97,2678.779541015625,0.30993181818803217,symbolic,0.10809001337096635,0.022644881223876784,0.167019601484869,0.2803957991961744,0.11191788653608124,0.30993181818803217
31,98,3494.001708984375,0.4712574165364735,symbolic,0.060113031324400754,0.012058717258951952,0.08635628400821693,0.36678435580620833,0.0034301950657484918,0.4712574165364735
31,99,1555.1348876953125,0.29164691536237414,reasoning,0.18474284841869862,0.027219946521356723,0.17954279017540886,0.29164691536237414,0.03726973982439884,0.27957775969776283
31,100,975.1688232421875,0.34984089168254245,reasoning,0.06468331117045413,0.03681691734316336,0.21871313097704562,0.34984089168254245,0.1700678330562504,0.15987791577054403
31,101,1490.9625244140625,0.2649028386768752,symbolic,0.061014993902471476,0.18641620472958617,0.25428736696068804,0.13771547568705167,0.09566312004332746,0.2649028386768752
31,102,2251.2406005859375,0.31785740100008875,factual,0.053258069565918054,0.12034374709734427,0.31785740100008875,0.20828625145542853,0.11707471623583415,0.18317981464538624
31,103,1187.7427978515625,0.5428170576554608,symbolic,0.053207357171729586,0.04717682620196179,0.06245978284250887,0.23819379446369363,0.05614518166464525,0.5428170576554608
31,104,1283.486572265625,0.29308366245583883,factual,0.12608582845379854,0.03636192614226576,0.29308366245583883,0.2278040371980238,0.09396953983338155,0.22269500591669153
31,105,2008.40087890625,0.6236568563930074,reasoning,0.03589567016474987,0.04470923525571908,0.10452050165260424,0.6236568563930074,0.010674097206436344,0.18054363932748307
31,106,789.9396362304688,0.4335537901053833,reasoning,0.14760865686820443,0.03834737854447226,0.14947122130867674,0.4335537901053833,0.08185663971462416,0.14916231345863906
31,107,1026.0667724609375,0.4126212489169344,reasoning,0.10333900062803825,0.01822024738687192,0.12485624062894718,0.4126212489169344,0.06014498296896844,0.2808182794702398
31,108,1367.698486328125,0.2889749420439825,social_ethical,0.0963168587169117,0.033638409787199175,0.18662953292635448,0.1914704914752397,0.2889749420439825,0.20296976505031245
31,109,1271.8597412109375,0.3297641105376437,factual,0.10141072983926117,0.0024912000345520117,0.3297641105376437,0.32343456592835734,0.1507115554883711,0.09218783817181468
31,110,1646.7158203125,0.6454470812821685,reasoning,0.02708605018155811,0.008109773418564531,0.04734536129856005,0.6454470812821685,0.010300301796248095,0.2617114320229007
31,111,2494.8087158203125,0.46129054213307097,symbolic,0.07363513091858274,0.03935183180425486,0.17491864087110964,0.15726812214014912,0.09353573213283266,0.46129054213307097
31,112,2025.1153564453125,0.43750154086153825,symbolic,0.13130105375338802,0.06812961862885776,0.08638011012224721,0.17909190285926638,0.09759577377470238,0.43750154086153825
31,113,962.2999267578125,0.3437482755965532,reasoning,0.17601302320224083,0.000994778617359204,0.09347088052622546,0.3437482755965532,0.07756038472384365,0.3082126573337777
31,114,1256.9208984375,0.599839113439884,reasoning,0.02384483333294486,0.021857108338441768,0.1771427455952861,0.599839113439884,0.07847284216218484,0.09884335713125841
31,115,1106.116943359375,0.3746159219803759,social_ethical,0.04679146834177398,0.00868649235044381,0.25572560700384384,0.19010672849731441,0.3746159219803759,0.12407378182624808
31,116,3296.7724609375,0.5229215511738369,social_ethical,0.026432694144811968,0.0024495726318502203,0.19290654774511648,0.11746829359325453,0.5229215511738369,0.13782134071112995
31,117,294.4854736328125,0.28578546483310363,reasoning,0.06200151300040416,0.061486263821673215,0.2545538203260205,0.28578546483310363,0.1336961770832254,0.20247676093557312
31,118,2568.231201171875,0.2828105965364241,factual,0.10894526580461478,0.07579332618785634,0.2828105965364241,0.22947504509493108,0.12130396241257287,0.18167180396360086
31,119,1424.211181640625,0.4873775385188724,factual,0.04776938440258442,0.021807318984313033,0.4873775385188724,0.17775156169405043,0.13887407520164757,0.12642012119853216
31,120,1081.81884765625,0.35630076301078956,symbolic,0.09356890905931445,0.012014993918029938,0.20875420039583584,0.23360090992591054,0.09576022369011968,0.35630076301078956
31,121,2330.7088623046875,0.6108013406052543,factual,0.13091165022544451,0.008100803811122586,0.6108013406052543,0.06540811170823572,0.16566916321425357,0.019108930435689377
31,122,1472.525390625,0.3179870591949152,symbolic,0.08791339880334194,0.07783698949376139,0.25878998863294217,0.1386326769089561,0.11883988696608319,0.3179870591949152
31,123,563.1136474609375,0.2720419802442084,factual,0.09258692827941394,0.07874287317199748,0.2720419802442084,0.13264890927367215,0.25612163119790976,0.16785767783279829
31,124,1304.720703125,0.3972542989175425,reasoning,0.039578427644805445,0.0005005486387322478,0.20685635620051585,0.3972542989175425,0.22549809735380985,0.13031227124459407
31,125,2300.27294921875,0.3462714279619075,symbolic,0.0647426033637737,0.05714468115727604,0.20882122939299622,0.18968075289978112,0.13333930522426538,0.3462714279619075
31,126,1209.3170776367188,0.3153881673616575,reasoning,0.11484450639113802,0.03606701326285865,0.18455992345805888,0.3153881673616575,0.04980333814639358,0.29933705137989336
31,127,1177.531494140625,0.32584945706857876,factual,0.06543902981628884,0.04655632012894427,0.32584945706857876,0.26742697591562725,0.1611477847863096,0.1335804322842513
34,0,947.3014526367188,0.36718533905966316,reasoning,0.12269123584050011,0.04102215979331194,0.2673686890837312,0.36718533905966316,0.1257926649294901,0.07593991129330353
34,1,4128.49267578125,0.3417567961218443,factual,0.23099324754974865,0.04809771035485697,0.3417567961218443,0.18444246366683134,0.06412849655115643,0.13058128575556233
34,2,1420.1600952148438,0.35408442264865897,symbolic,0.13903281271200074,0.036271167195427965,0.10598019941891626,0.21284376164023033,0.15178763638476575,0.35408442264865897
34,3,265.4610595703125,0.3637677114138,reasoning,0.0950375162611851,0.07522887517433784,0.17737693806425564,0.3637677114138,0.07025521725954943,0.218333741826872
34,4,7493.9560546875,0.763792837092287,symbolic,0.0200478614862941,0.11196179121430017,0.039913088815974225,0.047880088524463266,0.016404332866681234,0.763792837092287
34,5,2482.2060546875,0.29481231452459083,reasoning,0.037711726707947466,0.03974455489639343,0.19993378653297553,0.29481231452459083,0.23327382120947573,0.194523796128617
34,6,1193.8345947265625,0.4453062012028148,symbolic,0.016133714346363504,0.060742382355307975,0.22459182324387394,0.16563023746783323,0.08759564138380654,0.4453062012028148
34,7,1625.677734375,0.41875871781840984,factual,0.12063373208529615,0.025536299764401145,0.41875871781840984,0.15172000079293851,0.1195462199058806,0.1638050296330737
34,8,1254.4931640625,0.4466427707903077,factual,0.05655549855558263,0.000981433145389113,0.4466427707903077,0.19929651308071533,0.16869284703966445,0.1278309373883408
34,9,1454.855712890625,0.34530202519210573,reasoning,0.07474170968079182,0.053493243682046034,0.14781848366419767,0.34530202519210573,0.08560192673745937,0.2930426110433994
34,10,1308.808349609375,0.26817402519251043,symbolic,0.0630335995272417,0.08359935003196305,0.20922072667560673,0.20973528781380815,0.16623701075886996,0.26817402519251043
34,11,1263.0604248046875,0.34106176375334624,social_ethical,0.07731339478308234,0.02111454431534733,0.2902855525823884,0.10869614170921768,0.34106176375334624,0.16152860285661794
34,12,1114.07470703125,0.43395825343779104,social_ethical,0.07325250643729798,0.07425354736207747,0.23815066016545225,0.07039018243576399,0.43395825343779104,0.10999485016161727
34,13,1077.114990234375,0.2996941428144981,symbolic,0.07417297409280388,0.05166241562804647,0.25123615579178227,0.17135958210851063,0.15187472956435863,0.2996941428144981
34,14,1337.3348388671875,0.24748702631668065,factual,0.11626234876586962,0.06237299126178968,0.24748702631668065,0.23411970319421926,0.18291668062471572,0.15684124983672507
34,15,1031.2362060546875,0.2426572467174336,symbolic,0.08492774583750942,0.03916813754729437,0.2409002393142806,0.21021221046162195,0.18213442012186007,0.2426572467174336
34,16,959.7579345703125,0.45197604732536906,social_ethical,0.016102718568283197,0.045626891851621214,0.21433538145210515,0.20066857983828473,0.45197604732536906,0.07129038096433668
34,17,1336.3123779296875,0.38402582754784365,reasoning,0.08435936882112119,0.03788264459050279,0.17575194314533998,0.38402582754784365,0.030421196683569515,0.2875590192116229
34,18,3361.48974609375,0.28790226675620334,factual,0.05269295593137518,0.16330541050394004,0.28790226675620334,0.1425596401451354,0.14315468707126372,0.21038503959208238
34,19,1377.834716796875,0.7501734261982266,reasoning,0.03452984268405459,0.011088468003907427,0.05227371269919206,0.7501734261982266,0.03244288098524154,0.11949166942937775
34,20,1412.655517578125,0.37385454484494846,factual,0.1035209930046073,0.04526413280340919,0.37385454484494846,0.16722318840379335,0.17616967642355472,0.13396746451968697
34,21,1958.8651123046875,0.47600380456861063,reasoning,0.018703219905648542,0.05453273170980063,0.006527067356979547,0.47600380456861063,0.016996049672266315,0.42723712678669434
34,22,1030.219482421875,0.5063012778631298,symbolic,0.029371917344486523,0.04734193425769454,0.19493840791188355,0.16041728725603877,0.06162917536676684,0.5063012778631298
34,23,3237.9541015625,0.34569207836135435,symbolic,0.07093878603538054,0.338968728746722,0.157126021476838,0.08223459698129938,0.005039788398405749,0.34569207836135435
34,24,1819.8287353515625,0.6008148490643,factual,0.05648765159356661,0.06613452864384493,0.6008148490643,0.05912233783696673,0.130586542010863,0.08685409085045871
34,25,1397.5543212890625,0.36504103281008915,factual,0.07403750535538113,0.0367889462313184,0.36504103281008915,0.17176332993121965,0.08238242290762367,0.26998676276436806
34,26,1197.694580078125,0.35997094841835825,reasoning,0.09520895551899533,0.002338477017919966,0.1296203623620167,0.35997094841835825,0.20808715148345097,0.20477410519925876
34,27,5108.768798828125,0.49530312679968674,symbolic,0.13616423431736477,0.021334956742048477,0.18125282161487336,0.11694810216636463,0.04899675835966203,0.49530312679968674
34,28,1961.11767578125,0.27040095170538364,social_ethical,0.12301807926512728,0.027186060344554994,0.23053179376695718,0.23379381974116423,0.27040095170538364,0.11506929517681269
34,29,360.7230224609375,0.4417631147837781,factual,0.022351959007026294,0.017266753817118737,0.4417631147837781,0.13425489916728792,0.10889418529611922,0.27546908792866975
34,30,261.980712890625,0.951473012553666,social_ethical,0.0020073191665431894,0.0,0.0018982865098646597,0.029187203480098744,0.951473012553666,0.01543417828982744
34,31,1214.5855712890625,0.34630108790202097,social_ethical,0.04271536806706811,0.05366845948470761,0.2649923089563347,0.15872133195509294,0.34630108790202097,0.1336014436347757
34,32,2088.32275390625,0.4021198839809815,reasoning,0.09869928698106215,0.012840303164569541,0.1062343855399432,0.4021198839809815,0.09674435950463947,0.28336178082880414
34,33,1517.98388671875,0.5230405737719419,symbolic,0.12741252258485586,0.11861243020286404,0.07303726062947777,0.10879105361468668,0.04910615919617374,0.5230405737719419
34,34,1281.9227294921875,0.3156662884036402,factual,0.05799489235406219,0.06497312624821323,0.3156662884036402,0.28758271071658165,0.20523646549529873,0.06854651678220401
34,35,2216.1080322265625,0.718012100345939,computational,0.718012100345939,0.006208812573202125,0.0693380657877335,0.05883931884781157,0.0726033425474667,0.07499835989784712
34,36,1965.918701171875,0.8778327413568348,reasoning,0.0011062536239182267,0.010470849509146524,0.05617627433698984,0.8778327413568348,0.04012516512151714,0.014288716051593544
34,37,1237.67041015625,0.2581428180857355,symbolic,0.08393237358018486,0.052077838870831,0.24657520330415358,0.18246116282124974,0.1768106033378453,0.2581428180857355
34,38,103.190185546875,0.3291101505440453,factual,0.011999990536285065,0.07278543155723063,0.3291101505440453,0.3286795515145493,0.2574248758478897,0.0
34,39,234.675537109375,0.29911436480929143,factual,0.0763968286499291,0.05887346537928968,0.29911436480929143,0.14510559896632547,0.12376005351471187,0.2967496886804525
34,40,2136.275390625,0.322948980272872,factual,0.14387263170694467,0.07265584357997501,0.322948980272872,0.21821603979984877,0.13944552480267844,0.10286097983768112
34,41,407.03143310546875,0.3568916340758604,reasoning,0.03354485055264041,0.08877965056097774,0.16093637793768986,0.3568916340758604,0.22470299392559653,0.13514449294723505
34,42,1046.186767578125,0.23058512580915486,reasoning,0.1868360986385406,0.020908801751897993,0.19284086249799018,0.23058512580915486,0.20978985485093862,0.1590392564514778
34,43,2530.89794921875,0.34242788204146446,reasoning,0.06828114982813004,0.032002136099561686,0.16351073326363486,0.34242788204146446,0.08421638117492806,0.30956171759228085
34,44,339.6845703125,0.3850222949254967,factual,0.08319665532993903,0.023647570557473758,0.3850222949254967,0.2182818389073043,0.14264511825941462,0.1472065220203716
34,45,1172.0869140625,0.45411319369747305,symbolic,0.021154507893155986,0.05392108260422907,0.14291676005255716,0.17107239774140842,0.15682205801117632,0.45411319369747305
34,46,1098.0828857421875,0.29738630281046236,symbolic,0.08325033808589744,0.08507202772054234,0.26833353806544274,0.2098920626380205,0.05606573067963464,0.29738630281046236
34,47,1737.027587890625,0.2578185250176918,factual,0.09796840839566176,0.19599177215590177,0.2578185250176918,0.194285555664092,0.01954864920135519,0.23438708956529744
34,48,1203.12255859375,0.368236238304055,symbolic,0.1300067573189069,0.03466636498856532,0.18025959874106887,0.21825257356447558,0.06857846708292833,0.368236238304055
34,49,1194.2054443359375,0.3097876290858026,factual,0.07878681757031712,0.02345616053103104,0.3097876290858026,0.15734548265749804,0.21468698900155792,0.2159369211537933
34,50,2696.0980224609375,0.34751117597747216,factual,0.09172394730068478,0.03806725711958494,0.34751117597747216,0.2520014207815793,0.0836297935814449,0.18706640523923396
34,51,1248.9835205078125,0.26868958771454093,reasoning,0.23527716337298896,0.03443669476145299,0.14654426504834547,0.26868958771454093,0.04764215979146323,0.26741012931120844
34,52,1688.0687255859375,0.5143922487350364,reasoning,0.047133420529062144,0.08521144385728219,0.15806738744516008,0.5143922487350364,0.10081866940243446,0.0943768300310247
34,53,2653.40234375,0.40695986027667896,reasoning,0.11370093821170048,0.008912725922349107,0.06966015772791713,0.40695986027667896,0.045160593121154884,0.3556057247401994
34,54,3648.4378662109375,0.5028414243668271,reasoning,0.05804282072642993,0.008514051607931115,0.217091988380756,0.5028414243668271,0.015469718736310352,0.19803999618174556
34,55,7038.5594482421875,0.3518097913455559,symbolic,0.0562516095463884,0.02149558794599621,0.3370082340963636,0.22626835550591426,0.007166421559781629,0.3518097913455559
34,56,755.8392333984375,0.32868382313159183,reasoning,0.044298015047235594,0.06420584527849983,0.31755465060034704,0.32868382313159183,0.1676632209999136,0.07759444494241206
34,57,439.36474609375,0.5407498619166744,symbolic,0.0008957356979570336,0.01492939135537258,0.07705716371848116,0.15291880922718903,0.21344903808432586,0.5407498619166744
34,58,3725.4404296875,0.37100200636931824,social_ethical,0.02206613049893692,0.001945882027895716,0.23015407416960715,0.22804711114536322,0.37100200636931824,0.1467847957888788
34,59,2184.2760009765625,0.334189859843098,symbolic,0.06897811277547505,0.07326093161075735,0.18921290748323324,0.2437229333925128,0.09063525489492354,0.334189859843098
34,60,1110.177001953125,0.23970556057075815,social_ethical,0.12425480259099661,0.044781446511489825,0.20206144985414373,0.2235458081030769,0.23970556057075815,0.1656509323695348
34,61,1334.045166015625,0.30027685414775207,factual,0.0820649827634136,0.05935637266896146,0.30027685414775207,0.2451503399643757,0.13938978622679896,0.1737616642286982
34,62,1944.6990966796875,0.4951019633136076,symbolic,0.04286391761960583,0.05599676102686747,0.18693896638466886,0.14984205298169131,0.0692563386735589,0.4951019633136076
34,63,2458.471923828125,0.2359692513362346,symbolic,0.2355112031389385,0.03537095349795395,0.15277846326393874,0.1590882571735313,0.18128187158940293,0.2359692513362346
34,64,1519.6260986328125,0.3498587049956795,symbolic,0.07507460371408373,0.02461390383971052,0.20658447010497497,0.2785235850879167,0.06534473225763462,0.3498587049956795
34,65,578.3731689453125,0.27772136665151975,symbolic,0.07874512482289592,0.05862749372999301,0.10947475460808315,0.20225186274557397,0.27317939744193426,0.27772136665151975
34,66,2127.1322021484375,0.29035554685564524,reasoning,0.2083101703960072,0.03102642815828121,0.1932667859059387,0.29035554685564524,0.03436074338782427,0.2426803252963034
34,67,1679.585693359375,0.5733299532835057,factual,0.050916748878529414,0.044202097714352746,0.5733299532835057,0.11900089002487506,0.10103810071046457,0.11151220938827251
34,68,1783.62060546875,0.31968870924249665,symbolic,0.09187204255301674,0.07364835176868505,0.23918079146311583,0.14350514871244546,0.13210495626024027,0.31968870924249665
34,69,548.1610107421875,0.3162885936753638,reasoning,0.16761878039030984,0.05533639087547475,0.2016940075069006,0.3162885936753638,0.014963473171904907,0.24409875438004602
34,70,2494.973388671875,0.3332740017991252,symbolic,0.10057786109199444,0.012474202280346685,0.21959660884565657,0.32562820890558175,0.008449117077295355,0.3332740017991252
34,71,1528.7562255859375,0.43819298824592445,symbolic,0.01410811660667712,0.008155980430821209,0.14922005871967348,0.07839585051260539,0.31192700548429836,0.43819298824592445
34,72,863.89453125,0.43165234426222093,social_ethical,0.014880266055336254,0.020145049670596,0.401810845914893,0.06838792690260764,0.43165234426222093,0.0631235671943461
34,73,2187.885986328125,0.2525884662538898,reasoning,0.11569917183139895,0.10530602803233045,0.22102071051971744,0.2525884662538898,0.05857593654512524,0.24680968681753812
34,74,2161.1907958984375,0.49257348777639554,reasoning,0.027095409493927382,0.03358840067271128,0.05362327886028815,0.49257348777639554,0.01117632688910572,0.38194309630757195
34,75,979.5435791015625,0.6437303077692459,reasoning,0.023058112230153426,0.040425595815573485,0.1875433754036584,0.6437303077692459,0.04722895271820858,0.058013656063160196
34,76,1684.4437255859375,0.3217658457378283,symbolic,0.1084257563412555,0.02583418768497314,0.1714141127851419,0.24421146719503486,0.12834863025576632,0.3217658457378283
34,77,812.3683471679688,0.5422882899520303,symbolic,0.048931907010473376,0.0007964030830416257,0.15596660306210974,0.2304964829412338,0.02152031395111122,0.5422882899520303
34,78,3078.389506816864,0.38898835249104013,reasoning,0.10138164856953738,0.013231944142458036,0.1324620680188464,0.38898835249104013,0.0836232458226062,0.28031274095551184
34,79,1957.724853515625,0.8202483376338301,factual,0.0078331145361281,0.012438767647344548,0.8202483376338301,0.06980223201831785,0.038441839662365175,0.05123570850201419
34,80,3963.023681640625,0.6528158400300138,symbolic,0.13700026705609009,0.02057409974837587,0.06472540196253884,0.12083899967626764,0.004045391526713771,0.6528158400300138
34,81,1076.8116455078125,0.28887874166457983,factual,0.11346759486562039,0.04434353397668197,0.28887874166457983,0.17287012110880998,0.1012088888626895,0.27923111952161833
34,82,1438.7431640625,0.3910208766467586,factual,0.11221214601774417,0.29059524270111514,0.3910208766467586,0.15873958865736357,0.01731841281283238,0.030113733164186134
34,83,458.75830078125,0.31298581109631657,social_ethical,0.11347264663339496,0.011769626954553147,0.2882401118848965,0.13662048434494864,0.31298581109631657,0.1369113190858902
34,84,2574.55615234375,0.26708743220492154,reasoning,0.22353941279699494,0.004758433596810433,0.1994977043031727,0.26708743220492154,0.05945507711337531,0.24566193998472508
34,85,1281.7213134765625,0.38208886765262895,symbolic,0.05651351003599,0.03975519294969714,0.35413649761649224,0.10674741313242146,0.06075851861277021,0.38208886765262895
34,86,3413.98583984375,0.4922424244937994,symbolic,0.09028778249168352,0.0059414234558756536,0.16903719090946406,0.13972832341916144,0.1027628552300159,0.4922424244937994
34,87,365.82440185546875,0.43943282134292744,reasoning,0.014632778230755896,0.002670151678429916,0.17105171174841713,0.43943282134292744,0.3046599018597463,0.06755263513972332
34,88,1543.796875,0.29169866426120666,factual,0.04903673534710484,0.031945038359159135,0.29169866426120666,0.2249194735989798,0.17623911343785106,0.2261609749956985
34,89,3869.54443359375,0.5791835266561655,symbolic,0.08124562214418056,0.0336966346394691,0.08982524161095251,0.19484810204689643,0.021200872902335913,0.5791835266561655
34,90,592.1248779296875,0.27482601948961044,factual,0.1787664304046004,0.05385154721382765,0.27482601948961044,0.22143296403169282,0.09910761094253247,0.1720154279177362
34,91,1034.60107421875,0.4907976589331165,social_ethical,0.04116995766125511,0.04213391804944444,0.24741665695233717,0.08408495499709043,0.4907976589331165,0.09439685340675635
34,92,1452.9405517578125,0.2534094339427661,computational,0.2534094339427661,0.08009778458942494,0.18038285941705134,0.250067359860614,0.014191737543298716,0.22185082464684489
34,93,1912.8316650390625,0.37991394593857775,symbolic,0.13998197948336294,0.06727565946903229,0.20359610073237785,0.16566865031895192,0.04356366405769731,0.37991394593857775
34,94,2839.083251953125,0.2708441093019666,factual,0.13035794059361666,0.05171407232937637,0.2708441093019666,0.20794517273152155,0.08436999763949854,0.25476870740402024
34,95,2303.69580078125,0.4001464931202388,symbolic,0.09564481029866877,0.05238758457293806,0.20823573660615405,0.20866182037228306,0.03492355502971724,0.4001464931202388
34,96,1367.4351806640625,0.32462538706157607,reasoning,0.01397595024972708,0.09121044053715625,0.2557298325151631,0.32462538706157607,0.04644417542571975,0.26801421421065774
34,97,1314.3775634765625,0.4327433941457073,factual,0.19047166622969874,0.013437808135515962,0.4327433941457073,0.12037328297382623,0.18159244109593595,0.0613814074193158
34,98,5548.546203613281,0.47863407262827207,symbolic,0.20573935575154234,0.027917843106710995,0.11722164782197389,0.11942218421186285,0.051064896479637883,0.47863407262827207
34,99,1120.3577880859375,0.3529178725886146,reasoning,0.09215021490043933,0.029889503900153967,0.21856225085043307,0.3529178725886146,0.11413001849755246,0.19235013926280656
34,100,2573.7227783203125,0.2571764466949413,factual,0.09600569381325698,0.03408343517626713,0.2571764466949413,0.193824379194455,0.16892665729365441,0.2499833878274252
34,101,1002.6138916015625,0.32654086675052135,factual,0.08675699127756026,0.025951452824787943,0.32654086675052135,0.311012486526612,0.09140475463732312,0.1583334479831953
34,102,1785.5108642578125,0.5781212088271579,factual,0.04542122889292027,0.000677655320794112,0.5781212088271579,0.029654530469706338,0.18702247673038144,0.15910289975903993
34,103,1396.6778564453125,0.4481118656200168,factual,0.04857622436052347,0.011339075836083899,0.4481118656200168,0.22985836315510483,0.03799604687637246,0.22411842415189853
34,104,373.0799560546875,0.5353219658858785,reasoning,0.0017060005477262977,0.03603214505519962,0.1990320884502716,0.5353219658858785,0.2226438689501029,0.005263931110820997
34,105,646.0185546875,0.273207998814856,social_ethical,0.10206542327326487,0.004235680392064977,0.24815123586027998,0.1359389620617877,0.273207998814856,0.2364006995977464
34,106,386.9385986328125,0.34872662353251827,factual,0.08548107594136035,0.03845793474101371,0.34872662353251827,0.09743545414996084,0.34600720991633227,0.08389170171881452
34,107,647.87109375,0.3145141840764523,reasoning,0.04692879322299599,0.16419990353019204,0.19654272557354316,0.3145141840764523,0.057797473696903925,0.22001691989991257
34,108,1678.436767578125,0.27575271528494255,reasoning,0.11735264500004873,0.06165768493021766,0.26671735363410864,0.27575271528494255,0.12321762265710354,0.15530197849357888
34,109,2999.889404296875,0.3540530099294839,reasoning,0.104415999385394,0.05530294207623377,0.12676643271435706,0.3540530099294839,0.0905445977134411,0.26891701818109015
34,110,1590.909423828125,0.33971171043979276,factual,0.05995106167318743,0.06112418503260637,0.33971171043979276,0.12974710594019825,0.23351109092262326,0.17595484599159195
34,111,2405.2510986328125,0.3561681982734614,reasoning,0.11043433868676308,0.010940925811481095,0.12567407624624202,0.3561681982734614,0.0956583691373098,0.3011240918447426
34,112,1017.5103759765625,0.35968505580685856,factual,0.05465383071929573,0.04016366252791543,0.35968505580685856,0.23827798035977682,0.13627226860713496,0.17094720197901853
34,113,2173.60498046875,0.5025081190948846,social_ethical,0.014650313385718166,0.002098935133278506,0.42447326690992315,0.04968872590919598,0.5025081190948846,0.006580639566999578
34,114,231.3250732421875,0.35046107814450017,reasoning,0.12947707537935055,0.03666514513077733,0.21916079819948656,0.35046107814450017,0.0564000812658475,0.20783582188003788
34,115,3988.987548828125,0.27350965576431646,factual,0.12152129890317538,0.05335505287904144,0.27350965576431646,0.20768230748558056,0.0871396856567945,0.25679199931109165
34,116,2658.746826171875,0.513217630817062,factual,0.07500371663510778,0.0,0.513217630817062,0.24481913921537174,0.10638979334406895,0.06056971998838959
34,117,1054.3026123046875,0.3699208750600769,symbolic,0.04946701035690455,0.01377423960387396,0.16212455772343773,0.13307309947715873,0.27164021777854813,0.3699208750600769
34,118,1815.3695068359375,0.4844303270677276,reasoning,0.21620962825085582,0.002405001725783406,0.1592437807412524,0.4844303270677276,0.024732261498448007,0.11297900071593282
34,119,2690.6961669921875,0.2886744475354369,reasoning,0.06296350048450283,0.0345159097898788,0.17539882506192786,0.2886744475354369,0.25513253383296924,0.1833147832952843
34,120,3822.9481201171875,0.2778445187562479,reasoning,0.0997666455251938,0.07629354377863866,0.26690204236973397,0.2778445187562479,0.05662370391132575,0.2225695456588599
34,121,3226.0810546875,0.24591782308922003,factual,0.09189086779595139,0.06671489571537158,0.24591782308922003,0.23558932976379346,0.1608152714675646,0.19907181216809894
34,122,1116.7740478515625,0.5057740446557308,reasoning,0.09762714850874116,0.04034469487341961,0.10260921518923141,0.5057740446557308,0.03815496403662501,0.21548993273625194
34,123,1354.3995361328125,0.423795391195198,factual,0.03865684395679193,0.016558811115504387,0.423795391195198,0.4047014391124988,0.014201133621162442,0.10208638099884446
34,124,1541.150390625,0.5437114022981514,symbolic,0.02854661632886351,0.02204528374578142,0.13772979612682795,0.13397735179052783,0.13398954970984794,0.5437114022981514
34,125,478.33203125,0.3080791711922125,symbolic,0.16119398871403723,0.031636627930716275,0.14737848398977568,0.2626375017353597,0.08907422643789863,0.3080791711922125
34,126,854.907958984375,0.27782696019622455,social_ethical,0.03912410618490489,0.23837315728946745,0.19351012921427088,0.17930818233299625,0.27782696019622455,0.071857464782136
34,127,1627.8428955078125,0.42746992584862614,factual,0.05226950836985985,0.00600406935312763,0.42746992584862614,0.18941021825623727,0.13871570387413426,0.18613057429801483
36,0,2278.2391967773438,0.4450769263618499,symbolic,0.1023162231638605,0.05051717577493048,0.12086245248069404,0.20554380539319994,0.07568341682546509,0.4450769263618499
36,1,2556.8753662109375,0.2691504213015583,factual,0.10347039851144302,0.04929150173998061,0.2691504213015583,0.23520443572718186,0.08592717542215733,0.2569560672976789
36,2,906.5106811523438,0.2566775141660154,reasoning,0.11426454580582324,0.11845542004990348,0.2504388049477417,0.2566775141660154,0.05468429710176982,0.20547941792874638
36,3,1305.0005493164062,0.6265045218145403,social_ethical,0.028112032811737863,0.017978377100666666,0.06272381594068302,0.12217306204924913,0.6265045218145403,0.14250819028312303
36,4,216.6407470703125,0.39304600554115265,factual,0.10860749379761664,0.1213734440512058,0.39304600554115265,0.13898128212828947,0.14694985859749224,0.09104191588424321
36,5,3824.3203125,0.7241515738601426,factual,0.016396813005987585,0.012693866148600751,0.7241515738601426,0.1363817521189427,0.05294381865241577,0.05743217621391056
36,6,2391.6424560546875,0.47091436523518,factual,0.028865267973419196,0.020036713337129034,0.47091436523518,0.08609030010971128,0.2588022816065568,0.13529107173800367
36,7,1778.8701782226562,0.24985180138390076,factual,0.17456793374124538,0.04824531020045319,0.24985180138390076,0.2014607029285872,0.1442703277257523,0.1816039240200612
36,8,847.5618286132812,0.3494444549662898,factual,0.08481820375584752,0.02016857724575167,0.3494444549662898,0.3250490964107249,0.07502102948823576,0.14549863813315034
36,9,2061.1555786132812,0.31329139647224474,reasoning,0.07003612351126251,0.04818215282552935,0.1789242769012578,0.31329139647224474,0.20255142045864236,0.18701462983106323
36,10,1132.241943359375,0.29521118718630485,symbolic,0.16105784314211705,0.0325196117096046,0.2034071902162792,0.2101609150988332,0.09764325264686115,0.29521118718630485
36,11,1448.8841552734375,0.36922330197698106,factual,0.3377835128545093,0.006614397747997579,0.36922330197698106,0.054066391170670386,0.1081112140193419,0.12420118223049982
36,12,3592.8250122070312,0.49613775420626693,symbolic,0.09758506966254646,0.016021549024719254,0.1203690419978172,0.2573413724269553,0.012545212681694822,0.49613775420626693
36,13,464.04412841796875,0.3001636612560551,social_ethical,0.023486830484003535,0.14144183685723039,0.25739681666164443,0.24136845695306489,0.3001636612560551,0.03614239778800166
36,14,1591.9497680664062,0.4417774289701085,symbolic,0.15277765690066963,0.13117382705380484,0.14507061342459246,0.08333816096268361,0.045862312688140956,0.4417774289701085
36,15,1367.7435302734375,0.3286679390658531,social_ethical,0.07463500335354684,0.042494503351538725,0.17669697725612485,0.17609775667128236,0.3286679390658531,0.2014078203016541
36,16,2102.5374145507812,0.38630574867206263,symbolic,0.04657812522089471,0.03353323575816783,0.24771341408099687,0.2067634574609078,0.07910601880697016,0.38630574867206263
36,17,2173.571533203125,0.30809937246635916,reasoning,0.09965961840284607,0.02225857971330623,0.17814248964023044,0.30809937246635916,0.08604401754969056,0.3057959222275675
36,18,1604.8637084960938,0.29974355070780745,factual,0.0779201803051766,0.06482940442084945,0.29974355070780745,0.17974603948028314,0.09057595344535066,0.2871848716405327
36,19,1152.8689575195312,0.3340616736916252,symbolic,0.140034798758299,0.038961373801823906,0.15014428010962164,0.2547606877268067,0.08203718591182356,0.3340616736916252
36,20,1779.6444702148438,0.27178959104963546,reasoning,0.17601686278699327,0.04256941435185463,0.19020937697578633,0.27178959104963546,0.06426365321401435,0.255151101621716
36,21,727.416748046875,0.470315479213116,reasoning,0.14876964214453503,0.07334689489743074,0.10428934528925836,0.470315479213116,0.03626616421082873,0.1670124742448311
36,22,2979.1251220703125,0.5504711269534066,symbolic,0.09821986017369479,0.018258681737790296,0.04882402547708168,0.2672911235827849,0.016935182075241733,0.5504711269534066
36,23,2179.37646484375,0.27215011416279605,symbolic,0.08615146247347572,0.04175545435134897,0.23106898318599675,0.13821315900140768,0.2306608268249748,0.27215011416279605
36,24,1453.11572265625,0.4219420419686819,symbolic,0.04079259914629831,0.02716784818182643,0.1729242390996448,0.2805706756864375,0.05660259591711103,0.4219420419686819
36,25,2610.9957275390625,0.3390627462536485,reasoning,0.08627888637844093,0.018617786847119705,0.19095231690159514,0.3390627462536485,0.07008053614902458,0.2950077274701712
36,26,3720.46337890625,0.40480016494501153,symbolic,0.12421997926638055,0.02627666034648689,0.05860804154178439,0.3326554900059833,0.0534396638943533,0.40480016494501153
36,27,1442.7520751953125,0.2767812911809561,symbolic,0.11027457848680411,0.042279798883579654,0.23889931699103775,0.21611588096310821,0.11564913349451414,0.2767812911809561
36,28,1481.9856567382812,0.4387976814488354,symbolic,0.08801857167044337,0.03280782598535562,0.16391866463669955,0.24123715917229102,0.03522009708637501,0.4387976814488354
36,29,104.3564453125,0.5185497983361563,factual,0.1610971261732531,0.03406060209056625,0.5185497983361563,0.04032575027372007,0.22632204452513077,0.019644678601173488
36,30,1855.8084106445312,0.2677893997365285,social_ethical,0.03348419935626916,0.03267987291142263,0.24889624646014635,0.18616986725949675,0.2677893997365285,0.2309804142761366
36,31,965.3092041015625,0.43225883060208936,factual,0.09970582258331095,0.05291551532642464,0.43225883060208936,0.16599734970971114,0.05548550528445728,0.19363697649400663
36,32,1351.0284423828125,0.2455015416586666,factual,0.08677218463762551,0.14186105871855975,0.2455015416586666,0.23474783433663501,0.06203020069798173,0.2290871799505314
36,33,1039.44580078125,0.40858470911811196,symbolic,0.1549186507796701,0.050628879854001226,0.13660791249468593,0.1727288688148404,0.07653097893869037,0.40858470911811196
36,34,3470.4066772460938,0.34751448856694866,symbolic,0.191432290845467,0.1387147885785053,0.12973359447222058,0.17553001106611826,0.01707482647074016,0.34751448856694866
36,35,1495.4437866210938,0.2881822720714462,symbolic,0.09170106579020887,0.2762099118534321,0.07737230489861559,0.24476821706688745,0.021766228319409817,0.2881822720714462
36,36,1506.559814453125,0.4510655630511683,reasoning,0.06943997676826393,0.0007854647376244739,0.2237588417449795,0.4510655630511683,0.0843942725084587,0.17055588118950507
36,37,3682.2615966796875,0.2858822187385039,reasoning,0.15519252439086284,0.053037572873567376,0.174542808379767,0.2858822187385039,0.07480966323750367,0.2565352123797952
36,38,1134.630859375,0.4430448710776323,symbolic,0.03184715568630354,0.049441758143393966,0.2038573642997189,0.2345007410518633,0.03730810974108801,0.4430448710776323
36,39,2309.3775634765625,0.4192918108757597,reasoning,0.05049935192794367,0.014833690401540383,0.15327949409731392,0.4192918108757597,0.03403513432754245,0.3280605183698999
36,40,211.754150390625,0.26857882388207693,factual,0.07409969504637716,0.04537410142446201,0.26857882388207693,0.21842288823939723,0.2345243242308424,0.1590001671768443
36,41,404.63330078125,0.368130263585012,factual,0.17135590070581364,0.015980060070786506,0.368130263585012,0.19133685858023938,0.09094153536489563,0.16225538169325285
36,42,888.3578491210938,0.36647194355422985,symbolic,0.05988462269119136,0.07444223937648296,0.18895365154788557,0.2693293749748795,0.04091816785533075,0.36647194355422985
36,43,473.8084716796875,0.3305093806704163,reasoning,0.2100285486903182,0.006826849526683274,0.09441524135765111,0.3305093806704163,0.06623394055658223,0.29198603919834887
36,44,1679.9054565429688,0.6723924014075063,reasoning,0.04042920157417074,0.012908935399407294,0.06126890293414325,0.6723924014075063,0.029799694232990333,0.18320086445178208
36,45,3435.07568359375,0.3416169571295665,reasoning,0.08222300955148056,0.001890822149427828,0.33549175661528335,0.3416169571295665,0.00180493060802114,0.2369725239462206
36,46,3361.9892578125,0.4903188710413437,symbolic,0.1263429229637285,0.003703549592366638,0.06956381618141928,0.28023882286952856,0.029832017351613293,0.4903188710413437
36,47,213.5712890625,0.4149639684129183,factual,0.007346922911608298,0.1706602056726887,0.4149639684129183,0.16715135552842517,0.06193329126599816,0.17794425620836135
36,48,766.900146484375,0.3985651448496334,symbolic,0.09862941917845375,0.07144876374584039,0.052067459075653015,0.24591361390133715,0.1333755992490823,0.3985651448496334
36,49,4217.9952392578125,0.3891269667834381,creative,0.030756139039574124,0.3891269667834381,0.12795376557096427,0.13934084329959842,0.1933753946778152,0.11944689062860986
36,50,1333.0015869140625,0.45301933186684296,creative,0.025976952822765013,0.45301933186684296,0.05622407210876168,0.19717692820726543,0.052169016540278716,0.2154336984540862
36,51,945.024658203125,0.3580037671594734,factual,0.0520923080659116,0.11430972912464823,0.3580037671594734,0.35055366807196714,0.03111148771798024,0.09392903986001937
36,52,1562.2647705078125,0.35455048584267335,social_ethical,0.07643174093474854,0.020520276763540887,0.2237061001292929,0.09614783413096643,0.35455048584267335,0.2286435621987779
36,53,752.3526611328125,0.33577370335534384,symbolic,0.05506976569105409,0.026774734787831076,0.08077493890015905,0.30813416832257795,0.193472688943034,0.33577370335534384
36,54,1908.0377197265625,0.368100164772471,reasoning,0.0698779225041577,0.04529384423995299,0.2338606948081797,0.368100164772471,0.10817506251341516,0.17469231116182346
36,55,916.37353515625,0.5953625262623932,reasoning,0.03499272405824377,0.012419720865994258,0.04908956148796872,0.5953625262623932,0.045638084906057495,0.26249738241934256
36,56,1895.4730224609375,0.44688680852269635,factual,0.10018241576432849,0.03526797085083028,0.44688680852269635,0.14876702721553042,0.06876214562155475,0.2001336320250597
36,57,1370.51318359375,0.34827621097394873,factual,0.07277743317950514,0.054815945925821154,0.34827621097394873,0.21533200846084755,0.19851238647703745,0.11028601498283995
36,58,1674.4757080078125,0.4591651202623256,reasoning,0.08321926209266324,0.02545274017017191,0.13385843647859402,0.4591651202623256,0.09280161081203633,0.20550283018420892
36,59,828.5264892578125,0.4342011957940792,factual,0.036709796798103045,0.09867209131657721,0.4342011957940792,0.09281614500281335,0.23140314196139283,0.10619762912703437
36,60,1125.1681518554688,0.5300526098665266,reasoning,0.06665442529613222,0.01324064247124521,0.10486317827386368,0.5300526098665266,0.19923443517421305,0.08595470891801925
36,61,1123.8560791015625,0.23535954365055875,reasoning,0.10086351910129104,0.07176155355016478,0.2263069360131705,0.23535954365055875,0.20286686907879095,0.162841578606024
36,62,1257.7738647460938,0.3622168712771505,reasoning,0.12675806666615877,0.052712799262516166,0.1493164070887853,0.3622168712771505,0.1189164049924476,0.19007945071294163
36,63,1893.39306640625,0.5189398579404276,reasoning,0.1591982193425999,0.0005891426008769701,0.1360823989876392,0.5189398579404276,0.012922454185749221,0.17226792694270707
36,64,1503.8031005859375,0.292717885277034,symbolic,0.13701556640857265,0.024675961947065363,0.2607070046606281,0.2265656207751262,0.05831796093157363,0.292717885277034
36,65,3057.4542236328125,0.4465035165360338,symbolic,0.15053740687632466,0.10228004406973942,0.13192051716266417,0.1234465746238072,0.04531194073143071,0.4465035165360338
36,66,4622.3360595703125,0.4074637373611812,symbolic,0.020169530185209877,0.07215045764984408,0.19967769653641032,0.2927834251659469,0.007755153101407623,0.4074637373611812
36,67,401.2392578125,0.97299260834962,factual,0.0,0.0,0.97299260834962,0.0012485731461852805,0.02575881850419477,0.0
36,68,1054.2169189453125,0.21918494884002063,factual,0.098266761384854,0.096914306093749,0.21918494884002063,0.19815033212156583,0.19897651093167149,0.18850714062813906
36,69,1247.0792236328125,0.40528831381686486,symbolic,0.0486527455314777,0.012941371895052041,0.31956476818440904,0.16797148963207292,0.04558131094012347,0.40528831381686486
36,70,4030.51123046875,0.35022249111301523,factual,0.10404374614679265,0.054600879497417584,0.35022249111301523,0.17431916120287064,0.12473634036857773,0.19207738167132615
36,71,2623.2080078125,0.3030470950220854,symbolic,0.09000647763633284,0.07377441445331914,0.28081921624323153,0.22288494936089182,0.029467847284139283,0.3030470950220854
36,72,1414.8256225585938,0.3375091127228775,reasoning,0.2794093812373269,0.020340542222056182,0.15823776559119532,0.3375091127228775,0.02177183126699192,0.18273136695955217
36,73,1609.1044921875,0.3600352577465994,symbolic,0.06971378077504532,0.022340906208142997,0.1798867285338616,0.17119427840723228,0.19682904832911843,0.3600352577465994
36,74,1780.6915283203125,0.3077456782125701,reasoning,0.05418187240037224,0.034564359371170715,0.19580337173970047,0.3077456782125701,0.20702509181709589,0.20067962645909063
36,75,2130.3636474609375,0.33831002961905837,symbolic,0.11070890174438497,0.022220854656895144,0.26106548962840176,0.21163722839049576,0.056057495960764016,0.33831002961905837
36,76,1481.794921875,0.2637868749497482,factual,0.19363813615508008,0.03046594804917495,0.2637868749497482,0.2620091962476884,0.06824724290510216,0.18185260169320622
36,77,1261.0473022460938,0.2719923175060412,factual,0.06794627888031939,0.0830302542485966,0.2719923175060412,0.21247830271905052,0.10778442997843425,0.25676841666755806
36,78,1677.09912109375,0.3216524213621048,symbolic,0.04270578004069643,0.05314170179104486,0.2187129061382089,0.20394567325986934,0.15984151740807565,0.3216524213621048
36,79,1079.0330810546875,0.34930621728369865,factual,0.16656373781186792,0.027100588623327794,0.34930621728369865,0.22718658955619242,0.16288805205850734,0.06695481466640586
36,80,1694.120361328125,0.3681592340927527,symbolic,0.1205716087507964,0.021350771286894284,0.1213502380778419,0.35049949438811884,0.018068653403595876,0.3681592340927527
36,81,805.0472412109375,0.4431432125231636,computational,0.4431432125231636,0.01775874772003475,0.23658021815793212,0.05994286231564863,0.1544485497760634,0.08812640950715753
36,82,1406.3179321289062,0.4122408496499279,social_ethical,0.11595116954636697,0.012156183601026565,0.171599739995199,0.1012994467758567,0.4122408496499279,0.1867526104316228
36,83,1292.8121337890625,0.28627079734072775,factual,0.05980926503842941,0.05350818079644655,0.28627079734072775,0.24157939448292312,0.22842268375219543,0.13040967858927777
36,84,1669.2944946289062,0.34688631741435316,social_ethical,0.02576245658959373,0.08495962353692749,0.26976139902853125,0.09546605612539887,0.34688631741435316,0.17716414730519556
36,85,1383.0330200195312,0.2994743114103493,social_ethical,0.02806093819872387,0.077727541066125,0.2154970607838713,0.26248113769639403,0.2994743114103493,0.11675901084453649
36,86,2867.746826171875,0.4891307817931635,social_ethical,0.056712625287420514,0.016377722976554897,0.14513491960994326,0.14980166930991237,0.4891307817931635,0.14284228102300547
36,87,1192.334228515625,0.5425962278151792,factual,0.0658161542618137,0.0395852533712983,0.5425962278151792,0.17642866693380832,0.05544277909767413,0.12013091852022635
36,88,2430.1490478515625,0.4927344237913809,symbolic,0.0614864107657202,0.010885894314388932,0.15872452082931796,0.2471238758352827,0.029044874463909364,0.4927344237913809
36,89,1449.0546875,0.32892697758236783,social_ethical,0.07905291838968292,0.08316389591274484,0.28900374166347675,0.09620934175836618,0.32892697758236783,0.12364312469336151
36,90,2065.2779541015625,0.4515329347185494,reasoning,0.13025034876971162,0.016268157288387083,0.23105917296406586,0.4515329347185494,0.08926500924388239,0.08162437701540368
36,91,2266.311767578125,0.3018279049680307,reasoning,0.0900457652222446,0.031741617546319205,0.25074430563235517,0.3018279049680307,0.06785944088284446,0.25778096574820586
36,92,634.619873046875,0.3584046029030512,factual,0.1339219043757355,0.05835532235671037,0.3584046029030512,0.17139243126210132,0.1542652293622805,0.12366050974012109
36,93,2323.6348876953125,0.41958822954316727,reasoning,0.09077816134168579,0.011419150094270004,0.12613738524756507,0.41958822954316727,0.012035901665843894,0.340041172107468
36,94,4162.3077392578125,0.24385067874961966,factual,0.18929248004809718,0.028478259116287426,0.24385067874961966,0.1024668433651904,0.22010134136908363,0.21581039735172172
36,95,967.78173828125,0.39540705251266767,social_ethical,0.07757892591234081,0.04752217059692223,0.19861534991879484,0.140975581945059,0.39540705251266767,0.13990091911421546
36,96,4162.6429443359375,0.5174878889147569,symbolic,0.048694983406485516,0.0036516904757429177,0.1200594562446256,0.2865068535471359,0.02359912741125309,0.5174878889147569
36,97,714.3743286132812,0.4306636128625791,reasoning,0.0359433436010618,0.008029179680748347,0.11155267688165102,0.4306636128625791,0.25426840661845135,0.1595427803555084
36,98,1332.2655639648438,0.41271066732716877,symbolic,0.09057167775518227,0.04107479444025586,0.18871098508652184,0.16861375970383508,0.09831811568703618,0.41271066732716877
36,99,2030.613525390625,0.29234701306046257,reasoning,0.06899313282419142,0.005606083540840261,0.16392708628773464,0.29234701306046257,0.20534234705514096,0.26378433723163014
36,100,977.6898803710938,0.39095360599647744,symbolic,0.13974205153538063,0.058545912403249974,0.09590316079480994,0.22013212122430412,0.0947231480457779,0.39095360599647744
36,101,794.1514892578125,0.33623433275092,symbolic,0.05891827906313997,0.28656580417539174,0.19175401713792345,0.11860696076925903,0.007920606103365839,0.33623433275092
36,102,907.6336669921875,0.4320580041114489,reasoning,0.03194301265511238,0.0013320179924643611,0.13236740510010644,0.4320580041114489,0.2810018647444937,0.12129769539637421
36,103,2640.7315063476562,0.6034336401696077,symbolic,0.030760270047355015,0.016960207203181178,0.22603184112512104,0.08766944842854318,0.03514459302619197,0.6034336401696077
36,104,3029.8622436523438,0.38174794223104275,symbolic,0.11675764575127752,0.00807715146167816,0.21298444803872132,0.24105073636019292,0.039382076157087303,0.38174794223104275
36,105,3396.6032104492188,0.27485107937299563,computational,0.27485107937299563,0.02138934651635877,0.23767900443822526,0.25562619134210496,0.030823138070553778,0.17963124025976163
36,106,1393.5095825195312,0.4220542176798732,symbolic,0.08412010182004402,0.024875454754776795,0.2283188388061439,0.21105176801228806,0.02957961892687399,0.4220542176798732
36,107,1549.8628540039062,0.31281332265688044,symbolic,0.05087655618470211,0.02404115819062084,0.26768722015119706,0.2650642483369303,0.07951749447966922,0.31281332265688044
36,108,1354.434814453125,0.29008979291660697,reasoning,0.10880471685444498,0.04871970964884057,0.240433985577976,0.29008979291660697,0.09461377689934596,0.21733801810278552
36,109,1290.5873413085938,0.3169189116869945,factual,0.07376927188827723,0.14011115544524202,0.3169189116869945,0.1371427917440274,0.15755169914300712,0.17450617009245173
36,110,2534.8038330078125,0.7606126198301931,factual,0.06320596473517866,0.00010546535431808149,0.7606126198301931,0.03861404462378799,0.0424837081310369,0.09497819732548529
36,111,1190.85986328125,0.3513748723287442,factual,0.10756654383711219,0.045646958584695196,0.3513748723287442,0.16438727432785774,0.16269305472468726,0.16833129619690343
36,112,1137.1630249023438,0.3998031482433385,social_ethical,0.11360680069253432,0.03154233265467175,0.14810207071666953,0.15989551763998597,0.3998031482433385,0.1470501300527999
36,113,1859.0036010742188,0.32837270706153066,reasoning,0.06597273647917135,0.026156747761624525,0.19352716691211463,0.32837270706153066,0.12719836535100976,0.25877227643454914
36,114,4816.145751953125,0.5660690640557252,symbolic,0.05618671184212974,0.01458673276783573,0.07721261079966156,0.21787162758650824,0.06807325294813948,0.5660690640557252
36,115,1090.9241943359375,0.2933114807441682,factual,0.12315154409534186,0.054537107086153724,0.2933114807441682,0.2420003421786936,0.04624693865881841,0.24075258723682424
36,116,1199.6766357421875,0.5244664827181722,reasoning,0.02658797521426825,0.014395765623284514,0.16904142158261845,0.5244664827181722,0.13668254313728542,0.12882581172437113
36,117,887.8914794921875,0.33663174268282575,reasoning,0.05035080944021309,0.0038932540622554942,0.32230872523082427,0.33663174268282575,0.05647734335935389,0.23033812522452754
36,118,2832.801025390625,0.3106273355181992,reasoning,0.08136129033203303,0.010668350232044687,0.13075820856624057,0.3106273355181992,0.22640600360953614,0.24017881174194636
36,119,1013.24267578125,0.4924733304708496,factual,0.08068324690463834,0.025057815905674897,0.4924733304708496,0.09495964331718487,0.10554191779660077,0.20128404560505148
36,120,1569.7742919921875,0.3773085007135919,symbolic,0.09930564665703598,0.03168141195159317,0.22935713896343982,0.17766964750278605,0.08467765421155307,0.3773085007135919
36,121,2130.5387573242188,0.47150489273606616,symbolic,0.08442322053097644,0.06841342162304612,0.22636434727074398,0.12779535142590057,0.021498766413266753,0.47150489273606616
36,122,1491.446533203125,0.5112293162589735,symbolic,0.06920869574469653,0.036830543308072644,0.26213131029560655,0.09569567021582216,0.024904464176828643,0.5112293162589735
36,123,1385.1875,0.33694274734354557,factual,0.11309724399900735,0.036173923036141316,0.33694274734354557,0.22490133471326085,0.13437276161282316,0.15451198929522175
36,124,4075.6776733398438,0.5459399178772618,factual,0.0074855146474020725,0.0024835306233148206,0.5459399178772618,0.031804227342309394,0.08636941981900267,0.3259173896907092
36,125,1358.6744384765625,0.3134912110326973,symbolic,0.03769498307362244,0.07333475827745639,0.1675692959940472,0.1750749600570912,0.2328347915650855,0.3134912110326973
36,126,1805.0086669921875,0.3640743452649897,social_ethical,0.06245445632612324,0.0906155702404422,0.18205174660813542,0.12558918931567306,0.3640743452649897,0.1752146922446364
36,127,2564.4901123046875,0.4821525089389657,computational,0.4821525089389657,0.0038245830707982456,0.40237329021768203,0.02350394508304645,0.05468918646118156,0.03345648622832601
38,0,1081.6494140625,0.5144335681634945,reasoning,0.10408298415776686,0.0026584291026887645,0.22349346655724178,0.5144335681634945,0.015915476490349936,0.13941607552845814
38,1,1698.1117553710938,0.48612348497295094,symbolic,0.008644568481988428,0.01642039571541273,0.048781420568421316,0.07286916767579511,0.36716096258543146,0.48612348497295094
38,2,997.2090454101562,0.4207341865324444,symbolic,0.07917213771614662,0.06930854931852344,0.11882957274615255,0.2766408053042081,0.03531474838252489,0.4207341865324444
38,3,1727.805908203125,0.3926077416249864,symbolic,0.10078566157036511,0.03759368429947155,0.1464277776199917,0.2752308751630083,0.04735425972217689,0.3926077416249864
38,4,1289.027587890625,0.3011984983684217,social_ethical,0.04220682491969006,0.1914207146140511,0.17610230731627768,0.09609786780210146,0.3011984983684217,0.19297378697945797
38,5,2923.812744140625,0.4987125850778941,factual,0.052624483579030185,0.01025477171431346,0.4987125850778941,0.14284030552264929,0.05147864421798478,0.24408920988812816
38,6,1290.7019653320312,0.33627591347954666,symbolic,0.14330656450619314,0.06687715968814473,0.19437660274969415,0.17523763928840314,0.08392612028801816,0.33627591347954666
38,7,1833.1356201171875,0.4428800815499878,symbolic,0.03687396063953186,0.04795230380513559,0.19044669701040423,0.17801662337475538,0.10383033362018511,0.4428800815499878
38,8,822.7356567382812,0.274527602652314,social_ethical,0.1221688819358827,0.2264228264410316,0.070427081431554,0.15686208470054344,0.274527602652314,0.14959152283867425
38,9,942.851806640625,0.26468653812442045,social_ethical,0.08242426502251082,0.012545181530124516,0.22846207884625294,0.1614163003334351,0.26468653812442045,0.2504656361432562
38,10,1381.4478759765625,0.2925823426914679,symbolic,0.18426923956824978,0.013677162517636357,0.2215015153107043,0.1877963785059426,0.10017336140599908,0.2925823426914679
38,11,4194.865295410156,0.6485622674542254,symbolic,0.02483202316448042,0.0037089323694639064,0.19386044307882971,0.10383072578747446,0.025205608145526102,0.6485622674542254
38,12,1641.4386596679688,0.7662562885943731,reasoning,0.021580368753874334,0.004269311228125665,0.1357873072695978,0.7662562885943731,0.025771370604853672,0.046335353549175444
38,13,149.8385009765625,0.3682977359249909,factual,0.026199268906871576,0.09671056972961611,0.3682977359249909,0.0801685082490344,0.36625614980973165,0.062367767379755384
38,14,1701.58935546875,0.6003500863020126,computational,0.6003500863020126,0.011797908377823468,0.06922892057201806,0.08992806013449627,0.12459679097121688,0.10409823364243276
38,15,255.99609375,0.2143034256504158,symbolic,0.18055523765926604,0.13845845731288625,0.10382524605172809,0.18866779201953154,0.17418984130617227,0.2143034256504158
38,16,1155.3478393554688,0.5904948851825318,reasoning,0.07254879348165394,0.007152540207813117,0.16066294124443276,0.5904948851825318,0.06991730614982054,0.09922353373374782
38,17,2800.2333374023438,0.3476629395530066,symbolic,0.12063360634336089,0.006235311506088523,0.10506001838792425,0.34627869037228626,0.07412943383733346,0.3476629395530066
38,18,2780.2567138671875,0.4608970909247215,symbolic,0.08721193133274467,0.012534409782847745,0.1135272020208411,0.31353837174029364,0.012290994198551335,0.4608970909247215
38,19,2256.4032592773438,0.2692693869181053,social_ethical,0.23841172925001766,0.06124692177164753,0.22467902827865283,0.10897480858984458,0.2692693869181053,0.09741812519173204
38,20,1316.7095947265625,0.29293036610165407,reasoning,0.07717018101819081,0.024554708971458266,0.2885832595141049,0.29293036610165407,0.09241295936535396,0.22434852502923797
38,21,1879.583984375,0.37512112314996565,social_ethical,0.02014203296731844,0.0009909367411131329,0.3634652443453349,0.1880535295480736,0.37512112314996565,0.05222713324819426
38,22,1070.2859497070312,0.43035088974891883,symbolic,0.1409547967231167,0.026810998105849457,0.1390940069510164,0.12648722752873945,0.13630208094235916,0.43035088974891883
38,23,1386.4039916992188,0.31647258138654094,symbolic,0.02910924808064929,0.01756939284150016,0.2797314513686051,0.22429325177374107,0.13282407454896342,0.31647258138654094
38,24,2201.4576416015625,0.3510391092194608,symbolic,0.04648426022331506,0.022945834283603708,0.21751088659130932,0.2916224939963151,0.07039741568599596,0.3510391092194608
38,25,880.37841796875,0.48736546839599226,reasoning,0.03805570114502652,0.05904706838268123,0.18968172755079685,0.48736546839599226,0.19491282657104905,0.030937207954454066
38,26,2002.7755126953125,0.33513696233443613,symbolic,0.046308842519996514,0.19040635563305489,0.2372841717399383,0.17055938667146306,0.020304281101111085,0.33513696233443613
38,27,2487.0133056640625,0.24719356355694005,factual,0.23167540288509456,0.09811951370628273,0.24719356355694005,0.09603461104321556,0.09990662922673559,0.22707027958173154
38,28,1609.3514404296875,0.863681711966809,reasoning,0.012505720085253068,0.03032166657172697,0.03633115988424285,0.863681711966809,0.020799454967749452,0.03636028652421869
38,29,1899.61865234375,0.31988206154658405,symbolic,0.30708562496738784,0.025847215942550145,0.15029120256712708,0.15257964502024074,0.04431424995611013,0.31988206154658405
38,30,1663.0491943359375,0.6158517594964481,factual,0.10142032644731802,0.006889685393078634,0.6158517594964481,0.09750670504390915,0.0295769893330732,0.14875453428617294
38,31,2332.180419921875,0.29296110770133943,reasoning,0.11721622496718437,0.004349072729958333,0.12804279374508185,0.29296110770133943,0.2495694109181249,0.2078613899383111
38,32,1774.9412841796875,0.517059701372439,reasoning,0.07579599869851548,0.022737671711329028,0.0549952858668369,0.517059701372439,0.06651009513615211,0.2629012472147275
38,33,1348.5538330078125,0.3177423587351649,factual,0.1090784371604673,0.06719826912383446,0.3177423587351649,0.22038374260331864,0.13646581221764165,0.14913138015957306
38,34,922.4305419921875,0.4747474079113606,symbolic,0.08646828427413512,0.0693101919116274,0.12396594689826086,0.17888729924538324,0.06662086975923275,0.4747474079113606
38,35,2277.2327880859375,0.28618161122880614,symbolic,0.14552059810375623,0.03013247161324488,0.2237126315813737,0.26019982963363725,0.05425285783918181,0.28618161122880614
38,36,778.851806640625,0.37198468925078454,reasoning,0.08119455440873657,0.07331630815468859,0.18589532806486914,0.37198468925078454,0.029327212878783843,0.25828190724213734
38,37,2643.1664428710938,0.3532169563414132,symbolic,0.14135535559237447,0.03411357121413218,0.14338234334794137,0.26152411698624284,0.06640765651789597,0.3532169563414132
38,38,81.777099609375,0.4137103346976794,symbolic,0.13459856280917962,0.0,0.20570278750533647,0.1743108858099051,0.07167742917789939,0.4137103346976794
38,39,2150.3743286132812,0.2547026000679558,factual,0.12487691139121655,0.02777093025767424,0.2547026000679558,0.20061979352534262,0.21168320048292827,0.18034656427488252
38,40,2322.2598876953125,0.3112806260612608,symbolic,0.07009363406227928,0.01137576401707889,0.22181052486830682,0.3100416616882937,0.07539778930278056,0.3112806260612608
38,41,1820.4072265625,0.44203409881567324,symbolic,0.10735962238016585,0.036897422719955025,0.15613803224832185,0.2232426075467103,0.03432821628917379,0.44203409881567324
38,42,2614.603759765625,0.3213371465505545,symbolic,0.08809938019968781,0.05538616154362091,0.2648072252672578,0.2206386678191726,0.049731418619706376,0.3213371465505545
38,43,1105.2865600585938,0.3292346381070423,factual,0.05126628919353151,0.1880128764595976,0.3292346381070423,0.16764699791788787,0.17900807967744242,0.08483111864449834
38,44,1325.8547973632812,0.3192768613445639,factual,0.09283147365176826,0.037774403443754156,0.3192768613445639,0.17815691850108675,0.24013003845497854,0.13183030460384834
38,45,72.27685546875,0.35625206893523303,social_ethical,0.08581436668625822,0.006759084736831438,0.08234531120163759,0.3392547104166244,0.35625206893523303,0.12957445802341527
38,46,1585.7489013671875,0.2998091290874723,social_ethical,0.032942495085814934,0.07363952994718045,0.27391126792710496,0.14311369386214726,0.2998091290874723,0.17658388409028014
38,47,1644.5209350585938,0.6712913987621136,reasoning,0.021151780531877593,0.0022681258652490805,0.15803591553109134,0.6712913987621136,0.05813560811007165,0.08911717119959667
38,48,2647.6739501953125,0.34449980855007745,reasoning,0.08095134359578686,0.03759601599742182,0.19799481275598216,0.34449980855007745,0.05879746396280823,0.2801605551379235
38,49,1332.7008056640625,0.2996305467788598,reasoning,0.1487212485293087,0.019034695261775033,0.13325220964352139,0.2996305467788598,0.28710128752180564,0.11226001226472947
38,50,2081.063720703125,0.3178730922918331,symbolic,0.09116337716506862,0.08750337428145842,0.13716611037704318,0.279972564642786,0.08632148124181066,0.3178730922918331
38,51,1195.0167236328125,0.5087289266941769,computational,0.5087289266941769,0.01117882825785016,0.16785321776415876,0.17107317302882444,0.026108278222848648,0.11505757603214112
38,52,710.8587646484375,0.5179424919140255,reasoning,0.0474947860812195,0.05247816765421308,0.1969407669633742,0.5179424919140255,0.09354504405106678,0.09159874333610092
38,53,1174.0302734375,0.2800029445844185,factual,0.11020075993568496,0.06579586543748289,0.2800029445844185,0.2610557083763445,0.12268103579500036,0.1602636858710688
38,54,5175.9063720703125,0.4800504468936777,symbolic,0.1827761003419139,0.011231002080728001,0.2288019216516582,0.08689268714612441,0.010247841885897805,0.4800504468936777
38,55,999.5494384765625,0.2644047751495455,factual,0.12438135883733747,0.03145423554484815,0.2644047751495455,0.19360285499728944,0.20227143357682276,0.18388534189415665
38,56,1474.0781860351562,0.28490979180124365,factual,0.03633278991186271,0.013226618843700196,0.28490979180124365,0.22652514272835947,0.2713764813541898,0.1676291753606442
38,57,3986.3248291015625,0.7499197466876887,symbolic,0.03425061014106057,0.0434459876605116,0.01513648054522828,0.14500310555744272,0.012244069408068166,0.7499197466876887
38,58,1860.9059448242188,0.3317849539784453,symbolic,0.18408366037115645,0.006904044965865323,0.188981741431843,0.19005117339868832,0.09819442585400158,0.3317849539784453
38,59,82.561279296875,0.6193050261554066,computational,0.6193050261554066,0.0,0.10711740509978679,0.0,0.26837014409869564,0.0052074246461109915
38,60,715.786865234375,0.4323346622949299,symbolic,0.05296325237570787,0.06914221435312633,0.16508837554824354,0.2026018951090143,0.07786960031897806,0.4323346622949299
38,61,1747.3558349609375,0.4254112606946084,reasoning,0.06988936059150198,0.03407380529411802,0.2541655608407765,0.4254112606946084,0.11519917196316225,0.10126084061583283
38,62,475.4268798828125,0.49418067695638457,reasoning,0.06366682697010832,0.009023038249188577,0.16809728715738348,0.49418067695638457,0.15962165991346694,0.1054105107534681
38,63,1743.647705078125,0.40119915608848583,reasoning,0.09264908433668474,0.010158386027630148,0.17570254667437507,0.40119915608848583,0.046085812885808576,0.27420501398701563
38,64,4290.434997558594,0.4629290772119868,symbolic,0.10225871624897127,0.09306436790697399,0.1459377888339949,0.1477713465637782,0.04803870323429489,0.4629290772119868
38,65,1366.4650268554688,0.4419357229085745,symbolic,0.07346176638074325,0.024713952636489202,0.07738776959949774,0.34440717623862216,0.038093612236073146,0.4419357229085745
38,66,2397.15771484375,0.7019597081423129,factual,0.02430567083942796,0.012421733991203368,0.7019597081423129,0.13690229456719474,0.01397172636294733,0.11043886609691368
38,67,1920.89501953125,0.310256334975685,reasoning,0.1914720615923821,0.12718547033510227,0.1606250951641246,0.310256334975685,0.02668726151775054,0.1837737764149555
38,68,1603.0415649414062,0.38222543944077864,social_ethical,0.0932696568751884,0.06416376217801602,0.16182787443288368,0.20869575745844168,0.38222543944077864,0.08981750961469158
38,69,312.002685546875,0.36099401938866776,factual,0.09704075939600755,0.017696130482650906,0.36099401938866776,0.10099040426053023,0.26327874907176496,0.15999993740037857
38,70,1400.5477905273438,0.3892796637406672,factual,0.0705245118280179,0.04513780378989021,0.3892796637406672,0.23966853441090882,0.08484028662229548,0.1705491996082204
38,71,1788.1312866210938,0.2584617682586764,factual,0.07399648486522888,0.05758155437278471,0.2584617682586764,0.22480130299808412,0.1290323637682182,0.25612652573700767
38,72,525.349365234375,0.7613983161317036,factual,0.008005740227740933,0.005007363496482763,0.7613983161317036,0.036502401907956526,0.15675998719230275,0.03232619104381339
38,73,1926.9564208984375,0.44470710602752744,factual,0.026973714759635458,0.01891372449127298,0.44470710602752744,0.1794273360190254,0.20235043562096075,0.12762768308157793
38,74,1422.6197509765625,0.2541785076343512,reasoning,0.1027912835147044,0.06789472650013931,0.16208989436422425,0.2541785076343512,0.174263977976508,0.23878161001007284
38,75,2896.5211791992188,0.3950024193682805,symbolic,0.15733191016643142,0.010574208187636186,0.08742956169871662,0.3323660987702807,0.017295801808654532,0.3950024193682805
38,76,3026.163818359375,0.3921827354161505,social_ethical,0.015573569924471368,0.040365248810282264,0.29822026601174473,0.1019177877958401,0.3921827354161505,0.15174039204151102
38,77,1043.413818359375,0.32684683010971677,symbolic,0.07413374395710819,0.006886457394234624,0.0865604401492528,0.29327957662261633,0.2122929517670713,0.32684683010971677
38,78,2247.7706298828125,0.26650570712506644,factual,0.11470045434014833,0.045816446710409735,0.26650570712506644,0.18199065187039437,0.20732755116465496,0.18365918878932613
38,79,1294.479248046875,0.29540291581568134,computational,0.29540291581568134,0.01170696167449394,0.22194624595473528,0.23419873723804913,0.12158492335332571,0.11516021596371459
38,80,2499.2896728515625,0.3011115316407528,symbolic,0.04390803226756665,0.03928826261719577,0.17944302631690126,0.2098972847802801,0.2263518623773034,0.3011115316407528
38,81,508.2823486328125,0.3277724528435109,reasoning,0.061479414839491056,0.1046812696617961,0.26673085407275815,0.3277724528435109,0.13719061378066302,0.10214539480178075
38,82,3415.5676879882812,0.24944792914436803,symbolic,0.11817601654133428,0.07188917943624719,0.20819922052028655,0.22252674963935826,0.12976090471840568,0.24944792914436803
38,83,1770.113037109375,0.3935348656753719,social_ethical,0.05452139562834129,0.008949113446834463,0.36805386694744263,0.04184937540540962,0.3935348656753719,0.13309138289660008
38,84,3796.64111328125,0.5027984298415502,symbolic,0.11806495024577775,0.027923112804916866,0.14905779304049208,0.12579491457871442,0.07636079948854874,0.5027984298415502
38,85,2106.638671875,0.45460604450773645,symbolic,0.06864077845427262,0.0254127113042011,0.1432713292891983,0.2888653475480693,0.019203788896522248,0.45460604450773645
38,86,1062.86376953125,0.5211455636742016,factual,0.06627567767469318,0.04057606655809477,0.5211455636742016,0.18220347353502592,0.11256876666766204,0.07723045189032247
38,87,2275.7498779296875,0.2771300110717498,computational,0.2771300110717498,0.04951707463784017,0.2721257582560865,0.128823651930921,0.09961254507939009,0.17279095902401245
38,88,3235.4381713867188,0.5340675776884104,symbolic,0.03734117515983339,0.06429736571909984,0.1312909503875151,0.13246095000588481,0.10054198103925643,0.5340675776884104
38,89,2513.7736206054688,0.6080877116789197,factual,0.018203420136427558,0.008951900669715997,0.6080877116789197,0.1818767679542497,0.028349959708070287,0.15453023985261669
38,90,989.3966674804688,0.2858304377933132,social_ethical,0.03677951176028784,0.04707261289521615,0.17774646019268642,0.19394859124845198,0.2858304377933132,0.2586223861100444
38,91,2993.4852294921875,0.39458918580147456,reasoning,0.14053328943374796,0.009246356967162292,0.08036474552832443,0.39458918580147456,0.013064707453290799,0.36220171481599994
38,92,2000.3794555664062,0.40677249436653207,creative,0.02573577882882755,0.40677249436653207,0.12702237859717594,0.11860658639075954,0.24611071562747022,0.07575204618923466
38,93,1451.1764526367188,0.27067255634077536,factual,0.12650843337262352,0.07605233412159072,0.27067255634077536,0.20365489257583516,0.06348213487718221,0.25962964871199307
38,94,1440.8538818359375,0.31723018009526854,reasoning,0.08927209995361536,0.02774343996153675,0.19087145946426795,0.31723018009526854,0.14237891807285566,0.23250390245245575
38,95,1570.4572143554688,0.3271208176516382,symbolic,0.06934808674153979,0.09353778847572777,0.11713391151647211,0.23971655908109527,0.15314283653352687,0.3271208176516382
38,96,2058.7664184570312,0.30221341432195453,factual,0.08984878492016903,0.03769382602485104,0.30221341432195453,0.24355037345806116,0.08028809490570184,0.24640550636926237
38,97,3415.475341796875,0.6715198022671824,factual,0.043812389709721816,0.009783458461519106,0.6715198022671824,0.11639390935687584,0.02071311021390104,0.13777732999079972
38,98,1814.8246459960938,0.23711506595107493,factual,0.10550907448410977,0.0535680143802633,0.23711506595107493,0.2296775751009271,0.21359431685257396,0.16053595323105094
38,99,2764.6441650390625,0.3641371752384817,symbolic,0.10764653689636133,0.014613034769349035,0.1398878663049859,0.18093532906819665,0.1927800577226254,0.3641371752384817
38,100,1785.2603149414062,0.38290122926026093,symbolic,0.03555051238978307,0.04860917400705409,0.17361115265948837,0.2734437834501237,0.08588414823328988,0.38290122926026093
38,101,1979.0723876953125,0.39739421797703645,factual,0.1263118763284838,0.05968791728832971,0.39739421797703645,0.13604371326652218,0.14229466892985013,0.1382676062097777
38,102,1304.708251953125,0.3406379202426608,reasoning,0.04032972903686974,0.05923988858710144,0.2052446770588417,0.3406379202426608,0.041606561272883945,0.31294122380164235
38,103,1935.8866577148438,0.26547121347611563,factual,0.09454697455198881,0.0498354744548975,0.26547121347611563,0.20158418834584632,0.16859559246773248,0.21996655670341927
38,104,382.6558837890625,0.3475937381269186,social_ethical,0.036862019761273505,0.016754303498529532,0.25066792313309305,0.239864396052339,0.3475937381269186,0.10825761942784627
38,105,1321.92578125,0.40424726960843704,symbolic,0.028230021453076567,0.052442392874978205,0.18555867756262318,0.22904381997736495,0.10047781852352007,0.40424726960843704
38,106,4313.745178222656,0.42412247335571035,symbolic,0.06843115851357513,0.0345127364365936,0.11407780936666541,0.3539096734707813,0.0049461488566742385,0.42412247335571035
38,107,1088.133544921875,0.36815567439496794,creative,0.05157017227975351,0.36815567439496794,0.07230118050390454,0.1346629287221547,0.08107581453423214,0.2922342295649872
38,108,1914.1940307617188,0.3439316909185609,factual,0.12057003098160825,0.022479960321604174,0.3439316909185609,0.1995576515708184,0.041377322444838376,0.2720833437625699
38,109,1363.873779296875,0.44046633026798704,reasoning,0.049822990616363555,0.01991630786547466,0.09344586441387312,0.44046633026798704,0.0499913450941004,0.3463571617422012
38,110,2354.8892822265625,0.4813742787987903,symbolic,0.08493263760524006,0.03181208602676042,0.17286725750784565,0.2184086228095189,0.010605117251844657,0.4813742787987903
38,111,1025.7653198242188,0.6567221061303848,factual,0.020710527266256693,0.032827647087769536,0.6567221061303848,0.17428250474424853,0.07981369188961249,0.035643522881727924
38,112,2003.8945922851562,0.4261787707159237,symbolic,0.06231006034422289,0.010423732667304442,0.1679756665251068,0.2685925103913708,0.06451925935607142,0.4261787707159237
38,113,1294.7431640625,0.6335878179266068,social_ethical,0.08573147727024168,0.058590288101600746,0.1021446587274111,0.03262092355128951,0.6335878179266068,0.08732483442285022
38,114,1155.6751708984375,0.6854632439205682,reasoning,0.013437634905275437,0.012489739673154655,0.051733278294709646,0.6854632439205682,0.01632103629221918,0.2205550669140729
38,115,1608.7571411132812,0.35239799472468897,symbolic,0.06631436970435821,0.03153569614123323,0.24002836040247097,0.20116240773109306,0.1085611712961556,0.35239799472468897
38,116,1456.884033203125,0.3809206928917248,factual,0.06615346691363085,0.13845324854371177,0.3809206928917248,0.1264170960973436,0.08561790006597517,0.20243759548761378
38,117,1046.4471435546875,0.3042656776119438,factual,0.1528028887739217,0.04132262544335109,0.3042656776119438,0.2589050212336082,0.17082098035636067,0.07188280658081457
38,118,1371.5900268554688,0.4745884580327518,reasoning,0.036431257898950485,0.04961185034031708,0.16488075830458623,0.4745884580327518,0.14794547076999506,0.12654220465339935
38,119,1179.5643310546875,0.326928691126795,symbolic,0.11304584677766956,0.0678400714644151,0.18183076026874082,0.2798605524935292,0.030494077868850337,0.326928691126795
38,120,1973.1297607421875,0.6611836181154288,factual,0.01406877643664618,0.17527216084703431,0.6611836181154288,0.03259607424678198,0.02761212206550173,0.08926724828860697
38,121,972.2549438476562,0.4090328433072757,social_ethical,0.10258524711343944,0.007595754397914551,0.27312090674961587,0.126707021753767,0.4090328433072757,0.08095822667798744
38,122,2585.6378173828125,0.23283603722013668,reasoning,0.08817161354377125,0.06767334488584284,0.17322971482958396,0.23283603722013668,0.20941432742512409,0.2286749620955412
38,123,1551.1190795898438,0.3095566201238828,symbolic,0.12626200959449363,0.026346275714889723,0.14694339059874983,0.2127290831440805,0.1781626208239035,0.3095566201238828
38,124,3163.9170532226562,0.25833301712152396,reasoning,0.08040277005789058,0.24158926904375252,0.10095759224425768,0.25833301712152396,0.060833583457356843,0.2578837680752184
38,125,864.1497192382812,0.3087489261545353,symbolic,0.07960797921830477,0.032377072019388865,0.2855428457895405,0.2433596744338575,0.05036350238437307,0.3087489261545353
38,126,3367.12548828125,0.5921015366727317,factual,0.19008492470786512,0.03931017871123787,0.5921015366727317,0.13304508363190565,0.015121363168956273,0.030336913107303454
38,127,1394.7849731445312,0.31643699979831225,symbolic,0.025957112057299447,0.011166385737678941,0.23647172562309982,0.2796007396588427,0.13036703712476683,0.31643699979831225
40,0,1145.9090576171875,0.26096240585805036,factual,0.07295984452163869,0.12710647922024756,0.26096240585805036,0.23306989548737564,0.23296358149058402,0.07293779342210374
40,1,2074.167236328125,0.26991418925305233,reasoning,0.04465223889152614,0.07076964835167164,0.15262219906826782,0.26991418925305233,0.20643762456906592,0.2556040998664162
40,2,2716.721435546875,0.37306000858578836,symbolic,0.039835487883335366,0.029089547867567494,0.20811489553403306,0.3384997615408264,0.011400298588449301,0.37306000858578836
40,3,1464.173095703125,0.41722151791828693,reasoning,0.06982705248552963,0.02839708446517097,0.2545454560613001,0.41722151791828693,0.1138300318495818,0.11617885722013062
40,4,1603.453125,0.3421131365656152,social_ethical,0.022302635425497704,0.07595210775572252,0.23082530317868663,0.22965618026524787,0.3421131365656152,0.09915063680923009
40,5,1561.9600830078125,0.40091791093125384,symbolic,0.10283272102539807,0.01796245687083904,0.1732573685422705,0.24119037382995703,0.06383916880028154,0.40091791093125384
40,6,2455.2708740234375,0.28600190945629317,reasoning,0.08531858004982604,0.0889017315118309,0.2580796784102919,0.28600190945629317,0.06453694789972486,0.21716115267203315
40,7,1053.0914306640625,0.3369795147170052,factual,0.055250972971249895,0.01382369731972864,0.3369795147170052,0.28508721241925716,0.14103298684061819,0.16782561573214094
40,8,3616.9207458496094,0.4156760210591597,reasoning,0.10653988310878656,0.012931940453660784,0.12949173939739195,0.4156760210591597,0.025891471359941593,0.30946894462105945
40,9,3405.9091186523438,0.5467273056192998,factual,0.10436698841797439,0.05970884951843034,0.5467273056192998,0.09035225446783979,0.09902721952087558,0.0998173824555801
40,10,2499.9873046875,0.4725947827078809,symbolic,0.14725333566147017,0.01731898443234282,0.08011744786203992,0.23633718647790009,0.046378262858366076,0.4725947827078809
40,11,3310.26025390625,0.41010077126146466,symbolic,0.1591239905283835,0.04250283173484194,0.07165277436261812,0.24593493566478394,0.0706846964479078,0.41010077126146466
40,12,2537.1500244140625,0.3925668916101373,computational,0.3925668916101373,0.023979215498519967,0.03369682346794579,0.2073003737959741,0.04352682378597379,0.29892987184144904
40,13,1071.7705078125,0.5917616331038102,social_ethical,0.011509412816300423,0.003310955058483289,0.19512618759299605,0.11967411181665852,0.5917616331038102,0.07861769961175151
40,14,1830.1885375976562,0.40054293682721714,social_ethical,0.04771623803779981,0.0915006828730217,0.22866846780755523,0.11354304297742976,0.40054293682721714,0.11802863147697633
40,15,6715.12548828125,0.7258357651805912,symbolic,0.03171836449270562,0.19316648799712227,0.019792090602364924,0.022353719597425267,0.007133572129790657,0.7258357651805912
40,16,853.0165405273438,0.2667331290615229,factual,0.11528465980142993,0.009414830167783321,0.2667331290615229,0.26274116379407497,0.17839879626409122,0.1674274209110977
40,17,775.95263671875,0.5106254849287449,computational,0.5106254849287449,0.002623413382365804,0.10380354038099589,0.2417227815355495,0.0370567365845033,0.10416804318784055
40,18,2347.2901611328125,0.2697071470327554,reasoning,0.059669766515691586,0.09709355155787865,0.1555608115054963,0.2697071470327554,0.155921308652488,0.2620474147356901
40,19,3187.2081298828125,0.2418163366598098,factual,0.14570107120332595,0.05160134722814118,0.2418163366598098,0.20980057571907723,0.14931211723622517,0.20176855195342067
40,20,1994.686767578125,0.3164498165720285,factual,0.020608337310166154,0.31178165333514807,0.3164498165720285,0.1576853890529736,0.07236870852094009,0.12110609520874364
40,21,3774.3359985351562,0.2895798087415165,factual,0.06776986865559526,0.02160620366000131,0.2895798087415165,0.20493557750005859,0.1405748996652114,0.27553364177761697
40,22,2810.5654296875,0.31524900461046296,reasoning,0.14063427830045597,0.021035693301538316,0.1623270207736641,0.31524900461046296,0.2026832084847251,0.15807079452915357
40,23,2653.80126953125,0.4266932199444893,factual,0.03909831397878743,0.013543321646701877,0.4266932199444893,0.1629012775564238,0.16884039238378762,0.18892347448981
40,24,1053.8110961914062,0.2741005677113291,reasoning,0.1478375462573327,0.055915908363900306,0.19371820600231407,0.2741005677113291,0.0885871541056599,0.2398406175594639
40,25,3682.4410400390625,0.3314421993865591,symbolic,0.14041930605471484,0.022375573055950667,0.13656401027137435,0.2469067318487821,0.12229217938261897,0.3314421993865591
40,26,1156.7852172851562,0.37645354090476174,reasoning,0.14807092304032196,0.03151655570750638,0.20956763626465347,0.37645354090476174,0.012432800716349153,0.2219585433664073
40,27,429.6044921875,0.31634292988418217,symbolic,0.2625416273598309,0.030126842685518792,0.112117681824898,0.23331723173794938,0.04555368650762079,0.31634292988418217
40,28,2339.94384765625,0.42630224499995306,factual,0.10178753830439223,0.010292182826068584,0.42630224499995306,0.25577568154951635,0.07272581202181459,0.13311654029825518
40,29,2378.2535400390625,0.36013252404587814,factual,0.13869209701574012,0.04394627364147993,0.36013252404587814,0.10777012761044402,0.1368257187560647,0.21263325893039312
40,30,1294.937255859375,0.32563442402550646,factual,0.0910123050951695,0.009946337364394051,0.32563442402550646,0.23321932639186224,0.09050552378431402,0.24968208333875372
40,31,1275.41064453125,0.6320905759136246,reasoning,0.06022235102741496,0.014298780149316187,0.11606785651526909,0.6320905759136246,0.06552337807867488,0.11179705831570025
40,32,414.449951171875,0.7115128709161886,symbolic,0.01155404700907818,0.0,0.04733306746576169,0.0192567450151303,0.21034326959384114,0.7115128709161886
40,33,1447.3986206054688,0.25210368868346655,reasoning,0.12222012830383037,0.03882588555985851,0.24200188418920174,0.25210368868346655,0.15512280648636412,0.18972560677727868
40,34,3249.9983520507812,0.667831543559414,factual,0.05283543844945985,0.0036492656725167737,0.667831543559414,0.043047666809776966,0.021176505629613356,0.21145957987921907
40,35,1511.3376770019531,0.28753802259544875,factual,0.10665592321772488,0.026135948796685727,0.28753802259544875,0.15731420345725475,0.15682078127212018,0.26553512066076573
40,36,922.094970703125,0.44292185577540955,factual,0.07688578546273783,0.06985965478046684,0.44292185577540955,0.05537635219985909,0.2541292451139175,0.10082710666760923
40,37,1104.6292724609375,0.37434997844542506,factual,0.09761454231531608,0.05778902552214176,0.37434997844542506,0.217546385434257,0.17993456382458278,0.07276550445827734
40,38,4014.2377319335938,0.451435199882328,reasoning,0.05801818907191476,0.031523414635384966,0.1559569817947351,0.451435199882328,0.06667271711130872,0.23639349750432842
40,39,1135.94482421875,0.36369489106629727,factual,0.05726181700169574,0.029245534438180634,0.36369489106629727,0.23957795578175003,0.22047485078973442,0.08974495092234189
40,40,793.917724609375,0.31239615644701063,factual,0.13793114582394775,0.02016198594846623,0.31239615644701063,0.14254784990991384,0.17661945202892967,0.2103434098417319
40,41,2102.5775146484375,0.2912188960780153,reasoning,0.10520244201293347,0.14252810634269056,0.1332271268842912,0.2912188960780153,0.12110316143196406,0.20672026725010545
40,42,1391.7318115234375,0.27277911795448617,symbolic,0.12657438115222022,0.04892735039623923,0.20209902283707307,0.1577692684377699,0.1918508592222114,0.27277911795448617
40,43,2386.1369018554688,0.35516197215324613,symbolic,0.11856624110005132,0.0517751527345289,0.0867890589223278,0.3271968127868325,0.06051076230301337,0.35516197215324613
40,44,4521.1141357421875,0.4900192016263103,symbolic,0.16455885818080082,0.012952680493518814,0.2157517649865876,0.09624286999526716,0.02047462471751534,0.4900192016263103
40,45,1112.73486328125,0.3304469386510309,reasoning,0.08060907963162622,0.06305013293805162,0.11501697543662877,0.3304469386510309,0.1014938910807541,0.30938298226190836
40,46,284.564697265625,0.9510886024689917,factual,0.01334017400823798,0.0,0.9510886024689917,0.006499785084983661,0.026856226572761818,0.0022152118650247904
40,47,2056.2537536621094,0.38115233066381504,symbolic,0.10935437864224311,0.027006564016679124,0.20080891878358587,0.22484589226282373,0.0568319156308531,0.38115233066381504
40,48,1181.9483032226562,0.33696102166786013,computational,0.33696102166786013,0.06350391925325642,0.3140810804376815,0.08275851313715267,0.10296761055140549,0.09972785495264379
40,49,704.85205078125,0.2966068760274243,factual,0.0696712311495999,0.16267958493616722,0.2966068760274243,0.23038515812202942,0.12430266768361324,0.11635448208116592
40,50,866.693603515625,0.3594233145735874,reasoning,0.08365349972689964,0.02492044314653306,0.24537018127159696,0.3594233145735874,0.12268149906323336,0.1639510622181496
40,51,1747.838134765625,0.40635271390647903,symbolic,0.1211542020730129,0.0682640175607562,0.12355358076977069,0.2404142533780221,0.04026123231195904,0.40635271390647903
40,52,2296.7735595703125,0.395943081882496,symbolic,0.09698153654638977,0.043215450257183444,0.2142669034755946,0.21297990998645827,0.036613117851877916,0.395943081882496
40,53,1592.4765625,0.3451178975112467,social_ethical,0.13254585771964855,0.0069123858769507005,0.1039991512826425,0.15037137516741317,0.3451178975112467,0.26105333244209833
40,54,1634.2713623046875,0.7256687748558387,factual,0.02677863102426951,0.018624507962420836,0.7256687748558387,0.0945167038630482,0.05508326106063579,0.079328121233787
40,55,1052.3048095703125,0.29630794383747266,factual,0.17397938699708287,0.01529450618822778,0.29630794383747266,0.27525134618358305,0.08723144334985485,0.15193537344377883
40,56,1799.4205322265625,0.4497346931008674,symbolic,0.023832270764792243,0.14504248838245656,0.14393515761944034,0.2113699254717485,0.02608546466069501,0.4497346931008674
40,57,2845.8536376953125,0.3659455554705776,symbolic,0.10801582088593203,0.0028988686382536476,0.16243414201711107,0.24772334236096727,0.1129822706271584,0.3659455554705776
40,58,977.0567626953125,0.36623951202697536,factual,0.09948289921763348,0.048583535658015084,0.36623951202697536,0.16343328232998075,0.09530901172643995,0.2269517590409554
40,59,2587.462890625,0.23778595292353982,symbolic,0.2376280966438981,0.033976181723620734,0.1863433937382858,0.23653536886474066,0.06773100610591487,0.23778595292353982
40,60,3735.5792236328125,0.29824914265846214,symbolic,0.10444811125073586,0.05638492948060519,0.137860159830128,0.22106401031440404,0.18199364646566477,0.29824914265846214
40,61,1109.1253662109375,0.3594460901468255,reasoning,0.1352109932307611,0.015906528262576693,0.21630384478021297,0.3594460901468255,0.09875142458882968,0.17438111899079403
40,62,2570.5389404296875,0.5808828582018444,symbolic,0.02760380865002632,0.03732070526651456,0.11711321024862219,0.1823987295952033,0.05468068803778922,0.5808828582018444
40,63,2168.184814453125,0.4294935696160912,symbolic,0.07388013694581115,0.05191464589396214,0.1677826590480566,0.14355207842461645,0.13337691007146246,0.4294935696160912
40,64,678.0761108398438,0.4859421118620033,reasoning,0.04456290456568234,0.003682941211469469,0.13466039593328255,0.4859421118620033,0.2944943377344223,0.03665730869314005
40,65,715.8043212890625,0.2959126474346545,symbolic,0.10937386220599403,0.0869159935189548,0.15174384011648281,0.18028659917198014,0.17576705755193373,0.2959126474346545
40,66,1221.6597900390625,0.5303564596425782,reasoning,0.04806533119993861,0.007413190282775389,0.1445885859252104,0.5303564596425782,0.04809460825551016,0.22148182469398733
40,67,2667.83984375,0.3622419256713721,factual,0.07517932784453714,0.04709122109853038,0.3622419256713721,0.15732106199860316,0.11637170060925345,0.24179476277770376
40,68,1953.8734130859375,0.41902880839848183,symbolic,0.12342489262395766,0.08339054578523691,0.12656237787882657,0.1871799624781279,0.06041341283536915,0.41902880839848183
40,69,146.34912109375,0.6308641645786276,social_ethical,0.033237355825211944,0.07128748878130807,0.16852894172285743,0.0,0.6308641645786276,0.09608204909199494
40,70,734.67041015625,0.4231363048773598,reasoning,0.05392511655883105,0.07580178850927652,0.19619966702224173,0.4231363048773598,0.07789868437231035,0.17303843865998053
40,71,1221.9532470703125,0.656940627103783,symbolic,0.045627572802692765,0.01066228075827545,0.10820049187626951,0.05647126777467196,0.1220977596843073,0.656940627103783
40,72,2256.828857421875,0.25856214823694273,social_ethical,0.06870575426945844,0.06394232521932404,0.1276788947087783,0.25109062977371954,0.25856214823694273,0.23002024779177693
40,73,2747.6034545898438,0.2829720102979481,symbolic,0.07613479742589062,0.06798942659879709,0.18983582438841912,0.1574550442185556,0.22561289707038948,0.2829720102979481
40,74,1609.01123046875,0.2366528538762554,social_ethical,0.0924799446476828,0.1364911061511173,0.11917309889522966,0.18871399937182404,0.2366528538762554,0.22648899705789083
40,75,526.3266296386719,0.3529217899500721,reasoning,0.12814739725712865,0.027525775843929533,0.23500726603992156,0.3529217899500721,0.021544563585633423,0.23485320732331474
40,76,850.1708984375,0.22477371277603883,social_ethical,0.14820765011630244,0.08747896505183356,0.22011012836343796,0.18705970192114407,0.22477371277603883,0.13236984177124314
40,77,1302.0089111328125,0.5175727075150639,factual,0.06216158417304539,0.03183369449460096,0.5175727075150639,0.19130105905115638,0.1179564294471706,0.07917452531896277
40,78,563.211669921875,0.4867736782672964,reasoning,0.0669745092471981,0.010943619509171339,0.06742511102489689,0.4867736782672964,0.324797402591773,0.043085679359664314
40,79,2751.294921875,0.32312323813431604,factual,0.1200717897041379,0.017653042281936843,0.32312323813431604,0.3061568842228411,0.07578524813954793,0.15720979751722022
40,80,463.4051513671875,0.3172947264578007,social_ethical,0.026554080841048256,0.01600014751535411,0.18409363010261537,0.30742515900706363,0.3172947264578007,0.14863225607611794
40,81,2249.1773071289062,0.4068838538266528,symbolic,0.038818935558604446,0.10496361774640853,0.20866839304660034,0.11785662406238435,0.1228085757593495,0.4068838538266528
40,82,1558.8431396484375,0.5440416293038324,factual,0.01608060364401279,0.02454494475860418,0.5440416293038324,0.134653657783298,0.07743067114182779,0.20324849336842485
40,83,1419.0228271484375,0.3053721686745433,factual,0.07466505399954493,0.04486325807218893,0.3053721686745433,0.26727480045610036,0.12689628534573344,0.18092843345188903
40,84,611.9978637695312,0.8531240684501693,reasoning,0.0,0.00506912704362523,0.06866309503376543,0.8531240684501693,0.04069144297087466,0.032452266501565324
40,85,993.2265014648438,0.26715491030769145,reasoning,0.09952606838938284,0.03742869410311778,0.25911399498421406,0.26715491030769145,0.17098783674059823,0.16578849547499563
40,86,2015.6145629882812,0.25391186467202215,social_ethical,0.11054005881631715,0.07720703737897867,0.2471176495009104,0.08761630881749055,0.25391186467202215,0.2236070808142811
40,87,1211.2279663085938,0.3743067880038251,symbolic,0.15947334003905012,0.006505495985111233,0.08672813814468595,0.37003049520530834,0.0029557426220192446,0.3743067880038251
40,88,2647.785888671875,0.405941506072982,reasoning,0.040792023775023556,0.04406610549737947,0.07388142418152106,0.405941506072982,0.047739990600563505,0.3875789498725304
40,89,800.7752685546875,0.36014354375512864,social_ethical,0.08764989250681902,0.03286426987030848,0.20823936032449022,0.17546655455200807,0.36014354375512864,0.1356363789912455
40,90,2776.4487915039062,0.400888454364591,symbolic,0.04198355320061051,0.003265732362729314,0.23586529739925644,0.20370444176840827,0.11429252090440448,0.400888454364591
40,91,1538.0418090820312,0.29263383231193496,symbolic,0.12536240623094067,0.17047441480166275,0.12553225237374865,0.24837442756790204,0.03762266671381088,0.29263383231193496
40,92,1597.2112426757812,0.3873259089701368,factual,0.1714418544682506,0.026434089660288554,0.3873259089701368,0.16050658058828962,0.05524116608121555,0.19905040023181886
40,93,1014.9400634765625,0.3215204388440329,factual,0.08240316877163192,0.026681936580066196,0.3215204388440329,0.240269609709144,0.08274041544123086,0.24638443065389412
40,94,1796.7849731445312,0.5659631044693986,reasoning,0.04081325406079279,0.007833001143909214,0.15966421551351503,0.5659631044693986,0.08663769669166509,0.13908872812071937
40,95,1352.134765625,0.34916059746379063,factual,0.07100515966505512,0.02660984944236039,0.34916059746379063,0.24921944176815308,0.2679842566658915,0.03602069499474933
40,96,1342.72705078125,0.309512237695484,factual,0.18591042236004515,0.017186957367618154,0.309512237695484,0.1068818741011053,0.1683165418441728,0.21219196663157455
40,97,2042.0784912109375,0.35208279994383307,social_ethical,0.0698463425774628,0.13499501186792262,0.18880634349086275,0.11816639504774637,0.35208279994383307,0.1361031070721724
40,98,945.7579345703125,0.23810539171302159,factual,0.13513905960375852,0.14278925129416678,0.23810539171302159,0.12056289591849088,0.19973026656215323,0.16367313490840898
40,99,1131.068359375,0.41228704280901457,factual,0.030408996092259288,0.07111984486459325,0.41228704280901457,0.16347313622525717,0.21513133583258362,0.10757964417629212
40,100,2300.44384765625,0.5882650129719788,factual,0.036445019844803216,0.01739033674080813,0.5882650129719788,0.08430793862172913,0.026867267674440372,0.24672442414624046
40,101,730.726318359375,0.2629963365190416,reasoning,0.09931090474448348,0.135143523924552,0.21494242504731786,0.2629963365190416,0.1602356121086983,0.12737119765590676
40,102,1079.6646728515625,0.3047505866000016,reasoning,0.1567719243340551,0.04788010509900207,0.1955559841906028,0.3047505866000016,0.11294275962102582,0.18209864015531263
40,103,1881.302001953125,0.37080127041754063,symbolic,0.1363716586426377,0.04792953060241664,0.13660745465793162,0.21939265201478417,0.08889743366468925,0.37080127041754063
40,104,1523.775146484375,0.31066287712194557,factual,0.11583778787489889,0.0061960626354767845,0.31066287712194557,0.30811688691432654,0.12082073796785103,0.1383656474855012
40,105,761.8629150390625,0.46641573125342783,social_ethical,0.04724858964993965,0.03734341304954943,0.2290354982494499,0.11867673762385676,0.46641573125342783,0.1012800301737764
40,106,1493.0410766601562,0.4676181021286703,factual,0.17136279005976007,0.008982590742329374,0.4676181021286703,0.17570659126804306,0.054385038663052075,0.12194488713814516
40,107,3309.6588134765625,0.44598958607074723,symbolic,0.09863180480752119,0.009600178513963461,0.0774077485756227,0.34317129687259396,0.025199385159551464,0.44598958607074723
40,108,1740.801025390625,0.37077881907420435,computational,0.37077881907420435,0.02587001342576302,0.2733445661142044,0.14061148158687387,0.0487058717272336,0.14068924807172076
40,109,3608.7142333984375,0.43339968859964795,factual,0.04600632549512666,0.05568044501653391,0.43339968859964795,0.18164462399721648,0.041464842031585396,0.24180407485988964
40,110,176.9951171875,0.2963535143426229,factual,0.08334942590886268,0.04192023967822205,0.2963535143426229,0.2015160585512268,0.099809371948158,0.2770513895709076
40,111,2324.1878051757812,0.5314643501162161,factual,0.09284587901419801,0.025297448156675825,0.5314643501162161,0.11891114201546749,0.11414080539360122,0.11734037530384137
40,112,3865.2811279296875,0.7158313016868195,symbolic,0.021668320522777913,0.010781924915448377,0.10762077694676697,0.09068861376518848,0.053409062162998726,0.7158313016868195
40,113,1138.9969482421875,0.41014507757916024,factual,0.04181825021437383,0.0002743642118464679,0.41014507757916024,0.30242341835730213,0.03130238440719593,0.21403650523012138
40,114,2493.25390625,0.5766032422646736,symbolic,0.12741584517910048,0.032457751228706214,0.03734652922808892,0.14793655105260603,0.0782400810468248,0.5766032422646736
40,115,765.7899169921875,0.3869338731405273,reasoning,0.016570410295868986,0.02049813568537772,0.30805481791151174,0.3869338731405273,0.133329220698794,0.1346135422679203
40,116,150.51611328125,0.7425541025832341,computational,0.7425541025832341,0.002853138777059402,0.09622976931586306,0.13324109428171949,0.02512189504212394,0.0
40,117,1924.3092041015625,0.521319954191658,reasoning,0.12860813168483692,0.019458141844098505,0.12762125917624279,0.521319954191658,0.01565598348788542,0.1873365296152783
40,118,1550.2425537109375,0.38892752969053246,factual,0.01449999909445874,0.06289724224890147,0.38892752969053246,0.14418720860765,0.3474653939533624,0.0420226264050949
40,119,1817.7708740234375,0.3983195017667842,reasoning,0.10179650650898764,0.0027699620023370884,0.2114289943059579,0.3983195017667842,0.15956332268922427,0.12612171272670888
40,120,1313.8452758789062,0.6623066916949568,reasoning,0.0072946065651366175,0.018345129046256115,0.13026008823452487,0.6623066916949568,0.04885979730318269,0.1329336871559429
40,121,1079.7122192382812,0.2610206158788536,reasoning,0.14076807779308145,0.11673337571131269,0.17629627577832793,0.2610206158788536,0.07914853613664892,0.2260331187017754
40,122,1388.7439575195312,0.4437677087876196,reasoning,0.08790384078604219,0.013947676151303856,0.1386456689286654,0.4437677087876196,0.05199431235570973,0.2637407929906592
40,123,623.10400390625,0.41498330482236345,factual,0.05862295541866459,0.009432128872195888,0.41498330482236345,0.15768146651129952,0.06593870311264563,0.2933414412628309
40,124,906.9159545898438,0.29317215777118527,symbolic,0.2268072000700455,0.18210998100735645,0.139371855716748,0.13849870962952804,0.02004009580513673,0.29317215777118527
40,125,4539.40283203125,0.41490585312181305,reasoning,0.024226588217299113,0.01095313744225503,0.11558156084897679,0.41490585312181305,0.06638645424283485,0.36794640612682117
40,126,1181.3853759765625,0.27080374489985387,factual,0.1723509696154407,0.13396643841143785,0.27080374489985387,0.13372020753656602,0.07460051546258598,0.2145581240741156
40,127,915.0062255859375,0.3183952972698727,factual,0.05196090948301106,0.04212877970140604,0.3183952972698727,0.30319244380568083,0.04577698959581127,0.2385455801442181
43,0,1497.7320556640625,0.34928795743499225,factual,0.16495684678193046,0.0042704541640555,0.34928795743499225,0.1650178113539343,0.17024707196859576,0.14621985829649173
43,1,1088.47607421875,0.270473385283234,symbolic,0.07968804041272223,0.04117745880919559,0.16539954485893812,0.21671001557061528,0.22655155506529476,0.270473385283234
43,2,3090.2474365234375,0.46928630966237145,reasoning,0.08776682028782033,0.06720811246729104,0.14157319917155262,0.46928630966237145,0.03919233529342544,0.19497322311753912
43,3,354.53515625,0.3788159975099437,reasoning,0.08218012141778958,0.01073423607055894,0.16708133173940348,0.3788159975099437,0.16482127510714956,0.19636703815515474
43,4,1484.60546875,0.33834315033981566,reasoning,0.16224183284700533,0.02894254576263159,0.19914465582975274,0.33834315033981566,0.04178890645926027,0.2295389087615344
43,5,2198.218536376953,0.25414382443169614,factual,0.07498539695805534,0.07742403381311369,0.25414382443169614,0.17987526937102624,0.23312017808943275,0.18045129733667586
43,6,4074.7554931640625,0.516055096648491,symbolic,0.15535183718755652,0.017709136293376018,0.155384011759956,0.13998551305426354,0.01551440505635688,0.516055096648491
43,7,4311.261413574219,0.4126423481540292,symbolic,0.18495082097783774,0.025284492445159498,0.13704670642002634,0.19248247915179784,0.047593152851149345,0.4126423481540292
43,8,855.9641723632812,0.9077378632822302,social_ethical,0.006458160610040547,0.004291607093694384,0.03427581215986718,0.02158560143216147,0.9077378632822302,0.02565095542200625
43,9,2527.0289306640625,0.24683469796590293,social_ethical,0.07291315895657598,0.05892324976145357,0.23996154660107633,0.21992702819772614,0.24683469796590293,0.16144031851726506
43,10,1366.38525390625,0.31093763233211485,symbolic,0.05805308257666909,0.04530033158742791,0.18984997268039783,0.13574286626045212,0.2601161145629382,0.31093763233211485
43,11,1580.9590148925781,0.3634290331612678,symbolic,0.08874301670316098,0.024718836734735242,0.1379123176944868,0.2841399548092636,0.10105684089708564,0.3634290331612678
43,12,941.8694458007812,0.4024224595406215,social_ethical,0.09080646199169767,0.08888909625573879,0.2573188671626752,0.08431574998530611,0.4024224595406215,0.07624736506396068
43,13,1285.125244140625,0.41899557607107923,reasoning,0.15553158292382813,0.026091909892202947,0.12053140339822029,0.41899557607107923,0.023362075794761766,0.2554874519199076
43,14,907.3968505859375,0.23163413218320836,social_ethical,0.1876870528204138,0.005723629647018624,0.22903733758262543,0.22405764795224792,0.23163413218320836,0.12186019981448584
43,15,1911.8314208984375,0.4260653824614316,social_ethical,0.06281205458684207,0.05504387991027552,0.10242417133798114,0.15022491458953782,0.4260653824614316,0.20342959711393185
43,16,1798.9407348632812,0.5110686101524928,reasoning,0.06981640841227196,0.010919376145189065,0.13698477412770543,0.5110686101524928,0.029837505082896378,0.24137332607944434
43,17,1499.5111083984375,0.41641371557054524,factual,0.06847454757186078,0.0718174339862561,0.41641371557054524,0.13068639314815741,0.11508169777014725,0.1975262119530332
43,18,3754.110107421875,0.4342835180321568,reasoning,0.08915261170455428,0.03619967958295709,0.1514457298917495,0.4342835180321568,0.02512022142397964,0.26379823936460267
43,19,1437.1380615234375,0.2510164116559579,symbolic,0.11439318748309166,0.06105859703976078,0.24964276416404096,0.22066569920160775,0.10322334045554099,0.2510164116559579
43,20,2835.9283447265625,0.6978278812453123,symbolic,0.054189698012540935,0.011936677653702824,0.09507640886409542,0.10786699767668843,0.03310233654766017,0.6978278812453123
43,21,549.357177734375,0.25708980711209434,factual,0.18384502128064273,0.02626560606390548,0.25708980711209434,0.22416602856587978,0.18517314492657655,0.1234603920509011
43,22,79.919921875,0.44682176983797256,symbolic,0.03210916689068648,0.11989540311346807,0.004710525672670398,0.10270901048412717,0.2937541240010753,0.44682176983797256
43,23,901.8013305664062,0.5602291501933014,factual,0.19397212055163301,0.06294544075568154,0.5602291501933014,0.0656357755098049,0.08312491417155321,0.03409259881802596
43,24,585.0770263671875,0.19094624585145978,reasoning,0.16907099613578358,0.099329202405783,0.17993883100411417,0.19094624585145978,0.17375308030480596,0.18696164429805354
43,25,1693.9708251953125,0.3476208021483592,social_ethical,0.06688613518950662,0.08006689337738414,0.1304529311755869,0.21220358075720783,0.3476208021483592,0.1627696573519553
43,26,1459.9140625,0.397458915068845,reasoning,0.08483123538414611,0.02087374711696429,0.2364809204576468,0.397458915068845,0.03228130401511219,0.2280738779572856
43,27,937.7754516601562,0.5266113543592302,reasoning,0.0751911889429883,0.007683289408522092,0.29888887464249597,0.5266113543592302,0.04281541497605554,0.04880987767070782
43,28,2024.821533203125,0.3742533009214619,social_ethical,0.030156255331627052,0.09587879622396313,0.2611718046620862,0.09241048804817265,0.3742533009214619,0.14612935481268904
43,29,1670.5828247070312,0.3461152747693539,reasoning,0.1156298919554099,0.00782826124849927,0.23479168278023294,0.3461152747693539,0.06242470770614949,0.23321018154035453
43,30,2403.921875,0.36615702855360055,reasoning,0.08949796597032193,0.033360605390930186,0.1369460651051992,0.36615702855360055,0.2602016317735991,0.113836703206349
43,31,5068.606384277344,0.3426330848254541,symbolic,0.07936513498673782,0.05623931116940869,0.203282144956158,0.2521990167458963,0.06628130731634502,0.3426330848254541
43,32,1416.3900146484375,0.4414827562402251,social_ethical,0.022428035621960985,0.015390068849899772,0.14529115448527533,0.18031008525590692,0.4414827562402251,0.1950978995467319
43,33,1519.9929809570312,0.37093215368964244,factual,0.1247855879268691,0.041248552165121743,0.37093215368964244,0.17033850374434342,0.15669844859561272,0.1359967538784106
43,34,1795.9944458007812,0.6856664779306082,factual,0.029860081229344283,0.030283998207953335,0.6856664779306082,0.05332789951108174,0.10414560151470967,0.09671594160630279
43,35,1202.1439208984375,0.2980594057877756,reasoning,0.1523661289141724,0.03316939756983246,0.18748425435798247,0.2980594057877756,0.09902829651167455,0.22989251685856252
43,36,2443.2210083007812,0.2805764654987831,factual,0.2594229644249688,0.03633124407799573,0.2805764654987831,0.18829608481275656,0.07028055870370158,0.16509268248179423
43,37,3373.3526000976562,0.3681443609745201,symbolic,0.0903176317129189,0.11286538537356441,0.1401028377404053,0.18444159185123077,0.10412819234736052,0.3681443609745201
43,38,2506.7352294921875,0.43246775350100497,reasoning,0.029300651199709767,0.009325997952294052,0.2649623877079207,0.43246775350100497,0.0029105181718685133,0.261032691467202
43,39,1847.8082275390625,0.45026162290429994,reasoning,0.06964305591935653,0.03309915377600085,0.13745318253090308,0.45026162290429994,0.11386774806115645,0.19567523680828314
43,40,1465.185302734375,0.3051871738572956,symbolic,0.15699431082652562,0.026255961318352602,0.21164490146380868,0.210342455150874,0.0895751973831435,0.3051871738572956
43,41,779.2174072265625,0.29233103187684084,social_ethical,0.09624540347081133,0.2034906755059139,0.16479797673603622,0.14679253789820987,0.29233103187684084,0.09634237451218788
43,42,2572.2820434570312,0.3388930058319436,reasoning,0.03515737810044825,0.004097164432962403,0.23637541322641045,0.3388930058319436,0.10538438808844923,0.2800926503197861
43,43,2859.5553436279297,0.44184030209117564,symbolic,0.11325848167480515,0.029809637977548365,0.1636704692768294,0.21725691726698484,0.03416419171265661,0.44184030209117564
43,44,1239.4786376953125,0.32397556424392066,reasoning,0.13628274867096674,0.011217071347314096,0.32090302269818155,0.32397556424392066,0.039051847439714495,0.16856974559990245
43,45,1158.1862182617188,0.3137066766836763,factual,0.04333663597429199,0.06329255544044356,0.3137066766836763,0.13092043976400794,0.1648463144197457,0.2838973777178345
43,46,2339.0843505859375,0.6214508579814014,symbolic,0.13650220055246437,0.015582269266334822,0.08328349888598548,0.10772935018194292,0.035451823131871,0.6214508579814014
43,47,2004.242919921875,0.40239736769370743,factual,0.03577670125840213,0.03754997789723193,0.40239736769370743,0.2452050879853397,0.019405304591248618,0.2596655605740702
43,48,2685.1878662109375,0.38706185676912536,symbolic,0.12924436853126592,0.02482713711864845,0.17945051199799028,0.2257878200899493,0.05362830549302068,0.38706185676912536
43,49,1460.3828735351562,0.3264527271027399,symbolic,0.05129286841139933,0.018064846058494885,0.1859146643781419,0.23850235088830724,0.17977254316091676,0.3264527271027399
43,50,2685.635498046875,0.5731736307247315,factual,0.05168015819114333,0.05232981857053263,0.5731736307247315,0.15185930682469298,0.11435795346026309,0.05659913222863645
43,51,6251.5704345703125,0.7640157409666497,symbolic,0.010283119290436104,0.09265751876994188,0.06875379848403326,0.0455489455627995,0.018740876926139554,0.7640157409666497
43,52,2771.6588134765625,0.690722558027862,factual,0.08627496093555423,0.003614774246282684,0.690722558027862,0.07597055312189874,0.09156611839397528,0.051851035274427096
43,53,2550.8297729492188,0.3048320649528226,social_ethical,0.0616524929715756,0.05830430819474983,0.20373724705418722,0.18730099291038085,0.3048320649528226,0.1841728939162839
43,54,1781.9346160888672,0.24488847132809863,social_ethical,0.06795455628874549,0.10629330230952987,0.18153048135873148,0.20640065979301214,0.24488847132809863,0.1929325289218824
43,55,1200.0107421875,0.38657073789215757,symbolic,0.03688545268556352,0.006883890199550623,0.27838150049112514,0.12683642968690872,0.16444198904469443,0.38657073789215757
43,56,5127.9478759765625,0.6448269477429248,symbolic,0.012362077653076311,0.023437738235026734,0.09295127476337983,0.20947234547277957,0.016949616132812706,0.6448269477429248
43,57,1259.6998291015625,0.3708089986482821,reasoning,0.026683661094314907,0.10355036953964941,0.07605678242303547,0.3708089986482821,0.08498001978979329,0.33792016850492484
43,58,1050.8441772460938,0.301891017098128,factual,0.09727333359625129,0.07345075930919796,0.301891017098128,0.2899704949128569,0.1314946810515704,0.10591971403199542
43,59,1226.7059326171875,0.26265409847077,symbolic,0.12966009647558133,0.04676363980127722,0.25297867735411117,0.21679401542912727,0.09114947246913303,0.26265409847077
43,60,919.15576171875,0.34758930074993455,factual,0.17684472897014553,0.03403471362296945,0.34758930074993455,0.13920078611115094,0.11463567588931546,0.1876947946564841
43,61,1023.0914306640625,0.634070561789441,factual,0.0031618516041624287,0.0,0.634070561789441,0.35212646451895413,0.0043708720685012165,0.006270250018941281
43,62,1383.3974609375,0.27698302413032905,social_ethical,0.18010301433221398,0.034627742219216585,0.2478608537066594,0.15858329527269185,0.27698302413032905,0.10184207033888913
43,63,596.115966796875,0.2861846564532531,symbolic,0.04079590742645159,0.09174604812812104,0.2764231837689536,0.16811484336060542,0.13673536086261528,0.2861846564532531
43,64,1331.9317626953125,0.5550339399432784,social_ethical,0.02781118641100852,0.003114235529871412,0.047526276935090005,0.1329870220328956,0.5550339399432784,0.2335273391478561
43,65,832.825927734375,0.379698234227579,social_ethical,0.06728901826453901,0.04980894128407287,0.20554751843529728,0.21323164055457597,0.379698234227579,0.0844246472339359
43,66,1791.59765625,0.2750336450095825,symbolic,0.10682808367618811,0.10252536525752809,0.1843333627676066,0.23066522547743482,0.1006143178116599,0.2750336450095825
43,67,884.1568603515625,0.27891141435201067,factual,0.12842003735185895,0.03548978857279422,0.27891141435201067,0.1583421153600028,0.13808521398484305,0.2607514303784903
43,68,1264.4414367675781,0.3066695738349257,factual,0.09894862858464502,0.06558921070502442,0.3066695738349257,0.25314529644174144,0.13770767546241944,0.13793961497124396
43,69,2004.5345458984375,0.23717222676345326,symbolic,0.12712157074046046,0.10542150313860536,0.22885770403248934,0.23345695644768297,0.06797003887730863,0.23717222676345326
43,70,1471.0175170898438,0.35087934182064584,social_ethical,0.03661659146486406,0.04876406110231001,0.297743331843363,0.18168194539754554,0.35087934182064584,0.08431472837127156
43,71,240.60125732421875,0.34939527058651026,factual,0.053142418932874615,0.030014122233550336,0.34939527058651026,0.16254901368869848,0.322052881130976,0.08284629342739024
43,72,2997.265350341797,0.4858559882532897,reasoning,0.12418310469389358,0.01418769679078904,0.06518467339475739,0.4858559882532897,0.013962678850190091,0.2966258580170802
43,73,1615.5101318359375,0.33652329911330886,reasoning,0.05515556254415151,0.042352881260673526,0.29212255102457946,0.33652329911330886,0.018444100270366477,0.25540160578692017
43,74,1060.890380859375,0.23828113223916655,factual,0.18155491533934565,0.04543993232394572,0.23828113223916655,0.17668160888036494,0.21649375996310588,0.14154865125407126
43,75,1081.1979370117188,0.5192202681814916,reasoning,0.04114608345427579,0.017383197924258794,0.2398512347082283,0.5192202681814916,0.14951338595772115,0.03288582977402441
43,76,3396.09228515625,0.374090194713392,symbolic,0.0842578218848438,0.04927800751006765,0.2659895542858096,0.20238179450560495,0.02400262710028199,0.374090194713392
43,77,998.8822021484375,0.4393517020918035,computational,0.4393517020918035,0.005142955816212043,0.10938692090267405,0.19111658380834143,0.19831249359177489,0.05668934378919405
43,78,1476.568115234375,0.268776838315595,social_ethical,0.15652635580254903,0.18080586003062488,0.2072028330580092,0.09575219869368883,0.268776838315595,0.09093591409953303
43,79,2356.998504638672,0.31965886013057415,factual,0.04287767763594971,0.08585702017451431,0.31965886013057415,0.11300872216759827,0.1247707506294465,0.31382696926191705
43,80,2274.628173828125,0.34687588985021484,factual,0.08004865793548632,0.03072091646159974,0.34687588985021484,0.2171748644959035,0.1485214949172346,0.176658176339561
43,81,796.514892578125,0.2641290105056666,reasoning,0.15167515957732125,0.047676876039264064,0.19346472440824208,0.2641290105056666,0.12912652010329423,0.21392770936621175
43,82,1691.2952270507812,0.7475188271054599,factual,0.06978474806786719,0.01892524628402824,0.7475188271054599,0.0567614841635282,0.0617362261184797,0.045273468260636766
43,83,1246.9210205078125,0.5766176784867648,symbolic,0.04588098203220687,0.01615013230342669,0.10188191088263601,0.12622703363959878,0.13324226265536682,0.5766176784867648
43,84,2815.8575439453125,0.44154762294405053,reasoning,0.1397989509485313,0.02007668362920047,0.16310845061050167,0.44154762294405053,0.0368756829141253,0.19859260895359077
43,85,292.6162109375,0.5423851701547528,factual,0.012587647135386248,0.015945854845330548,0.5423851701547528,0.019403348696264505,0.39267084725286094,0.01700713191540487
43,86,927.1514892578125,0.2693615396515574,factual,0.0736321833783726,0.07813553910516147,0.2693615396515574,0.2520201837338591,0.13620676148501196,0.19064379264603748
43,87,914.4093017578125,0.3893785757834134,reasoning,0.03844988833697044,0.053984592651212325,0.32749179965240216,0.3893785757834134,0.1608154544997017,0.029879689076299978
43,88,2907.242431640625,0.323653297156171,symbolic,0.1889471127341008,0.04494344799092044,0.21664934647232778,0.15078797436863167,0.07501882127784824,0.323653297156171
43,89,1494.6575927734375,0.29148721827047586,reasoning,0.08735572291776497,0.014654243405161695,0.23242966996304792,0.29148721827047586,0.0878389707482746,0.28623417469527496
43,90,2257.1896362304688,0.35314973218579576,factual,0.07465640864647051,0.04887475040083911,0.35314973218579576,0.16847976146101074,0.16782208651581135,0.18701726079007253
43,91,3303.2633056640625,0.3900471217408891,factual,0.03591397046000875,0.023183380633194722,0.3900471217408891,0.19885974795653846,0.13754897251264425,0.2144468066967247
43,92,1332.985107421875,0.7331663341518454,factual,0.011628494771064781,0.1853619484727487,0.7331663341518454,0.01993568754925679,0.02507432818910652,0.024833206865977755
43,93,2403.4404296875,0.4864548876671341,reasoning,0.05648651042633789,0.006060698713554747,0.1030015312115648,0.4864548876671341,0.028403243153633524,0.31959312882777496
43,94,1248.6484375,0.2911746959212148,reasoning,0.16722553917673486,0.040007613701064274,0.23320791777984945,0.2911746959212148,0.08849490386480383,0.17988932955633277
43,95,1111.133544921875,0.2833012502408704,reasoning,0.07870325713882681,0.019999107928167562,0.19995185888214612,0.2833012502408704,0.14155037690034922,0.2764941489096399
43,96,1244.2366943359375,0.5184621242453119,factual,0.0683659925396263,0.026948468559187984,0.5184621242453119,0.13238371409115093,0.1297297785188683,0.12410992204585458
43,97,1512.4248046875,0.42168426826488664,factual,0.05346566170967952,0.04790043151680449,0.42168426826488664,0.14607639648923662,0.23839842567069772,0.09247481634869502
43,98,578.4614868164062,0.5266617940803668,creative,0.03670667610796208,0.5266617940803668,0.1117760534857615,0.1252315876538497,0.07763998846532841,0.12198390020673144
43,99,3053.1302490234375,0.29285353790693247,factual,0.14940860796082786,0.008965887860911192,0.29285353790693247,0.2912385841839208,0.029529240110137668,0.22800414197726998
43,100,451.21905517578125,0.3440489786444139,reasoning,0.10842751427644268,0.09026491142092419,0.1503691510614488,0.3440489786444139,0.06825557879296443,0.23863386580380597
43,101,223.62298583984375,0.3484468067510608,factual,0.056009011312997105,0.01042949758436438,0.3484468067510608,0.12003802568835585,0.14614397630463566,0.3189326823585862
43,102,1066.2603759765625,0.23825935438741908,factual,0.05673337870736668,0.16547982467839867,0.23825935438741908,0.23664649640146518,0.15696549608148092,0.1459154497438695
43,103,2500.3174438476562,0.4374754563025335,computational,0.4374754563025335,0.01575068556358359,0.1818964344883844,0.1367917613781512,0.0795297940805905,0.14855586818675684
43,104,1716.7135620117188,0.33236887384502267,creative,0.1626941864890699,0.33236887384502267,0.04806476139076004,0.2257013681160224,0.018383500194744235,0.21278730996438075
43,105,3955.3740234375,0.5472004193266529,symbolic,0.13986475209385568,0.02531119276755344,0.13980555899151248,0.10138056338007305,0.04643751344035249,0.5472004193266529
43,106,1161.65283203125,0.29056288920227064,factual,0.05704772673298123,0.05582277071034209,0.29056288920227064,0.22159955696880917,0.1566751013528424,0.21829195503275448
43,107,3106.2496337890625,0.4210752901481495,symbolic,0.09402847876656173,0.02366303567455935,0.07055741526000714,0.36086959580171607,0.029806184349006264,0.4210752901481495
43,108,2502.1067504882812,0.391061614410532,reasoning,0.0787740467828905,0.02226400179321542,0.22048477848879156,0.391061614410532,0.03772226417498711,0.24969329434958337
43,109,2751.654022216797,0.46642152454491287,symbolic,0.0504812230135153,0.05043859062973254,0.16874428742415992,0.2253266104740647,0.03858776391361468,0.46642152454491287
43,110,201.05859375,0.7916654523906665,factual,0.022087680441413612,0.014245886032911737,0.7916654523906665,0.017318004313108353,0.13477977890462592,0.019903197917273803
43,111,2173.9798583984375,0.3020413051806862,reasoning,0.16951967020720646,0.0162728982921958,0.14560107916995685,0.3020413051806862,0.2117662721542965,0.15479877499565817
43,112,2353.3807373046875,0.26556641342774057,creative,0.088843992355371,0.26556641342774057,0.16185787619051817,0.21387958179138378,0.05617987960409557,0.21367225663089093
43,113,3721.0372314453125,0.4030772236758136,factual,0.16723865707990723,0.029508045816227065,0.4030772236758136,0.2763236450847573,0.02994038888305863,0.09391203946023613
43,114,957.7332763671875,0.3604919401597119,factual,0.03521307265550487,0.03859184417145026,0.3604919401597119,0.12053403173259003,0.3048047280623614,0.14036438321838152
43,115,778.5252075195312,0.4598776811970061,reasoning,0.06336741496141582,0.00943697616617081,0.28171089213731926,0.4598776811970061,0.1475080626908365,0.03809897284725155
43,116,687.4738159179688,0.28690332755038345,factual,0.09978007862692924,0.05699080691194649,0.28690332755038345,0.2612031299842652,0.13337368761647617,0.16174896930999946
43,117,895.8023681640625,0.3711408720114281,factual,0.04559241896033925,0.10820936352314867,0.3711408720114281,0.2950165110630868,0.11772368221848512,0.062317152223512084
43,118,3049.143310546875,0.4595789504784539,symbolic,0.10078942831902948,0.04001432106914636,0.17278308672605994,0.17841136858769646,0.04842284481961386,0.4595789504784539
43,119,2188.135986328125,0.33021866968364666,reasoning,0.10848503309026784,0.023456573172643446,0.2575050166776289,0.33021866968364666,0.03435597128290268,0.2459787360929105
43,120,1865.3504638671875,0.5096288182587589,symbolic,0.04210706519509159,0.018856156269331667,0.17223626984995893,0.14356619558560196,0.11360549484125694,0.5096288182587589
43,121,1840.6290283203125,0.3517584022159332,symbolic,0.06395080974263041,0.024240582559208905,0.1283026890128437,0.31734630514987866,0.11440121131950515,0.3517584022159332
43,122,227.902587890625,0.3723986035186274,computational,0.3723986035186274,0.0489893292797237,0.2207181873594654,0.07832122285318842,0.21541764284314008,0.06415501414585496
43,123,723.6412353515625,0.29618228127911467,factual,0.14725115379055137,0.10007862594042007,0.29618228127911467,0.15857929453925046,0.041199756615518474,0.25670888783514495
43,124,316.8154296875,0.1947855242757052,symbolic,0.1056045576862021,0.18108295136844635,0.17902195925639375,0.1917474007379346,0.14775760667531804,0.1947855242757052
43,125,965.732421875,0.291391532090888,symbolic,0.22628828710398316,0.043762829782285545,0.13472244693652607,0.2426115622250761,0.06122334186124116,0.291391532090888
43,126,1761.3907470703125,0.5046996346950129,symbolic,0.08190313703777859,0.013059942632057396,0.11652439724607817,0.20024591607375902,0.08356697231531397,0.5046996346950129
43,127,1401.4532470703125,0.3202814635512366,reasoning,0.05820844625830905,0.0989665704327391,0.10680267457442727,0.3202814635512366,0.1093098376798289,0.3064310075034591
45,0,3775.240509033203,0.3633597659619824,symbolic,0.0780769534122303,0.027690605681658594,0.22470911749991093,0.17321850800117092,0.13294504944304683,0.3633597659619824
45,1,1325.2823486328125,0.5207310905243604,symbolic,0.028937303583506352,0.009889549442819388,0.29294916426362194,0.12946948123248722,0.018023410953204713,0.5207310905243604
45,2,1603.860366821289,0.28738739966960325,symbolic,0.050410675544376386,0.05900649804154373,0.26960337860523725,0.23892354978912544,0.09466849835011396,0.28738739966960325
45,3,2223.427490234375,0.3348461358805748,reasoning,0.09836541779933786,0.02906938376720995,0.1843722065245594,0.3348461358805748,0.07459307562325419,0.27875378040506377
45,4,2272.778564453125,0.3750167171520182,computational,0.3750167171520182,0.01606447143561047,0.20523627391573224,0.14032278041068819,0.040694838420199324,0.2226649186657516
45,5,1668.5480194091797,0.3021756486556836,social_ethical,0.04033625507491027,0.09467240514749876,0.227956318558608,0.20733856123938516,0.3021756486556836,0.1275208113239142
45,6,1589.4340209960938,0.30956377079212716,symbolic,0.07388467397943888,0.08218027012259417,0.15701919801429168,0.24823112621123525,0.12912096088031286,0.30956377079212716
45,7,3095.3960571289062,0.39417345399540715,symbolic,0.12783783817357752,0.0378389662428858,0.14202831317909315,0.2741139208820181,0.024007507527018305,0.39417345399540715
45,8,268.228759765625,0.32338337891896074,reasoning,0.07729835755212007,0.03504434927844247,0.29194795501813564,0.32338337891896074,0.12804084957653153,0.14428510965580954
45,9,1125.9261474609375,0.2804178027485402,symbolic,0.04820955231408345,0.07012716419327969,0.2473519792245685,0.2052579977832919,0.14863550373623624,0.2804178027485402
45,10,3152.6973876953125,0.3457625978064651,symbolic,0.09847357969484294,0.02137446089632835,0.219403864118868,0.28928546855628845,0.02570002892720717,0.3457625978064651
45,11,1424.4833984375,0.35734784437340567,factual,0.05695364136258279,0.0394818296929191,0.35734784437340567,0.2491002940347755,0.07573195052208483,0.22138444001423213
45,12,1308.1603393554688,0.26867254401749385,factual,0.11014366278682132,0.06896463236261226,0.26867254401749385,0.1687540262285564,0.15985851937248433,0.22360661523203185
45,13,1744.5281677246094,0.3303611902163606,symbolic,0.1769016924238506,0.022931844703669303,0.20830794543324718,0.20190698458851328,0.059590342634359014,0.3303611902163606
45,14,1503.8197631835938,0.48799941132978303,reasoning,0.10975217203034769,0.04681243235457169,0.1696150302150087,0.48799941132978303,0.08536201128124941,0.10045894278903945
45,15,1186.8214569091797,0.2530342848171712,reasoning,0.1028295220756731,0.15030093200227704,0.17808360145550375,0.2530342848171712,0.06531445914735588,0.25043720050201895
45,16,1734.5394744873047,0.3753660079691028,symbolic,0.20072083007964325,0.05092711022556727,0.23009746955391047,0.11670595814397844,0.02618262402779776,0.3753660079691028
45,17,925.8729248046875,0.4922603260146576,reasoning,0.04744783315892638,0.06856203980855799,0.18449860779872668,0.4922603260146576,0.13965455161283474,0.06757664160629663
45,18,1418.6949462890625,0.2430429698151317,symbolic,0.0753894204836039,0.08966241376553967,0.22962998719061664,0.19272025716168606,0.16955495158342201,0.2430429698151317
45,19,961.5626220703125,0.38974804373323707,reasoning,0.05987885675489814,0.014438016122895662,0.30016874185378134,0.38974804373323707,0.16480450154313994,0.07096183999204786
45,20,525.1317138671875,0.4078145852079986,factual,0.03838880637972384,0.10552365605820155,0.4078145852079986,0.05993845944992874,0.34021551977635817,0.048118973127789046
45,21,1991.2197875976562,0.28031778304075095,symbolic,0.05470095844657385,0.0571144469839746,0.20066748109414057,0.24087307115634754,0.1663262592782125,0.28031778304075095
45,22,867.610595703125,0.5615922749401826,reasoning,0.09881960743815026,0.0057642203283139164,0.14217289256114626,0.5615922749401826,0.06601058661413224,0.12564041811807472
45,23,1520.4620361328125,0.2970881027648151,symbolic,0.07371769782728686,0.06483307742485825,0.19155180892167192,0.26064633448743035,0.11216297857393748,0.2970881027648151
45,24,1335.7376403808594,0.41284557121815396,symbolic,0.10537358579160612,0.03396304879400932,0.21298222360614028,0.09955875388978491,0.13527681670030542,0.41284557121815396
45,25,3595.7335510253906,0.38582451226372616,symbolic,0.17531828156974194,0.017107269690828,0.21786365927087611,0.14972678505563636,0.0541594921491914,0.38582451226372616
45,26,2185.0135803222656,0.30727719600368864,symbolic,0.07691421017402245,0.055074318919279414,0.2717889090592299,0.12826300541805855,0.16068236042572107,0.30727719600368864
45,27,2327.5005493164062,0.3230016157070653,factual,0.14957147299025175,0.07042372339330004,0.3230016157070653,0.22728138936384704,0.07649041981661975,0.1532313787289161
45,28,2996.159912109375,0.6309587687560029,symbolic,0.06986913832003873,0.022336615610916676,0.07456170907568778,0.1618419280343467,0.040431840203007254,0.6309587687560029
45,29,2019.8307800292969,0.4138437216494199,creative,0.01668502533360056,0.4138437216494199,0.07934765175891541,0.24721442200266025,0.03982950123073955,0.20307967802466434
45,30,687.1835327148438,0.44620193155318744,factual,0.02233609842598888,0.0512258172818365,0.44620193155318744,0.05861860240176253,0.3916525851077578,0.029964965229466865
45,31,2118.8292541503906,0.34041318023729783,symbolic,0.10560641564312798,0.044663474963062326,0.16559165512179158,0.26667443662553125,0.07705083740918903,0.34041318023729783
45,32,2525.218994140625,0.7048993178867434,factual,9.402224455122965e-05,0.0018562746482093668,0.7048993178867434,0.0009313277961562933,0.28847189634020953,0.0037471610841301375
45,33,522.4484252929688,0.4902811340692154,reasoning,0.10313190911698236,0.023873468932375134,0.06131396838358862,0.4902811340692154,0.08615720353115933,0.2352423159666791
45,34,1042.4802856445312,0.2418717637948063,social_ethical,0.10103526364788003,0.04733502002371546,0.20326285771595862,0.2353896783471332,0.2418717637948063,0.1711054164705064
45,35,1026.4630737304688,0.6032197515324894,factual,0.022501941570515743,0.07599301944377104,0.6032197515324894,0.16661478640405325,0.04064867631597928,0.09102182473319126
45,36,4108.730911254883,0.4934647013074311,symbolic,0.11190320351905501,0.0560033119794215,0.126585322202633,0.20848207371678076,0.003561387274678631,0.4934647013074311
45,37,870.6913146972656,0.3242822417994188,reasoning,0.07362411999966492,0.009574350369896574,0.16261523988117688,0.3242822417994188,0.10691248090266478,0.3229915670471781
45,38,560.63623046875,0.30259211728443985,reasoning,0.12127792346690379,0.024817254740751256,0.2927189089195712,0.30259211728443985,0.0775518797961649,0.18104191579216902
45,39,981.5447082519531,0.49667469933160063,social_ethical,0.02306022676745704,0.17611238812039465,0.16286438279556079,0.0659027784406287,0.49667469933160063,0.07538552454435818
45,40,1845.3643798828125,0.3872581773440562,reasoning,0.15127558133189126,0.014956647135965761,0.07587685570599101,0.3872581773440562,0.057727393751167956,0.3129053447309278
45,41,1371.7036437988281,0.3368684046681959,symbolic,0.0888807807513507,0.04882310074634046,0.23143838372287434,0.17154210583633506,0.12244722427490354,0.3368684046681959
45,42,2131.6368103027344,0.23830831942545022,factual,0.09066186968477573,0.07843741130480937,0.23830831942545022,0.2072049360428264,0.1551361695989841,0.2302512939431542
45,43,2945.6776733398438,0.30001423687874573,computational,0.30001423687874573,0.026499947173741285,0.188881225622246,0.2634782640406632,0.011314329956147886,0.20981199632845587
45,44,637.3143920898438,0.4188558651851666,symbolic,0.07420071656509214,0.026384251925370045,0.14901387783418482,0.22171819901225454,0.10982708947793184,0.4188558651851666
45,45,1726.4700927734375,0.369870863422201,symbolic,0.10814450405752062,0.046785662948731065,0.16121744496647622,0.18006471358796564,0.13391681101710548,0.369870863422201
45,46,1617.2828979492188,0.2947270282931302,reasoning,0.11183722820094814,0.06676198864023834,0.20348976998375284,0.2947270282931302,0.07197054310239775,0.2512134417795327
45,47,1386.2806243896484,0.3943169676836829,reasoning,0.09940253240441162,0.007642379353415213,0.21874152426701451,0.3943169676836829,0.06935992001962504,0.21053667627185071
45,48,2408.824508666992,0.4685387754425667,symbolic,0.05055949073562179,0.0285931898794134,0.192581537041686,0.20302481384647283,0.05670219305423923,0.4685387754425667
45,49,1452.9783935546875,0.35935585403063597,factual,0.03191955102325092,0.06648898296946794,0.35935585403063597,0.28814109185578957,0.05531220009680076,0.19878232002405485
45,50,1772.6199340820312,0.24568849798425452,factual,0.1691002580519206,0.12515185879503576,0.24568849798425452,0.077635666635276,0.18746114544476986,0.19496257308874324
45,51,2033.8990478515625,0.3156144141585544,factual,0.17914263375630135,0.008508555038888286,0.3156144141585544,0.10172064664946275,0.26049015043542073,0.1345235999613725
45,52,1758.2158203125,0.36791731952613094,reasoning,0.13977584587536304,0.018264698155367683,0.14854588225035034,0.36791731952613094,0.17370007603810902,0.15179617815467897
45,53,1435.6849975585938,0.35416838932546585,symbolic,0.043869843645571005,0.11563598281338833,0.1652457503769939,0.2658643005564558,0.05521573328212511,0.35416838932546585
45,54,1900.7604370117188,0.253559406589012,factual,0.13320024857701285,0.047205934585121685,0.253559406589012,0.24758452869156788,0.08433572102602464,0.23411416053126097
45,55,1606.3886413574219,0.53783831241919,symbolic,0.05353623512136437,0.004795001981737844,0.19805738587700558,0.17703534868241838,0.02873771591828382,0.53783831241919
45,56,744.3493041992188,0.3994923011665282,computational,0.3994923011665282,0.004202233641992948,0.06401206879402832,0.3693296638680475,0.06532961270129382,0.09763411982810923
45,57,1520.6505126953125,0.29886473403387237,factual,0.014373490477651865,0.059509026489084314,0.29886473403387237,0.2353486574678404,0.14389047784452472,0.24801361368702632
45,58,1237.4921112060547,0.3363322788898283,factual,0.0889639312356037,0.05906238329649232,0.3363322788898283,0.22320898682930612,0.13881539722863853,0.15361702252013104
45,59,1442.9563598632812,0.42254977571756863,factual,0.05170828102924713,0.07279882825875307,0.42254977571756863,0.19169467861818826,0.1762735087101663,0.08497492766607659
45,60,2240.1891479492188,0.29587410752816257,symbolic,0.0863619222478309,0.02573760548075581,0.18412196039594195,0.23279619392926387,0.1751082104180449,0.29587410752816257
45,61,2372.3038330078125,0.44765807071380836,reasoning,0.02760951950335478,0.017693400191716408,0.19190026218600442,0.44765807071380836,0.06103238189859139,0.2541063655065246
45,62,2757.7894287109375,0.510527996184104,factual,0.05095979246639413,0.05672723625387978,0.510527996184104,0.18056781725024168,0.049736030458116,0.15148112738726435
45,63,1461.2723083496094,0.34294820594987724,factual,0.06648960859174757,0.012275595848052118,0.34294820594987724,0.12534368429227166,0.22095826092328313,0.23198464439476824
45,64,2400.1609649658203,0.3572316777739917,factual,0.06701154769378267,0.01803101724496894,0.3572316777739917,0.284863147599894,0.022807969403144623,0.2500546402842181
45,65,1480.5567016601562,0.3823420203309986,reasoning,0.12021729744699781,0.06610961147962804,0.27790334520446736,0.3823420203309986,0.04181529288270762,0.11161243265520052
45,66,1849.2801513671875,0.44806523442035584,factual,0.1662680454671743,0.012657876075222734,0.44806523442035584,0.08160692277393884,0.08718005046172751,0.20422187080158077
45,67,2820.0925064086914,0.2958640582802775,reasoning,0.09364009509214309,0.0464466631577112,0.24190944332907288,0.2958640582802775,0.05272312227111833,0.26941661786967697
45,68,2626.1878356933594,0.3696148214553629,factual,0.10860087574536555,0.010733238352906318,0.3696148214553629,0.20424537478233523,0.05141416488165355,0.2553915247823765
45,69,1049.9521484375,0.29136535240166267,symbolic,0.10976713968549534,0.052787933973925526,0.2159831502737755,0.23563864517635197,0.09445777848878902,0.29136535240166267
45,70,1391.5739440917969,0.37165603834900673,factual,0.07617291527386673,0.14149579065110832,0.37165603834900673,0.15051061868662086,0.0541898474081558,0.20597478963124158
45,71,2084.8511962890625,0.28304707021757175,symbolic,0.11907488573315422,0.03541222690819616,0.1478808808496419,0.2689565451952067,0.14562839109622924,0.28304707021757175
45,72,3048.9534912109375,0.36157469822168986,symbolic,0.1315348299859707,0.020672436315178743,0.12579071160070412,0.2530193445360811,0.10740797934037546,0.36157469822168986
45,73,1506.3274230957031,0.35998400869930647,symbolic,0.11708779637781601,0.01528732041113113,0.20326506816734594,0.22571291830763449,0.07866288803676597,0.35998400869930647
45,74,4513.8641357421875,0.6356287966422893,symbolic,0.0765661350156142,0.04725228736605902,0.07959630938480958,0.14879953593495518,0.012156935656272754,0.6356287966422893
45,75,2061.0831909179688,0.29306818157252734,factual,0.08209356172609932,0.06084355354546789,0.29306818157252734,0.18610064376905217,0.11345669597193409,0.26443736341491925
45,76,1611.5459289550781,0.2907114051647981,factual,0.07443933194105941,0.062173944404522445,0.2907114051647981,0.1693038575448618,0.24158211796257767,0.16178934298218062
45,77,1066.1919555664062,0.2884698270125138,factual,0.25490619137121706,0.056502196612425955,0.2884698270125138,0.1688117386684103,0.09409972436654367,0.13721032196888924
45,78,2592.0422973632812,0.37994318124689636,factual,0.0781274926844366,0.07912146412473517,0.37994318124689636,0.12585540541199225,0.1414656925030719,0.19548676402886775
45,79,525.5230712890625,0.36602645476221723,factual,0.08370427064738559,0.1286808506684537,0.36602645476221723,0.07186849969280514,0.32740329168878196,0.022316632540356346
45,80,1739.0931396484375,0.4484735395006167,reasoning,0.05017867006077428,0.022767736782490146,0.20373124883876217,0.4484735395006167,0.11597336103762211,0.15887544377973462
45,81,1638.7608795166016,0.3302739264767102,social_ethical,0.033132959023484204,0.06220051013506017,0.2348203152292654,0.2248553376305088,0.3302739264767102,0.11471695150497124
45,82,2567.8209838867188,0.25960703406957053,reasoning,0.07642158067402866,0.047453245843193506,0.22567309083493953,0.25960703406957053,0.1554691871126312,0.2353758614656366
45,83,2252.6177978515625,0.5760190847833562,symbolic,0.02289697127013411,0.024577904017379953,0.07596985278358594,0.2563752730181275,0.044160914127416316,0.5760190847833562
45,84,1854.6710205078125,0.36443326127384373,reasoning,0.11355164868580012,0.019790877196215608,0.16675442369466084,0.36443326127384373,0.0793398345933597,0.25612995455612003
45,85,1625.4417114257812,0.39068725947653127,symbolic,0.12037495667212154,0.03183329411247401,0.14486341734708005,0.2587848998527556,0.05345617253903752,0.39068725947653127
45,86,2138.4813232421875,0.3176741375187595,social_ethical,0.04614503609596723,0.12017423470207592,0.2250713091503187,0.12014603584257708,0.3176741375187595,0.17078924669030157
45,87,1420.7798461914062,0.3413262112039678,reasoning,0.034777129379827534,0.06138682451031029,0.15226434061915048,0.3413262112039678,0.09299667923315078,0.3172488150535932
45,88,1447.2934875488281,0.3979419002835071,symbolic,0.04046944693393534,0.042970495275341886,0.07197957326774643,0.175018476048654,0.2716201081908152,0.3979419002835071
45,89,637.373291015625,0.3769001268251464,reasoning,0.16127880043559514,0.04768525913353642,0.06427154447441108,0.3769001268251464,0.03889004439837728,0.3109742247329337
45,90,1499.9677734375,0.33247337019610446,social_ethical,0.03596081491334124,0.005534298588446236,0.30062006540505104,0.1744029168595419,0.33247337019610446,0.15100853403751513
45,91,2562.6547241210938,0.43113724435703016,symbolic,0.09570492063705661,0.028401700688089646,0.1486672096185122,0.2288257890297449,0.06726313566956645,0.43113724435703016
45,92,745.8816375732422,0.4114320868258951,symbolic,0.060355509692822315,0.05364098624324622,0.13456801435633933,0.2924113385556541,0.04759206432604295,0.4114320868258951
45,93,1059.90576171875,0.30077159903753975,factual,0.23820949312360556,0.025681961517252373,0.30077159903753975,0.0871054878017881,0.15259886616541216,0.19563259235440209
45,94,1407.4229736328125,0.2989864183598941,symbolic,0.05854144750268635,0.04153653432653267,0.24561223194992995,0.23461884093380792,0.12070452692714904,0.2989864183598941
45,95,524.1429138183594,0.3473639623373701,symbolic,0.028588105523602025,0.10342265539415602,0.13419525866347912,0.06345343248065588,0.3229765856007369,0.3473639623373701
45,96,1252.4987182617188,0.29388440753125383,reasoning,0.15168799049595147,0.1480328945961001,0.11397348825022091,0.29388440753125383,0.06171969031241699,0.2307015288140567
45,97,947.5360107421875,0.369633860953349,factual,0.07521280974567182,0.05433346023010185,0.369633860953349,0.16335517632531435,0.24809902843453835,0.08936566431102462
45,98,2238.2388305664062,0.2970791194913843,symbolic,0.06957690761209616,0.01529462886581211,0.2598527649888653,0.2826075592346659,0.07558901980717621,0.2970791194913843
45,99,1811.1593627929688,0.3162530474874752,reasoning,0.2593866321179442,0.02899012554241444,0.10719526346855088,0.3162530474874752,0.08037922715936677,0.20779570422424856
45,100,583.1627197265625,0.43679663004113856,factual,0.012109010399037608,0.010425621835404287,0.43679663004113856,0.1775089491506549,0.24015520164344942,0.12300458693031521
45,101,2166.44970703125,0.3571022398802404,symbolic,0.07079712834826384,0.045032623083426246,0.19449596327516872,0.23129652330720918,0.10127552210569163,0.3571022398802404
45,102,1745.418472290039,0.3219276330694341,reasoning,0.10005491409940812,0.031914257947824744,0.16705370841955142,0.3219276330694341,0.1140965931271746,0.264952893336607
45,103,3047.7766723632812,0.505541739420744,symbolic,0.07473201089749622,0.023211520356766217,0.13923657968766576,0.23870439943724187,0.01857375020008602,0.505541739420744
45,104,1437.4654541015625,0.2883412534455439,reasoning,0.1843423207266275,0.01730289544152598,0.19663745315890319,0.2883412534455439,0.10234603973583944,0.21103003749155996
45,105,971.2852172851562,0.46940727256297576,reasoning,0.036818716040312095,0.044914967678147226,0.16324359568837524,0.46940727256297576,0.06763537232483262,0.21798007570535702
45,106,1295.16455078125,0.446325763987669,social_ethical,0.10736081888122777,0.019430370703529543,0.1293663103106243,0.16920000286522474,0.446325763987669,0.12831673325172469
45,107,2631.998046875,0.3160916850761697,symbolic,0.09878616938622704,0.027497517778125726,0.2649127062117881,0.22383621268597184,0.06887570886171761,0.3160916850761697
45,108,4699.886901855469,0.3029772094306988,symbolic,0.04324863047124677,0.035815434440450704,0.23786920778499554,0.29642660299741513,0.08366291487519302,0.3029772094306988
45,109,1696.8236694335938,0.36605050962817237,reasoning,0.050825446887978847,0.06670580468684326,0.3049599473165463,0.36605050962817237,0.07750205668845228,0.13395623479200694
45,110,1941.6056823730469,0.28967629158442054,reasoning,0.1507812286951471,0.023368889655214147,0.14928209006447166,0.28967629158442054,0.19766785463672581,0.18922364536402078
45,111,1919.4838562011719,0.36404759306814766,factual,0.09616563239639156,0.1239694069954636,0.36404759306814766,0.18810646445963233,0.10443646643887966,0.12327443664148517
45,112,1914.9322814941406,0.38136209819578,symbolic,0.040472233751050087,0.04590222800700849,0.22753010466337675,0.20566563016381859,0.0990677052189661,0.38136209819578
45,113,1603.941421508789,0.29296879477943893,symbolic,0.08148262624956709,0.03744240227014171,0.24476076194178226,0.20687457335785675,0.13647084140121327,0.29296879477943893
45,114,780.0619506835938,0.43450598899028875,social_ethical,0.08358930201278741,0.05262768733859733,0.17675441599275774,0.12935186203081483,0.43450598899028875,0.12317074363475394
45,115,851.8435668945312,0.43828746317603745,factual,0.0342857020027435,0.03995613546417628,0.43828746317603745,0.38465171150147187,0.04557612685893167,0.05724286099663923
45,116,2302.0740966796875,0.35051680159986504,reasoning,0.12165548316944781,0.047157287625570754,0.12310140243245107,0.35051680159986504,0.030885128162544063,0.3266838970101213
45,117,1505.7388305664062,0.29596946091461196,symbolic,0.08237421729406436,0.10886125976767352,0.18273953917760521,0.16009720298216154,0.1699583198638834,0.29596946091461196
45,118,2048.346710205078,0.24104528851028137,reasoning,0.11525223582012724,0.053867817040243834,0.19535177362709974,0.24104528851028137,0.18883309762444928,0.20564978737779857
45,119,2884.0037536621094,0.4203943714611917,symbolic,0.034619163289306,0.0309954913088241,0.2173812618822242,0.257008338409449,0.03960137364900503,0.4203943714611917
45,120,2918.264404296875,0.33701854254894353,reasoning,0.1326076315393412,0.02195175840198922,0.08890065188341442,0.33701854254894353,0.09276791817696517,0.32675349744934645
45,121,2168.1087036132812,0.48069729057186705,symbolic,0.08772029440779626,0.0207850320923821,0.12835474894596471,0.21443308853963905,0.06800954544235081,0.48069729057186705
45,122,1581.1294555664062,0.3142266473269389,social_ethical,0.12626695965775245,0.13228373812618882,0.25421307863568066,0.10474682231094307,0.3142266473269389,0.06826275394249616
45,123,1334.5126342773438,0.507768588162036,factual,0.03560806241854719,0.022762490421184327,0.507768588162036,0.23254297861091336,0.0625177941293837,0.13880008625793547
45,124,939.342041015625,0.5552670599044326,social_ethical,0.02957171391107836,0.0807627980959287,0.2479829345725651,0.024095104800593625,0.5552670599044326,0.06232038871540164
45,125,1850.3057861328125,0.327648611712657,factual,0.20376805063827275,0.10089634281706894,0.327648611712657,0.20752310458608345,0.05656595111199222,0.10359793913392562
45,126,2753.8743438720703,0.4169668045079135,factual,0.11443022647165088,0.051721787180058695,0.4169668045079135,0.14891599835634178,0.13225782663517008,0.1357073568488651
45,127,931.017333984375,0.33686570181780423,symbolic,0.0657187578587037,0.026891680938531465,0.2515961281224047,0.20673028889610895,0.11219744236644695,0.33686570181780423
47,0,1803.9160461425781,0.2966651514874941,factual,0.18943122009964994,0.0983362053729644,0.2966651514874941,0.14993530530612204,0.12342549501299434,0.14220662272077514
47,1,1310.7449340820312,0.4207434187595997,symbolic,0.06366735280552097,0.02433182950881352,0.11592980662153098,0.27666264110141703,0.09866495120311783,0.4207434187595997
47,2,65.6727294921875,0.43000347589457816,factual,0.13387212797240103,0.01845012277157053,0.43000347589457816,0.11076393471266248,0.10051655139212366,0.20639378725666416
47,3,1906.09423828125,0.2851554724886588,reasoning,0.17630647842382613,0.009956948326464175,0.15936810666650272,0.2851554724886588,0.259204901732493,0.1100080923620552
47,4,1642.5215454101562,0.258225340921932,reasoning,0.053247598116953565,0.12939714443939118,0.23141158288262975,0.258225340921932,0.0885131559042629,0.23920517773483058
47,5,4185.69921875,0.31683261178547867,symbolic,0.12181547405180773,0.06654978260240645,0.15714129980336694,0.30054881926836075,0.03711201248857951,0.31683261178547867
47,6,1838.4365844726562,0.47666406216670826,symbolic,0.0767224268694093,0.059262018505727494,0.13684202139076315,0.21364489062345154,0.036864580443940254,0.47666406216670826
47,7,1790.9022827148438,0.26510483573064175,symbolic,0.11978068541210504,0.04759638721684371,0.19446476693948359,0.2632208220101715,0.10983250269075438,0.26510483573064175
47,8,1331.67333984375,0.3437479718707409,symbolic,0.088360068889478,0.02781850841886768,0.32671956944442915,0.1762683118301215,0.03708556954636271,0.3437479718707409
47,9,1313.73974609375,0.3479458019378273,factual,0.07565342855093347,0.04586766815125148,0.3479458019378273,0.20160244843133662,0.11622722250077029,0.2127034304278808
47,10,2716.5443115234375,0.35457870342098213,symbolic,0.11243577595347087,0.029398042080745194,0.20171766507229666,0.26151348271907554,0.040356330753429585,0.35457870342098213
47,11,986.4478454589844,0.4613014329974737,symbolic,0.04227395294809977,0.04382039271656476,0.2398420204131782,0.12593128006151977,0.0868309208631638,0.4613014329974737
47,12,5910.272888183594,0.5097008629549208,symbolic,0.1481503726519938,0.014455679684361815,0.17239091995365136,0.13790933219665164,0.01739283255842057,0.5097008629549208
47,13,1620.3538818359375,0.42947138750599956,factual,0.016565316444500763,0.00322489051667331,0.42947138750599956,0.06446044388180479,0.4097489825740498,0.0765289790769718
47,14,1699.9227294921875,0.29022074690751326,symbolic,0.03972808104573342,0.1311709796666855,0.2074822162398667,0.18804278428613663,0.14335519185406448,0.29022074690751326
47,15,2225.4251708984375,0.33013403831332044,factual,0.06994115360351556,0.06043300736456226,0.33013403831332044,0.2825513448947579,0.09902053587350512,0.15791991995033866
47,16,1898.88671875,0.2991908100449482,symbolic,0.04314655482756138,0.05032052600722051,0.19064984622980158,0.22791800165598675,0.18877426123448154,0.2991908100449482
47,17,1625.6638488769531,0.29720310510919773,reasoning,0.07532004137507452,0.04315387007707732,0.21615223183032217,0.29720310510919773,0.09837149047790779,0.26979926113042046
47,18,1682.5881958007812,0.8058263482122534,reasoning,0.021546076406931708,0.01695313598155801,0.12306966258305742,0.8058263482122534,0.01830421845994517,0.014300558356254324
47,19,1046.2844543457031,0.2514003278843543,factual,0.12807510440022296,0.04004941103524204,0.2514003278843543,0.23182281959485715,0.12786830630816726,0.22078403077715628
47,20,1056.8279418945312,0.3887543272279192,symbolic,0.046438394210268526,0.12247476461110261,0.16496752048750138,0.2167517784653356,0.060613214997872665,0.3887543272279192
47,21,1042.0772705078125,0.3059801700821758,social_ethical,0.03546359909459127,0.10021838657269902,0.2211998387666799,0.06993618257740669,0.3059801700821758,0.2672018229064473
47,22,915.4805297851562,0.2781730905840319,factual,0.024425915645153323,0.10404838700752232,0.2781730905840319,0.23076553314426143,0.13438980513203574,0.2281972684869953
47,23,3489.5787353515625,0.28470653185445544,factual,0.13155674983573615,0.05064420152512561,0.28470653185445544,0.1948993706113442,0.053620383151857465,0.2845727630214811
47,24,1335.375244140625,0.4172630586301216,symbolic,0.0556286755920849,0.07514730706289581,0.0895961878692732,0.20046942271208076,0.16189534813354378,0.4172630586301216
47,25,1404.228759765625,0.38337929638798546,factual,0.027362505935180095,0.06157304917954122,0.38337929638798546,0.16012550852171029,0.1772019192168744,0.19035772075870858
47,26,1636.2741088867188,0.4217011520320911,symbolic,0.10867540648628626,0.026791213230473745,0.09305276287953376,0.27978491322691146,0.0699945521447037,0.4217011520320911
47,27,2270.0858764648438,0.33092875565827595,reasoning,0.06484527622028255,0.06185504311594249,0.1602793013658694,0.33092875565827595,0.24300569619295112,0.13908592744667847
47,28,1151.0526123046875,0.421121949879648,reasoning,0.014658585154149941,0.005223861523658446,0.13646752298629514,0.421121949879648,0.21585085322824102,0.2066772272280075
47,29,1860.6610107421875,0.2892081927317208,symbolic,0.08270559982312653,0.040901529830831944,0.20233012422146315,0.25494932437419365,0.1299052290186639,0.2892081927317208
47,30,662.7461547851562,0.30021127357879357,social_ethical,0.07130863173351072,0.04368586148664361,0.1522350416491956,0.19728739865135236,0.30021127357879357,0.23527179290050415
47,31,1381.0466918945312,0.35978981634784424,symbolic,0.052804894880552136,0.12434602113070853,0.2145822775366973,0.15103135982835425,0.0974456302758435,0.35978981634784424
47,32,2288.5346069335938,0.2979769678646294,symbolic,0.07903891871821656,0.016306234871624484,0.1191690671198144,0.28275884122274253,0.20474997020297264,0.2979769678646294
47,33,947.5467529296875,0.3080982538300811,reasoning,0.13559055862673744,0.08073570433929209,0.18938915422394617,0.3080982538300811,0.046544820525557945,0.23964150845438525
47,34,5382.5360107421875,0.47077187382742697,symbolic,0.15762670138966453,0.019173063928469656,0.13103251516343534,0.2051678713540597,0.016227974336943785,0.47077187382742697
47,35,327.166015625,0.44071214084019367,factual,0.08053373251586482,0.07174241384045037,0.44071214084019367,0.055936919807293935,0.07178569509697987,0.27928909789921735
47,36,2917.568572998047,0.36760060394410476,symbolic,0.11563960406342122,0.04293387081501001,0.18613310286330578,0.21781722972445383,0.06987558858970441,0.36760060394410476
47,37,1646.2073669433594,0.34730057175433376,factual,0.05400878999456518,0.08234042118926332,0.34730057175433376,0.2260142261849622,0.04583589213361686,0.24450009874325868
47,38,1730.3099365234375,0.3198753638437049,symbolic,0.15614638448407264,0.03927674231389323,0.16728595083394715,0.233012002582912,0.08440355594147007,0.3198753638437049
47,39,1162.4183044433594,0.3147724148856122,reasoning,0.1530678176072049,0.055482729735474995,0.24558860048837333,0.3147724148856122,0.06303807420102056,0.16805036308231402
47,40,1686.1553344726562,0.49130884784530093,symbolic,0.04911900103847941,0.03682216540531121,0.16291938936150982,0.2172976448355531,0.04253295151384554,0.49130884784530093
47,41,2395.480712890625,0.3775919193541631,reasoning,0.0744086587200487,0.031712649827163764,0.15864944558586017,0.3775919193541631,0.10430127165115709,0.25333605486160715
47,42,265.147705078125,0.7563450409513418,reasoning,0.0010487594897080693,0.011968196529609731,0.08742984867109559,0.7563450409513418,0.1426464833409297,0.0005616710173151205
47,43,1416.5167236328125,0.2886497493774832,reasoning,0.09914637966478242,0.060944639849432596,0.1785536239115382,0.2886497493774832,0.10078519627321539,0.2719204109235482
47,44,1560.0296020507812,0.7236941218586809,reasoning,0.02472596810777978,0.00129306002361155,0.11266574789633219,0.7236941218586809,0.03874970289940834,0.09887139921418728
47,45,1734.6262817382812,0.3118937546949578,symbolic,0.06619603290162387,0.029580173790276797,0.17459706446669448,0.25468762144786383,0.1630453526985832,0.3118937546949578
47,46,1024.2493286132812,0.28978945077023527,computational,0.28978945077023527,0.042438545140212905,0.15552906178132433,0.2567670110916907,0.03238199469755056,0.2230939365189862
47,47,2102.1435546875,0.28712356481363194,reasoning,0.10456112273790472,0.049220475751360564,0.22581378522202272,0.28712356481363194,0.13321270373665273,0.20006834773842733
47,48,1555.37548828125,0.42689023607329546,reasoning,0.03295165550169539,0.020188616281300142,0.10348215880598065,0.42689023607329546,0.16382448847228095,0.25266284486544743
47,49,1337.3931579589844,0.23430842750174968,symbolic,0.09920143892919674,0.05637381271717844,0.23265722046876966,0.1925193489486134,0.1849397514344921,0.23430842750174968
47,50,2661.08984375,0.3708139232339898,factual,0.04924070333612726,0.026482445955090653,0.3708139232339898,0.21083978053223612,0.12545954870463963,0.2171635982379165
47,51,1490.7689819335938,0.3670345324594605,reasoning,0.10488987834025303,0.03250611398049004,0.16594255853251202,0.3670345324594605,0.06558177298699241,0.264045143700292
47,52,1869.127197265625,0.23928956516798383,symbolic,0.10468139465474216,0.05549125548838191,0.23597426575034172,0.2154583790766522,0.14910513986189816,0.23928956516798383
47,53,1564.5902404785156,0.3548395502867619,symbolic,0.06684495290314073,0.023007463862844572,0.1855622321490901,0.3195993297481945,0.05014647104996825,0.3548395502867619
47,54,937.8916625976562,0.2570699467546664,reasoning,0.18896298336821135,0.031244368807640713,0.11521677434629035,0.2570699467546664,0.19731138364916168,0.21019454307402954
47,55,554.2515869140625,0.2965658090898459,reasoning,0.08671647546960871,0.09869441852300741,0.1839832755891569,0.2965658090898459,0.04653260738137299,0.2875074139470081
47,56,2449.0843811035156,0.3468563497870329,factual,0.0533698538111335,0.016233247046784628,0.3468563497870329,0.1534458684977945,0.1399117951509426,0.29018288570631184
47,57,740.7908935546875,0.3111059808432282,reasoning,0.044282835513340155,0.026925831980870583,0.25687943381616624,0.3111059808432282,0.19000194280058907,0.17080397504580577
47,58,1368.8719482421875,0.5913249381409458,factual,0.05460192393318268,0.006271737169535498,0.5913249381409458,0.1202182239934923,0.032727713418084274,0.19485546334475942
47,59,1250.8228149414062,0.40669684179081145,reasoning,0.08000280674620383,0.007279973568180047,0.20607616636724624,0.40669684179081145,0.11097733957447249,0.18896687195308595
47,60,1879.2598876953125,0.3438151291301267,reasoning,0.0948501311830797,0.058164013698825005,0.2360144403694289,0.3438151291301267,0.10322323039900819,0.1639330552195315
47,61,3679.9320068359375,0.2806313493699314,symbolic,0.09468203794712023,0.026781095988081736,0.20487606599123606,0.26645928815173275,0.12657016255189785,0.2806313493699314
47,62,2100.1201782226562,0.2740663470564385,social_ethical,0.08239722144342268,0.05006200671702864,0.22291876142109496,0.15559644806180728,0.2740663470564385,0.21495921530020792
47,63,1966.2975463867188,0.25441200175603174,symbolic,0.24025703024964226,0.05133223525995102,0.19583906899899084,0.1555703426319846,0.10258932110339955,0.25441200175603174
47,64,4414.581359863281,0.5991534236275683,symbolic,0.10352621575829422,0.009117042256965895,0.1859054150728217,0.08387241427829398,0.018425489006055857,0.5991534236275683
47,65,2003.6287841796875,0.3431622811808677,symbolic,0.046305997413018996,0.0725108928642471,0.1649235423496443,0.26591681462717154,0.1071804715650504,0.3431622811808677
47,66,1190.3525390625,0.6969997440359137,factual,0.04458112953997839,0.03910928189767836,0.6969997440359137,0.1062206861642387,0.04144351848889304,0.07164563987329778
47,67,2612.337890625,0.376507644388819,reasoning,0.059606298462000856,0.049208439967492,0.13533309296255674,0.376507644388819,0.05786655421949777,0.32147796999963363
47,68,1596.729736328125,0.26313055171818006,factual,0.11089056076988413,0.028931738378231264,0.26313055171818006,0.22675703590330884,0.15358215071240122,0.21670796251799446
47,69,746.4298095703125,0.4648195928764416,social_ethical,0.0869694981955935,0.013738412655425329,0.20739365923693076,0.11220077082426715,0.4648195928764416,0.11487806621134165
47,70,2361.513427734375,0.3113537719693006,symbolic,0.1918106302452072,0.04407460167259414,0.19426442858754156,0.21577276969270093,0.042723797832655605,0.3113537719693006
47,71,1095.2308349609375,0.3949421269038537,factual,0.105261615105709,0.05463540378534375,0.3949421269038537,0.09960320463443968,0.2001473785882083,0.14541027098244552
47,72,2116.1388244628906,0.32728611526722395,symbolic,0.06420500283256941,0.01681390936876786,0.13094487515487988,0.26206546003521664,0.19868463734134226,0.32728611526722395
47,73,1633.3487548828125,0.2556874824229752,symbolic,0.08929334138391899,0.09341478236102632,0.24569259662253567,0.21540346385939485,0.10050833335014898,0.2556874824229752
47,74,2052.3571166992188,0.4024946425840215,reasoning,0.051952162116854314,0.004168285090691769,0.10770209046804183,0.4024946425840215,0.09817369801461193,0.3355091217257786
47,75,3311.8348388671875,0.463890799711366,computational,0.463890799711366,0.0744685576050409,0.2522798007309177,0.08455276120267517,0.11142692973688592,0.01338115101311433
47,76,248.91552734375,0.4332313610407647,social_ethical,0.07261578056373448,0.10037094505658334,0.15216937143350354,0.17913056442105305,0.4332313610407647,0.06248197748436087
47,77,2000.3373413085938,0.3836320698715155,symbolic,0.15977981252978968,0.026690200294890446,0.07685422444767694,0.30022404973379885,0.05281964312232858,0.3836320698715155
47,78,1494.8979797363281,0.284958888383721,symbolic,0.07214259879750087,0.07154261697047883,0.13181594615327438,0.1567436701866213,0.2827962795084036,0.284958888383721
47,79,743.6971740722656,0.3693968875563107,symbolic,0.0809621251903355,0.038580405670718555,0.10199126620280483,0.3095161408728274,0.099553174507003,0.3693968875563107
47,80,1202.852294921875,0.3051021304950818,reasoning,0.14551431401963472,0.05350959217014084,0.16222081993828552,0.3051021304950818,0.12107888496641792,0.21257425841043923
47,81,2103.2236938476562,0.38442066167667127,symbolic,0.1601001554968588,0.03370912345454628,0.10608267738643046,0.25236214740456814,0.06332523458092504,0.38442066167667127
47,82,1026.6541137695312,0.551013242551544,symbolic,0.07286224278048817,0.006260024478171272,0.1541740739580354,0.19686908411248735,0.018821332119273743,0.551013242551544
47,83,2440.9417114257812,0.3609484044576582,factual,0.07320255361588926,0.02136348993804796,0.3609484044576582,0.2051507350561128,0.0985666547702364,0.24076816216205538
47,84,4242.893127441406,0.6184534567735129,factual,0.042490486410661346,0.01262730225251293,0.6184534567735129,0.1711622812049233,0.05471117466778409,0.10055529869060541
47,85,370.986572265625,0.703341293965823,factual,0.01675878757088396,0.03730485317799022,0.703341293965823,0.06735497949736799,0.12860424820063163,0.04663583758730318
47,86,1480.0369567871094,0.3933787705356264,factual,0.08436617119385352,0.08938664106993112,0.3933787705356264,0.17104415616271326,0.14565367030386564,0.11617059073401005
47,87,1417.904052734375,0.24321323200869185,factual,0.0729344572367713,0.04711630265499373,0.24321323200869185,0.2088493190546745,0.21284011753291085,0.21504657151195777
47,88,1602.2150268554688,0.31106579251570937,social_ethical,0.02575048405392452,0.08289198939563153,0.221276270403701,0.21782382795180516,0.31106579251570937,0.1411916356792284
47,89,1452.258056640625,0.4436408549522741,reasoning,0.13471667152227412,0.0033929012419876173,0.17910584759153184,0.4436408549522741,0.034826725420357474,0.20431699927157482
47,90,1809.607421875,0.35227798890254813,computational,0.35227798890254813,0.02764028584411113,0.0977330875027927,0.19663985573960166,0.1983716065185927,0.12733717549235363
47,91,877.436279296875,0.5261655674671444,symbolic,0.10306765843651285,0.005811942696381921,0.06966929968149507,0.22116823721006718,0.07411729450839863,0.5261655674671444
47,92,1409.4085693359375,0.3197768900148321,reasoning,0.111274459493109,0.033460088559767016,0.2675301785269631,0.3197768900148321,0.046949928004590386,0.22100845540073835
47,93,2356.1220092773438,0.32451815615087887,social_ethical,0.07748390054447742,0.06467837239273115,0.19900256725545876,0.14264255018618774,0.32451815615087887,0.19167445347026607
47,94,795.8472290039062,0.38285929593169377,reasoning,0.09130832881041963,0.03248092419443245,0.10688011291524048,0.38285929593169377,0.16734773042529347,0.21912360772292022
47,95,1571.5640869140625,0.2347000637629228,symbolic,0.09318552307462033,0.06664596384737817,0.22265606400619903,0.2025065842655104,0.18030580104336927,0.2347000637629228
47,96,2385.4776611328125,0.6793577398803889,factual,0.04135139216469612,0.015594391785049028,0.6793577398803889,0.07497679465380755,0.10076050695960814,0.08795917455645026
47,97,3013.14794921875,0.6156811205188458,factual,0.059776837418430005,0.0033367758199051778,0.6156811205188458,0.07070193829873535,0.17641275775908546,0.07409057018499814
47,98,2879.046875,0.36709947851936675,reasoning,0.04327934795586647,0.02196415778876473,0.1725373234821637,0.36709947851936675,0.20509331464134722,0.1900263776124911
47,99,1505.865234375,0.46253115260251904,factual,0.11121211590616378,0.07020773589726628,0.46253115260251904,0.11659564716350002,0.027035076387510813,0.21241827204304004
47,100,717.4803466796875,0.28783607047707743,social_ethical,0.03891963368035145,0.039937566342991414,0.16839750381065466,0.1972858304896268,0.28783607047707743,0.26762339519929823
47,101,1065.386962890625,0.3010489077815907,factual,0.09064736784816073,0.05657846041030518,0.3010489077815907,0.18593980051904005,0.21683757941713977,0.14894788402376355
47,102,1657.2450561523438,0.33480051397481825,symbolic,0.08359313020335697,0.07360241228893181,0.18448052086042205,0.21870918279013019,0.10481423988234073,0.33480051397481825
47,103,1583.6536254882812,0.26337026832167215,reasoning,0.10606299149780081,0.1565029319277172,0.2124147686356056,0.26337026832167215,0.11480780454272568,0.1468412350744786
47,104,2532.7108154296875,0.28702200075795375,symbolic,0.14770637528004552,0.048757090272989155,0.2068120216308422,0.2419955892546002,0.06770692280356914,0.28702200075795375
47,105,1818.4894409179688,0.2614112155175796,reasoning,0.0958609599991354,0.08727530935538949,0.22185600915831377,0.2614112155175796,0.12200026911340357,0.21159623685617815
47,106,454.8062744140625,0.5668200934410121,creative,0.07311127113755991,0.5668200934410121,0.23317818879464744,0.04492490551625126,0.005012382665288519,0.07695315844524075
47,107,2078.656463623047,0.2937992317666057,symbolic,0.09269228389150654,0.034133745900128486,0.2060173608972623,0.2438630040792992,0.1294943734651977,0.2937992317666057
47,108,2830.406982421875,0.4202034149413452,symbolic,0.07332992361912397,0.030889095271624322,0.07481946326630265,0.32684016962487195,0.0739179332767319,0.4202034149413452
47,109,990.6703186035156,0.4066599747984469,reasoning,0.02792877950520119,0.09916652509211844,0.029390444942492495,0.4066599747984469,0.08217720964497724,0.35467706601676374
47,110,1676.0670776367188,0.33194032355276815,reasoning,0.09746392688047854,0.038054916551055924,0.16032889640800266,0.33194032355276815,0.07475050784425136,0.29746142876344334
47,111,2004.8362121582031,0.3272083787018126,reasoning,0.20471265520312493,0.01173133697259433,0.17958576210817614,0.3272083787018126,0.026500676852982748,0.2502611901613093
47,112,2694.4641723632812,0.42896458738224696,symbolic,0.09077857181543621,0.04007710669624029,0.20299024822146808,0.17242698284951596,0.0647625030350925,0.42896458738224696
47,113,982.5963745117188,0.35106295421309053,factual,0.12312630354735078,0.06375221995546393,0.35106295421309053,0.14663349744227216,0.08885946513352282,0.22656555970829984
47,114,2530.189697265625,0.3327749557902196,symbolic,0.04028553820335814,0.028391860131997806,0.2959453164071331,0.28880083063343376,0.013801498833857586,0.3327749557902196
47,115,1959.2421875,0.2755519712261198,symbolic,0.05379837847860501,0.008851028578492163,0.24133756823628397,0.2282581579493028,0.1922028955311963,0.2755519712261198
47,116,3448.1001892089844,0.47266341247927524,symbolic,0.026268587402092022,0.3234498638152819,0.10870797771718634,0.05143963597977037,0.01747052260639415,0.47266341247927524
47,117,2482.7239379882812,0.5319777301881712,symbolic,0.10876494203141931,0.03864840010493412,0.14020412396219786,0.15491599431412617,0.02548880939915135,0.5319777301881712
47,118,2385.2182006835938,0.5027226994058125,factual,0.03352772808907196,0.050113135009825505,0.5027226994058125,0.10278943530756537,0.10567195030938922,0.20517505187833543
47,119,1754.538330078125,0.3069944587063487,factual,0.02795902200612836,0.07289988338000128,0.3069944587063487,0.206695137289749,0.15376822022241707,0.23168327839535557
47,120,593.3486938476562,0.2896798566053845,factual,0.14451008982736585,0.06920014298315319,0.2896798566053845,0.1659460418611469,0.09517205553712547,0.2354918131858241
47,121,1437.35205078125,0.23189530036549277,factual,0.09138066859462778,0.068754528743957,0.23189530036549277,0.18186603444580063,0.2173781812462356,0.2087252866038862
47,122,1479.1339721679688,0.4003092580460178,symbolic,0.07944464771606624,0.04112076475942133,0.23904529524908485,0.1369732630396361,0.10310677118977363,0.4003092580460178
47,123,2124.3474731445312,0.2779279161118782,reasoning,0.11057451034266065,0.05315798230666477,0.19219783395688284,0.2779279161118782,0.10855602517420547,0.2575857321077081
47,124,1539.2534790039062,0.2812817207128763,social_ethical,0.0850692345481083,0.07795043199152517,0.17071307260452967,0.19274860761448184,0.2812817207128763,0.19223693252847868
47,125,576.90576171875,0.27736112392435736,symbolic,0.0955042010049911,0.033493990281869786,0.21470681834917052,0.19392481441012,0.18500905202949125,0.27736112392435736
47,126,2224.74072265625,0.41379832929091764,symbolic,0.06683138111467958,0.04411350602872657,0.17464256390480895,0.20842382221067282,0.09219039745019444,0.41379832929091764
47,127,442.08740234375,0.464664593906527,social_ethical,0.03802456386439068,0.02462516360262648,0.29772557833873614,0.05040313896144777,0.464664593906527,0.12455696132627196
49,0,1282.278076171875,0.32045608982578955,reasoning,0.022149814620928215,0.028443545013709465,0.18482749455419822,0.32045608982578955,0.2750319817692016,0.16909107421617295
49,1,1265.66455078125,0.3359014436663052,factual,0.12319387395687095,0.032402247460631056,0.3359014436663052,0.16929418872326907,0.1420704059788255,0.19713784021409825
49,2,1723.4696044921875,0.281381494834178,social_ethical,0.04818682193915954,0.02014473679271189,0.20901046012642982,0.23408034457653673,0.281381494834178,0.20719614173098402
49,3,902.2638549804688,0.3619657611729826,factual,0.045184736662627935,0.031836558039398916,0.3619657611729826,0.11709532452514904,0.24938321446345593,0.1945344051363855
49,4,1083.3428344726562,0.5005702417686504,factual,0.04167038273608891,0.046311643112655246,0.5005702417686504,0.2429292471462136,0.037333694508050345,0.13118479072834152
49,5,684.4842834472656,0.7661956091932202,reasoning,0.021847610039795923,0.02249640769317435,0.06838154277679599,0.7661956091932202,0.031669413163146705,0.08940941713386681
49,6,2101.7158203125,0.464761864492228,factual,0.07721468508106054,0.026138718039622574,0.464761864492228,0.12590078233140053,0.11360857967146448,0.19237537038422384
49,7,1430.9385375976562,0.4666858922159857,symbolic,0.1374859524604004,0.04582747072799216,0.1194076375364334,0.1507138754139191,0.07987917164526925,0.4666858922159857
49,8,2614.687255859375,0.38949774686806676,factual,0.18590152215376649,0.0007178499534863483,0.38949774686806676,0.13348582353720564,0.20084228786100602,0.08955476962646872
49,9,1140.363525390625,0.5802862770981961,computational,0.5802862770981961,0.005818114554941854,0.2851955146395931,0.01305628923068623,0.11421667938005481,0.001427125096527907
49,10,902.2066650390625,0.348192914047954,symbolic,0.17333017448402943,0.11435036735153352,0.09480911399283197,0.1950443770069506,0.07427305311670049,0.348192914047954
49,11,1173.870849609375,0.28350392820560816,factual,0.07226723236987007,0.020269540938089817,0.28350392820560816,0.198968527559833,0.26028773911099323,0.16470303181560572
49,12,1537.3947448730469,0.3952715179486115,symbolic,0.06495315722337207,0.1133037145998407,0.0666268458617445,0.3270193385118642,0.03282542585456707,0.3952715179486115
49,13,1497.1348876953125,0.342436876295861,reasoning,0.10078854230765813,0.020878502549914472,0.2001012024187802,0.342436876295861,0.027549610751460573,0.3082452656763256
49,14,2279.0147705078125,0.3123537301558692,symbolic,0.07598581315414521,0.04258016831453379,0.2601149917387483,0.21900070215417086,0.08996459448253262,0.3123537301558692
49,15,2160.3661499023438,0.2848791902256107,symbolic,0.1219840217266411,0.036402317259011815,0.2410230877486786,0.2068087077546912,0.10890267528536657,0.2848791902256107
49,16,3795.396728515625,0.3894418769653437,symbolic,0.10954798823744713,0.026213974126371862,0.15301080120893262,0.3050109530170086,0.01677440644489608,0.3894418769653437
49,17,1725.497314453125,0.31924531494755604,reasoning,0.09300180527098378,0.04200831197187971,0.22832864789179183,0.31924531494755604,0.16082617146296563,0.156589748454823
49,18,3120.4556274414062,0.33651183571735027,factual,0.07308737735705312,0.04677274344948303,0.33651183571735027,0.18788769880105924,0.17084334259908623,0.1848970020759681
49,19,281.3758544921875,0.37795847431119145,social_ethical,0.03696696486945295,0.05330297076264918,0.36320097213443114,0.03402730809260266,0.37795847431119145,0.13454330982967258
49,20,2294.8374633789062,0.3329205167307085,reasoning,0.1534705917507551,0.015852737349355165,0.15171576656662664,0.3329205167307085,0.0796130878962915,0.2664272997062631
49,21,962.5048217773438,0.30183239620793806,computational,0.30183239620793806,0.020948302118261253,0.20212053777378727,0.11555745681316658,0.07402116428622295,0.28552014280062393
49,22,1765.1766357421875,0.27084014075200374,social_ethical,0.1370645352625843,0.02675693295179286,0.13986412617086735,0.20288261807634086,0.27084014075200374,0.22259164678641086
49,23,555.1708984375,0.2949911608721273,reasoning,0.14433548228216608,0.06448253722548132,0.1998201391393064,0.2949911608721273,0.12926147107714228,0.16710920940377663
49,24,4587.90234375,0.4188988076233096,symbolic,0.03043356423951237,0.0012477618192546123,0.07116571328468296,0.3772357329014911,0.10101842013174935,0.4188988076233096
49,25,2426.75048828125,0.3149589737192366,symbolic,0.12119704586633562,0.04701571030898483,0.19682151958205105,0.24911388062539425,0.07089286989799767,0.3149589737192366
49,26,666.175048828125,0.4109316941362643,symbolic,0.1261901018561173,0.027262169282792646,0.17642221271814335,0.1716957048037988,0.08749811720288363,0.4109316941362643
49,27,1457.41845703125,0.350381500492664,reasoning,0.11698642083387358,0.028301585738106462,0.12501570460665112,0.350381500492664,0.11422060926838143,0.26509417906032345
49,28,1427.5556030273438,0.633154134253558,factual,0.02793373024520726,0.004016149251930528,0.633154134253558,0.20399604584551478,0.020860683179763743,0.1100392572240257
49,29,1878.0850219726562,0.26228284224410064,computational,0.26228284224410064,0.08811972618619528,0.1935155194683747,0.2032463188416065,0.06245885472616751,0.19037673853355538
49,30,6473.234619140625,0.2857229791137025,symbolic,0.0816359989558869,0.055415518279918335,0.25174370546023556,0.2794956387610054,0.04598615942925136,0.2857229791137025
49,31,1645.0428466796875,0.32847935295663294,factual,0.10351589703648456,0.04535825442070389,0.32847935295663294,0.17142291913197133,0.21470610649552235,0.1365174699586849
49,32,893.7354736328125,0.30246667306792163,reasoning,0.1663603306489493,0.05243297087023786,0.26455542259824205,0.30246667306792163,0.053123882995803715,0.1610607198188454
49,33,2853.39013671875,0.32430999275635497,symbolic,0.10312970642274993,0.04320552769004386,0.18979077279750325,0.22668636779543522,0.11287763253791278,0.32430999275635497
49,34,1257.44970703125,0.31166801992966137,factual,0.0648984742105351,0.07949138668490174,0.31166801992966137,0.13992088944909187,0.22360268314968176,0.18041854657612813
49,35,2541.52490234375,0.34155988240635093,symbolic,0.18035595479230432,0.01874727547880008,0.17733033137286283,0.25005847694245753,0.031948079007224336,0.34155988240635093
49,36,1087.3412475585938,0.33128730459092365,symbolic,0.0644966637382354,0.27698581403232186,0.06186326476919814,0.23333450650207727,0.03203244636724369,0.33128730459092365
49,37,1864.4044799804688,0.35345788504132547,factual,0.05082163029146181,0.005857776445887917,0.35345788504132547,0.2521312902209795,0.1130403471727915,0.22469107082755374
49,38,2270.7022094726562,0.2948813656680201,social_ethical,0.07784328142872714,0.059930675290301084,0.2039322708526165,0.1873697910541799,0.2948813656680201,0.17604261570615526
49,39,2830.0843505859375,0.4126034099907734,factual,0.07451463076923011,0.062430461354661446,0.4126034099907734,0.17412836954163016,0.1604136610983128,0.1159094672453921
49,40,588.3028564453125,0.30008774993116333,social_ethical,0.029286980454112637,0.07205557896798694,0.265467715017937,0.2327188763194911,0.30008774993116333,0.10038309930930907
49,41,1524.9952392578125,0.3408713254019668,symbolic,0.18847963232467185,0.07487151959442752,0.05835355371002455,0.3114328369845545,0.02599113198435478,0.3408713254019668
49,42,1052.449462890625,0.44736249351343466,factual,0.06343083807700275,0.1397958932763111,0.44736249351343466,0.07305699385710372,0.10918956962610242,0.16716421165004536
49,43,2125.4938354492188,0.5205746504625204,symbolic,0.0662802655782171,0.01931381353213211,0.21091973369814593,0.12946709793516217,0.05344443879382236,0.5205746504625204
49,44,1818.0261840820312,0.29070985449435033,reasoning,0.14874060066256098,0.02567730170482031,0.25719637939833295,0.29070985449435033,0.043972863448629364,0.23370300029130606
49,45,1878.8160858154297,0.4527267018750112,symbolic,0.08538825817971661,0.023623372454098162,0.17988476919098517,0.20746249590605761,0.05091440239413126,0.4527267018750112
49,46,3159.9871826171875,0.40066217618641914,reasoning,0.08201551265007032,0.030385799765631775,0.12264388372137493,0.40066217618641914,0.028436665048713398,0.33585596262779044
49,47,1599.4459533691406,0.28489773403857177,symbolic,0.05662929734980365,0.06636531567203571,0.27509020352640196,0.16934498707275975,0.14767246234042722,0.28489773403857177
49,48,2411.030029296875,0.32831930664521036,symbolic,0.09512859954844166,0.05048119203947434,0.21711402946601915,0.16341163389002306,0.14554523841083142,0.32831930664521036
49,49,2048.9049682617188,0.2989095618702814,symbolic,0.12635999799697695,0.0593623171723868,0.19569064661212807,0.22630293984147817,0.09337453650674862,0.2989095618702814
49,50,2386.171875,0.297209722767901,symbolic,0.12973036988835412,0.08774118149003045,0.17468760743050782,0.1621456327963854,0.1484854856268212,0.297209722767901
49,51,1742.4688110351562,0.4366919593175275,symbolic,0.07545866770601678,0.02719207790474135,0.11631106089967466,0.27346817492929343,0.07087805924274629,0.4366919593175275
49,52,2313.5410766601562,0.2775189600691011,factual,0.12146437347396681,0.23398946478302354,0.2775189600691011,0.1368761429378671,0.08376183156775098,0.1463892271682905
49,53,1350.3776245117188,0.3711333459015529,reasoning,0.06440680678016725,0.05012428028600037,0.1938229626614047,0.3711333459015529,0.0943224386516232,0.22619016571925163
49,54,1083.9962158203125,0.5044281047830896,reasoning,0.04943977526371615,0.0008864768031250109,0.09997683583861752,0.5044281047830896,0.20477372037715355,0.14049508693429813
49,55,1010.2733764648438,0.314379453416769,factual,0.05717797004758064,0.031485376762011415,0.314379453416769,0.12187391990209952,0.18107879627017823,0.2940044836013612
49,56,3317.277587890625,0.4752523795831322,symbolic,0.0827114842986262,0.011121249871849776,0.05123142336940478,0.32074646686246816,0.05893699601451886,0.4752523795831322
49,57,1624.0909423828125,0.3343707225639223,symbolic,0.15663495045643397,0.024048233713676814,0.09889479188064416,0.31630232146844767,0.06974897991687508,0.3343707225639223
49,58,930.3155517578125,0.3857394131721677,factual,0.06476061011829587,0.0072439246333720194,0.3857394131721677,0.1316038469285127,0.2875142777102391,0.12313792743741261
49,59,1040.8709106445312,0.43395332453872426,reasoning,0.08764093554515581,0.0168775807190364,0.04194948770141534,0.43395332453872426,0.047336024490740355,0.3722426470049278
49,60,2503.770233154297,0.29882795285912994,reasoning,0.149197896048931,0.03074187081364831,0.16624129701468401,0.29882795285912994,0.07197621877446224,0.2830147644891445
49,61,2964.0602111816406,0.4253545884702216,symbolic,0.11740034434536671,0.028927522996468773,0.241711523626576,0.13944771409810883,0.04715830646325803,0.4253545884702216
49,62,2454.7958374023438,0.30163233516184673,reasoning,0.13405837360724776,0.026753374461935323,0.2227070659352613,0.30163233516184673,0.048484293950365964,0.26636455688334293
49,63,3121.1923828125,0.29275668619358397,symbolic,0.11685953447653875,0.061525335870174315,0.1823749077391484,0.26288253249819077,0.08360100322236375,0.29275668619358397
49,64,1566.30029296875,0.29334161631257477,factual,0.11871633773232167,0.040088590780610785,0.29334161631257477,0.19794909755429216,0.13738074707671935,0.2125236105434813
49,65,1916.7647705078125,0.29612805250648366,reasoning,0.11393105282421112,0.053310816865245796,0.2529366862612395,0.29612805250648366,0.12126237976397734,0.1624310117788426
49,66,1985.4137573242188,0.3328957445657983,symbolic,0.10477518550436458,0.04755430835464174,0.211014571327835,0.22315013557586844,0.08061005467149193,0.3328957445657983
49,67,1660.7580871582031,0.47094063565669514,factual,0.04182570138498137,0.1229665253153356,0.47094063565669514,0.10406183449562338,0.17635974282190825,0.08384556032545629
49,68,2347.3079833984375,0.2646480886541665,factual,0.08499050945941596,0.06430326836650632,0.2646480886541665,0.16968256574251578,0.16239311083325744,0.25398245694413796
49,69,2289.6581420898438,0.247033761665953,social_ethical,0.08426241689082664,0.051271214916105846,0.21396240243479733,0.16057452413659745,0.247033761665953,0.2428956799557197
49,70,1209.30859375,0.30736577509100954,symbolic,0.05038047147291679,0.03391729762293149,0.20993728862695948,0.2869510155596399,0.1114481516265428,0.30736577509100954
49,71,1275.7947082519531,0.6439322045769333,factual,0.02881514305825913,0.04120631669124931,0.6439322045769333,0.09857807062994804,0.07176105024726445,0.11570721479634576
49,72,1779.900634765625,0.25812419852593926,factual,0.07720088943474587,0.0887167231810611,0.25812419852593926,0.17873113308286034,0.1958257372326871,0.20140131854270635
49,73,1629.4484558105469,0.371921726369297,symbolic,0.03851812890444684,0.019740656245512703,0.32146748514672135,0.18732373761903706,0.06102826571498505,0.371921726369297
49,74,569.7640380859375,0.25293266833879413,factual,0.14617032175848907,0.04400743266159001,0.25293266833879413,0.15277106172524219,0.17919116136301455,0.22492735415287005
49,75,1794.0748901367188,0.3853814927562221,factual,0.0718727005394922,0.058274574138510615,0.3853814927562221,0.2876256590475586,0.049378680221212924,0.14746689329700363
49,76,460.0667724609375,0.3704789794917146,reasoning,0.12974986912512435,0.06669882487230247,0.04753338337489755,0.3704789794917146,0.16995187147755544,0.21558707165840557
49,77,3380.5866088867188,0.6499841453485262,symbolic,0.04185519661455933,0.06586363273712273,0.15360363327984417,0.07946799433973686,0.009225397680210731,0.6499841453485262
49,78,2434.4856567382812,0.8282893561305895,symbolic,0.026434683737122527,0.005179081011466178,0.05577858917226188,0.038971371171575786,0.04534691877698415,0.8282893561305895
49,79,236.1351318359375,0.5122923213636756,factual,0.013796390544137543,0.017044911159371366,0.5122923213636756,0.09952187194191124,0.16587306059338747,0.19147144439751676
49,80,940.7979125976562,0.3012112404326629,reasoning,0.08900201524156591,0.0559920949955148,0.24348306507453304,0.3012112404326629,0.04875544252435427,0.2615561417313691
49,81,1498.5529174804688,0.29241845496210517,reasoning,0.0888377381972216,0.02271433651548037,0.2822331325414805,0.29241845496210517,0.09651262279353076,0.21728371499018156
49,82,1431.2115936279297,0.4441874490376086,symbolic,0.04171812103949168,0.01358439154520247,0.1530339983045951,0.3191742221777474,0.028301817895354745,0.4441874490376086
49,83,2051.453857421875,0.2854057687032408,symbolic,0.11264835164181272,0.018246099047276757,0.2326778836226928,0.19928092036480893,0.15174097662016803,0.2854057687032408
49,84,978.0179443359375,0.2684404855114059,factual,0.1072067841890143,0.02153053642677295,0.2684404855114059,0.24529154860824298,0.22330119747780902,0.1342294477867548
49,85,7412.374450683594,0.2990932562416678,factual,0.09912405718230943,0.02007988960012736,0.2990932562416678,0.29437572073653523,0.01971279963200921,0.26761427660735093
49,86,2814.2454223632812,0.34337620379123657,factual,0.03588146479494919,0.0017255784208745281,0.34337620379123657,0.28424313149237657,0.14604352416101493,0.1887300973395482
49,87,1524.6567993164062,0.29653734268850607,reasoning,0.11104205580333401,0.06070758191650857,0.24434201840938444,0.29653734268850607,0.12700864376296264,0.16036235741930427
49,88,1869.0313110351562,0.36676446170163624,symbolic,0.10940017423302154,0.016596124727644566,0.19949651574776986,0.26992869782842904,0.03781402576149879,0.36676446170163624
49,89,995.2259521484375,0.4062340585689175,factual,0.10043652000253653,0.05438205907573154,0.4062340585689175,0.0730542086236649,0.281682043829606,0.08421110989954361
49,90,1510.8657836914062,0.5165955435530182,factual,0.08199708936223503,0.07544389245789321,0.5165955435530182,0.08634272608192001,0.19722166395162,0.04239908459331361
49,91,175.942626953125,0.3163928671039504,reasoning,0.11528721548689329,0.0,0.06171278867595166,0.3163928671039504,0.2509584950482959,0.2556486336849087
49,92,2238.9905395507812,0.2974620471626833,social_ethical,0.028456678254308646,0.094596386763455,0.1977970767934823,0.14150794982861697,0.2974620471626833,0.24017986119745377
49,93,1046.1239624023438,0.2785886213261088,reasoning,0.11734024438591235,0.06403147780634369,0.1582437143718135,0.2785886213261088,0.1879475101511433,0.19384843195867837
49,94,306.4154052734375,0.33575237385739126,factual,0.1306867504197948,0.08795671980415552,0.33575237385739126,0.19284147791670236,0.08412488471827437,0.1686377932836817
49,95,2471.0894165039062,0.5658562177865027,symbolic,0.02787434741243149,0.007598663736591183,0.15573926201113467,0.04129734755650481,0.20163416149683513,0.5658562177865027
49,96,1755.4771728515625,0.41695672215635926,symbolic,0.1323708602032325,0.02452087561607021,0.12228363946573743,0.20015515056843922,0.10371275199016138,0.41695672215635926
49,97,2175.0294799804688,0.41564622179403715,reasoning,0.14342332094490795,0.053308926336559904,0.15580661103085916,0.41564622179403715,0.062078956084551544,0.1697359638090843
49,98,1154.6939086914062,0.24795394773529938,creative,0.07717745138952575,0.24795394773529938,0.23151728955327072,0.15988985387587445,0.05326800399925893,0.23019345344677078
49,99,798.556396484375,0.48023028615785257,factual,0.06734656379141193,0.03307543183240509,0.48023028615785257,0.048205272759346315,0.22608148798781494,0.14506095747116912
49,100,968.5765380859375,0.31504280189282885,social_ethical,0.04785067991635095,0.06962978123981121,0.2550562544024075,0.19293550420255443,0.31504280189282885,0.1194849783460471
49,101,1503.3411254882812,0.3932165094018081,social_ethical,0.02823585372441698,0.1110884970939364,0.26385170466450847,0.11761456953325115,0.3932165094018081,0.08599286558207891
49,102,388.6942138671875,0.2759976420953193,factual,0.07720724594032441,0.14545834834241625,0.2759976420953193,0.11962880274155097,0.253031311328526,0.12867664955186306
49,103,996.2382202148438,0.32350393787861775,factual,0.04428928720938575,0.029930891763431125,0.32350393787861775,0.12525125798237474,0.2568803286925236,0.2201442964736671
49,104,834.9102172851562,0.46953437010683907,computational,0.46953437010683907,0.03835766631730334,0.10993847652587668,0.23734650840266686,0.00707513738590407,0.13774784126140996
49,105,1861.5798034667969,0.2773769752112643,social_ethical,0.07378061928175471,0.09089676309015601,0.24212324910749952,0.14490328211293965,0.2773769752112643,0.1709191111963858
49,106,218.0845947265625,0.46755924410693467,factual,0.07985731149831322,0.07020798198090285,0.46755924410693467,0.27023803993061485,0.09106327338348962,0.021074149099744817
49,107,3953.575653076172,0.4819122066641257,symbolic,0.07425882704345549,0.02022088375594102,0.12111693634357255,0.24135307512305196,0.06113807106985326,0.4819122066641257
49,108,1565.949462890625,0.5501783640459991,reasoning,0.15138321976374344,0.005671775544271093,0.05391877837193483,0.5501783640459991,0.02434243215251829,0.21450543012153325
49,109,2027.8961791992188,0.31349288222311533,factual,0.13723590672592195,0.02824880539686756,0.31349288222311533,0.27257652666959037,0.016286084858078923,0.23215979412642587
49,110,1247.0899658203125,0.2833333382275397,reasoning,0.08656333822460316,0.021320435337696814,0.2614925508711149,0.2833333382275397,0.15717753469233697,0.1901128026467085
49,111,1440.536376953125,0.34090110613840974,reasoning,0.16303826309814,0.023617149034893516,0.08088328881403191,0.34090110613840974,0.11946593955668029,0.27209425335784454
49,112,887.968505859375,0.21438637284070167,social_ethical,0.07396252363477797,0.1561244627959657,0.19061515446703833,0.15549305645484793,0.21438637284070167,0.20941842980666842
49,113,1211.3511962890625,0.4451334619654636,reasoning,0.05736004101018311,0.016976307186990253,0.07643255746600279,0.4451334619654636,0.07443273663866246,0.32966489573269775
49,114,2502.2322387695312,0.2907054938470101,factual,0.07091885460767659,0.07145486282475366,0.2907054938470101,0.15596815860681817,0.1880804158923235,0.22287221422141798
49,115,2948.2221069335938,0.4563202039033431,symbolic,0.08215193416665992,0.16988506939772755,0.09269731279844134,0.12054640733206386,0.07839907240176425,0.4563202039033431
49,116,1257.6112060546875,0.2808360926549678,reasoning,0.10672777504862725,0.02426087016448964,0.21160063368060358,0.2808360926549678,0.105959406741238,0.27061522171007374
49,117,1894.1307983398438,0.3832328411943001,factual,0.08155493176247725,0.028876303396475008,0.3832328411943001,0.17913834815406698,0.08125528724032165,0.245942288252359
49,118,1413.8846435546875,0.28668617936492874,factual,0.08444838063627305,0.07967943654515247,0.28668617936492874,0.20768159462045596,0.11929340560186136,0.2222110032313284
49,119,996.5832824707031,0.49974055336346496,reasoning,0.0549982161034156,0.04879669890174378,0.10193489161775611,0.49974055336346496,0.02845109117789263,0.2660785488357269
49,120,1518.1861877441406,0.29409461801673137,factual,0.15707316435811142,0.010223461581563452,0.29409461801673137,0.23086056353104176,0.1512434136700174,0.15650477884253464
49,121,694.1148071289062,0.7630463710445055,social_ethical,0.034931659405944775,0.0063951450079433704,0.053197321896732756,0.10521758116179229,0.7630463710445055,0.03721192148308133
49,122,944.1134033203125,0.2399760827816586,symbolic,0.2322997650558036,0.13553083928645543,0.1926318081419652,0.12135770877754673,0.07820379595657043,0.2399760827816586
49,123,1962.3377075195312,0.45577944359389044,factual,0.07677504680189609,0.03791335376466897,0.45577944359389044,0.15022247715860013,0.07495488234698947,0.2043547963339549
49,124,1418.8717346191406,0.3244992766637138,symbolic,0.09658544536107978,0.05079212103845113,0.28123688192795787,0.08075934942342265,0.16612692558537479,0.3244992766637138
49,125,2500.2679443359375,0.3740142597021462,reasoning,0.11919908974599647,0.08902829994539159,0.11748901912124164,0.3740142597021462,0.010731906419209465,0.28953742506601465
49,126,2280.02490234375,0.28699450325527986,symbolic,0.08332471355014925,0.04882743108403036,0.25657884874389947,0.22128846591630652,0.10298603745033452,0.28699450325527986
49,127,2818.1082153320312,0.2968516446751091,reasoning,0.041991289721006624,0.1491248191404791,0.22980638542264412,0.2968516446751091,0.04484356659902449,0.23738229444173656
51,0,1127.8869018554688,0.31506633449677934,factual,0.06303545388815886,0.04529565758960878,0.31506633449677934,0.1734786584707569,0.1853420954983195,0.2177818000563766
51,1,1107.052978515625,0.28029999631711533,reasoning,0.1569459094508775,0.026963457183378326,0.14069325121309148,0.28029999631711533,0.16244934103931005,0.2326480447962273
51,2,2128.5512084960938,0.4097347599512224,symbolic,0.058542073946219755,0.030259289515112083,0.13762728147638612,0.32606306504728727,0.03777353006377239,0.4097347599512224
51,3,1914.2550659179688,0.40993442783418954,symbolic,0.02990509086219164,0.11442381992500436,0.1002480777204972,0.3265886993830818,0.01889988427503547,0.40993442783418954
51,4,1154.304443359375,0.28121304619195603,factual,0.07788866020548511,0.07822241436234238,0.28121304619195603,0.1946178017868326,0.17269324164752728,0.1953648358058566
51,5,2062.5233764648438,0.38516836767623047,factual,0.09740419904686805,0.008161898496474782,0.38516836767623047,0.3202055918932974,0.06586129187752163,0.1231986510096077
51,6,1325.9005737304688,0.31089948215197744,reasoning,0.0972092274952235,0.015105354533362519,0.2537200287890265,0.31089948215197744,0.13733341527203996,0.18573249175837012
51,7,1134.3213195800781,0.2784721459760452,factual,0.13044699811331573,0.051448338972867526,0.2784721459760452,0.19587197988799454,0.08286481897857974,0.26089571807119727
51,8,1779.73486328125,0.35524831017172775,factual,0.08106415627108256,0.0058099035445994774,0.35524831017172775,0.21132298114322573,0.11386124216953182,0.23269340669983268
51,9,1458.0104064941406,0.3539750065330803,symbolic,0.057565537234790166,0.0066883672029635745,0.23483156897431007,0.3330407671536921,0.013898752901163835,0.3539750065330803
51,10,2005.7192687988281,0.31794625869148085,symbolic,0.19554171330339848,0.07839795711144563,0.0996927898247031,0.27536270980709476,0.03305857126187718,0.31794625869148085
51,11,2242.712158203125,0.36711493575817244,symbolic,0.1250277455765196,0.03232322924437651,0.13061664904412065,0.2623154163948353,0.08260202398197547,0.36711493575817244
51,12,2138.799591064453,0.3252033251153595,symbolic,0.18912660538179904,0.03895577868245168,0.20515106225462992,0.21451293184047157,0.02705029672528831,0.3252033251153595
51,13,1505.6494750976562,0.2974876807771641,symbolic,0.1551472337604127,0.11708984565415065,0.13756315173795505,0.24345749231177286,0.04925459575854465,0.2974876807771641
51,14,2238.8438720703125,0.34049041119626944,social_ethical,0.04024244778349508,0.024280818592228862,0.2467972028627839,0.13274398358309694,0.34049041119626944,0.21544513598212578
51,15,2241.5191955566406,0.39637323303340316,symbolic,0.07875605235723229,0.20268801264139855,0.07303390910245311,0.23358764339888383,0.015561149466629051,0.39637323303340316
51,16,2626.7666931152344,0.2799475859642502,symbolic,0.08962327496034773,0.034746053248597766,0.26777171023905494,0.25023072327472684,0.07768065231302254,0.2799475859642502
51,17,3267.3238525390625,0.31761308607510064,factual,0.1024884370671851,0.03325105581101518,0.31761308607510064,0.23511479169572258,0.05594084447022682,0.25559178488074963
51,18,1904.3290405273438,0.4587987247779501,symbolic,0.07199769414151241,0.030097183935386733,0.16737614720418023,0.19306052106107055,0.07866972887990001,0.4587987247779501
51,19,3248.4933471679688,0.355816994863999,symbolic,0.15815463580199768,0.03277526024074224,0.1511140371470661,0.2562429829859339,0.045896088960261115,0.355816994863999
51,20,1522.9730224609375,0.3742527268930952,factual,0.07733046814353255,0.0344727699430796,0.3742527268930952,0.2827084299339662,0.07521367692633851,0.1560219281599879
51,21,2171.686279296875,0.3940006533841126,symbolic,0.07599811674283298,0.05673941766747493,0.15934435962117663,0.18353089808725512,0.13038655449714773,0.3940006533841126
51,22,2396.81494140625,0.2783584049225484,factual,0.07639718910003652,0.028082821501598087,0.2783584049225484,0.2541982544380085,0.15517376168772157,0.207789568350087
51,23,3389.819122314453,0.2614742921193836,factual,0.12363032569494012,0.05838842762824362,0.2614742921193836,0.19274214917494656,0.1405616612524184,0.2232031441300677
51,24,2374.910400390625,0.34583050676356725,symbolic,0.07880956240845023,0.035868026682338856,0.1551672950655108,0.31005965171589017,0.07426495736424267,0.34583050676356725
51,25,1817.3309936523438,0.26412756059574644,factual,0.11622567422076213,0.05425470386363448,0.26412756059574644,0.2248039984751043,0.08897325155462688,0.2516148112901258
51,26,1591.0032043457031,0.29364572170790754,reasoning,0.12153460027510266,0.061490168228625804,0.26741793976916367,0.29364572170790754,0.12863599379391485,0.12727557622528549
51,27,3005.9256591796875,0.42597200687135595,symbolic,0.12276954743891084,0.025678770972521196,0.186188795463128,0.18200224061011,0.057388638643974026,0.42597200687135595
51,28,2830.9244384765625,0.5278644891087392,symbolic,0.08648655920829058,0.042088474836264676,0.08198066028650076,0.23813022097903522,0.02344959558116959,0.5278644891087392
51,29,1542.0311889648438,0.27229995251465894,reasoning,0.08401727014583506,0.05816960218588518,0.21915808890045885,0.27229995251465894,0.11495640210810057,0.2513986841450614
51,30,1206.7003173828125,0.47696865513997616,symbolic,0.04513793172865255,0.022150692812319395,0.09965242290842483,0.2247722853626232,0.13131801204800386,0.47696865513997616
51,31,1653.5620727539062,0.25053254727481705,symbolic,0.11602556197390067,0.048398563692011815,0.20606156933416522,0.2251521586052778,0.15382959911982746,0.25053254727481705
51,32,1570.4673461914062,0.31847790428936634,symbolic,0.08087992877878919,0.06910380455720765,0.2294710755550885,0.21652513509531496,0.08554215172423335,0.31847790428936634
51,33,1505.4163208007812,0.31782965002551616,symbolic,0.12898975910592372,0.03929422976709952,0.182681788549898,0.2325699669824224,0.09863460556914018,0.31782965002551616
51,34,1120.275390625,0.28004457957986756,factual,0.09509119025909157,0.06452009393616595,0.28004457957986756,0.1949402089678703,0.14736519340773144,0.21803873384927325
51,35,1597.3869323730469,0.312386686516437,symbolic,0.12411386966877726,0.04711277067163006,0.20815901977669485,0.21827648017148368,0.08995117319497718,0.312386686516437
51,36,1566.957275390625,0.24059674612593418,factual,0.24005719153969685,0.08811956267877712,0.24059674612593418,0.11826653248693532,0.09462954661990007,0.21833042054875645
51,37,894.900146484375,0.2914412206101687,factual,0.22549311678508127,0.10421821132169566,0.2914412206101687,0.14582918998196978,0.09409001909965622,0.1389282422014284
51,38,2332.0545043945312,0.25242571780259415,reasoning,0.09937542237133785,0.04894507307179543,0.17718803631067226,0.25242571780259415,0.21671734795567496,0.20534840248792535
51,39,700.72119140625,0.5939926916813523,social_ethical,0.0208124720833795,0.004647485814350032,0.15788961149819836,0.11666917524286154,0.5939926916813523,0.10598856367985829
51,40,2004.2676391601562,0.33774775205775054,factual,0.11797062304888303,0.025996286427511655,0.33774775205775054,0.22394426248848093,0.043746740239736855,0.250594335737637
51,41,881.81640625,0.5054711898380917,factual,0.07555566014751157,0.040662030166781105,0.5054711898380917,0.14888937185762696,0.11189755033334071,0.11752419765664798
51,42,1885.2497253417969,0.29503892159305,factual,0.07567305049222865,0.02981251755236507,0.29503892159305,0.23128615783157896,0.10716834502174417,0.2610210075090331
51,43,1080.41845703125,0.3638756797699821,reasoning,0.04306125059147276,0.028162153471532704,0.32967197384006935,0.3638756797699821,0.10383482239095547,0.13139411993598762
51,44,1993.7896118164062,0.34220574269179177,symbolic,0.1022179191740074,0.05256110060264342,0.15806926592643067,0.1992250472345325,0.14572092437059425,0.34220574269179177
51,45,1220.618896484375,0.37770576169755715,factual,0.05939469823417816,0.044395363280066324,0.37770576169755715,0.2693956382990426,0.12367263341170541,0.12543590507745034
51,46,1476.7847290039062,0.2571301169495778,reasoning,0.08087208766240167,0.03705225251110313,0.19824269173112627,0.2571301169495778,0.21875481620842366,0.20794803493736744
51,47,1585.6068725585938,0.4199160516183658,symbolic,0.10209024872526727,0.03498889835523362,0.17482192927920664,0.2036450563912589,0.06453781563066777,0.4199160516183658
51,48,1584.2972106933594,0.3195590551812064,symbolic,0.11596696252056107,0.05985056010920778,0.2082192228873725,0.14505754884145397,0.1513466504601983,0.3195590551812064
51,49,2682.9468994140625,0.3508364416077183,factual,0.11808184205244887,0.04067765424353332,0.3508364416077183,0.23866954193516715,0.08865534182388668,0.1630791783372457
51,50,1770.7674560546875,0.4398816444940817,social_ethical,0.045795063010271454,0.03863381314667933,0.31185332928630777,0.06336949897102101,0.4398816444940817,0.10046665109163873
51,51,482.32769775390625,0.3838966792226772,social_ethical,0.08153590712356928,0.05594462582966285,0.24208939067937985,0.14187498900658366,0.3838966792226772,0.09465840813812716
51,52,1807.1887512207031,0.3601311770933822,reasoning,0.08415784528616242,0.027122126004980145,0.1844925731232117,0.3601311770933822,0.08616301395449938,0.25793326453776416
51,53,1636.6393127441406,0.2841684197940917,factual,0.10150973728084245,0.07672183970295247,0.2841684197940917,0.19708211524362282,0.13590102458172335,0.20461686339676727
51,54,1590.7946166992188,0.3759048977885961,factual,0.04351052478249438,0.002201616286082583,0.3759048977885961,0.25139317973176284,0.005643660834147145,0.3213461205769169
51,55,5629.92333984375,0.48191061373972766,symbolic,0.1834559213493953,0.021499585042015743,0.1838986653435192,0.11366609416428312,0.01556912036105898,0.48191061373972766
51,56,1731.9133911132812,0.40876090005137855,reasoning,0.1281685728713568,0.013058511501526184,0.11970367993790737,0.40876090005137855,0.04100794945134157,0.28930038618648957
51,57,2529.9109497070312,0.4516857043949827,symbolic,0.0944066885691676,0.038175166979850766,0.19457604658289887,0.19324579522331703,0.027910598249783033,0.4516857043949827
51,58,1811.4529571533203,0.2591893294770288,factual,0.08297041139092162,0.08159504622235934,0.2591893294770288,0.17793926803806492,0.16613154785730755,0.2321743970143178
51,59,983.2470092773438,0.3788198766207731,symbolic,0.11062384916644624,0.04575859775825709,0.10949277877260022,0.24795712398365216,0.10734777369827118,0.3788198766207731
51,60,1006.4148559570312,0.37130004843805614,symbolic,0.05049978164364449,0.06403672340899604,0.07303794185019546,0.33702631817222783,0.10409918648688003,0.37130004843805614
51,61,2638.1200561523438,0.31575404173508803,symbolic,0.10368600631900282,0.04990010054610097,0.2206446347183218,0.2423184400679278,0.06769677661355855,0.31575404173508803
51,62,1423.435546875,0.236900537733998,symbolic,0.11001147092682619,0.041914420162486504,0.2173597418492616,0.2212277493520161,0.1725860799754116,0.236900537733998
51,63,509.523193359375,0.3169883953431876,reasoning,0.060500635599209776,0.07893600740198763,0.14366925937478886,0.3169883953431876,0.09278586511688748,0.3071198371639386
51,64,1799.6796875,0.2727160377931837,symbolic,0.08814373705824387,0.04936059042624773,0.22511099522918576,0.25601245637244474,0.10865618312069422,0.2727160377931837
51,65,405.690673828125,0.36379835458555015,symbolic,0.27121084377589577,0.04690682905370314,0.15312488528376508,0.07363172492897373,0.09132736237211209,0.36379835458555015
51,66,1710.9120483398438,0.3335686036710806,symbolic,0.0466896214887329,0.059632343988564616,0.23455963938961277,0.1886203857984046,0.1369294056636045,0.3335686036710806
51,67,3198.7579956054688,0.24483259388834064,factual,0.1218549657191738,0.05835188679779908,0.24483259388834064,0.21297107216544142,0.15923542559958506,0.20275405582966
51,68,1133.4703979492188,0.4412484796679773,factual,0.05692690651264549,0.05065064852691425,0.4412484796679773,0.23034962615192395,0.13354851727006176,0.08727582187047726
51,69,1097.9036254882812,0.2583992831241936,factual,0.07749499070299604,0.0695896326300573,0.2583992831241936,0.17604834720022228,0.17471034802932814,0.24375739831320264
51,70,1732.9578247070312,0.2871078039167773,reasoning,0.06453418564387899,0.03579237271614922,0.27679266430435256,0.2871078039167773,0.12786456177012037,0.20790841164872156
51,71,1037.061767578125,0.5699759052028047,reasoning,0.09840476434299597,0.022918307219846487,0.1211209083279482,0.5699759052028047,0.03688852242511132,0.15069159248129327
51,72,3036.1817626953125,0.2766121171816103,reasoning,0.07234934817913237,0.03273387237524837,0.20614320668117245,0.2766121171816103,0.14296886738035464,0.26919258820248193
51,73,2015.9871520996094,0.271286740556108,factual,0.11052332273087985,0.029265136122662797,0.271286740556108,0.20658624698714576,0.16084576737037634,0.22149278623282725
51,74,1827.2891235351562,0.24621450679990067,symbolic,0.07689172783829946,0.09368770209268694,0.22472594891394151,0.18461098582568386,0.17386912852948755,0.24621450679990067
51,75,1555.5419311523438,0.3471000293141344,factual,0.05430428683607812,0.0487892195240218,0.3471000293141344,0.22146795187428203,0.11926042216355733,0.20907809028792632
51,76,2680.278594970703,0.23605955906523854,factual,0.08638632907243299,0.07903537449698624,0.23605955906523854,0.16743122522547613,0.21315025388042763,0.21793725825943847
51,77,602.58203125,0.2735062248397197,factual,0.2097674558054207,0.03976013055795049,0.2735062248397197,0.15858168137118261,0.17747822683633582,0.1409062805893907
51,78,1733.3704833984375,0.3680766401091961,symbolic,0.1192829799860857,0.03933598647471146,0.13648938423021048,0.2533533463321345,0.08346166286766174,0.3680766401091961
51,79,3815.688751220703,0.35968564938349745,factual,0.04114954473952766,0.07519655951182416,0.35968564938349745,0.13560777791122755,0.15591370015836445,0.23244676829555877
51,80,2204.31494140625,0.3316881208000023,symbolic,0.08299368226868599,0.0443019251348507,0.29542817299255697,0.13281645086640925,0.11277164793749475,0.3316881208000023
51,81,2018.1095581054688,0.3185423660339709,symbolic,0.08024562262112288,0.06472635611136672,0.1906036548274872,0.26313083615106586,0.08275116425498644,0.3185423660339709
51,82,1227.2457275390625,0.30327876679361626,factual,0.10546702836805573,0.039379388292568325,0.30327876679361626,0.23036123290002572,0.1128382209869761,0.20867536265875786
51,83,999.8789672851562,0.3260257268686756,factual,0.105267135298419,0.03378405723788469,0.3260257268686756,0.17751721292927483,0.16121244410868332,0.1961934235570626
51,84,1577.5907592773438,0.2866034049970583,factual,0.06199081859665751,0.033416634274435496,0.2866034049970583,0.24263903231164233,0.17379150669314994,0.20155860312705642
51,85,2354.4498291015625,0.29011456189096724,factual,0.19032600804255448,0.03385979621263406,0.29011456189096724,0.17648699922173008,0.03551354848617403,0.2736990861459401
51,86,1644.9886474609375,0.2905446725884658,factual,0.11945541868662271,0.0769688685903646,0.2905446725884658,0.18720361105028166,0.16492428954031269,0.16090313954395255
51,87,1118.2771606445312,0.2770801621429885,factual,0.08907930873585766,0.18544914643731722,0.2770801621429885,0.14355567638273267,0.10213301023646462,0.2027026960646393
51,88,1572.1256408691406,0.303537428691487,symbolic,0.07055022542476753,0.08030033652258597,0.2735809572176001,0.203155781746329,0.06887527039723043,0.303537428691487
51,89,1225.5106811523438,0.4645071582333716,factual,0.10057081692317063,0.09469635261966036,0.4645071582333716,0.13349943250997434,0.003840674081232179,0.2028855656325909
51,90,1041.2784729003906,0.2912732546745277,reasoning,0.1558153131656808,0.06851060970094529,0.18265542298434087,0.2912732546745277,0.07721983189457939,0.22452556757992595
51,91,1432.5646514892578,0.39210815043841557,reasoning,0.02490096427679794,0.013612920386896005,0.12693966271790577,0.39210815043841557,0.10530536987036111,0.3371329323096236
51,92,1180.2084655761719,0.32846225219610825,factual,0.07639657062662544,0.12655237542423253,0.32846225219610825,0.21096160167885297,0.16620500606222868,0.09142219401195215
51,93,2262.405303955078,0.3155467015578456,reasoning,0.0658754587624706,0.053764335920428515,0.29226269654193515,0.3155467015578456,0.11454629549857201,0.15800451171874816
51,94,2431.1408081054688,0.3676221249392853,symbolic,0.13675787927393007,0.045321577268982324,0.15207841039414452,0.20711348022815232,0.09110652789550543,0.3676221249392853
51,95,865.8189697265625,0.2974246801927986,symbolic,0.11597821392966857,0.10001658021971328,0.2668778811832694,0.1365785729703788,0.08312407150417135,0.2974246801927986
51,96,1698.71044921875,0.2613741639381206,social_ethical,0.0676914775368149,0.06885127131420635,0.2605610974432294,0.19089248392981922,0.2613741639381206,0.15062950583780954
51,97,1471.4768676757812,0.3518120882369447,reasoning,0.049678503718806305,0.03625234184356114,0.22211625299886842,0.3518120882369447,0.10147188914597015,0.23866892405584927
51,98,1496.3838500976562,0.2812830883437134,symbolic,0.1490796109909008,0.027500379026537486,0.19035640649477523,0.2362270403425772,0.11555347480149594,0.2812830883437134
51,99,2082.216339111328,0.33470687738609073,symbolic,0.07165805865786586,0.08134169299120557,0.1880425440016802,0.2221682479710374,0.10208257899212027,0.33470687738609073
51,100,1407.9613037109375,0.34987353497510276,reasoning,0.04293906573242163,0.01991287685584704,0.31159008841584185,0.34987353497510276,0.021353658252166917,0.2543307757686198
51,101,1337.0544128417969,0.2709390511163239,reasoning,0.13459635206758677,0.02963389594851472,0.1937561156780496,0.2709390511163239,0.14835084309880817,0.22272374209071688
51,102,1668.111572265625,0.3694117965601599,symbolic,0.15743569234777174,0.0326846281458628,0.13925059110131816,0.23204307008255295,0.06917422176233447,0.3694117965601599
51,103,754.7630615234375,0.3705282160704989,reasoning,0.059788106748499395,0.04044286456179417,0.09197513383025348,0.3705282160704989,0.25534015017582834,0.18192552861312572
51,104,1208.9115905761719,0.29704529616900655,reasoning,0.16773334117575486,0.04549112722986781,0.1997871186459504,0.29704529616900655,0.08237344660415365,0.20756967017526676
51,105,1294.2923583984375,0.38964662590967347,reasoning,0.061281488370619086,0.01967085620337866,0.1719069121366788,0.38964662590967347,0.046834702730201704,0.31065941464944824
51,106,1906.0404663085938,0.3182496974645042,symbolic,0.04900083951978969,0.02580235269841232,0.16423661066484416,0.2751853455203372,0.16752515413211244,0.3182496974645042
51,107,1965.7759399414062,0.42595552874035625,social_ethical,0.04867515483226413,0.0011134131101381978,0.38128921998456683,0.08007809292019229,0.42595552874035625,0.06288859041248229
51,108,1236.1101989746094,0.30395321213190746,factual,0.03786518550774365,0.08176354841773428,0.30395321213190746,0.21165273035514084,0.21105991258974632,0.15370541099772747
51,109,2225.515411376953,0.22349419283512015,symbolic,0.10916603064250788,0.05715231569495353,0.21740787392492103,0.17233019217686102,0.2204493947256364,0.22349419283512015
51,110,2236.1510009765625,0.40812110719031297,factual,0.05956317828448094,0.05670653827440154,0.40812110719031297,0.22729578636386538,0.11025455673372384,0.13805883315321535
51,111,1494.2478637695312,0.2886046536610914,factual,0.08591540223195582,0.04263942330609686,0.2886046536610914,0.17064338968808487,0.15266837261721045,0.2595287584955606
51,112,2800.2704467773438,0.33550398432803435,symbolic,0.08555798977546267,0.060218487807802985,0.21751068573328325,0.18448093011035768,0.11672792224505903,0.33550398432803435
51,113,2903.4177856445312,0.3317688186427142,symbolic,0.09776168589361814,0.05181412405070407,0.20674476178555812,0.24090134713565053,0.07100926249175497,0.3317688186427142
51,114,1570.5512084960938,0.2879882881609531,symbolic,0.04806654274530951,0.08810371682072117,0.21991363175474996,0.21377926419844992,0.14214855631981627,0.2879882881609531
51,115,1693.678466796875,0.3172181222483018,reasoning,0.10292354799924525,0.07023089074766332,0.18041644257634842,0.3172181222483018,0.041086224092432407,0.28812477233600875
51,116,532.373779296875,0.3441458624059492,social_ethical,0.04121314150260272,0.273243456053211,0.09073854800713381,0.1360208621193312,0.3441458624059492,0.11463812991177211
51,117,533.4352416992188,0.5546142172769798,reasoning,0.051404362318006484,0.004661889976238595,0.19725204332408866,0.5546142172769798,0.03675666373715746,0.155310823367529
51,118,2013.1906127929688,0.3946930211709485,symbolic,0.05282706539193184,0.040816435426568216,0.1938582253912224,0.21112671963458773,0.1066785329847413,0.3946930211709485
51,119,1734.1404418945312,0.29652789121220186,reasoning,0.10612348087475372,0.05460046556831289,0.20026019143847473,0.29652789121220186,0.07207977908893014,0.27040819181732667
51,120,1525.669189453125,0.29359299142074086,symbolic,0.056883218029485975,0.09214874492350228,0.22617824593812175,0.20659167395966901,0.12460512572848012,0.29359299142074086
51,121,2249.6417236328125,0.2752528410963877,reasoning,0.0826609488869891,0.04057009945973927,0.2528584060016067,0.2752528410963877,0.14300939846921154,0.20564830608606569
51,122,1529.2095336914062,0.49589793382596203,symbolic,0.030438679667568816,0.03326439181611945,0.09397040515843637,0.32133596071838233,0.025092628813530977,0.49589793382596203
51,123,3339.4098510742188,0.28814913107040896,reasoning,0.167867769955713,0.026075098097082826,0.2182934548276749,0.28814913107040896,0.07895016916580043,0.22066437688331988
51,124,3301.655029296875,0.49643920074708037,symbolic,0.1051608823374345,0.013278622471166842,0.07083466957970223,0.2867654708860724,0.027521153978543697,0.49643920074708037
51,125,1505.8900146484375,0.32103886342779503,symbolic,0.09301464440047466,0.035920637477301655,0.2774664685405639,0.2571280367106668,0.015431349443197937,0.32103886342779503
51,126,747.0584716796875,0.3021314226712417,reasoning,0.05560472118594036,0.02137713620624379,0.29886470422815525,0.3021314226712417,0.13235258794134483,0.18966942776707407
51,127,1075.451171875,0.2994376565249686,factual,0.05803114971732431,0.02038246802304992,0.2994376565249686,0.2061483779518407,0.1889130379510053,0.22708730983181113
