problem_id,category,subtype,difficulty,layer,n_tokens,unique_experts,unique_per_token,entropy,concentration,top1_expert,top6_experts,correct,truncated,n_gen_tokens
comp-easy-01,computational,gsm8k_word_problem,easy,1,250,127,0.508,4.650300346631896,0.023852994553936035,118,"118,80,50,83,85,27",True,False,251
comp-easy-01,computational,gsm8k_word_problem,easy,3,250,127,0.508,4.610940525472066,0.030625763305216814,98,"98,109,115,117,85,64",True,False,251
comp-easy-01,computational,gsm8k_word_problem,easy,6,250,126,0.504,4.369994687396597,0.10563860858410375,106,"106,42,27,23,79,52",True,False,251
comp-easy-01,computational,gsm8k_word_problem,easy,8,250,117,0.468,4.235996557415065,0.07323450815993225,79,"79,25,15,10,108,120",True,False,251
comp-easy-01,computational,gsm8k_word_problem,easy,10,250,105,0.42,3.821293705209502,0.12543261921540258,80,"80,49,99,21,115,36",True,False,251
comp-easy-01,computational,gsm8k_word_problem,easy,13,250,97,0.388,3.889863999832369,0.10045062253565801,125,"125,34,48,95,50,27",True,False,251
comp-easy-01,computational,gsm8k_word_problem,easy,15,250,108,0.432,4.104342505783917,0.07549254885156083,122,"122,70,7,22,68,29",True,False,251
comp-easy-01,computational,gsm8k_word_problem,easy,17,250,96,0.384,3.825261885258431,0.11799602577038297,36,"36,3,45,19,121,31",True,False,251
comp-easy-01,computational,gsm8k_word_problem,easy,20,250,100,0.4,3.8453002695845027,0.11892385135231472,26,"26,19,31,16,1,123",True,False,251
comp-easy-01,computational,gsm8k_word_problem,easy,22,250,117,0.468,4.328535453919048,0.06465369747689077,58,"58,46,7,101,94,112",True,False,251
comp-easy-01,computational,gsm8k_word_problem,easy,24,250,104,0.416,3.982328153895612,0.08959148190494642,72,"72,67,123,78,30,16",True,False,251
comp-easy-01,computational,gsm8k_word_problem,easy,27,250,108,0.432,3.8779990763159504,0.16866721575402865,90,"90,70,103,11,89,122",True,False,251
comp-easy-01,computational,gsm8k_word_problem,easy,29,250,112,0.448,4.121014852616788,0.09790174210702739,18,"18,45,83,123,102,38",True,False,251
comp-easy-01,computational,gsm8k_word_problem,easy,31,250,114,0.456,3.9947073239874786,0.15812828856137282,35,"35,25,20,23,99,58",True,False,251
comp-easy-01,computational,gsm8k_word_problem,easy,34,250,115,0.46,4.024796251751655,0.11291371075353712,35,"35,66,1,98,63,80",True,False,251
comp-easy-01,computational,gsm8k_word_problem,easy,36,250,116,0.464,4.145998278265344,0.08741377976839189,72,"72,127,11,34,105,65",True,False,251
comp-easy-01,computational,gsm8k_word_problem,easy,38,250,114,0.456,4.035005680901381,0.15702775696619461,27,"27,75,49,79,54,29",True,False,251
comp-easy-01,computational,gsm8k_word_problem,easy,40,250,116,0.464,4.20625026118793,0.12240056609275492,12,"12,87,11,8,53,44",True,False,251
comp-easy-01,computational,gsm8k_word_problem,easy,43,250,115,0.46,4.354110062432386,0.03610435328805201,7,"7,72,105,36,6,91",True,False,251
comp-easy-01,computational,gsm8k_word_problem,easy,45,250,115,0.46,4.258722452117405,0.08164369820181325,99,"99,4,43,96,120,40",True,False,251
comp-easy-01,computational,gsm8k_word_problem,easy,47,250,120,0.48,4.305048469579075,0.09164503243377112,75,"75,34,111,3,52,12",True,False,251
comp-easy-01,computational,gsm8k_word_problem,easy,49,250,124,0.496,4.349883240224865,0.08331044924556728,104,"104,29,9,10,33,50",True,False,251
comp-easy-01,computational,gsm8k_word_problem,easy,51,250,124,0.496,4.524424402961622,0.05176339498792844,55,"55,19,36,94,86,12",True,False,251
comp-easy-02,computational,gsm8k_word_problem,easy,1,195,125,0.6410256410256411,4.622931243966622,0.026359523670611874,95,"95,85,26,42,38,2",True,False,196
comp-easy-02,computational,gsm8k_word_problem,easy,3,195,124,0.6358974358974359,4.48361434309588,0.04028651885995422,64,"64,53,78,117,96,98",True,False,196
comp-easy-02,computational,gsm8k_word_problem,easy,6,195,121,0.6205128205128205,4.328270767463984,0.0918813493666252,106,"106,18,47,110,105,89",True,False,196
comp-easy-02,computational,gsm8k_word_problem,easy,8,195,116,0.5948717948717949,4.33262804103183,0.08199593949100407,13,"13,79,86,10,56,55",True,False,196
comp-easy-02,computational,gsm8k_word_problem,easy,10,195,102,0.5230769230769231,4.043781263253378,0.07822786014588377,80,"80,55,99,24,123,124",True,False,196
comp-easy-02,computational,gsm8k_word_problem,easy,13,195,103,0.5282051282051282,3.8982471083235732,0.161859449075311,34,"34,125,62,71,48,43",True,False,196
comp-easy-02,computational,gsm8k_word_problem,easy,15,195,110,0.5641025641025641,4.296824867262901,0.05381916665852871,70,"70,124,122,51,3,67",True,False,196
comp-easy-02,computational,gsm8k_word_problem,easy,17,195,94,0.48205128205128206,4.025099041379149,0.07509709309167942,36,"36,3,64,116,121,19",True,False,196
comp-easy-02,computational,gsm8k_word_problem,easy,20,195,98,0.5025641025641026,3.859302606697686,0.1342665393968774,16,"16,26,30,19,13,119",True,False,196
comp-easy-02,computational,gsm8k_word_problem,easy,22,195,112,0.5743589743589743,4.3291420634603766,0.0598606079484619,58,"58,101,7,56,94,38",True,False,196
comp-easy-02,computational,gsm8k_word_problem,easy,24,195,105,0.5384615384615384,4.090470838274793,0.07688278180253866,72,"72,30,78,16,49,55",True,False,196
comp-easy-02,computational,gsm8k_word_problem,easy,27,195,107,0.5487179487179488,3.9881585741536996,0.15377122641981886,90,"90,103,70,122,32,11",True,False,196
comp-easy-02,computational,gsm8k_word_problem,easy,29,195,107,0.5487179487179488,4.127011655295173,0.06630472016169904,45,"45,18,123,83,7,19",True,False,196
comp-easy-02,computational,gsm8k_word_problem,easy,31,195,118,0.6051282051282051,4.143885121580763,0.13852996827337208,35,"35,23,67,25,61,41",True,False,196
comp-easy-02,computational,gsm8k_word_problem,easy,34,195,106,0.5435897435897435,4.126549676443933,0.07992775497689258,98,"98,1,73,35,66,118",True,False,196
comp-easy-02,computational,gsm8k_word_problem,easy,36,195,113,0.5794871794871795,4.1840071523303015,0.07144257593312121,105,"105,127,35,76,37,6",True,False,196
comp-easy-02,computational,gsm8k_word_problem,easy,38,195,106,0.5435897435897435,4.0925136929311305,0.09519900881211701,87,"87,54,27,91,93,19",True,False,196
comp-easy-02,computational,gsm8k_word_problem,easy,40,195,109,0.558974358974359,4.139799650081817,0.072093514160363,12,"12,51,79,98,22,117",True,False,196
comp-easy-02,computational,gsm8k_word_problem,easy,43,195,110,0.5641025641025641,4.1193272150628735,0.09256770088912349,78,"78,107,99,36,69,23",True,False,196
comp-easy-02,computational,gsm8k_word_problem,easy,45,195,117,0.6,4.4725218405967215,0.03753718148621778,108,"108,46,22,125,65,50",True,False,196
comp-easy-02,computational,gsm8k_word_problem,easy,47,195,116,0.5948717948717949,4.343157300359679,0.08700686295327342,75,"75,5,99,104,46,23",True,False,196
comp-easy-02,computational,gsm8k_word_problem,easy,49,195,115,0.5897435897435898,4.300130808168643,0.07262491774314225,22,"22,8,30,41,52,60",True,False,196
comp-easy-02,computational,gsm8k_word_problem,easy,51,195,123,0.6307692307692307,4.433932750967185,0.05993979127893765,55,"55,123,89,104,17,12",True,False,196
comp-easy-03,computational,gsm8k_word_problem,easy,1,174,124,0.7126436781609196,4.550000731714823,0.0293592388632338,41,"41,38,8,9,84,50",True,False,175
comp-easy-03,computational,gsm8k_word_problem,easy,3,174,119,0.6839080459770115,4.47842435231762,0.044023171685486716,115,"115,64,51,29,112,9",True,False,175
comp-easy-03,computational,gsm8k_word_problem,easy,6,174,119,0.6839080459770115,4.382918950566721,0.06525733746560958,106,"106,27,29,23,110,79",True,False,175
comp-easy-03,computational,gsm8k_word_problem,easy,8,174,114,0.6551724137931034,4.018275923409879,0.1475767834572929,86,"86,88,10,105,123,2",True,False,175
comp-easy-03,computational,gsm8k_word_problem,easy,10,174,104,0.5977011494252874,4.036194691435311,0.08518992456896551,4,"4,21,76,126,107,90",True,False,175
comp-easy-03,computational,gsm8k_word_problem,easy,13,174,85,0.4885057471264368,3.747662170452953,0.12452595948830283,34,"34,113,50,86,38,80",True,False,175
comp-easy-03,computational,gsm8k_word_problem,easy,15,174,100,0.5747126436781609,4.024052142352558,0.07792873629341733,42,"42,108,51,33,122,17",True,False,175
comp-easy-03,computational,gsm8k_word_problem,easy,17,174,80,0.45977011494252873,3.640347720685328,0.1364378222929636,3,"3,45,36,121,19,52",True,False,175
comp-easy-03,computational,gsm8k_word_problem,easy,20,174,93,0.5344827586206896,3.710639037015098,0.10898416091697916,26,"26,16,100,19,119,107",True,False,175
comp-easy-03,computational,gsm8k_word_problem,easy,22,174,116,0.6666666666666666,4.221679873875733,0.0644714558518766,101,"101,94,7,52,112,9",True,False,175
comp-easy-03,computational,gsm8k_word_problem,easy,24,174,94,0.5402298850574713,3.9414927798697796,0.07655430692692133,65,"65,78,96,40,50,76",True,False,175
comp-easy-03,computational,gsm8k_word_problem,easy,27,174,95,0.5459770114942529,3.870569057495274,0.14848882052991674,90,"90,70,11,74,64,10",True,False,175
comp-easy-03,computational,gsm8k_word_problem,easy,29,174,106,0.6091954022988506,4.109948039749523,0.08178960573823706,45,"45,18,38,83,94,17",True,False,175
comp-easy-03,computational,gsm8k_word_problem,easy,31,174,111,0.6379310344827587,3.937978539849274,0.15519665857633105,35,"35,20,23,58,33,53",True,False,175
comp-easy-03,computational,gsm8k_word_problem,easy,34,174,107,0.6149425287356322,4.217070193883093,0.048119401917035114,63,"63,66,27,80,94,98",True,False,175
comp-easy-03,computational,gsm8k_word_problem,easy,36,174,106,0.6091954022988506,4.131562578226009,0.08237963987232827,45,"45,34,79,105,49,12",True,False,175
comp-easy-03,computational,gsm8k_word_problem,easy,38,174,101,0.5804597701149425,3.9192770087602726,0.10244013318235966,51,"51,10,54,14,110,84",True,False,175
comp-easy-03,computational,gsm8k_word_problem,easy,40,174,103,0.5919540229885057,3.9596918244567676,0.16898116837670207,59,"59,44,11,12,25,79",True,False,175
comp-easy-03,computational,gsm8k_word_problem,easy,43,174,110,0.632183908045977,4.11552485983853,0.10344365040300425,103,"103,13,88,7,6,36",True,False,175
comp-easy-03,computational,gsm8k_word_problem,easy,45,174,112,0.6436781609195402,4.255438187022781,0.06163423495575606,43,"43,25,107,114,91,74",True,False,175
comp-easy-03,computational,gsm8k_word_problem,easy,47,174,112,0.6436781609195402,4.152657707301809,0.08088523135542353,63,"63,75,12,90,34,111",True,False,175
comp-easy-03,computational,gsm8k_word_problem,easy,49,174,114,0.6551724137931034,4.345791810348102,0.07858690283764368,62,"62,50,39,29,46,61",True,False,175
comp-easy-03,computational,gsm8k_word_problem,easy,51,174,118,0.6781609195402298,4.338159634154463,0.06982499483661246,55,"55,10,19,27,85,12",True,False,175
comp-easy-04,computational,gsm8k_word_problem,easy,1,628,128,0.20382165605095542,4.695909856745784,0.026144694397758756,124,"124,88,8,33,87,38",True,False,629
comp-easy-04,computational,gsm8k_word_problem,easy,3,628,128,0.20382165605095542,4.596584942973956,0.03279859897753475,115,"115,64,43,83,51,98",True,False,629
comp-easy-04,computational,gsm8k_word_problem,easy,6,628,126,0.20063694267515925,4.41838604047785,0.08935784134935026,106,"106,79,23,113,110,93",True,False,629
comp-easy-04,computational,gsm8k_word_problem,easy,8,628,123,0.19585987261146498,4.164282711300131,0.12674306153705245,25,"25,10,79,47,15,51",True,False,629
comp-easy-04,computational,gsm8k_word_problem,easy,10,628,119,0.18949044585987262,3.815515348892364,0.13340202477510382,115,"115,80,99,100,4,90",True,False,629
comp-easy-04,computational,gsm8k_word_problem,easy,13,628,116,0.18471337579617833,3.802169686043434,0.12503751529768875,50,"50,34,95,68,125,83",True,False,629
comp-easy-04,computational,gsm8k_word_problem,easy,15,628,122,0.1942675159235669,4.153254167592944,0.0914442132887101,22,"22,122,108,70,87,40",True,False,629
comp-easy-04,computational,gsm8k_word_problem,easy,17,628,113,0.17993630573248406,3.886906474732572,0.11538931934202755,3,"3,36,45,52,74,64",True,False,629
comp-easy-04,computational,gsm8k_word_problem,easy,20,628,120,0.1910828025477707,3.937256304379579,0.1430829672586607,26,"26,100,86,30,14,16",True,False,629
comp-easy-04,computational,gsm8k_word_problem,easy,22,628,128,0.20382165605095542,4.343177632555196,0.05861894331844214,58,"58,14,112,101,7,56",True,False,629
comp-easy-04,computational,gsm8k_word_problem,easy,24,628,119,0.18949044585987262,4.26480154880242,0.06376429561225973,72,"72,123,82,6,76,67",True,False,629
comp-easy-04,computational,gsm8k_word_problem,easy,27,628,121,0.1926751592356688,3.8987460210750267,0.17426078031281952,90,"90,70,103,11,74,2",True,False,629
comp-easy-04,computational,gsm8k_word_problem,easy,29,628,124,0.19745222929936307,4.21735285534678,0.10101900002732966,45,"45,18,123,38,83,60",True,False,629
comp-easy-04,computational,gsm8k_word_problem,easy,31,628,123,0.19585987261146498,3.907780296293359,0.16759385778839764,35,"35,25,20,67,41,23",True,False,629
comp-easy-04,computational,gsm8k_word_problem,easy,34,628,118,0.18789808917197454,4.163670620513039,0.061850691690451924,1,"1,98,35,66,80,63",True,False,629
comp-easy-04,computational,gsm8k_word_problem,easy,36,628,120,0.1910828025477707,4.02069971922894,0.1394101574423942,65,"65,72,105,34,127,37",True,False,629
comp-easy-04,computational,gsm8k_word_problem,easy,38,628,121,0.1926751592356688,4.018598983076435,0.1292721002527405,27,"27,54,51,119,99,19",True,False,629
comp-easy-04,computational,gsm8k_word_problem,easy,40,628,119,0.18949044585987262,4.10430159217689,0.11039449564681375,12,"12,126,10,108,44,22",True,False,629
comp-easy-04,computational,gsm8k_word_problem,easy,43,628,121,0.1926751592356688,4.356128878701467,0.04837501012717556,99,"99,104,113,6,14,7",True,False,629
comp-easy-04,computational,gsm8k_word_problem,easy,45,628,125,0.19904458598726116,4.171538647988314,0.13001789531334992,99,"99,43,25,125,96,7",True,False,629
comp-easy-04,computational,gsm8k_word_problem,easy,47,628,125,0.19904458598726116,4.273989445615336,0.09075649187016586,75,"75,111,12,34,23,46",True,False,629
comp-easy-04,computational,gsm8k_word_problem,easy,49,628,124,0.19745222929936307,4.189992614230357,0.10285964601138267,104,"104,109,29,85,30,10",True,False,629
comp-easy-04,computational,gsm8k_word_problem,easy,51,628,126,0.20063694267515925,4.50983778503576,0.05813750971511353,55,"55,123,124,37,85,89",True,False,629
comp-easy-05,computational,gsm8k_word_problem,easy,1,526,128,0.24334600760456274,4.728581234132749,0.017963417603555142,70,"70,83,98,55,104,85",True,False,527
comp-easy-05,computational,gsm8k_word_problem,easy,3,526,128,0.24334600760456274,4.626636454970988,0.03178324005543761,64,"64,109,117,112,115,34",True,False,527
comp-easy-05,computational,gsm8k_word_problem,easy,6,526,127,0.2414448669201521,4.508977773202997,0.07552626043419004,106,"106,18,75,105,116,110",True,False,527
comp-easy-05,computational,gsm8k_word_problem,easy,8,526,124,0.23574144486692014,4.5890282374766,0.03355326403826638,79,"79,119,110,12,108,56",True,False,527
comp-easy-05,computational,gsm8k_word_problem,easy,10,526,123,0.2338403041825095,4.2141755245686445,0.08287533146846447,99,"99,100,21,54,124,41",True,False,527
comp-easy-05,computational,gsm8k_word_problem,easy,13,526,114,0.21673003802281368,4.061462757083124,0.09493121138603453,34,"34,3,95,17,125,68",True,False,527
comp-easy-05,computational,gsm8k_word_problem,easy,15,526,123,0.2338403041825095,4.198209121062523,0.14258710277814524,87,"87,86,51,122,40,34",True,False,527
comp-easy-05,computational,gsm8k_word_problem,easy,17,526,108,0.20532319391634982,4.122050985549234,0.09357162145565943,36,"36,107,6,127,38,3",True,False,527
comp-easy-05,computational,gsm8k_word_problem,easy,20,526,117,0.2224334600760456,4.205652000049063,0.06334656557767923,76,"76,26,1,93,98,7",True,False,527
comp-easy-05,computational,gsm8k_word_problem,easy,22,526,125,0.2376425855513308,4.456341294509029,0.037866996075123734,58,"58,94,78,48,88,14",True,False,527
comp-easy-05,computational,gsm8k_word_problem,easy,24,526,118,0.22433460076045628,4.339213445136583,0.05001598059937598,16,"16,67,76,6,105,42",True,False,527
comp-easy-05,computational,gsm8k_word_problem,easy,27,526,119,0.2262357414448669,4.1555109734251285,0.14278285315068057,90,"90,77,11,125,103,39",True,False,527
comp-easy-05,computational,gsm8k_word_problem,easy,29,526,123,0.2338403041825095,4.473196043038215,0.0578496007757541,18,"18,43,114,19,80,33",True,False,527
comp-easy-05,computational,gsm8k_word_problem,easy,31,526,123,0.2338403041825095,4.28347648651866,0.11588004187344783,35,"35,64,19,25,57,82",True,False,527
comp-easy-05,computational,gsm8k_word_problem,easy,34,526,118,0.22433460076045628,4.209527970894092,0.07688635582710578,98,"98,1,92,35,84,116",True,False,527
comp-easy-05,computational,gsm8k_word_problem,easy,36,526,121,0.2300380228136882,4.366730048989337,0.046186312015438574,11,"11,127,72,37,90,105",True,False,527
comp-easy-05,computational,gsm8k_word_problem,easy,38,526,117,0.2224334600760456,4.2030099879743785,0.08383542370950822,126,"126,87,79,18,54,49",True,False,527
comp-easy-05,computational,gsm8k_word_problem,easy,40,526,118,0.22433460076045628,4.26197176961249,0.10970749439610027,12,"12,104,10,114,29,11",True,False,527
comp-easy-05,computational,gsm8k_word_problem,easy,43,526,122,0.23193916349809887,4.269151776182686,0.07133236697889847,113,"113,72,99,78,24,31",True,False,527
comp-easy-05,computational,gsm8k_word_problem,easy,45,526,126,0.23954372623574144,4.250642638080964,0.1267598233655418,4,"4,84,22,125,116,108",True,False,527
comp-easy-05,computational,gsm8k_word_problem,easy,47,526,122,0.23193916349809887,4.357514513422049,0.07395425293463806,75,"75,70,5,77,34,61",True,False,527
comp-easy-05,computational,gsm8k_word_problem,easy,49,526,121,0.2300380228136882,4.41331893985375,0.04574947342428774,41,"41,104,85,30,46,8",True,False,527
comp-easy-05,computational,gsm8k_word_problem,easy,51,526,126,0.23954372623574144,4.544149740457767,0.04981263115320319,13,"13,123,67,36,17,55",True,False,527
comp-easy-06,computational,gsm8k_word_problem,easy,1,238,126,0.5294117647058824,4.617343293432303,0.02652482671094857,98,"98,1,21,120,109,64",True,False,239
comp-easy-06,computational,gsm8k_word_problem,easy,3,238,127,0.5336134453781513,4.562743376426216,0.028084794364822897,51,"51,115,0,85,118,95",True,False,239
comp-easy-06,computational,gsm8k_word_problem,easy,6,238,118,0.4957983193277311,4.320189443692134,0.09279218747595772,106,"106,29,23,124,72,86",True,False,239
comp-easy-06,computational,gsm8k_word_problem,easy,8,238,108,0.453781512605042,3.8548656320467836,0.18806975245093313,100,"100,2,105,10,113,16",True,False,239
comp-easy-06,computational,gsm8k_word_problem,easy,10,238,97,0.40756302521008403,3.8509763588329604,0.08530121371771832,3,"3,48,76,28,51,99",True,False,239
comp-easy-06,computational,gsm8k_word_problem,easy,13,238,88,0.3697478991596639,3.5284955254385,0.1405669652162638,31,"31,34,39,40,3,51",True,False,239
comp-easy-06,computational,gsm8k_word_problem,easy,15,238,103,0.4327731092436975,3.6021373262708587,0.18189811942581596,39,"39,87,115,67,122,116",True,False,239
comp-easy-06,computational,gsm8k_word_problem,easy,17,238,87,0.36554621848739494,3.7645485429297953,0.09585980256911271,36,"36,3,64,81,7,19",True,False,239
comp-easy-06,computational,gsm8k_word_problem,easy,20,238,102,0.42857142857142855,3.7261398295696257,0.1655762344451844,100,"100,84,11,16,7,26",True,False,239
comp-easy-06,computational,gsm8k_word_problem,easy,22,238,112,0.47058823529411764,4.040334462647358,0.08402473813946952,14,"14,59,101,48,58,34",True,False,239
comp-easy-06,computational,gsm8k_word_problem,easy,24,238,102,0.42857142857142855,4.040854256047022,0.08406902173121392,6,"6,78,76,42,34,55",True,False,239
comp-easy-06,computational,gsm8k_word_problem,easy,27,238,98,0.4117647058823529,3.6260294872613716,0.15944990729823544,90,"90,107,14,11,56,103",True,False,239
comp-easy-06,computational,gsm8k_word_problem,easy,29,238,109,0.4579831932773109,4.146771311294165,0.07188591430113954,18,"18,50,98,45,78,9",True,False,239
comp-easy-06,computational,gsm8k_word_problem,easy,31,238,116,0.48739495798319327,3.978477512094883,0.10869793125237859,109,"109,56,35,83,37,58",True,False,239
comp-easy-06,computational,gsm8k_word_problem,easy,34,238,116,0.48739495798319327,4.1475238343785525,0.10246277797771722,98,"98,63,1,27,48,47",True,False,239
comp-easy-06,computational,gsm8k_word_problem,easy,36,238,114,0.4789915966386555,4.1966239576507745,0.07300520205456125,96,"96,20,46,105,34,127",True,False,239
comp-easy-06,computational,gsm8k_word_problem,easy,38,238,109,0.4579831932773109,3.819515289229397,0.17954579725517028,30,"30,14,64,35,93,84",True,False,239
comp-easy-06,computational,gsm8k_word_problem,easy,40,238,107,0.4495798319327731,3.925024422415997,0.11867345770624746,57,"57,106,12,28,9,11",True,False,239
comp-easy-06,computational,gsm8k_word_problem,easy,43,238,113,0.47478991596638653,3.9445554450791738,0.11257196773317976,113,"113,122,36,91,7,84",True,False,239
comp-easy-06,computational,gsm8k_word_problem,easy,45,238,107,0.4495798319327731,4.112514580729645,0.06860764313595315,14,"14,93,71,73,25,10",True,False,239
comp-easy-06,computational,gsm8k_word_problem,easy,47,238,117,0.49159663865546216,4.039666234983455,0.1376401716629717,39,"39,75,91,34,12,53",True,False,239
comp-easy-06,computational,gsm8k_word_problem,easy,49,238,113,0.47478991596638653,4.262357979520787,0.0564870029341926,46,"46,30,71,61,85,86",True,False,239
comp-easy-06,computational,gsm8k_word_problem,easy,51,238,122,0.5126050420168067,4.418380794146406,0.059993098416903215,0,"0,55,123,17,19,12",True,False,239
comp-easy-19,computational,generated_arithmetic,easy,1,151,124,0.8211920529801324,4.630592599747097,0.02368653705738512,38,"38,117,50,17,51,122",True,False,152
comp-easy-19,computational,generated_arithmetic,easy,3,151,123,0.8145695364238411,4.470264454684363,0.06486845160218001,98,"98,17,115,85,74,59",True,False,152
comp-easy-19,computational,generated_arithmetic,easy,6,151,111,0.7350993377483444,4.393683104824301,0.048695103294554155,106,"106,42,23,81,37,48",True,False,152
comp-easy-19,computational,generated_arithmetic,easy,8,151,111,0.7350993377483444,4.247781967034623,0.08179445291653246,10,"10,114,43,120,60,105",True,False,152
comp-easy-19,computational,generated_arithmetic,easy,10,151,100,0.6622516556291391,4.0197431632190765,0.12381785127836656,90,"90,99,60,36,40,23",True,False,152
comp-easy-19,computational,generated_arithmetic,easy,13,151,96,0.6357615894039735,3.8752888110798844,0.1195610663881429,34,"34,108,62,24,41,65",True,False,152
comp-easy-19,computational,generated_arithmetic,easy,15,151,109,0.7218543046357616,4.172416040086582,0.062436761121715825,29,"29,40,68,87,55,4",True,False,152
comp-easy-19,computational,generated_arithmetic,easy,17,151,84,0.5562913907284768,3.8994742838016125,0.0649963572937069,19,"19,75,3,121,45,87",True,False,152
comp-easy-19,computational,generated_arithmetic,easy,20,151,95,0.6291390728476821,3.8726030056762397,0.08889013923825914,16,"16,31,19,26,120,119",True,False,152
comp-easy-19,computational,generated_arithmetic,easy,22,151,113,0.7483443708609272,4.286148259240929,0.08684196655705707,46,"46,94,59,107,76,38",True,False,152
comp-easy-19,computational,generated_arithmetic,easy,24,151,93,0.6158940397350994,3.9558023071644524,0.0655780007566767,67,"67,76,96,78,90,35",True,False,152
comp-easy-19,computational,generated_arithmetic,easy,27,151,102,0.6754966887417219,4.091184823080209,0.10949405974531602,90,"90,64,99,93,39,11",True,False,152
comp-easy-19,computational,generated_arithmetic,easy,29,151,98,0.6490066225165563,4.125173121411921,0.07089347724649823,83,"83,45,18,102,66,125",True,False,152
comp-easy-19,computational,generated_arithmetic,easy,31,151,117,0.7748344370860927,4.320281582580177,0.09016499464504679,35,"35,61,33,58,99,27",True,False,152
comp-easy-19,computational,generated_arithmetic,easy,34,151,98,0.6490066225165563,3.8794254331003297,0.18164743126204275,35,"35,84,98,95,115,89",True,False,152
comp-easy-19,computational,generated_arithmetic,easy,36,151,109,0.7218543046357616,4.275715231045066,0.09532340020164615,105,"105,63,112,35,34,104",True,False,152
comp-easy-19,computational,generated_arithmetic,easy,38,151,100,0.6622516556291391,4.2199075697056845,0.06396054414773439,87,"87,99,31,19,29,79",True,False,152
comp-easy-19,computational,generated_arithmetic,easy,40,151,110,0.7284768211920529,4.363403036360785,0.03835581000916744,124,"124,9,96,15,92,29",True,False,152
comp-easy-19,computational,generated_arithmetic,easy,43,151,105,0.695364238410596,4.180480409460499,0.059203673948100506,105,"105,36,103,77,72,107",True,False,152
comp-easy-19,computational,generated_arithmetic,easy,45,151,107,0.7086092715231788,4.251903131153718,0.0626861974665665,4,"4,56,50,120,33,25",True,False,152
comp-easy-19,computational,generated_arithmetic,easy,47,151,119,0.7880794701986755,4.427020844965998,0.04262750449483256,77,"77,34,0,89,3,112",True,False,152
comp-easy-19,computational,generated_arithmetic,easy,49,151,117,0.7748344370860927,4.376306960727114,0.06822611959700588,9,"9,21,56,41,8,31",True,False,152
comp-easy-19,computational,generated_arithmetic,easy,51,151,120,0.7947019867549668,4.513861452245159,0.034200239095124874,55,"55,12,19,98,65,73",True,False,152
comp-easy-20,computational,generated_arithmetic,easy,1,133,123,0.924812030075188,4.595579761352537,0.027006031200116305,109,"109,38,33,50,5,36",True,False,134
comp-easy-20,computational,generated_arithmetic,easy,3,133,123,0.924812030075188,4.458571494810255,0.04440977929296063,115,"115,98,64,12,120,17",True,False,134
comp-easy-20,computational,generated_arithmetic,easy,6,133,119,0.8947368421052632,4.429760570749759,0.050556631055838595,106,"106,37,109,15,79,2",True,False,134
comp-easy-20,computational,generated_arithmetic,easy,8,133,113,0.849624060150376,4.237984707519812,0.06821027063978014,10,"10,43,114,13,120,90",True,False,134
comp-easy-20,computational,generated_arithmetic,easy,10,133,97,0.7293233082706767,3.981448843612167,0.126382800625592,90,"90,60,99,40,76,35",True,False,134
comp-easy-20,computational,generated_arithmetic,easy,13,133,86,0.6466165413533834,3.8249503931270206,0.11477429049431445,34,"34,108,62,43,65,24",True,False,134
comp-easy-20,computational,generated_arithmetic,easy,15,133,99,0.7443609022556391,4.187438522442372,0.04330171839675044,84,"84,68,29,40,67,33",True,False,134
comp-easy-20,computational,generated_arithmetic,easy,17,133,82,0.6165413533834586,3.8695612959056773,0.0759605715647247,19,"19,121,75,3,45,21",True,False,134
comp-easy-20,computational,generated_arithmetic,easy,20,133,90,0.6766917293233082,3.809544799723395,0.08644091504338162,16,"16,31,26,19,120,119",True,False,134
comp-easy-20,computational,generated_arithmetic,easy,22,133,108,0.8120300751879699,4.262798900004298,0.07961464774709139,46,"46,94,38,59,76,65",True,False,134
comp-easy-20,computational,generated_arithmetic,easy,24,133,92,0.6917293233082706,3.946539541732559,0.072658212698281,67,"67,78,90,76,96,35",True,False,134
comp-easy-20,computational,generated_arithmetic,easy,27,133,94,0.706766917293233,4.0593577708044934,0.09500152358994504,90,"90,64,11,93,16,39",True,False,134
comp-easy-20,computational,generated_arithmetic,easy,29,133,104,0.7819548872180451,4.121265064196162,0.08248492282343284,83,"83,45,18,33,102,38",True,False,134
comp-easy-20,computational,generated_arithmetic,easy,31,133,113,0.849624060150376,4.247847517830477,0.08568210420891713,35,"35,58,61,99,33,112",True,False,134
comp-easy-20,computational,generated_arithmetic,easy,34,133,94,0.706766917293233,3.8987595963517885,0.16504783527670502,35,"35,84,89,53,98,63",True,False,134
comp-easy-20,computational,generated_arithmetic,easy,36,133,110,0.8270676691729323,4.268671828872412,0.08290437727916365,105,"105,34,26,63,127,104",True,False,134
comp-easy-20,computational,generated_arithmetic,easy,38,133,101,0.7593984962406015,4.22539732296705,0.04148109858020451,75,"75,79,87,29,17,19",True,False,134
comp-easy-20,computational,generated_arithmetic,easy,40,133,108,0.8120300751879699,4.249567750609605,0.04378862627934349,9,"9,22,11,8,15,44",True,False,134
comp-easy-20,computational,generated_arithmetic,easy,43,133,112,0.8421052631578947,4.130422248746431,0.06301958279181444,7,"7,105,36,103,6,107",True,False,134
comp-easy-20,computational,generated_arithmetic,easy,45,133,103,0.7744360902255639,4.208097007366395,0.06968937892305642,4,"4,50,56,36,74,120",True,False,134
comp-easy-20,computational,generated_arithmetic,easy,47,133,113,0.849624060150376,4.29318546437872,0.06325379494868356,34,"34,12,0,81,10,77",True,False,134
comp-easy-20,computational,generated_arithmetic,easy,49,133,110,0.8270676691729323,4.355644077385549,0.07106998915494478,9,"9,21,16,8,50,41",True,False,134
comp-easy-20,computational,generated_arithmetic,easy,51,133,122,0.9172932330827067,4.500586359006186,0.04698010231166804,55,"55,19,12,27,113,85",True,False,134
comp-easy-21,computational,generated_arithmetic,easy,1,122,121,0.9918032786885246,4.545801207121441,0.030557057544428966,109,"109,77,38,52,5,4",True,False,123
comp-easy-21,computational,generated_arithmetic,easy,3,122,118,0.9672131147540983,4.46934995815099,0.04715292983813418,115,"115,12,98,64,17,117",True,False,123
comp-easy-21,computational,generated_arithmetic,easy,6,122,112,0.9180327868852459,4.400270989210927,0.04955528081766053,106,"106,45,15,37,109,29",True,False,123
comp-easy-21,computational,generated_arithmetic,easy,8,122,106,0.8688524590163934,4.216717076758016,0.0739674951892752,114,"114,43,10,123,13,33",True,False,123
comp-easy-21,computational,generated_arithmetic,easy,10,122,97,0.7950819672131147,3.9580118807587263,0.1325312681355186,90,"90,99,60,35,36,40",True,False,123
comp-easy-21,computational,generated_arithmetic,easy,13,122,85,0.6967213114754098,3.8229254771922165,0.11575892928613739,34,"34,108,62,43,65,24",True,False,123
comp-easy-21,computational,generated_arithmetic,easy,15,122,98,0.8032786885245902,4.200171519631061,0.0452228845598141,84,"84,29,68,40,17,67",True,False,123
comp-easy-21,computational,generated_arithmetic,easy,17,122,79,0.6475409836065574,3.8303337571087375,0.09144245139011738,19,"19,121,75,45,3,21",True,False,123
comp-easy-21,computational,generated_arithmetic,easy,20,122,93,0.7622950819672131,3.8667946878285036,0.07515778107123432,16,"16,31,19,120,119,26",True,False,123
comp-easy-21,computational,generated_arithmetic,easy,22,122,108,0.8852459016393442,4.278951378694104,0.06827754804067067,46,"46,94,76,65,38,59",True,False,123
comp-easy-21,computational,generated_arithmetic,easy,24,122,90,0.7377049180327869,3.9253203397527487,0.07652875401534817,67,"67,78,35,96,90,79",True,False,123
comp-easy-21,computational,generated_arithmetic,easy,27,122,97,0.7950819672131147,4.072626032249693,0.08491440880217949,90,"90,64,11,16,93,13",True,False,123
comp-easy-21,computational,generated_arithmetic,easy,29,122,102,0.8360655737704918,4.106045002647295,0.07231058563994072,83,"83,18,45,94,33,102",True,False,123
comp-easy-21,computational,generated_arithmetic,easy,31,122,110,0.9016393442622951,4.279662605197043,0.07687033908582146,35,"35,33,61,58,99,37",True,False,123
comp-easy-21,computational,generated_arithmetic,easy,34,122,94,0.7704918032786885,3.8772418804068853,0.15912426462730778,35,"35,84,27,89,98,66",True,False,123
comp-easy-21,computational,generated_arithmetic,easy,36,122,110,0.9016393442622951,4.251739109390179,0.07980010950272316,105,"105,63,26,34,35,12",True,False,123
comp-easy-21,computational,generated_arithmetic,easy,38,122,104,0.8524590163934426,4.171120128746911,0.05472309261837799,87,"87,79,75,31,93,19",True,False,123
comp-easy-21,computational,generated_arithmetic,easy,40,122,105,0.860655737704918,4.175850555701138,0.04903940321851851,9,"9,15,124,25,11,22",True,False,123
comp-easy-21,computational,generated_arithmetic,easy,43,122,101,0.8278688524590164,4.072676481076814,0.054499049244378414,36,"36,7,105,6,107,84",True,False,123
comp-easy-21,computational,generated_arithmetic,easy,45,122,100,0.819672131147541,4.094883763045125,0.07896977087920158,4,"4,36,50,56,74,107",True,False,123
comp-easy-21,computational,generated_arithmetic,easy,47,122,116,0.9508196721311475,4.3039418065236905,0.061081026995657484,34,"34,0,12,77,111,36",True,False,123
comp-easy-21,computational,generated_arithmetic,easy,49,122,111,0.9098360655737705,4.319118831711042,0.0758095695503392,9,"9,21,50,16,33,8",True,False,123
comp-easy-21,computational,generated_arithmetic,easy,51,122,122,1.0,4.476211724408115,0.04551229649670663,55,"55,19,12,113,53,28",True,False,123
comp-easy-22,computational,generated_arithmetic,easy,1,232,126,0.5431034482758621,4.6478253287888736,0.023294799111244126,36,"36,125,38,58,102,117",True,False,233
comp-easy-22,computational,generated_arithmetic,easy,3,232,128,0.5517241379310345,4.560367027869502,0.03802378038449761,98,"98,115,116,37,17,74",True,False,233
comp-easy-22,computational,generated_arithmetic,easy,6,232,123,0.5301724137931034,4.5028713366735476,0.039423985587011476,106,"106,117,23,109,58,15",True,False,233
comp-easy-22,computational,generated_arithmetic,easy,8,232,108,0.46551724137931033,4.221070609175982,0.08449411206109853,10,"10,114,36,43,29,60",True,False,233
comp-easy-22,computational,generated_arithmetic,easy,10,232,107,0.46120689655172414,4.1178637909654245,0.08761453041425209,90,"90,60,99,46,30,40",True,False,233
comp-easy-22,computational,generated_arithmetic,easy,13,232,96,0.41379310344827586,3.849435976586304,0.10177004840109283,34,"34,62,108,74,19,43",True,False,233
comp-easy-22,computational,generated_arithmetic,easy,15,232,108,0.46551724137931033,4.112289829048448,0.05913159143693299,122,"122,63,15,68,78,21",True,False,233
comp-easy-22,computational,generated_arithmetic,easy,17,232,101,0.4353448275862069,4.0362785348568915,0.10383360020743779,19,"19,32,45,3,75,121",True,False,233
comp-easy-22,computational,generated_arithmetic,easy,20,232,106,0.45689655172413796,3.9803052231296063,0.08777900011091498,16,"16,120,31,26,19,119",True,False,233
comp-easy-22,computational,generated_arithmetic,easy,22,232,115,0.4956896551724138,4.3489906150305515,0.06649123041482462,58,"58,46,65,94,107,38",True,False,233
comp-easy-22,computational,generated_arithmetic,easy,24,232,99,0.4267241379310345,4.004280576874164,0.08429543897104506,3,"3,67,113,121,78,79",True,False,233
comp-easy-22,computational,generated_arithmetic,easy,27,232,101,0.4353448275862069,4.14698754455111,0.08236401661751945,90,"90,103,64,84,122,2",True,False,233
comp-easy-22,computational,generated_arithmetic,easy,29,232,114,0.49137931034482757,4.201782755624904,0.07614153583751354,18,"18,45,83,102,50,44",True,False,233
comp-easy-22,computational,generated_arithmetic,easy,31,232,121,0.521551724137931,4.363741294175637,0.0714891249078168,35,"35,67,27,19,61,25",True,False,233
comp-easy-22,computational,generated_arithmetic,easy,34,232,110,0.47413793103448276,3.976113130646034,0.13615513622995692,35,"35,1,84,4,115,40",True,False,233
comp-easy-22,computational,generated_arithmetic,easy,36,232,116,0.5,4.1955203513383506,0.14437100086670251,105,"105,63,35,82,70,46",True,False,233
comp-easy-22,computational,generated_arithmetic,easy,38,232,107,0.46120689655172414,4.2513244472887886,0.05044191501980694,87,"87,101,20,99,29,19",True,False,233
comp-easy-22,computational,generated_arithmetic,easy,40,232,113,0.4870689655172414,4.243329312661031,0.07234114917447072,9,"9,15,124,96,92,19",True,False,233
comp-easy-22,computational,generated_arithmetic,easy,43,232,113,0.4870689655172414,4.264464126450592,0.04717968145727771,105,"105,84,36,103,15,46",True,False,233
comp-easy-22,computational,generated_arithmetic,easy,45,232,115,0.4956896551724138,4.349128894588462,0.058714025368267544,50,"50,4,56,74,125,3",True,False,233
comp-easy-22,computational,generated_arithmetic,easy,47,232,118,0.5086206896551724,4.431661747985591,0.05761316525985738,0,"0,34,75,77,41,12",True,False,233
comp-easy-22,computational,generated_arithmetic,easy,49,232,122,0.5258620689655172,4.415556508711563,0.06655504950161638,21,"21,9,50,41,31,88",True,False,233
comp-easy-22,computational,generated_arithmetic,easy,51,232,124,0.5344827586206896,4.616222066478232,0.03364036018197676,55,"55,19,12,65,31,35",True,False,233
comp-easy-23,computational,generated_arithmetic,easy,1,149,123,0.825503355704698,4.65477000171852,0.02090097010256812,68,"68,5,67,17,51,109",True,False,150
comp-easy-23,computational,generated_arithmetic,easy,3,149,122,0.8187919463087249,4.490595943987288,0.04686612641539051,98,"98,115,12,17,120,64",True,False,150
comp-easy-23,computational,generated_arithmetic,easy,6,149,119,0.7986577181208053,4.463022749971927,0.05815165991706477,106,"106,127,37,42,23,117",True,False,150
comp-easy-23,computational,generated_arithmetic,easy,8,149,113,0.7583892617449665,4.272781980843294,0.06776706105039075,114,"114,10,43,13,120,28",True,False,150
comp-easy-23,computational,generated_arithmetic,easy,10,149,95,0.6375838926174496,3.96881090978477,0.12854816140205996,90,"90,60,99,40,49,76",True,False,150
comp-easy-23,computational,generated_arithmetic,easy,13,149,94,0.6308724832214765,3.88348769706982,0.11913129308502898,34,"34,108,62,65,79,24",True,False,150
comp-easy-23,computational,generated_arithmetic,easy,15,149,105,0.7046979865771812,4.221283741245597,0.04797955633739122,29,"29,68,40,67,84,45",True,False,150
comp-easy-23,computational,generated_arithmetic,easy,17,149,82,0.5503355704697986,3.887950907389353,0.0729675322270755,19,"19,121,3,75,45,32",True,False,150
comp-easy-23,computational,generated_arithmetic,easy,20,149,90,0.6040268456375839,3.9101184504872046,0.07655501137963071,16,"16,31,19,26,119,120",True,False,150
comp-easy-23,computational,generated_arithmetic,easy,22,149,112,0.7516778523489933,4.336872858356031,0.07361516870962087,46,"46,94,38,76,42,59",True,False,150
comp-easy-23,computational,generated_arithmetic,easy,24,149,90,0.6040268456375839,3.9565296884615537,0.06106024195881975,67,"67,79,76,90,78,96",True,False,150
comp-easy-23,computational,generated_arithmetic,easy,27,149,97,0.6510067114093959,4.126799152540695,0.10374247469390016,90,"90,11,64,93,39,99",True,False,150
comp-easy-23,computational,generated_arithmetic,easy,29,149,106,0.7114093959731543,4.1450705811866735,0.07297395697301712,83,"83,45,18,38,19,102",True,False,150
comp-easy-23,computational,generated_arithmetic,easy,31,149,114,0.7651006711409396,4.284905794788406,0.09428262634908796,35,"35,58,61,99,33,19",True,False,150
comp-easy-23,computational,generated_arithmetic,easy,34,149,92,0.6174496644295302,3.850730183140082,0.1733847017720014,35,"35,84,98,89,63,55",True,False,150
comp-easy-23,computational,generated_arithmetic,easy,36,149,111,0.7449664429530202,4.268240990455112,0.0894621007505068,105,"105,34,63,104,127,26",True,False,150
comp-easy-23,computational,generated_arithmetic,easy,38,149,96,0.6442953020134228,4.243471582425862,0.043319539277666866,87,"87,31,79,19,54,99",True,False,150
comp-easy-23,computational,generated_arithmetic,easy,40,149,108,0.7248322147651006,4.2835087527244,0.045792380957374576,22,"22,9,44,15,12,8",True,False,150
comp-easy-23,computational,generated_arithmetic,easy,43,149,106,0.7114093959731543,4.152909202106384,0.06421423665182809,105,"105,7,103,36,72,6",True,False,150
comp-easy-23,computational,generated_arithmetic,easy,45,149,105,0.7046979865771812,4.244579358902903,0.06827832777870628,4,"4,56,50,40,104,74",True,False,150
comp-easy-23,computational,generated_arithmetic,easy,47,149,119,0.7986577181208053,4.367298192751464,0.050057282852764715,34,"34,12,77,38,41,0",True,False,150
comp-easy-23,computational,generated_arithmetic,easy,49,149,118,0.7919463087248322,4.377926546448098,0.07194508183129598,9,"9,21,41,50,8,111",True,False,150
comp-easy-23,computational,generated_arithmetic,easy,51,149,123,0.825503355704698,4.5714329206886966,0.03433442077132179,55,"55,19,12,28,27,65",True,False,150
comp-easy-24,computational,generated_arithmetic,easy,1,139,119,0.8561151079136691,4.5765624908308675,0.024881240640554067,36,"36,99,109,17,41,123",True,False,140
comp-easy-24,computational,generated_arithmetic,easy,3,139,123,0.8848920863309353,4.48847213725543,0.04498827939889633,98,"98,115,17,12,117,53",True,False,140
comp-easy-24,computational,generated_arithmetic,easy,6,139,114,0.8201438848920863,4.414014450645421,0.05573871039244939,106,"106,23,37,127,29,45",True,False,140
comp-easy-24,computational,generated_arithmetic,easy,8,139,109,0.7841726618705036,4.263443440784283,0.0671470815742827,10,"10,114,43,120,90,13",True,False,140
comp-easy-24,computational,generated_arithmetic,easy,10,139,100,0.7194244604316546,3.970922786369946,0.1319296026978607,90,"90,60,99,40,66,76",True,False,140
comp-easy-24,computational,generated_arithmetic,easy,13,139,88,0.6330935251798561,3.8695740061996773,0.11287915725813817,34,"34,108,62,43,65,86",True,False,140
comp-easy-24,computational,generated_arithmetic,easy,15,139,107,0.7697841726618705,4.2419619590265185,0.040467973070998635,68,"68,29,67,55,40,84",True,False,140
comp-easy-24,computational,generated_arithmetic,easy,17,139,79,0.5683453237410072,3.8364538316486105,0.0780872978431095,19,"19,121,3,75,45,17",True,False,140
comp-easy-24,computational,generated_arithmetic,easy,20,139,91,0.6546762589928058,3.824504222027978,0.08293872825222501,16,"16,31,26,19,120,119",True,False,140
comp-easy-24,computational,generated_arithmetic,easy,22,139,111,0.7985611510791367,4.262031882904908,0.0809749366636831,46,"46,94,38,76,101,59",True,False,140
comp-easy-24,computational,generated_arithmetic,easy,24,139,94,0.6762589928057554,3.9250662386218473,0.07576681556380212,67,"67,78,76,79,90,35",True,False,140
comp-easy-24,computational,generated_arithmetic,easy,27,139,97,0.697841726618705,4.09053261997556,0.10527258714167984,90,"90,64,11,93,39,16",True,False,140
comp-easy-24,computational,generated_arithmetic,easy,29,139,103,0.7410071942446043,4.1130887512537395,0.07288658900216487,83,"83,45,18,102,94,33",True,False,140
comp-easy-24,computational,generated_arithmetic,easy,31,139,113,0.8129496402877698,4.21999830909768,0.09561427174316257,35,"35,58,61,99,33,112",True,False,140
comp-easy-24,computational,generated_arithmetic,easy,34,139,93,0.6690647482014388,3.810619490142412,0.17301000381492485,35,"35,84,89,98,27,63",True,False,140
comp-easy-24,computational,generated_arithmetic,easy,36,139,110,0.7913669064748201,4.2604366227225405,0.08861482515556598,105,"105,34,63,26,127,35",True,False,140
comp-easy-24,computational,generated_arithmetic,easy,38,139,105,0.7553956834532374,4.213695025056778,0.04208735875740946,87,"87,31,29,79,75,99",True,False,140
comp-easy-24,computational,generated_arithmetic,easy,40,139,107,0.7697841726618705,4.214073927016329,0.051264631317667814,22,"22,9,96,15,92,25",True,False,140
comp-easy-24,computational,generated_arithmetic,easy,43,139,105,0.7553956834532374,4.090153358519569,0.06344056407849662,105,"105,36,7,6,103,107",True,False,140
comp-easy-24,computational,generated_arithmetic,easy,45,139,102,0.7338129496402878,4.21102367917565,0.07092581254011195,4,"4,56,50,25,36,74",True,False,140
comp-easy-24,computational,generated_arithmetic,easy,47,139,114,0.8201438848920863,4.289684744652877,0.054202701072114126,34,"34,12,77,0,75,38",True,False,140
comp-easy-24,computational,generated_arithmetic,easy,49,139,117,0.841726618705036,4.372135547554732,0.0664289912071321,9,"9,21,16,8,61,50",True,False,140
comp-easy-24,computational,generated_arithmetic,easy,51,139,123,0.8848920863309353,4.529708321730966,0.039213723222354245,55,"55,19,94,12,28,27",True,False,140
comp-hard-13,computational,gsm8k_word_problem,hard,1,299,128,0.4280936454849498,4.672549217536426,0.02276787237972278,51,"51,8,9,117,33,99",True,False,300
comp-hard-13,computational,gsm8k_word_problem,hard,3,299,124,0.41471571906354515,4.4965426944174345,0.048439059568664136,98,"98,64,115,117,85,17",True,False,300
comp-hard-13,computational,gsm8k_word_problem,hard,6,299,125,0.4180602006688963,4.452168390807472,0.05496333796031681,106,"106,23,93,37,42,18",True,False,300
comp-hard-13,computational,gsm8k_word_problem,hard,8,299,120,0.4013377926421405,4.389184181781775,0.07292869684728703,114,"114,13,10,28,4,47",True,False,300
comp-hard-13,computational,gsm8k_word_problem,hard,10,299,108,0.3612040133779264,3.979971142516251,0.13862200397483151,90,"90,23,55,80,4,7",True,False,300
comp-hard-13,computational,gsm8k_word_problem,hard,13,299,108,0.3612040133779264,4.011489297030523,0.08828636041184101,34,"34,108,68,27,2,95",True,False,300
comp-hard-13,computational,gsm8k_word_problem,hard,15,299,113,0.3779264214046823,4.25517604035484,0.06100575142961051,51,"51,87,3,68,4,82",True,False,300
comp-hard-13,computational,gsm8k_word_problem,hard,17,299,103,0.34448160535117056,4.1189830719572145,0.0704481237839764,3,"3,36,121,64,19,74",True,False,300
comp-hard-13,computational,gsm8k_word_problem,hard,20,299,113,0.3779264214046823,3.9567490151365323,0.11361992909900076,31,"31,86,76,26,30,28",True,False,300
comp-hard-13,computational,gsm8k_word_problem,hard,22,299,119,0.3979933110367893,4.258921045667869,0.09698053252904346,46,"46,101,94,56,32,58",True,False,300
comp-hard-13,computational,gsm8k_word_problem,hard,24,299,112,0.3745819397993311,4.0575463126119065,0.12107390665119198,67,"67,41,35,6,78,55",True,False,300
comp-hard-13,computational,gsm8k_word_problem,hard,27,299,112,0.3745819397993311,4.137465370191439,0.11797912351693245,90,"90,122,32,64,74,116",True,False,300
comp-hard-13,computational,gsm8k_word_problem,hard,29,299,111,0.3712374581939799,4.229087996278708,0.08782559352598977,45,"45,18,33,83,52,38",True,False,300
comp-hard-13,computational,gsm8k_word_problem,hard,31,299,116,0.3879598662207358,4.191061099956446,0.11992348815121297,35,"35,121,61,23,80,58",True,False,300
comp-hard-13,computational,gsm8k_word_problem,hard,34,299,106,0.35451505016722407,3.6635388448473014,0.20302099331744378,35,"35,84,40,109,118,1",True,False,300
comp-hard-13,computational,gsm8k_word_problem,hard,36,299,119,0.3979933110367893,4.3053647188974935,0.09187156356132667,11,"11,46,127,105,34,90",True,False,300
comp-hard-13,computational,gsm8k_word_problem,hard,38,299,113,0.3779264214046823,4.0904111670063905,0.09010568651488932,79,"79,87,29,54,106,17",True,False,300
comp-hard-13,computational,gsm8k_word_problem,hard,40,299,117,0.391304347826087,4.354682074195785,0.04164606972861687,51,"51,12,10,11,96,79",True,False,300
comp-hard-13,computational,gsm8k_word_problem,hard,43,299,113,0.3779264214046823,4.199611168269916,0.05085688493128852,77,"77,105,7,107,43,72",True,False,300
comp-hard-13,computational,gsm8k_word_problem,hard,45,299,117,0.391304347826087,4.101727339831369,0.14031786085630482,4,"4,56,51,25,74,27",True,False,300
comp-hard-13,computational,gsm8k_word_problem,hard,47,299,120,0.4013377926421405,4.2822043555698395,0.05381239882270578,70,"70,34,75,12,77,5",True,False,300
comp-hard-13,computational,gsm8k_word_problem,hard,49,299,121,0.40468227424749165,4.186343259754448,0.12581474908757412,9,"9,8,85,30,35,16",True,False,300
comp-hard-13,computational,gsm8k_word_problem,hard,51,299,126,0.4214046822742475,4.470494355052627,0.055041634618054024,55,"55,12,123,19,10,67",True,False,300
comp-hard-14,computational,gsm8k_word_problem,hard,1,1387,128,0.09228550829127613,4.698144505671675,0.02180006029051891,53,"53,98,124,33,13,8",True,False,1388
comp-hard-14,computational,gsm8k_word_problem,hard,3,1387,128,0.09228550829127613,4.621183172456798,0.027794472296283613,51,"51,115,68,112,85,64",True,False,1388
comp-hard-14,computational,gsm8k_word_problem,hard,6,1387,128,0.09228550829127613,4.4777458671687365,0.07040559504665561,106,"106,124,110,23,66,62",True,False,1388
comp-hard-14,computational,gsm8k_word_problem,hard,8,1387,123,0.08868060562364816,4.135289993019124,0.14322162142828426,88,"88,10,43,68,86,60",True,False,1388
comp-hard-14,computational,gsm8k_word_problem,hard,10,1387,122,0.08795962509012256,4.01354704832518,0.13545899596004501,80,"80,84,120,109,4,119",True,False,1388
comp-hard-14,computational,gsm8k_word_problem,hard,13,1387,118,0.08507570295602018,3.8113057144916005,0.11890056677085653,80,"80,3,47,34,95,39",True,False,1388
comp-hard-14,computational,gsm8k_word_problem,hard,15,1387,126,0.09084354722422494,4.248575062229697,0.06540104114447035,67,"67,42,58,122,108,40",True,False,1388
comp-hard-14,computational,gsm8k_word_problem,hard,17,1387,121,0.08723864455659697,4.0704093701871535,0.10599792843475017,36,"36,3,79,64,48,107",True,False,1388
comp-hard-14,computational,gsm8k_word_problem,hard,20,1387,122,0.08795962509012256,4.038252781304131,0.10527592033674066,100,"100,76,26,126,7,94",True,False,1388
comp-hard-14,computational,gsm8k_word_problem,hard,22,1387,128,0.09228550829127613,4.3962563610822905,0.05536660017129287,14,"14,58,101,108,94,32",True,False,1388
comp-hard-14,computational,gsm8k_word_problem,hard,24,1387,123,0.08868060562364816,4.196442302250778,0.0817598955841991,43,"43,6,105,42,76,16",True,False,1388
comp-hard-14,computational,gsm8k_word_problem,hard,27,1387,125,0.09012256669069935,3.974774709878303,0.15223403323908372,90,"90,107,61,103,70,11",True,False,1388
comp-hard-14,computational,gsm8k_word_problem,hard,29,1387,126,0.09084354722422494,4.388862475662337,0.06535461227290325,45,"45,18,43,38,94,123",True,False,1388
comp-hard-14,computational,gsm8k_word_problem,hard,31,1387,126,0.09084354722422494,4.1373613389150625,0.11985575150681003,35,"35,5,23,83,62,91",True,False,1388
comp-hard-14,computational,gsm8k_word_problem,hard,34,1387,124,0.08940158615717375,4.244616735235412,0.06924618557672553,98,"98,1,51,120,27,47",True,False,1388
comp-hard-14,computational,gsm8k_word_problem,hard,36,1387,126,0.09084354722422494,4.138116338646168,0.142508615713109,94,"94,127,37,20,34,90",True,False,1388
comp-hard-14,computational,gsm8k_word_problem,hard,38,1387,126,0.09084354722422494,3.9158854676131014,0.1654740674984609,14,"14,67,51,50,54,126",True,False,1388
comp-hard-14,computational,gsm8k_word_problem,hard,40,1387,121,0.08723864455659697,4.107335090310232,0.09346407207552271,108,"108,17,111,44,29,19",True,False,1388
comp-hard-14,computational,gsm8k_word_problem,hard,43,1387,124,0.08940158615717375,4.171380502252474,0.11854527353305952,103,"103,111,7,36,88,104",True,False,1388
comp-hard-14,computational,gsm8k_word_problem,hard,45,1387,127,0.09156452775775054,4.293871689305591,0.08632493130846222,72,"72,43,25,125,126,68",True,False,1388
comp-hard-14,computational,gsm8k_word_problem,hard,47,1387,125,0.09012256669069935,4.110220960781611,0.12807847835153188,90,"90,75,12,34,23,63",True,False,1388
comp-hard-14,computational,gsm8k_word_problem,hard,49,1387,127,0.09156452775775054,4.378620295829071,0.07346417754971786,85,"85,97,29,30,83,20",True,False,1388
comp-hard-14,computational,gsm8k_word_problem,hard,51,1387,128,0.09228550829127613,4.487345576649735,0.04775542022912429,55,"55,49,23,85,10,67",True,False,1388
comp-hard-15,computational,gsm8k_word_problem,hard,1,226,124,0.5486725663716814,4.614824067616242,0.02783081309643128,38,"38,51,84,8,109,33",True,False,227
comp-hard-15,computational,gsm8k_word_problem,hard,3,226,126,0.5575221238938053,4.545743765166954,0.052577122468005395,98,"98,115,17,59,74,83",True,False,227
comp-hard-15,computational,gsm8k_word_problem,hard,6,226,123,0.5442477876106194,4.452262569390852,0.042916743186163835,104,"104,48,23,109,106,37",True,False,227
comp-hard-15,computational,gsm8k_word_problem,hard,8,226,112,0.49557522123893805,4.25036627543328,0.09322078940056701,10,"10,105,120,34,65,86",True,False,227
comp-hard-15,computational,gsm8k_word_problem,hard,10,226,101,0.4469026548672566,3.7455083307827355,0.1700007561926779,80,"80,109,74,23,90,66",True,False,227
comp-hard-15,computational,gsm8k_word_problem,hard,13,226,98,0.4336283185840708,3.970409176036614,0.07837452033005483,108,"108,95,80,34,63,24",True,False,227
comp-hard-15,computational,gsm8k_word_problem,hard,15,226,112,0.49557522123893805,4.235696804025453,0.06350403900362386,68,"68,48,87,114,29,40",True,False,227
comp-hard-15,computational,gsm8k_word_problem,hard,17,226,93,0.41150442477876104,3.912259752067285,0.07754611374962568,3,"3,19,36,121,38,45",True,False,227
comp-hard-15,computational,gsm8k_word_problem,hard,20,226,108,0.4778761061946903,3.8792541309677975,0.12763738081189532,31,"31,26,19,100,120,119",True,False,227
comp-hard-15,computational,gsm8k_word_problem,hard,22,226,114,0.504424778761062,4.192015223323921,0.10441848891151215,46,"46,101,94,88,60,59",True,False,227
comp-hard-15,computational,gsm8k_word_problem,hard,24,226,97,0.42920353982300885,3.9972188288021635,0.06693607052492918,117,"117,67,78,6,55,35",True,False,227
comp-hard-15,computational,gsm8k_word_problem,hard,27,226,105,0.4646017699115044,4.024052234864873,0.11794722328869557,90,"90,64,122,34,93,70",True,False,227
comp-hard-15,computational,gsm8k_word_problem,hard,29,226,109,0.4823008849557522,3.9450492080699875,0.11943038212275536,45,"45,88,83,18,94,33",True,False,227
comp-hard-15,computational,gsm8k_word_problem,hard,31,226,112,0.49557522123893805,4.166409428777897,0.08328135522326534,35,"35,121,23,58,65,20",True,False,227
comp-hard-15,computational,gsm8k_word_problem,hard,34,226,106,0.4690265486725664,3.8419659842870244,0.18344915818957921,35,"35,27,80,84,118,78",True,False,227
comp-hard-15,computational,gsm8k_word_problem,hard,36,226,118,0.5221238938053098,4.20080446204576,0.07561598079720341,127,"127,60,34,105,63,22",True,False,227
comp-hard-15,computational,gsm8k_word_problem,hard,38,226,114,0.504424778761062,4.151739050063684,0.08101867055679811,29,"29,51,54,19,75,84",True,False,227
comp-hard-15,computational,gsm8k_word_problem,hard,40,226,118,0.5221238938053098,4.002646477286679,0.15032439536545333,57,"57,44,59,48,25,8",True,False,227
comp-hard-15,computational,gsm8k_word_problem,hard,43,226,111,0.4911504424778761,4.151955735873413,0.07225909153073203,105,"105,7,77,36,14,46",True,False,227
comp-hard-15,computational,gsm8k_word_problem,hard,45,226,112,0.49557522123893805,4.071994461194979,0.1338825883648763,106,"106,43,25,66,120,74",True,False,227
comp-hard-15,computational,gsm8k_word_problem,hard,47,226,121,0.5353982300884956,4.3082703195856205,0.05880306794857945,12,"12,75,34,64,3,8",True,False,227
comp-hard-15,computational,gsm8k_word_problem,hard,49,226,113,0.5,4.215488361022987,0.08350958831036014,9,"9,120,8,108,57,61",True,False,227
comp-hard-15,computational,gsm8k_word_problem,hard,51,226,124,0.5486725663716814,4.491705152294108,0.045078026433610204,55,"55,19,101,85,94,12",True,False,227
comp-hard-16,computational,gsm8k_word_problem,hard,1,285,124,0.43508771929824563,4.632313997712178,0.022085769746727223,13,"13,41,112,64,109,38",True,False,286
comp-hard-16,computational,gsm8k_word_problem,hard,3,285,123,0.43157894736842106,4.516714218298942,0.04132441953121158,115,"115,34,64,95,52,91",True,False,286
comp-hard-16,computational,gsm8k_word_problem,hard,6,285,125,0.43859649122807015,4.490972208093265,0.04985165665346936,106,"106,23,110,45,18,125",True,False,286
comp-hard-16,computational,gsm8k_word_problem,hard,8,285,118,0.41403508771929826,4.451926706897605,0.04196380477495172,93,"93,22,5,67,123,81",True,False,286
comp-hard-16,computational,gsm8k_word_problem,hard,10,285,109,0.3824561403508772,4.12744166329758,0.10087024218548422,55,"55,66,40,0,99,4",True,False,286
comp-hard-16,computational,gsm8k_word_problem,hard,13,285,107,0.37543859649122807,4.143788125438037,0.10114165217814407,34,"34,65,105,43,62,94",True,False,286
comp-hard-16,computational,gsm8k_word_problem,hard,15,285,113,0.39649122807017545,4.332991262123503,0.04207478862122496,67,"67,40,87,84,113,122",True,False,286
comp-hard-16,computational,gsm8k_word_problem,hard,17,285,96,0.3368421052631579,3.9764621543246186,0.06378325221053209,36,"36,121,45,64,19,6",True,False,286
comp-hard-16,computational,gsm8k_word_problem,hard,20,285,110,0.38596491228070173,4.097695192165062,0.07317271242328371,16,"16,26,120,19,119,76",True,False,286
comp-hard-16,computational,gsm8k_word_problem,hard,22,285,122,0.4280701754385965,4.407501365828905,0.048207154352618235,94,"94,101,29,9,7,58",True,False,286
comp-hard-16,computational,gsm8k_word_problem,hard,24,285,111,0.3894736842105263,4.271316174266506,0.05243655392847549,76,"76,78,55,35,96,16",True,False,286
comp-hard-16,computational,gsm8k_word_problem,hard,27,285,114,0.4,4.140792862818835,0.12149615011254467,90,"90,11,16,93,122,39",True,False,286
comp-hard-16,computational,gsm8k_word_problem,hard,29,285,119,0.41754385964912283,4.288555223621137,0.05391336676495128,83,"83,45,94,18,33,50",True,False,286
comp-hard-16,computational,gsm8k_word_problem,hard,31,285,114,0.4,4.335854819702859,0.06987113833911104,35,"35,61,23,33,64,99",True,False,286
comp-hard-16,computational,gsm8k_word_problem,hard,34,285,109,0.3824561403508772,4.122860095939621,0.061078919102932824,80,"80,98,92,27,55,78",True,False,286
comp-hard-16,computational,gsm8k_word_problem,hard,36,285,117,0.4105263157894737,4.178196736955044,0.09406565678197681,127,"127,110,46,34,105,118",True,False,286
comp-hard-16,computational,gsm8k_word_problem,hard,38,285,114,0.4,4.32194918239562,0.04020589342870056,84,"84,54,75,64,87,125",True,False,286
comp-hard-16,computational,gsm8k_word_problem,hard,40,285,115,0.40350877192982454,4.350971380880919,0.045630133308616413,104,"104,8,25,11,51,44",True,False,286
comp-hard-16,computational,gsm8k_word_problem,hard,43,285,118,0.41403508771929826,4.245158680121,0.09294519420234434,0,"0,7,125,6,88,84",True,False,286
comp-hard-16,computational,gsm8k_word_problem,hard,45,285,118,0.41403508771929826,4.345923978137933,0.04668402792650019,36,"36,25,120,51,43,74",True,False,286
comp-hard-16,computational,gsm8k_word_problem,hard,47,285,121,0.4245614035087719,4.335621382222314,0.05612720503466532,75,"75,12,34,64,10,72",True,False,286
comp-hard-16,computational,gsm8k_word_problem,hard,49,285,120,0.42105263157894735,4.464750309681152,0.03448918634330606,8,"8,108,35,63,61,49",True,False,286
comp-hard-16,computational,gsm8k_word_problem,hard,51,285,126,0.4421052631578947,4.493928481635613,0.03303583650872488,55,"55,12,85,27,24,19",True,False,286
comp-hard-17,computational,gsm8k_word_problem,hard,1,263,123,0.467680608365019,4.64215686326533,0.02116830602310323,14,"14,36,33,109,125,13",True,False,264
comp-hard-17,computational,gsm8k_word_problem,hard,3,263,127,0.4828897338403042,4.522270982582029,0.052835981283945684,98,"98,115,117,120,17,82",True,False,264
comp-hard-17,computational,gsm8k_word_problem,hard,6,263,123,0.467680608365019,4.4903233650127925,0.044307132250802315,106,"106,23,37,42,35,15",True,False,264
comp-hard-17,computational,gsm8k_word_problem,hard,8,263,118,0.44866920152091255,4.270628795352406,0.07388617478033915,114,"114,79,10,43,58,120",True,False,264
comp-hard-17,computational,gsm8k_word_problem,hard,10,263,112,0.42585551330798477,3.9849903443964965,0.15114188906938966,90,"90,80,99,35,66,49",True,False,264
comp-hard-17,computational,gsm8k_word_problem,hard,13,263,104,0.39543726235741444,3.9821075614965,0.11540426656923335,34,"34,108,65,27,50,62",True,False,264
comp-hard-17,computational,gsm8k_word_problem,hard,15,263,117,0.4448669201520912,4.150881596794252,0.1188767773145377,87,"87,68,40,122,67,6",True,False,264
comp-hard-17,computational,gsm8k_word_problem,hard,17,263,96,0.3650190114068441,3.966150314132083,0.08533180599597495,3,"3,36,75,121,74,102",True,False,264
comp-hard-17,computational,gsm8k_word_problem,hard,20,263,108,0.41064638783269963,3.896622748772004,0.10620235317881879,31,"31,26,19,16,119,36",True,False,264
comp-hard-17,computational,gsm8k_word_problem,hard,22,263,120,0.45627376425855515,4.20740655688685,0.1315122395352505,46,"46,94,59,101,38,14",True,False,264
comp-hard-17,computational,gsm8k_word_problem,hard,24,263,108,0.41064638783269963,4.014148168753919,0.12612094942535373,67,"67,96,76,6,35,79",True,False,264
comp-hard-17,computational,gsm8k_word_problem,hard,27,263,109,0.4144486692015209,4.006343688527869,0.14462589580780513,90,"90,11,93,89,34,122",True,False,264
comp-hard-17,computational,gsm8k_word_problem,hard,29,263,112,0.42585551330798477,4.124346191581739,0.08647631847381321,45,"45,83,94,18,33,103",True,False,264
comp-hard-17,computational,gsm8k_word_problem,hard,31,263,117,0.4448669201520912,4.171247811194382,0.11843665758185612,35,"35,58,25,33,61,99",True,False,264
comp-hard-17,computational,gsm8k_word_problem,hard,34,263,111,0.4220532319391635,3.814226319222049,0.20857215489677788,35,"35,84,27,98,78,95",True,False,264
comp-hard-17,computational,gsm8k_word_problem,hard,36,263,117,0.4448669201520912,4.328832824940736,0.05685376937078507,127,"127,72,34,105,26,104",True,False,264
comp-hard-17,computational,gsm8k_word_problem,hard,38,263,115,0.4372623574144487,4.167985927493832,0.08649716333045315,79,"79,54,27,29,75,19",True,False,264
comp-hard-17,computational,gsm8k_word_problem,hard,40,263,114,0.43346007604562736,4.317512166554816,0.049152926590313,10,"10,8,25,96,44,12",True,False,264
comp-hard-17,computational,gsm8k_word_problem,hard,43,263,116,0.44106463878326996,4.176964002226254,0.07290348093921678,77,"77,105,7,72,6,103",True,False,264
comp-hard-17,computational,gsm8k_word_problem,hard,45,263,117,0.4448669201520912,4.269209580931528,0.06954232183509416,4,"4,56,36,120,52,104",True,False,264
comp-hard-17,computational,gsm8k_word_problem,hard,47,263,115,0.4372623574144487,4.294656039236089,0.055899622481492606,34,"34,12,3,75,70,111",True,False,264
comp-hard-17,computational,gsm8k_word_problem,hard,49,263,119,0.4524714828897338,4.2819944979064095,0.08877473063530801,9,"9,104,8,56,41,29",True,False,264
comp-hard-17,computational,gsm8k_word_problem,hard,51,263,128,0.4866920152091255,4.569808825422983,0.0351746600158516,19,"19,55,12,94,10,123",True,False,264
comp-hard-18,computational,gsm8k_word_problem,hard,1,643,128,0.19906687402799378,4.656469677508949,0.026141411453663135,8,"8,98,48,124,13,50",True,False,644
comp-hard-18,computational,gsm8k_word_problem,hard,3,643,126,0.19595645412130638,4.5386556781113745,0.036477396445192815,83,"83,73,91,51,9,64",True,False,644
comp-hard-18,computational,gsm8k_word_problem,hard,6,643,127,0.19751166407465007,4.433252185113932,0.08519532910849208,106,"106,124,18,110,23,104",True,False,644
comp-hard-18,computational,gsm8k_word_problem,hard,8,643,117,0.18195956454121306,4.129264633256052,0.12302065650848827,86,"86,88,47,10,120,43",True,False,644
comp-hard-18,computational,gsm8k_word_problem,hard,10,643,119,0.18506998444790046,4.146508452410862,0.06197883570240463,55,"55,21,80,4,107,98",True,False,644
comp-hard-18,computational,gsm8k_word_problem,hard,13,643,115,0.17884914463452567,3.9180517770390626,0.12714233349632154,34,"34,113,80,53,62,102",True,False,644
comp-hard-18,computational,gsm8k_word_problem,hard,15,643,120,0.18662519440124417,4.164442635421292,0.07036148501492341,87,"87,68,42,122,108,51",True,False,644
comp-hard-18,computational,gsm8k_word_problem,hard,17,643,109,0.16951788491446346,3.918921809290326,0.10238398104947047,3,"3,36,45,64,81,52",True,False,644
comp-hard-18,computational,gsm8k_word_problem,hard,20,643,118,0.18351477449455678,3.878999340414162,0.10963661039272285,100,"100,26,16,30,124,86",True,False,644
comp-hard-18,computational,gsm8k_word_problem,hard,22,643,121,0.18818040435458788,4.228038425979991,0.06621322769332935,58,"58,101,14,7,56,48",True,False,644
comp-hard-18,computational,gsm8k_word_problem,hard,24,643,119,0.18506998444790046,4.210071410903923,0.05772747731174744,17,"17,16,123,40,68,76",True,False,644
comp-hard-18,computational,gsm8k_word_problem,hard,27,643,118,0.18351477449455678,3.9435213692791806,0.17482351904840013,90,"90,103,32,70,61,11",True,False,644
comp-hard-18,computational,gsm8k_word_problem,hard,29,643,123,0.19129082426127528,4.217966332697951,0.08747674395646621,45,"45,18,65,44,38,123",True,False,644
comp-hard-18,computational,gsm8k_word_problem,hard,31,643,121,0.18818040435458788,3.979524456267442,0.1423472954127019,35,"35,20,79,83,23,67",True,False,644
comp-hard-18,computational,gsm8k_word_problem,hard,34,643,117,0.18195956454121306,4.156432505807507,0.06718041401515727,98,"98,80,1,94,23,63",True,False,644
comp-hard-18,computational,gsm8k_word_problem,hard,36,643,121,0.18818040435458788,4.167115022168838,0.08321265428250274,127,"127,79,45,37,34,105",True,False,644
comp-hard-18,computational,gsm8k_word_problem,hard,38,643,122,0.18973561430793157,3.934779116818385,0.11808424214525125,51,"51,14,54,67,87,19",True,False,644
comp-hard-18,computational,gsm8k_word_problem,hard,40,643,118,0.18351477449455678,3.9315663428039613,0.1660670994364273,59,"59,12,108,48,44,17",True,False,644
comp-hard-18,computational,gsm8k_word_problem,hard,43,643,122,0.18973561430793157,4.088490312990636,0.13323478580074136,103,"103,99,104,84,13,35",True,False,644
comp-hard-18,computational,gsm8k_word_problem,hard,45,643,123,0.19129082426127528,4.2506626095136735,0.12494756467731886,43,"43,16,93,125,91,25",True,False,644
comp-hard-18,computational,gsm8k_word_problem,hard,47,643,123,0.19129082426127528,4.079342577955388,0.13262719519297134,75,"75,90,63,46,12,34",True,False,644
comp-hard-18,computational,gsm8k_word_problem,hard,49,643,122,0.18973561430793157,4.29701496908331,0.07106210580563853,85,"85,62,29,120,63,52",True,False,644
comp-hard-18,computational,gsm8k_word_problem,hard,51,643,127,0.19751166407465007,4.402455261129088,0.07561967891324248,55,"55,123,10,19,25,85",True,False,644
comp-medi-07,computational,gsm8k_word_problem,medium,1,675,128,0.18962962962962962,4.693000099463225,0.024999886067568224,33,"33,41,117,18,8,64",True,False,676
comp-medi-07,computational,gsm8k_word_problem,medium,3,675,128,0.18962962962962962,4.596772534217239,0.03982281520126071,98,"98,34,20,115,112,117",True,False,676
comp-medi-07,computational,gsm8k_word_problem,medium,6,675,127,0.18814814814814815,4.434140023375843,0.045498333284022564,42,"42,106,104,110,23,14",True,False,676
comp-medi-07,computational,gsm8k_word_problem,medium,8,675,123,0.18222222222222223,4.421729667997808,0.04962073151147499,7,"7,120,93,98,65,56",True,False,676
comp-medi-07,computational,gsm8k_word_problem,medium,10,675,114,0.1688888888888889,3.830105769379998,0.12476117725183485,66,"66,80,55,74,94,36",True,False,676
comp-medi-07,computational,gsm8k_word_problem,medium,13,675,108,0.16,3.755541787772511,0.12428376993687403,69,"69,34,51,124,68,62",True,False,676
comp-medi-07,computational,gsm8k_word_problem,medium,15,675,123,0.18222222222222223,4.244669763254862,0.054941912595055424,34,"34,99,68,40,51,50",True,False,676
comp-medi-07,computational,gsm8k_word_problem,medium,17,675,110,0.16296296296296298,3.904215461777231,0.13135367744694618,64,"64,36,3,119,60,9",True,False,676
comp-medi-07,computational,gsm8k_word_problem,medium,20,675,109,0.16148148148148148,3.906974304995761,0.11106636590364072,31,"31,26,16,7,108,55",True,False,676
comp-medi-07,computational,gsm8k_word_problem,medium,22,675,123,0.18222222222222223,4.131640256529572,0.11608305010341965,46,"46,14,101,94,32,7",True,False,676
comp-medi-07,computational,gsm8k_word_problem,medium,24,675,118,0.1748148148148148,4.235706343311536,0.04918716204089808,68,"68,76,6,55,17,108",True,False,676
comp-medi-07,computational,gsm8k_word_problem,medium,27,675,121,0.17925925925925926,4.042409855369564,0.15788990543636894,90,"90,15,32,11,5,77",True,False,676
comp-medi-07,computational,gsm8k_word_problem,medium,29,675,124,0.1837037037037037,4.0739845397332894,0.12980321813091983,45,"45,55,94,18,50,33",True,False,676
comp-medi-07,computational,gsm8k_word_problem,medium,31,675,122,0.18074074074074073,4.24636001344493,0.07412221075550048,121,"121,35,64,37,23,19",True,False,676
comp-medi-07,computational,gsm8k_word_problem,medium,34,675,118,0.1748148148148148,3.998103253098605,0.1544498946461189,35,"35,98,27,1,92,118",True,False,676
comp-medi-07,computational,gsm8k_word_problem,medium,36,675,124,0.1837037037037037,3.8100329319780997,0.14842916647798599,127,"127,11,46,90,105,34",True,False,676
comp-medi-07,computational,gsm8k_word_problem,medium,38,675,120,0.17777777777777778,3.9408379194079757,0.16892571230738193,126,"126,54,84,87,64,29",True,False,676
comp-medi-07,computational,gsm8k_word_problem,medium,40,675,122,0.18074074074074073,4.279321025274111,0.058643964389574046,117,"117,53,44,25,12,107",True,False,676
comp-medi-07,computational,gsm8k_word_problem,medium,43,675,123,0.18222222222222223,4.013790277053898,0.08515403925486743,113,"113,0,77,105,6,7",True,False,676
comp-medi-07,computational,gsm8k_word_problem,medium,45,675,123,0.18222222222222223,4.117859965822612,0.12381855984273168,4,"4,51,25,66,27,68",True,False,676
comp-medi-07,computational,gsm8k_word_problem,medium,47,675,125,0.18518518518518517,4.137743480669696,0.0708302015621837,12,"12,64,75,70,104,5",True,False,676
comp-medi-07,computational,gsm8k_word_problem,medium,49,675,122,0.18074074074074073,4.100625110544976,0.10122520349377748,9,"9,8,6,30,50,107",True,False,676
comp-medi-07,computational,gsm8k_word_problem,medium,51,675,123,0.18222222222222223,4.489919140276414,0.05063359265195935,55,"55,23,36,123,85,19",True,False,676
comp-medi-08,computational,gsm8k_word_problem,medium,1,108,118,1.0925925925925926,4.559894351186988,0.028840085141320485,109,"109,38,21,73,102,120",True,False,109
comp-medi-08,computational,gsm8k_word_problem,medium,3,108,112,1.037037037037037,4.4151793175443235,0.05130739269704704,115,"115,117,29,120,31,64",True,False,109
comp-medi-08,computational,gsm8k_word_problem,medium,6,108,115,1.0648148148148149,4.376495810605541,0.037343214605257746,106,"106,45,110,46,52,23",True,False,109
comp-medi-08,computational,gsm8k_word_problem,medium,8,108,103,0.9537037037037037,4.262765582182321,0.04881614937721816,25,"25,69,116,43,77,10",True,False,109
comp-medi-08,computational,gsm8k_word_problem,medium,10,108,94,0.8703703703703703,4.071448545200203,0.075388203040159,99,"99,55,60,76,49,30",True,False,109
comp-medi-08,computational,gsm8k_word_problem,medium,13,108,87,0.8055555555555556,3.8640295353091796,0.10596012717059886,34,"34,62,46,65,96,59",True,False,109
comp-medi-08,computational,gsm8k_word_problem,medium,15,108,97,0.8981481481481481,4.163873514665223,0.06269635561270184,87,"87,113,21,63,95,67",True,False,109
comp-medi-08,computational,gsm8k_word_problem,medium,17,108,85,0.7870370370370371,3.9698090316115673,0.08474488146612623,19,"19,121,45,38,36,30",True,False,109
comp-medi-08,computational,gsm8k_word_problem,medium,20,108,86,0.7962962962962963,3.9536757538228926,0.07755207965986136,16,"16,120,119,26,28,44",True,False,109
comp-medi-08,computational,gsm8k_word_problem,medium,22,108,107,0.9907407407407407,4.2923558406932445,0.05462180314883736,94,"94,59,65,48,61,63",True,False,109
comp-medi-08,computational,gsm8k_word_problem,medium,24,108,95,0.8796296296296297,3.9906777231891257,0.07365987263104688,30,"30,78,11,35,55,96",True,False,109
comp-medi-08,computational,gsm8k_word_problem,medium,27,108,88,0.8148148148148148,4.0161781933775975,0.10175018050672091,90,"90,64,122,11,16,114",True,False,109
comp-medi-08,computational,gsm8k_word_problem,medium,29,108,83,0.7685185185185185,3.9630024104774573,0.06859167052379524,18,"18,83,94,80,33,84",True,False,109
comp-medi-08,computational,gsm8k_word_problem,medium,31,108,106,0.9814814814814815,4.348442997407689,0.04641428615994347,35,"35,33,94,19,31,53",True,False,109
comp-medi-08,computational,gsm8k_word_problem,medium,34,108,84,0.7777777777777778,4.05917238027141,0.07604610183591282,55,"55,27,53,98,70,63",True,False,109
comp-medi-08,computational,gsm8k_word_problem,medium,36,108,101,0.9351851851851852,4.169700156263864,0.07655626995254115,105,"105,26,104,82,65,12",True,False,109
comp-medi-08,computational,gsm8k_word_problem,medium,38,108,96,0.8888888888888888,4.118528841372104,0.05191164802076104,84,"84,108,97,37,75,87",True,False,109
comp-medi-08,computational,gsm8k_word_problem,medium,40,108,101,0.9351851851851852,4.218925043839942,0.049267154913581745,12,"12,34,92,9,25,15",True,False,109
comp-medi-08,computational,gsm8k_word_problem,medium,43,108,101,0.9351851851851852,4.12296316592307,0.06152674841117236,7,"7,36,31,84,88,6",True,False,109
comp-medi-08,computational,gsm8k_word_problem,medium,45,108,97,0.8981481481481481,4.176540505814507,0.056286207984722454,99,"99,50,36,93,7,120",True,False,109
comp-medi-08,computational,gsm8k_word_problem,medium,47,108,103,0.9537037037037037,4.160216086729936,0.06531406487641941,34,"34,12,0,46,75,10",True,False,109
comp-medi-08,computational,gsm8k_word_problem,medium,49,108,104,0.9629629629629629,4.316322374578805,0.043373056025000065,61,"61,21,60,49,10,15",True,False,109
comp-medi-08,computational,gsm8k_word_problem,medium,51,108,113,1.0462962962962963,4.388231077113706,0.036815088815248864,5,"5,55,49,124,19,27",True,False,109
comp-medi-09,computational,gsm8k_word_problem,medium,1,941,128,0.13602550478214664,4.7256899173606035,0.0216261017806471,41,"41,27,5,38,8,50",True,False,942
comp-medi-09,computational,gsm8k_word_problem,medium,3,941,128,0.13602550478214664,4.6305107242407395,0.027801318457975788,115,"115,64,73,51,32,12",True,False,942
comp-medi-09,computational,gsm8k_word_problem,medium,6,941,127,0.13496280552603612,4.526209569029635,0.058015153889501764,106,"106,124,35,110,23,29",True,False,942
comp-medi-09,computational,gsm8k_word_problem,medium,8,941,124,0.13177470775770456,4.366296194830574,0.07053307867390572,10,"10,16,68,98,8,43",True,False,942
comp-medi-09,computational,gsm8k_word_problem,medium,10,941,121,0.12858660998937302,4.251627437625501,0.06674513097194588,80,"80,109,99,4,123,31",True,False,942
comp-medi-09,computational,gsm8k_word_problem,medium,13,941,119,0.12646121147715197,3.9947580295854346,0.11105677126898897,80,"80,34,95,62,5,47",True,False,942
comp-medi-09,computational,gsm8k_word_problem,medium,15,941,127,0.13496280552603612,4.121710985443293,0.08576049286200975,42,"42,68,31,63,122,40",True,False,942
comp-medi-09,computational,gsm8k_word_problem,medium,17,941,122,0.12964930924548354,4.016206955634195,0.09108828072826373,36,"36,3,19,60,79,101",True,False,942
comp-medi-09,computational,gsm8k_word_problem,medium,20,941,121,0.12858660998937302,3.9565471342749516,0.11294815314186596,100,"100,26,76,16,99,108",True,False,942
comp-medi-09,computational,gsm8k_word_problem,medium,22,941,126,0.1339001062699256,4.389276820896358,0.05040198620971362,101,"101,58,14,65,94,32",True,False,942
comp-medi-09,computational,gsm8k_word_problem,medium,24,941,124,0.13177470775770456,4.259554152409102,0.06426607068182241,27,"27,110,68,74,6,123",True,False,942
comp-medi-09,computational,gsm8k_word_problem,medium,27,941,123,0.13071200850159406,4.052782223394652,0.12893284440241853,90,"90,107,103,48,32,64",True,False,942
comp-medi-09,computational,gsm8k_word_problem,medium,29,941,124,0.13177470775770456,4.3332150537034195,0.07965136119350119,45,"45,18,123,43,94,80",True,False,942
comp-medi-09,computational,gsm8k_word_problem,medium,31,941,121,0.12858660998937302,4.127289079349539,0.12364330061745009,35,"35,23,113,67,83,43",True,False,942
comp-medi-09,computational,gsm8k_word_problem,medium,34,941,119,0.12646121147715197,4.278328413361285,0.06045350271459987,1,"1,98,27,120,97,115",True,False,942
comp-medi-09,computational,gsm8k_word_problem,medium,36,941,124,0.13177470775770456,4.193177249381885,0.09383766270324853,81,"81,105,114,70,94,37",True,False,942
comp-medi-09,computational,gsm8k_word_problem,medium,38,941,121,0.12858660998937302,4.164354753802973,0.05906161432498511,54,"54,14,22,82,29,8",True,False,942
comp-medi-09,computational,gsm8k_word_problem,medium,40,941,121,0.12858660998937302,4.277601528204955,0.052521133548584745,44,"44,108,116,60,19,12",True,False,942
comp-medi-09,computational,gsm8k_word_problem,medium,43,941,124,0.13177470775770456,4.199615491314221,0.07834176108428702,103,"103,125,20,88,6,7",True,False,942
comp-medi-09,computational,gsm8k_word_problem,medium,45,941,125,0.13283740701381508,4.322853918151313,0.07317984846306663,77,"77,13,111,43,25,10",True,False,942
comp-medi-09,computational,gsm8k_word_problem,medium,47,941,127,0.13496280552603612,4.32361245897255,0.07278871241043366,75,"75,63,23,12,5,34",True,False,942
comp-medi-09,computational,gsm8k_word_problem,medium,49,941,125,0.13283740701381508,4.318504540379458,0.06267040937374241,35,"35,122,85,30,29,60",True,False,942
comp-medi-09,computational,gsm8k_word_problem,medium,51,941,125,0.13283740701381508,4.4820570501476,0.06108032394379791,55,"55,123,23,36,95,85",True,False,942
comp-medi-10,computational,gsm8k_word_problem,medium,1,211,125,0.5924170616113744,4.568529170123911,0.027996823160566463,38,"38,33,51,84,64,41",True,False,212
comp-medi-10,computational,gsm8k_word_problem,medium,3,211,122,0.5781990521327014,4.426871358924955,0.05791908397299868,115,"115,52,12,117,64,98",True,False,212
comp-medi-10,computational,gsm8k_word_problem,medium,6,211,119,0.5639810426540285,4.435013885801472,0.04417730069569842,106,"106,45,79,46,52,104",True,False,212
comp-medi-10,computational,gsm8k_word_problem,medium,8,211,115,0.5450236966824644,4.278928064956002,0.0865149240986322,79,"79,114,30,123,43,10",True,False,212
comp-medi-10,computational,gsm8k_word_problem,medium,10,211,104,0.4928909952606635,4.065396404302754,0.10061383822680682,90,"90,49,23,84,99,76",True,False,212
comp-medi-10,computational,gsm8k_word_problem,medium,13,211,91,0.4312796208530806,3.8964003361617827,0.07806600433388904,34,"34,65,43,96,13,63",True,False,212
comp-medi-10,computational,gsm8k_word_problem,medium,15,211,111,0.5260663507109005,4.320104381016979,0.03558762014385559,68,"68,67,40,4,84,29",True,False,212
comp-medi-10,computational,gsm8k_word_problem,medium,17,211,87,0.41232227488151657,3.9176195628211947,0.05692851012091971,75,"75,121,3,19,102,21",True,False,212
comp-medi-10,computational,gsm8k_word_problem,medium,20,211,101,0.4786729857819905,4.017011968944153,0.06538880750886888,31,"31,26,19,120,119,98",True,False,212
comp-medi-10,computational,gsm8k_word_problem,medium,22,211,115,0.5450236966824644,4.311936705601034,0.06811473934090184,94,"94,46,9,8,112,114",True,False,212
comp-medi-10,computational,gsm8k_word_problem,medium,24,211,106,0.5023696682464455,4.076630455762675,0.11562809804899858,67,"67,126,78,35,96,30",True,False,212
comp-medi-10,computational,gsm8k_word_problem,medium,27,211,107,0.5071090047393365,4.1069631551247285,0.09068409366238821,90,"90,93,64,11,5,73",True,False,212
comp-medi-10,computational,gsm8k_word_problem,medium,29,211,113,0.5355450236966824,4.143282183678861,0.07234465102641875,83,"83,94,18,45,47,33",True,False,212
comp-medi-10,computational,gsm8k_word_problem,medium,31,211,119,0.5639810426540285,4.350620122521437,0.05955470333380079,35,"35,58,33,85,23,25",True,False,212
comp-medi-10,computational,gsm8k_word_problem,medium,34,211,105,0.4976303317535545,3.923094551164824,0.1564441268454823,35,"35,27,84,78,1,86",True,False,212
comp-medi-10,computational,gsm8k_word_problem,medium,36,211,118,0.5592417061611374,4.371258102934492,0.0425058258066457,105,"105,72,104,11,12,34",True,False,212
comp-medi-10,computational,gsm8k_word_problem,medium,38,211,112,0.5308056872037915,4.274332202981901,0.05379554527046572,84,"84,27,79,75,29,54",True,False,212
comp-medi-10,computational,gsm8k_word_problem,medium,40,211,118,0.5592417061611374,4.255900721817616,0.059131729078812145,25,"25,10,87,96,44,8",True,False,212
comp-medi-10,computational,gsm8k_word_problem,medium,43,211,115,0.5450236966824644,4.197822644250608,0.06339639093631133,6,"6,7,105,88,52,72",True,False,212
comp-medi-10,computational,gsm8k_word_problem,medium,45,211,112,0.5308056872037915,4.2691240617549875,0.055225918426381256,36,"36,4,25,56,85,96",True,False,212
comp-medi-10,computational,gsm8k_word_problem,medium,47,211,114,0.5402843601895735,4.291646219387876,0.06287611734548773,34,"34,12,64,10,75,117",True,False,212
comp-medi-10,computational,gsm8k_word_problem,medium,49,211,118,0.5592417061611374,4.37145826394881,0.05189401539223779,104,"104,107,9,61,56,111",True,False,212
comp-medi-10,computational,gsm8k_word_problem,medium,51,211,122,0.5781990521327014,4.4445131380855205,0.03973475298264046,55,"55,102,19,33,94,44",True,False,212
comp-medi-11,computational,gsm8k_word_problem,medium,1,573,128,0.22338568935427575,4.728417926869439,0.018084143272894357,13,"13,66,109,105,117,84",True,False,574
comp-medi-11,computational,gsm8k_word_problem,medium,3,573,128,0.22338568935427575,4.615286322143959,0.042442390580022596,98,"98,117,20,85,115,82",True,False,574
comp-medi-11,computational,gsm8k_word_problem,medium,6,573,128,0.22338568935427575,4.574026909008282,0.04202875122614571,106,"106,42,45,104,124,4",True,False,574
comp-medi-11,computational,gsm8k_word_problem,medium,8,573,122,0.21291448516579406,4.333388621981476,0.07822369882600284,120,"120,122,2,23,10,83",True,False,574
comp-medi-11,computational,gsm8k_word_problem,medium,10,573,118,0.20593368237347295,4.14827005541593,0.07587903788361801,80,"80,36,72,81,43,4",True,False,574
comp-medi-11,computational,gsm8k_word_problem,medium,13,573,117,0.20418848167539266,4.2226501413299085,0.06497367837778671,95,"95,108,39,80,34,65",True,False,574
comp-medi-11,computational,gsm8k_word_problem,medium,15,573,124,0.2164048865619546,4.433999171476204,0.054642835291264444,115,"115,87,40,51,67,68",True,False,574
comp-medi-11,computational,gsm8k_word_problem,medium,17,573,113,0.19720767888307156,4.077290506722134,0.06941708092572242,3,"3,36,64,121,45,31",True,False,574
comp-medi-11,computational,gsm8k_word_problem,medium,20,573,119,0.20767888307155322,4.0626955302674785,0.08600641225349875,31,"31,100,26,46,19,36",True,False,574
comp-medi-11,computational,gsm8k_word_problem,medium,22,573,125,0.2181500872600349,4.333152918102732,0.11762464242982319,46,"46,14,94,101,88,60",True,False,574
comp-medi-11,computational,gsm8k_word_problem,medium,24,573,121,0.2111692844677138,4.43303145114979,0.04647623027533513,76,"76,6,78,67,16,35",True,False,574
comp-medi-11,computational,gsm8k_word_problem,medium,27,573,119,0.20767888307155322,4.167890690664099,0.11184248928958698,90,"90,107,11,16,69,125",True,False,574
comp-medi-11,computational,gsm8k_word_problem,medium,29,573,122,0.21291448516579406,4.292893941146791,0.082326931899511,45,"45,55,94,33,18,83",True,False,574
comp-medi-11,computational,gsm8k_word_problem,medium,31,573,126,0.2198952879581152,4.346781139368791,0.08384593654812278,35,"35,23,121,99,58,33",True,False,574
comp-medi-11,computational,gsm8k_word_problem,medium,34,573,120,0.2094240837696335,4.182365689296407,0.11960723770187853,35,"35,27,82,55,80,98",True,False,574
comp-medi-11,computational,gsm8k_word_problem,medium,36,573,124,0.2164048865619546,4.301173163690312,0.12343437136573797,127,"127,51,34,45,46,25",True,False,574
comp-medi-11,computational,gsm8k_word_problem,medium,38,573,125,0.2181500872600349,4.442140041295452,0.04013027033190166,29,"29,75,49,91,59,54",True,False,574
comp-medi-11,computational,gsm8k_word_problem,medium,40,573,121,0.2111692844677138,4.2870544819314444,0.08203391396150114,53,"53,25,91,106,8,44",True,False,574
comp-medi-11,computational,gsm8k_word_problem,medium,43,573,126,0.2198952879581152,4.255885783309009,0.06194719676126774,77,"77,113,7,31,52,6",True,False,574
comp-medi-11,computational,gsm8k_word_problem,medium,45,573,125,0.2181500872600349,4.432417265627692,0.0470244348382725,65,"65,66,36,120,40,27",True,False,574
comp-medi-11,computational,gsm8k_word_problem,medium,47,573,126,0.2198952879581152,4.424641400720239,0.046892456966945426,75,"75,34,12,3,5,99",True,False,574
comp-medi-11,computational,gsm8k_word_problem,medium,49,573,126,0.2198952879581152,4.357412385467726,0.07263631260027685,9,"9,8,109,16,33,108",True,False,574
comp-medi-11,computational,gsm8k_word_problem,medium,51,573,127,0.22164048865619546,4.65047611402285,0.025929859222921434,19,"19,55,12,72,23,24",True,False,574
comp-medi-12,computational,gsm8k_word_problem,medium,1,249,127,0.5100401606425703,4.6293971181153895,0.024551015157552578,109,"109,4,100,99,33,51",True,False,250
comp-medi-12,computational,gsm8k_word_problem,medium,3,249,123,0.4939759036144578,4.51595171423078,0.04914237821719699,115,"115,64,117,12,75,62",True,False,250
comp-medi-12,computational,gsm8k_word_problem,medium,6,249,124,0.4979919678714859,4.476697662303762,0.054286644337942884,106,"106,23,79,15,110,29",True,False,250
comp-medi-12,computational,gsm8k_word_problem,medium,8,249,114,0.4578313253012048,4.309735774183389,0.06157807318742389,81,"81,110,105,98,37,36",True,False,250
comp-medi-12,computational,gsm8k_word_problem,medium,10,249,104,0.41767068273092367,4.034973728175934,0.07163909486631524,63,"63,107,109,6,99,60",True,False,250
comp-medi-12,computational,gsm8k_word_problem,medium,13,249,104,0.41767068273092367,3.9447716144811795,0.10141466283388688,17,"17,34,62,86,30,43",True,False,250
comp-medi-12,computational,gsm8k_word_problem,medium,15,249,110,0.44176706827309237,4.213092560560107,0.0553430294397259,68,"68,15,63,67,87,17",True,False,250
comp-medi-12,computational,gsm8k_word_problem,medium,17,249,92,0.36947791164658633,3.860721651786033,0.12413547235678438,19,"19,36,52,121,60,45",True,False,250
comp-medi-12,computational,gsm8k_word_problem,medium,20,249,106,0.42570281124497994,3.986728288294745,0.10496026217220386,26,"26,16,119,120,109,28",True,False,250
comp-medi-12,computational,gsm8k_word_problem,medium,22,249,115,0.46184738955823296,4.362042676764993,0.05256970000385331,101,"101,65,58,94,7,9",True,False,250
comp-medi-12,computational,gsm8k_word_problem,medium,24,249,104,0.41767068273092367,4.18950685793263,0.044142837000790865,78,"78,6,79,35,104,117",True,False,250
comp-medi-12,computational,gsm8k_word_problem,medium,27,249,109,0.43775100401606426,4.090832018285811,0.10173466626401596,90,"90,64,70,122,11,28",True,False,250
comp-medi-12,computational,gsm8k_word_problem,medium,29,249,113,0.4538152610441767,4.176291087011014,0.06170413598041466,18,"18,45,125,105,94,33",True,False,250
comp-medi-12,computational,gsm8k_word_problem,medium,31,249,114,0.4578313253012048,4.174473782332304,0.0852232995010858,35,"35,23,13,80,33,21",True,False,250
comp-medi-12,computational,gsm8k_word_problem,medium,34,249,102,0.40963855421686746,4.031890324936931,0.07632881425239214,98,"98,97,1,63,27,54",True,False,250
comp-medi-12,computational,gsm8k_word_problem,medium,36,249,111,0.4457831325301205,4.06618765231458,0.08698295226693571,110,"110,105,36,82,70,76",True,False,250
comp-medi-12,computational,gsm8k_word_problem,medium,38,249,107,0.42971887550200805,4.004043574376128,0.1063627346663597,54,"54,99,75,17,6,31",True,False,250
comp-medi-12,computational,gsm8k_word_problem,medium,40,249,110,0.44176706827309237,4.171184948368172,0.06707991808703459,59,"59,9,44,12,79,21",True,False,250
comp-medi-12,computational,gsm8k_word_problem,medium,43,249,112,0.4497991967871486,4.236788818678535,0.04905348251291882,7,"7,36,84,88,6,31",True,False,250
comp-medi-12,computational,gsm8k_word_problem,medium,45,249,116,0.46586345381526106,4.330861410992179,0.05846365631207704,25,"25,51,60,74,110,28",True,False,250
comp-medi-12,computational,gsm8k_word_problem,medium,47,249,117,0.46987951807228917,4.241273767708144,0.06216699091267948,34,"34,75,12,0,64,63",True,False,250
comp-medi-12,computational,gsm8k_word_problem,medium,49,249,119,0.4779116465863454,4.260308698646145,0.08017906118381343,120,"120,125,21,61,37,60",True,False,250
comp-medi-12,computational,gsm8k_word_problem,medium,51,249,120,0.4819277108433735,4.436802352756029,0.05568847585873804,123,"123,55,85,19,36,113",True,False,250
crea-loos-01,creative,haiku,loose,1,276,128,0.463768115942029,4.679626478575411,0.023740633131906344,50,"50,69,40,107,2,80",,False,277
crea-loos-01,creative,haiku,loose,3,276,124,0.4492753623188406,4.530309628071919,0.029475317760590574,100,"100,7,44,85,4,6",,False,277
crea-loos-01,creative,haiku,loose,6,276,116,0.42028985507246375,4.322492084647157,0.0502962887610185,120,"120,25,18,22,68,29",,False,277
crea-loos-01,creative,haiku,loose,8,276,98,0.35507246376811596,3.7218728944448722,0.14514064279087607,69,"69,54,38,18,77,53",,False,277
crea-loos-01,creative,haiku,loose,10,276,82,0.2971014492753623,3.3993132128370607,0.1587994981278868,48,"48,93,63,121,21,94",,False,277
crea-loos-01,creative,haiku,loose,13,276,87,0.31521739130434784,3.6897869830708916,0.14754261354589568,120,"120,96,64,104,63,46",,False,277
crea-loos-01,creative,haiku,loose,15,276,95,0.3442028985507246,3.4913291496351513,0.18301739120589217,17,"17,26,120,64,108,81",,False,277
crea-loos-01,creative,haiku,loose,17,276,85,0.3079710144927536,3.7442870176887033,0.07994921163751956,111,"111,30,3,104,21,109",,False,277
crea-loos-01,creative,haiku,loose,20,276,95,0.3442028985507246,3.6081138642983257,0.14725342341307954,58,"58,47,16,26,54,105",,False,277
crea-loos-01,creative,haiku,loose,22,276,111,0.40217391304347827,4.080176890496392,0.08973529517393086,55,"55,15,94,58,8,3",,False,277
crea-loos-01,creative,haiku,loose,24,276,94,0.34057971014492755,3.752076141913546,0.1168617954585099,17,"17,87,121,16,30,42",,False,277
crea-loos-01,creative,haiku,loose,27,276,104,0.37681159420289856,4.048299148276847,0.07189344987930953,0,"0,17,117,37,32,102",,False,277
crea-loos-01,creative,haiku,loose,29,276,114,0.41304347826086957,3.8338387432684784,0.21555951662876757,44,"44,36,83,7,110,122",,False,277
crea-loos-01,creative,haiku,loose,31,276,103,0.37318840579710144,3.9166983373885262,0.14113911856915168,4,"4,74,1,35,61,112",,False,277
crea-loos-01,creative,haiku,loose,34,276,103,0.37318840579710144,3.6918863173603764,0.15761068723374336,23,"23,4,82,18,21,33",,False,277
crea-loos-01,creative,haiku,loose,36,276,103,0.37318840579710144,3.641912689476734,0.16577576435526242,49,"49,34,65,101,121,71",,False,277
crea-loos-01,creative,haiku,loose,38,276,96,0.34782608695652173,3.6917967457021863,0.1169840007302953,124,"124,92,26,8,76,64",,False,277
crea-loos-01,creative,haiku,loose,40,276,105,0.3804347826086957,3.7855898523485902,0.1639036199485675,15,"15,91,20,11,126,41",,False,277
crea-loos-01,creative,haiku,loose,43,276,112,0.4057971014492754,4.065519017074136,0.08391742498773554,112,"112,51,37,98,31,104",,False,277
crea-loos-01,creative,haiku,loose,45,276,119,0.4311594202898551,4.062024764897951,0.1379466088799796,29,"29,36,65,7,74,96",,False,277
crea-loos-01,creative,haiku,loose,47,276,118,0.427536231884058,4.144878372932868,0.14838797420864883,116,"116,99,4,37,36,31",,False,277
crea-loos-01,creative,haiku,loose,49,276,117,0.42391304347826086,4.2013210820625835,0.06471604190209135,77,"77,115,52,127,98,50",,False,277
crea-loos-01,creative,haiku,loose,51,276,123,0.44565217391304346,4.428481381903644,0.03833866153828599,87,"87,15,79,57,99,113",,False,277
crea-loos-02,creative,haiku,loose,1,253,128,0.5059288537549407,4.7020180614400635,0.01983120872639575,34,"34,40,50,122,80,69",,False,254
crea-loos-02,creative,haiku,loose,3,253,126,0.4980237154150198,4.601744809931097,0.024111053276492003,78,"78,115,62,85,33,100",,False,254
crea-loos-02,creative,haiku,loose,6,253,124,0.4901185770750988,4.380905657253786,0.0435268539953623,120,"120,25,29,68,79,52",,False,254
crea-loos-02,creative,haiku,loose,8,253,97,0.383399209486166,3.7314254286545228,0.1545386856225516,69,"69,54,38,77,53,67",,False,254
crea-loos-02,creative,haiku,loose,10,253,90,0.3557312252964427,3.478959750484868,0.15995840544156872,48,"48,63,121,93,21,94",,False,254
crea-loos-02,creative,haiku,loose,13,253,87,0.3438735177865613,3.649298415853237,0.15519354031235025,120,"120,104,96,64,63,46",,False,254
crea-loos-02,creative,haiku,loose,15,253,93,0.3675889328063241,3.508366261583456,0.1809572353114534,17,"17,26,120,108,64,65",,False,254
crea-loos-02,creative,haiku,loose,17,253,85,0.3359683794466403,3.7815497094760255,0.07804045245328471,111,"111,30,21,3,104,109",,False,254
crea-loos-02,creative,haiku,loose,20,253,103,0.40711462450592883,3.720349287794742,0.14266604856259923,58,"58,47,16,105,26,54",,False,254
crea-loos-02,creative,haiku,loose,22,253,115,0.45454545454545453,4.121530035066036,0.08912011817680549,55,"55,58,94,15,3,8",,False,254
crea-loos-02,creative,haiku,loose,24,253,97,0.383399209486166,3.749550538504661,0.12012390354051472,17,"17,87,121,42,30,16",,False,254
crea-loos-02,creative,haiku,loose,27,253,102,0.4031620553359684,4.078562556370252,0.07403287279105297,0,"0,17,102,32,64,37",,False,254
crea-loos-02,creative,haiku,loose,29,253,111,0.43873517786561267,3.8882174531996165,0.20721760467452882,44,"44,7,36,83,110,122",,False,254
crea-loos-02,creative,haiku,loose,31,253,103,0.40711462450592883,3.9355826080155736,0.14442694612511942,4,"4,74,1,112,35,61",,False,254
crea-loos-02,creative,haiku,loose,34,253,99,0.391304347826087,3.760954905300593,0.15477821539000744,23,"23,4,18,21,47,89",,False,254
crea-loos-02,creative,haiku,loose,36,253,104,0.41106719367588934,3.7605872688560282,0.16120201810831875,49,"49,34,65,101,71,50",,False,254
crea-loos-02,creative,haiku,loose,38,253,106,0.4189723320158103,3.770098188090925,0.11857643432324584,124,"124,92,26,64,76,29",,False,254
crea-loos-02,creative,haiku,loose,40,253,103,0.40711462450592883,3.8654270997195432,0.15761936082534714,15,"15,20,11,91,41,56",,False,254
crea-loos-02,creative,haiku,loose,43,253,111,0.43873517786561267,3.9975344793960317,0.08100021499955803,51,"51,112,104,98,37,31",,False,254
crea-loos-02,creative,haiku,loose,45,253,116,0.45849802371541504,4.1557622342639045,0.14321414437906915,29,"29,36,74,86,125,62",,False,254
crea-loos-02,creative,haiku,loose,47,253,118,0.466403162055336,4.243936860009092,0.14074410317456643,116,"116,5,36,4,31,12",,False,254
crea-loos-02,creative,haiku,loose,49,253,119,0.47035573122529645,4.228515603258505,0.06316746334376645,77,"77,115,52,127,102,122",,False,254
crea-loos-02,creative,haiku,loose,51,253,123,0.48616600790513836,4.428368518863008,0.04308440099210423,79,"79,15,99,113,123,67",,False,254
crea-loos-03,creative,story,loose,1,125,125,1.0,4.698536092489655,0.02241392241298492,31,"31,75,40,81,41,122",,False,126
crea-loos-03,creative,story,loose,3,125,126,1.008,4.611476391652396,0.026502320276245682,109,"109,72,100,96,106,101",,False,126
crea-loos-03,creative,story,loose,6,125,113,0.904,4.4393628467314485,0.0377350825486669,99,"99,97,27,76,120,126",,False,126
crea-loos-03,creative,story,loose,8,125,102,0.816,3.971405012715341,0.11096380242858805,78,"78,38,116,53,92,67",,False,126
crea-loos-03,creative,story,loose,10,125,84,0.672,3.8374595792412793,0.08447681576990144,65,"65,84,49,41,119,21",,False,126
crea-loos-03,creative,story,loose,13,125,76,0.608,3.625320493467097,0.10087534780123991,3,"3,40,46,47,67,104",,False,126
crea-loos-03,creative,story,loose,15,125,77,0.616,3.6769418567552643,0.09279013371916787,86,"86,95,26,16,120,33",,False,126
crea-loos-03,creative,story,loose,17,125,84,0.672,3.8518135755153393,0.09774706591223811,63,"63,125,56,104,101,32",,False,126
crea-loos-03,creative,story,loose,20,125,83,0.664,3.6986377760191367,0.1350943832549215,78,"78,110,126,43,92,70",,False,126
crea-loos-03,creative,story,loose,22,125,103,0.824,4.176300401985675,0.07420907133875547,2,"2,108,75,15,99,102",,False,126
crea-loos-03,creative,story,loose,24,125,80,0.64,3.485339352908536,0.14028175572316312,105,"105,71,30,60,111,121",,False,126
crea-loos-03,creative,story,loose,27,125,83,0.664,3.7699306976149014,0.1316392582601199,89,"89,43,20,64,92,119",,False,126
crea-loos-03,creative,story,loose,29,125,107,0.856,4.246929941729656,0.07522277636231713,122,"122,107,123,98,96,52",,False,126
crea-loos-03,creative,story,loose,31,125,100,0.8,4.103175858935866,0.09854909192756359,91,"91,74,4,78,20,43",,False,126
crea-loos-03,creative,story,loose,34,125,111,0.888,4.2524372970247954,0.05755195875886963,92,"92,18,108,109,33,50",,False,126
crea-loos-03,creative,story,loose,36,125,95,0.76,3.9757637567475075,0.09536034149786564,50,"50,49,32,14,126,109",,False,126
crea-loos-03,creative,story,loose,38,125,97,0.776,3.910417734166916,0.15631335483865927,67,"67,101,113,98,95,64",,False,126
crea-loos-03,creative,story,loose,40,125,92,0.736,3.942879302118179,0.06574013708492008,18,"18,20,97,74,14,45",,False,126
crea-loos-03,creative,story,loose,43,125,102,0.816,4.114224216083385,0.06667695318527257,104,"104,79,92,31,127,117",,False,126
crea-loos-03,creative,story,loose,45,125,105,0.84,4.1991452287536175,0.07508615348797601,72,"72,50,29,39,125,117",,False,126
crea-loos-03,creative,story,loose,47,125,111,0.888,4.186300742654318,0.07903225207914592,75,"75,106,103,90,93,65",,False,126
crea-loos-03,creative,story,loose,49,125,102,0.816,4.2317860819321345,0.04901581168131402,12,"12,10,101,92,114,52",,False,126
crea-loos-03,creative,story,loose,51,125,109,0.872,4.403756825662145,0.03218526782978593,15,"15,110,96,92,49,108",,False,126
crea-loos-04,creative,story,loose,1,145,126,0.8689655172413793,4.720221067476204,0.020418313780122436,67,"67,76,30,27,58,31",,False,146
crea-loos-04,creative,story,loose,3,145,124,0.8551724137931035,4.610096390628467,0.02625937654479796,100,"100,36,109,53,78,32",,False,146
crea-loos-04,creative,story,loose,6,145,114,0.7862068965517242,4.477039684605897,0.03171089235208088,38,"38,99,83,87,110,105",,False,146
crea-loos-04,creative,story,loose,8,145,105,0.7241379310344828,4.248967855421745,0.05211683605553211,53,"53,38,116,34,49,95",,False,146
crea-loos-04,creative,story,loose,10,145,92,0.6344827586206897,3.8722253906390374,0.09568965197915828,65,"65,41,93,108,3,43",,False,146
crea-loos-04,creative,story,loose,13,145,88,0.6068965517241379,3.7789189020051395,0.08779647752673914,36,"36,52,46,104,40,3",,False,146
crea-loos-04,creative,story,loose,15,145,85,0.5862068965517241,3.8379545323089284,0.0918010462106686,16,"16,43,26,120,86,102",,False,146
crea-loos-04,creative,story,loose,17,145,92,0.6344827586206897,3.850327817435828,0.11200415947715588,63,"63,125,75,6,104,21",,False,146
crea-loos-04,creative,story,loose,20,145,90,0.6206896551724138,3.776560662902298,0.10798631608049118,110,"110,78,92,121,120,69",,False,146
crea-loos-04,creative,story,loose,22,145,110,0.7586206896551724,4.263455425717539,0.08182064618021588,2,"2,114,11,58,86,26",,False,146
crea-loos-04,creative,story,loose,24,145,91,0.6275862068965518,3.67940062654401,0.14116975149414665,71,"71,30,105,60,111,121",,False,146
crea-loos-04,creative,story,loose,27,145,87,0.6,3.8138263996644657,0.1153600071120498,89,"89,43,20,6,64,36",,False,146
crea-loos-04,creative,story,loose,29,145,102,0.7034482758620689,4.30985939589699,0.04547864544318655,98,"98,107,60,18,44,23",,False,146
crea-loos-04,creative,story,loose,31,145,100,0.6896551724137931,4.190497265711178,0.06337526135560424,74,"74,4,56,57,43,27",,False,146
crea-loos-04,creative,story,loose,34,145,108,0.7448275862068966,4.215246506413253,0.06494150363281354,75,"75,18,98,126,12,1",,False,146
crea-loos-04,creative,story,loose,36,145,108,0.7448275862068966,4.043655898227727,0.10941880352817451,49,"49,50,21,35,14,89",,False,146
crea-loos-04,creative,story,loose,38,145,92,0.6344827586206897,4.084704443500546,0.054373246221199135,43,"43,64,20,74,19,33",,False,146
crea-loos-04,creative,story,loose,40,145,88,0.6068965517241379,3.9067675378962528,0.062068103915363944,18,"18,74,29,20,124,4",,False,146
crea-loos-04,creative,story,loose,43,145,107,0.7379310344827587,4.075552117093044,0.08261670875436465,127,"127,79,92,113,24,15",,False,146
crea-loos-04,creative,story,loose,45,145,112,0.7724137931034483,4.344892590329987,0.0476031724223395,29,"29,111,117,86,39,57",,False,146
crea-loos-04,creative,story,loose,47,145,115,0.7931034482758621,4.297023998722046,0.057064298655028656,75,"75,0,25,93,103,106",,False,146
crea-loos-04,creative,story,loose,49,145,110,0.7586206896551724,4.351159601875224,0.03618451127270119,89,"89,127,112,12,105,101",,False,146
crea-loos-04,creative,story,loose,51,145,114,0.7862068965517242,4.476426023276589,0.03502297094413289,92,"92,110,38,15,28,96",,False,146
crea-loos-05,creative,poetry,loose,1,101,124,1.2277227722772277,4.6288057686895785,0.03888744931129104,40,"40,27,51,2,26,92",,False,102
crea-loos-05,creative,poetry,loose,3,101,116,1.1485148514851484,4.5169726736061975,0.03616836639730428,78,"78,100,110,33,115,96",,False,102
crea-loos-05,creative,poetry,loose,6,101,110,1.0891089108910892,4.365288103147267,0.06140647306547468,120,"120,96,81,66,83,97",,False,102
crea-loos-05,creative,poetry,loose,8,101,96,0.9504950495049505,3.951404434141792,0.09498021789323463,78,"78,38,53,69,71,24",,False,102
crea-loos-05,creative,poetry,loose,10,101,90,0.8910891089108911,3.897266157875793,0.11264428497115751,93,"93,33,10,21,41,118",,False,102
crea-loos-05,creative,poetry,loose,13,101,84,0.8316831683168316,3.872209534958218,0.09880384556254841,96,"96,104,46,3,47,37",,False,102
crea-loos-05,creative,poetry,loose,15,101,78,0.7722772277227723,3.619320849991435,0.10256692889022966,99,"99,26,120,64,17,65",,False,102
crea-loos-05,creative,poetry,loose,17,101,72,0.7128712871287128,3.618083425168555,0.12515156261784174,104,"104,56,21,30,107,32",,False,102
crea-loos-05,creative,poetry,loose,20,101,78,0.7722772277227723,3.754312885279677,0.11104326777346385,126,"126,47,110,120,69,16",,False,102
crea-loos-05,creative,poetry,loose,22,101,103,1.0198019801980198,4.216033697789319,0.10798769153418307,2,"2,114,3,76,112,58",,False,102
crea-loos-05,creative,poetry,loose,24,101,81,0.801980198019802,3.8009104406250964,0.09038630282022089,60,"60,30,73,121,111,87",,False,102
crea-loos-05,creative,poetry,loose,27,101,79,0.7821782178217822,3.879907709791139,0.10213552224403634,17,"17,64,20,43,88,89",,False,102
crea-loos-05,creative,poetry,loose,29,101,101,1.0,4.212567550441021,0.07625652929671778,122,"122,107,44,18,98,60",,False,102
crea-loos-05,creative,poetry,loose,31,101,98,0.9702970297029703,4.07818266492347,0.09144066030807996,4,"4,74,91,27,59,42",,False,102
crea-loos-05,creative,poetry,loose,34,101,91,0.900990099009901,3.988893033743827,0.06411134665541855,18,"18,47,4,109,82,120",,False,102
crea-loos-05,creative,poetry,loose,36,101,87,0.8613861386138614,3.7557319541978655,0.186413793603562,49,"49,50,35,51,105,70",,False,102
crea-loos-05,creative,poetry,loose,38,101,78,0.7722772277227723,3.7241687171795568,0.099893884200832,67,"67,124,26,6,64,122",,False,102
crea-loos-05,creative,poetry,loose,40,101,82,0.8118811881188119,3.9104923766280244,0.08154320739967601,20,"20,15,68,41,6,77",,False,102
crea-loos-05,creative,poetry,loose,43,101,90,0.8910891089108911,3.98294851593251,0.07020391982441043,117,"117,112,25,79,92,123",,False,102
crea-loos-05,creative,poetry,loose,45,101,100,0.9900990099009901,4.172221329689421,0.09588475207691316,29,"29,9,50,122,42,18",,False,102
crea-loos-05,creative,poetry,loose,47,101,104,1.0297029702970297,4.17249933532332,0.06493094306939728,75,"75,103,0,73,106,88",,False,102
crea-loos-05,creative,poetry,loose,49,101,93,0.9207920792079208,4.055442881896617,0.0672235676008336,52,"52,127,10,63,122,98",,False,102
crea-loos-05,creative,poetry,loose,51,101,107,1.0594059405940595,4.379087432620878,0.048026291617274806,15,"15,3,110,79,92,116",,False,102
crea-loos-06,creative,poetry,loose,1,132,127,0.9621212121212122,4.660419011293971,0.03867565993946779,14,"14,40,41,17,118,7",,False,133
crea-loos-06,creative,poetry,loose,3,132,125,0.946969696969697,4.570775555358206,0.0492448188219906,100,"100,78,36,109,110,115",,False,133
crea-loos-06,creative,poetry,loose,6,132,115,0.8712121212121212,4.287663089500851,0.04635593533829024,120,"120,96,19,66,27,25",,False,133
crea-loos-06,creative,poetry,loose,8,132,95,0.7196969696969697,3.844222325306109,0.13863552125094605,69,"69,108,38,115,42,93",,False,133
crea-loos-06,creative,poetry,loose,10,132,90,0.6818181818181818,3.5864248694090706,0.13291054722367207,41,"41,33,10,93,58,21",,False,133
crea-loos-06,creative,poetry,loose,13,132,87,0.6590909090909091,3.819652763052387,0.07782005882355117,8,"8,46,97,96,114,17",,False,133
crea-loos-06,creative,poetry,loose,15,132,82,0.6212121212121212,3.2184554756943498,0.17424982244318182,26,"26,65,99,53,33,40",,False,133
crea-loos-06,creative,poetry,loose,17,132,74,0.5606060606060606,3.4137681469639194,0.2387517422814343,104,"104,110,56,30,112,21",,False,133
crea-loos-06,creative,poetry,loose,20,132,73,0.553030303030303,3.4785802207620957,0.13584114481320325,1,"1,110,16,22,69,70",,False,133
crea-loos-06,creative,poetry,loose,22,132,98,0.7424242424242424,3.9117515337787196,0.19619677234640384,2,"2,86,96,114,76,13",,False,133
crea-loos-06,creative,poetry,loose,24,132,79,0.5984848484848485,3.4717049296272733,0.13341880604291564,16,"16,59,111,60,58,62",,False,133
crea-loos-06,creative,poetry,loose,27,132,82,0.6212121212121212,3.5209916267464316,0.18689349298473398,17,"17,20,43,73,109,34",,False,133
crea-loos-06,creative,poetry,loose,29,132,100,0.7575757575757576,4.006621140524043,0.14750811589828272,98,"98,41,7,107,51,60",,False,133
crea-loos-06,creative,poetry,loose,31,132,94,0.7121212121212122,3.6912358072916467,0.15532693437342326,74,"74,93,4,43,91,125",,False,133
crea-loos-06,creative,poetry,loose,34,132,95,0.7196969696969697,3.8673068030996007,0.14329240352361522,47,"47,126,52,18,107,98",,False,133
crea-loos-06,creative,poetry,loose,36,132,95,0.7196969696969697,3.6150496022861223,0.15412205207044033,49,"49,34,50,105,68,126",,False,133
crea-loos-06,creative,poetry,loose,38,132,91,0.6893939393939394,3.4874989637983154,0.22630361950996847,124,"124,64,110,4,43,101",,False,133
crea-loos-06,creative,poetry,loose,40,132,89,0.6742424242424242,3.7255204609768633,0.16946164422731555,20,"20,41,124,14,73,97",,False,133
crea-loos-06,creative,poetry,loose,43,132,101,0.7651515151515151,4.140279151432407,0.04976304018773313,92,"92,31,28,41,97,46",,False,133
crea-loos-06,creative,poetry,loose,45,132,107,0.8106060606060606,4.134666518271098,0.06314568370339461,50,"50,111,79,39,29,76",,False,133
crea-loos-06,creative,poetry,loose,47,132,109,0.8257575757575758,4.144300173955988,0.07778403340455377,75,"75,4,106,24,40,0",,False,133
crea-loos-06,creative,poetry,loose,49,132,100,0.7575757575757576,3.8132676314153975,0.21865802910294987,52,"52,105,18,112,90,1",,False,133
crea-loos-06,creative,poetry,loose,51,132,109,0.8257575757575758,4.2084815119418435,0.09644802992409852,15,"15,116,99,87,110,13",,False,133
crea-stru-07,creative,haiku,structured,1,369,128,0.34688346883468835,4.698238701895335,0.025905364502518288,50,"50,40,85,107,72,4",,False,370
crea-stru-07,creative,haiku,structured,3,369,127,0.34417344173441733,4.559864956780706,0.031036112641674118,44,"44,55,7,100,115,117",,False,370
crea-stru-07,creative,haiku,structured,6,369,124,0.33604336043360433,4.332397732233449,0.05652639582530009,120,"120,25,52,18,22,79",,False,370
crea-stru-07,creative,haiku,structured,8,369,105,0.2845528455284553,3.6680632715785837,0.157314914328497,69,"69,54,38,77,53,88",,False,370
crea-stru-07,creative,haiku,structured,10,369,94,0.25474254742547425,3.542946785509436,0.13034463457381668,48,"48,93,63,121,21,94",,False,370
crea-stru-07,creative,haiku,structured,13,369,91,0.24661246612466126,3.7290794536619747,0.15467288136669766,120,"120,104,96,46,109,64",,False,370
crea-stru-07,creative,haiku,structured,15,369,96,0.2601626016260163,3.4881304275530143,0.17792335461541078,17,"17,26,120,64,108,65",,False,370
crea-stru-07,creative,haiku,structured,17,369,99,0.2682926829268293,3.849645227518426,0.07090775755022279,111,"111,30,21,3,104,109",,False,370
crea-stru-07,creative,haiku,structured,20,369,101,0.27371273712737126,3.7888470233065403,0.15086090997628726,58,"58,47,16,105,26,92",,False,370
crea-stru-07,creative,haiku,structured,22,369,119,0.3224932249322493,4.171995552820215,0.08043483064843633,55,"55,58,15,94,54,2",,False,370
crea-stru-07,creative,haiku,structured,24,369,100,0.27100271002710025,3.748027528968946,0.12911437663694772,17,"17,87,121,42,30,35",,False,370
crea-stru-07,creative,haiku,structured,27,369,110,0.2981029810298103,4.093599014122072,0.07589009189091125,0,"0,17,37,102,117,32",,False,370
crea-stru-07,creative,haiku,structured,29,369,118,0.31978319783197834,3.7992475556198713,0.23090616723870952,44,"44,7,36,83,125,18",,False,370
crea-stru-07,creative,haiku,structured,31,369,109,0.2953929539295393,3.9694536332477552,0.14595325890107844,4,"4,102,112,61,35,1",,False,370
crea-stru-07,creative,haiku,structured,34,369,106,0.2872628726287263,3.6447306727870408,0.1769576850501645,23,"23,4,82,18,89,68",,False,370
crea-stru-07,creative,haiku,structured,36,369,111,0.3008130081300813,3.761658865720923,0.16651682972736645,49,"49,34,101,65,121,71",,False,370
crea-stru-07,creative,haiku,structured,38,369,114,0.3089430894308943,3.764651238951366,0.13283236939148071,92,"92,124,26,76,8,64",,False,370
crea-stru-07,creative,haiku,structured,40,369,111,0.3008130081300813,3.8305390797750762,0.17111384935896418,15,"15,20,91,41,11,126",,False,370
crea-stru-07,creative,haiku,structured,43,369,112,0.3035230352303523,3.961659656406269,0.10527409217622978,51,"51,112,37,104,31,66",,False,370
crea-stru-07,creative,haiku,structured,45,369,121,0.32791327913279134,4.157188316718316,0.12995604492303478,29,"29,36,74,53,15,65",,False,370
crea-stru-07,creative,haiku,structured,47,369,119,0.3224932249322493,4.185576212753772,0.16441611184342111,116,"116,4,5,37,36,99",,False,370
crea-stru-07,creative,haiku,structured,49,369,122,0.33062330623306235,4.239410187116792,0.0715362992746199,115,"115,52,77,127,98,50",,False,370
crea-stru-07,creative,haiku,structured,51,369,127,0.34417344173441733,4.496115395479815,0.0359253438461015,87,"87,15,79,113,93,19",,False,370
crea-stru-08,creative,story,structured,1,235,127,0.5404255319148936,4.702336552583473,0.02392855094759256,75,"75,52,13,18,74,45",,False,236
crea-stru-08,creative,story,structured,3,235,128,0.5446808510638298,4.647759806472035,0.026509728046056828,36,"36,109,100,78,20,5",,False,236
crea-stru-08,creative,story,structured,6,235,122,0.5191489361702127,4.51492822397174,0.030243485867389185,96,"96,58,27,66,92,97",,False,236
crea-stru-08,creative,story,structured,8,235,107,0.4553191489361702,4.066114970058821,0.06556598383051757,77,"77,53,38,67,116,6",,False,236
crea-stru-08,creative,story,structured,10,235,86,0.3659574468085106,3.8739252727304514,0.06858624144521216,63,"63,65,2,113,60,21",,False,236
crea-stru-08,creative,story,structured,13,235,94,0.4,3.8264042979155573,0.09866829344918064,104,"104,46,120,40,96,64",,False,236
crea-stru-08,creative,story,structured,15,235,89,0.37872340425531914,3.634508305692251,0.10797172139024377,26,"26,17,120,122,20,95",,False,236
crea-stru-08,creative,story,structured,17,235,91,0.3872340425531915,3.9739099543029752,0.060290788578315005,125,"125,32,104,101,63,28",,False,236
crea-stru-08,creative,story,structured,20,235,90,0.3829787234042553,3.824550469531969,0.08182187651419258,78,"78,16,58,110,120,92",,False,236
crea-stru-08,creative,story,structured,22,235,106,0.451063829787234,4.277355785417138,0.06482823762513659,58,"58,2,55,108,112,3",,False,236
crea-stru-08,creative,story,structured,24,235,89,0.37872340425531914,3.5945166022007426,0.09993544281099496,87,"87,121,30,17,71,105",,False,236
crea-stru-08,creative,story,structured,27,235,97,0.4127659574468085,3.982651902024566,0.08786111602275837,89,"89,103,33,64,34,32",,False,236
crea-stru-08,creative,story,structured,29,235,111,0.4723404255319149,3.9779045773069273,0.1791973540803157,44,"44,18,107,41,60,23",,False,236
crea-stru-08,creative,story,structured,31,235,107,0.4553191489361702,4.115472172885759,0.09651339112627248,74,"74,4,27,91,10,29",,False,236
crea-stru-08,creative,story,structured,34,235,106,0.451063829787234,4.027870969041458,0.10313971097923451,4,"4,92,23,18,120,1",,False,236
crea-stru-08,creative,story,structured,36,235,109,0.46382978723404256,3.9397683040644638,0.1562972894858831,49,"49,14,50,94,109,70",,False,236
crea-stru-08,creative,story,structured,38,235,105,0.44680851063829785,4.154217190822409,0.0925061538138686,92,"92,126,26,95,88,80",,False,236
crea-stru-08,creative,story,structured,40,235,98,0.41702127659574467,3.84549085870552,0.11152390094706179,15,"15,29,18,74,20,81",,False,236
crea-stru-08,creative,story,structured,43,235,110,0.46808510638297873,4.152441810462425,0.0727707778260979,51,"51,92,57,50,2,120",,False,236
crea-stru-08,creative,story,structured,45,235,119,0.5063829787234042,4.3856977617783155,0.06701618067569291,29,"29,70,116,74,122,23",,False,236
crea-stru-08,creative,story,structured,47,235,117,0.4978723404255319,4.324674631175648,0.08612717759863099,116,"116,103,75,109,5,84",,False,236
crea-stru-08,creative,story,structured,49,235,111,0.4723404255319149,4.308886067759653,0.05064027570590525,127,"127,30,67,52,125,12",,False,236
crea-stru-08,creative,story,structured,51,235,120,0.5106382978723404,4.468190750722528,0.047093764646805855,13,"13,15,3,38,79,112",,False,236
crea-stru-09,creative,story,structured,1,1023,128,0.12512218963831867,4.740779008733265,0.020699143315845554,93,"93,80,36,27,21,44",,True,1024
crea-stru-09,creative,story,structured,3,1023,128,0.12512218963831867,4.621339803474765,0.031015766508268292,115,"115,108,7,13,64,0",,True,1024
crea-stru-09,creative,story,structured,6,1023,127,0.1241446725317693,4.585069336022835,0.033127165198568106,96,"96,79,39,25,92,106",,True,1024
crea-stru-09,creative,story,structured,8,1023,124,0.12121212121212122,4.145332249067533,0.07756427442368914,77,"77,54,53,69,38,71",,True,1024
crea-stru-09,creative,story,structured,10,1023,116,0.11339198435972629,3.898544170023921,0.12723574224485112,63,"63,60,21,94,10,85",,True,1024
crea-stru-09,creative,story,structured,13,1023,110,0.10752688172043011,3.8819617180641397,0.15060033250829935,120,"120,104,46,64,118,96",,True,1024
crea-stru-09,creative,story,structured,15,1023,114,0.11143695014662756,3.7626973591812773,0.1365554965345258,17,"17,26,20,120,12,113",,True,1024
crea-stru-09,creative,story,structured,17,1023,113,0.1104594330400782,4.162006100419432,0.06213648554839133,3,"3,111,101,32,28,24",,True,1024
crea-stru-09,creative,story,structured,20,1023,114,0.11143695014662756,4.062953977447568,0.09394615809711987,58,"58,92,54,105,26,114",,True,1024
crea-stru-09,creative,story,structured,22,1023,127,0.1241446725317693,4.457967970335848,0.04050279729585506,55,"55,58,15,94,72,3",,True,1024
crea-stru-09,creative,story,structured,24,1023,116,0.11339198435972629,3.972654282842112,0.09172595258502753,87,"87,121,17,30,88,42",,True,1024
crea-stru-09,creative,story,structured,27,1023,117,0.11436950146627566,4.258077215597915,0.06036474069252934,0,"0,103,117,70,32,89",,True,1024
crea-stru-09,creative,story,structured,29,1023,126,0.12316715542521994,4.057927251470254,0.2042772747310821,44,"44,36,7,110,125,43",,True,1024
crea-stru-09,creative,story,structured,31,1023,123,0.12023460410557185,4.273607765046651,0.06069814428639819,67,"67,4,35,33,101,118",,True,1024
crea-stru-09,creative,story,structured,34,1023,122,0.11925708699902249,4.127274271961893,0.12450778589812188,4,"4,23,18,120,27,55",,True,1024
crea-stru-09,creative,story,structured,36,1023,124,0.12121212121212122,4.017382320247968,0.17186123725970287,49,"49,65,50,37,14,101",,True,1024
crea-stru-09,creative,story,structured,38,1023,121,0.11827956989247312,4.150980356025323,0.12891009181598448,92,"92,27,82,64,88,124",,True,1024
crea-stru-09,creative,story,structured,40,1023,121,0.11827956989247312,3.960995979057636,0.17769892283838834,15,"15,9,109,74,18,1",,True,1024
crea-stru-09,creative,story,structured,43,1023,122,0.11925708699902249,4.2676652067599585,0.07142030387253893,112,"112,37,51,2,18,109",,True,1024
crea-stru-09,creative,story,structured,45,1023,126,0.12316715542521994,4.447492941182507,0.03561678901003383,29,"29,125,50,70,26,27",,True,1024
crea-stru-09,creative,story,structured,47,1023,124,0.12121212121212122,4.303126441124652,0.10439939264408594,116,"116,5,23,103,34,112",,True,1024
crea-stru-09,creative,story,structured,49,1023,123,0.12023460410557185,4.24310015531596,0.07524675204016645,115,"115,127,30,39,42,29",,True,1024
crea-stru-09,creative,story,structured,51,1023,126,0.12316715542521994,4.549425040910046,0.03271146660671735,36,"36,13,3,23,15,24",,True,1024
crea-stru-10,creative,poetry,structured,1,682,128,0.187683284457478,4.723100577574962,0.020658052379057483,4,"4,107,92,86,44,13",,False,683
crea-stru-10,creative,poetry,structured,3,682,128,0.187683284457478,4.62372405386269,0.03038028189887716,110,"110,36,78,109,68,8",,False,683
crea-stru-10,creative,poetry,structured,6,682,126,0.18475073313782991,4.470139172358298,0.051954511316684604,25,"25,120,66,52,96,18",,False,683
crea-stru-10,creative,poetry,structured,8,682,115,0.16862170087976538,3.9762288104738124,0.116542357873008,69,"69,77,54,38,24,53",,False,683
crea-stru-10,creative,poetry,structured,10,682,107,0.15689149560117302,3.67930164380979,0.16401145355538044,48,"48,93,33,121,41,21",,False,683
crea-stru-10,creative,poetry,structured,13,682,110,0.16129032258064516,3.9520061134683293,0.08778207009979082,120,"120,104,46,96,59,3",,False,683
crea-stru-10,creative,poetry,structured,15,682,103,0.15102639296187684,3.649855863742029,0.1501738988612986,17,"17,26,120,110,65,95",,False,683
crea-stru-10,creative,poetry,structured,17,682,110,0.16129032258064516,3.946933807814969,0.08811903354371195,104,"104,30,21,111,32,56",,False,683
crea-stru-10,creative,poetry,structured,20,682,106,0.15542521994134897,3.878565679406943,0.12365652715576564,58,"58,16,47,92,69,86",,False,683
crea-stru-10,creative,poetry,structured,22,682,122,0.17888563049853373,4.300778670044694,0.07267754643099353,55,"55,2,54,58,8,44",,False,683
crea-stru-10,creative,poetry,structured,24,682,109,0.1598240469208211,3.687052191032973,0.10915738991063578,17,"17,87,121,30,16,41",,False,683
crea-stru-10,creative,poetry,structured,27,682,113,0.1656891495601173,4.1239615718632106,0.08873955815259524,17,"17,94,6,102,122,127",,False,683
crea-stru-10,creative,poetry,structured,29,682,119,0.1744868035190616,4.119928598379729,0.16234937706052296,44,"44,18,7,98,43,102",,False,683
crea-stru-10,creative,poetry,structured,31,682,118,0.17302052785923755,4.0590787583845,0.11492499357071384,4,"4,74,93,102,61,1",,False,683
crea-stru-10,creative,poetry,structured,34,682,111,0.1627565982404692,3.9412161227882696,0.10790800635939575,23,"23,4,126,47,120,18",,False,683
crea-stru-10,creative,poetry,structured,36,682,118,0.17302052785923755,3.8205605837958125,0.20636364586628209,49,"49,34,2,66,35,50",,False,683
crea-stru-10,creative,poetry,structured,38,682,117,0.17155425219941348,3.954263637362087,0.15118451075614092,124,"124,106,93,57,26,116",,False,683
crea-stru-10,creative,poetry,structured,40,682,116,0.17008797653958943,4.002142898431351,0.1541666988847392,15,"15,56,20,41,9,124",,False,683
crea-stru-10,creative,poetry,structured,43,682,119,0.1744868035190616,3.941108493755181,0.1035383184243873,112,"112,98,104,51,56,76",,False,683
crea-stru-10,creative,poetry,structured,45,682,126,0.18475073313782991,4.150666127149577,0.16411594000770513,29,"29,96,108,16,83,111",,False,683
crea-stru-10,creative,poetry,structured,47,682,124,0.18181818181818182,4.236075045528385,0.1325776507865867,116,"116,5,4,103,78,31",,False,683
crea-stru-10,creative,poetry,structured,49,682,123,0.18035190615835778,4.102853030796869,0.12193747842740055,52,"52,125,127,30,50,115",,False,683
crea-stru-10,creative,poetry,structured,51,682,127,0.18621700879765396,4.536199732702046,0.05365060032043246,15,"15,3,76,74,86,58",,False,683
crea-stru-11,creative,poetry,structured,1,134,128,0.9552238805970149,4.673174944067968,0.036938692890908564,40,"40,111,8,115,93,80",,False,135
crea-stru-11,creative,poetry,structured,3,134,125,0.9328358208955224,4.5835945831686145,0.04037419738974255,100,"100,110,119,115,22,114",,False,135
crea-stru-11,creative,poetry,structured,6,134,117,0.8731343283582089,4.3786144141955425,0.057126626139130936,25,"25,120,96,27,22,21",,False,135
crea-stru-11,creative,poetry,structured,8,134,99,0.7388059701492538,3.916978789079635,0.13394978413533154,69,"69,38,77,49,53,95",,False,135
crea-stru-11,creative,poetry,structured,10,134,90,0.6716417910447762,3.762092170355249,0.12058552810416838,48,"48,93,21,33,41,121",,False,135
crea-stru-11,creative,poetry,structured,13,134,84,0.6268656716417911,3.6043711086220847,0.1489639571356942,104,"104,46,96,109,64,120",,False,135
crea-stru-11,creative,poetry,structured,15,134,71,0.5298507462686567,3.3875202355028713,0.13475800127682275,17,"17,26,64,120,99,65",,False,135
crea-stru-11,creative,poetry,structured,17,134,78,0.582089552238806,3.730171038889317,0.13080999496775317,104,"104,111,32,56,30,107",,False,135
crea-stru-11,creative,poetry,structured,20,134,82,0.6119402985074627,3.7521014473959338,0.11180660620742126,16,"16,126,58,47,110,120",,False,135
crea-stru-11,creative,poetry,structured,22,134,105,0.7835820895522388,4.114023857960615,0.09938462166329973,2,"2,55,35,63,86,98",,False,135
crea-stru-11,creative,poetry,structured,24,134,77,0.5746268656716418,3.528904125757375,0.1274801677677488,17,"17,87,41,30,73,60",,False,135
crea-stru-11,creative,poetry,structured,27,134,91,0.6791044776119403,3.851571736266561,0.12653097812065922,17,"17,32,0,20,94,64",,False,135
crea-stru-11,creative,poetry,structured,29,134,106,0.7910447761194029,4.043006859907192,0.10917067086298789,44,"44,122,41,7,98,36",,False,135
crea-stru-11,creative,poetry,structured,31,134,100,0.746268656716418,3.9400379907823124,0.12902026832519398,4,"4,74,93,29,57,94",,False,135
crea-stru-11,creative,poetry,structured,34,134,93,0.6940298507462687,3.796513920663867,0.10692176597458845,23,"23,4,62,18,82,126",,False,135
crea-stru-11,creative,poetry,structured,36,134,96,0.7164179104477612,3.809174870980996,0.13683035275066519,49,"49,34,51,50,22,35",,False,135
crea-stru-11,creative,poetry,structured,38,134,81,0.6044776119402985,3.647931091671509,0.13781827391005705,124,"124,67,64,4,26,120",,False,135
crea-stru-11,creative,poetry,structured,40,134,90,0.6716417910447762,3.89713906022023,0.08635885954824445,20,"20,15,41,81,77,12",,False,135
crea-stru-11,creative,poetry,structured,43,134,103,0.7686567164179104,3.88490170624117,0.12199179982596858,51,"51,117,31,54,28,112",,False,135
crea-stru-11,creative,poetry,structured,45,134,110,0.8208955223880597,4.0805816132954424,0.12279241012134434,29,"29,7,74,35,6,86",,False,135
crea-stru-11,creative,poetry,structured,47,134,108,0.8059701492537313,4.224260160595133,0.05581580590927012,116,"116,15,0,31,126,123",,False,135
crea-stru-11,creative,poetry,structured,49,134,99,0.7388059701492538,4.091468785547972,0.10217334744261908,52,"52,92,14,125,30,75",,False,135
crea-stru-11,creative,poetry,structured,51,134,113,0.8432835820895522,4.306261352812267,0.06701151232573321,15,"15,79,53,88,10,99",,False,135
crea-stru-12,creative,constrained,structured,1,942,128,0.13588110403397027,4.734472838298874,0.021868527176786473,80,"80,44,46,4,26,98",,False,943
crea-stru-12,creative,constrained,structured,3,942,128,0.13588110403397027,4.567433118840288,0.043849282691857235,53,"53,78,100,10,40,62",,False,943
crea-stru-12,creative,constrained,structured,6,942,126,0.1337579617834395,4.4026112915054325,0.05863549807012208,120,"120,47,97,66,80,22",,False,943
crea-stru-12,creative,constrained,structured,8,942,117,0.12420382165605096,4.005809569181129,0.0969468149188452,38,"38,13,54,55,77,69",,False,943
crea-stru-12,creative,constrained,structured,10,942,111,0.1178343949044586,3.9172693199609396,0.12266602419590769,23,"23,6,41,94,5,63",,False,943
crea-stru-12,creative,constrained,structured,13,942,103,0.10934182590233546,3.721892250305936,0.12860809711566826,96,"96,8,120,61,46,104",,False,943
crea-stru-12,creative,constrained,structured,15,942,109,0.11571125265392782,3.759911204002211,0.11772789009932158,26,"26,17,99,65,113,2",,False,943
crea-stru-12,creative,constrained,structured,17,942,102,0.10828025477707007,3.6283285938051986,0.1757850612557217,56,"56,104,111,30,90,107",,False,943
crea-stru-12,creative,constrained,structured,20,942,106,0.11252653927813164,3.668430124065476,0.10555245729081361,58,"58,126,47,110,106,16",,False,943
crea-stru-12,creative,constrained,structured,22,942,117,0.12420382165605096,4.299191838263731,0.06102568404823538,2,"2,72,15,58,50,114",,False,943
crea-stru-12,creative,constrained,structured,24,942,106,0.11252653927813164,3.64458363389784,0.13158000793120908,60,"60,17,16,21,30,116",,False,943
crea-stru-12,creative,constrained,structured,27,942,104,0.11040339702760085,4.132226376327711,0.048784095995946124,20,"20,102,51,9,88,117",,False,943
crea-stru-12,creative,constrained,structured,29,942,119,0.12632696390658174,4.120369745926217,0.1271550722632277,44,"44,122,123,18,81,102",,False,943
crea-stru-12,creative,constrained,structured,31,942,113,0.11995753715498939,4.108281319540527,0.11243317761572716,4,"4,74,101,29,44,102",,False,943
crea-stru-12,creative,constrained,structured,34,942,116,0.12314225053078556,3.8348689477126126,0.12211560792786551,23,"23,82,18,73,47,40",,False,943
crea-stru-12,creative,constrained,structured,36,942,119,0.12632696390658174,3.835265345633129,0.11463486873785711,35,"35,50,66,49,32,70",,False,943
crea-stru-12,creative,constrained,structured,38,942,115,0.12208067940552017,3.747252758582786,0.14704261309107192,107,"107,120,92,64,50,43",,False,943
crea-stru-12,creative,constrained,structured,40,942,118,0.12526539278131635,4.054284171875018,0.0763666414457225,20,"20,97,98,81,51,15",,False,943
crea-stru-12,creative,constrained,structured,43,942,121,0.12845010615711253,3.9820664313815572,0.10054615181066184,104,"104,78,37,28,51,69",,False,943
crea-stru-12,creative,constrained,structured,45,942,126,0.1337579617834395,4.314522138058048,0.05153804371179823,78,"78,122,86,111,5,15",,False,943
crea-stru-12,creative,constrained,structured,47,942,123,0.1305732484076433,4.284796676964073,0.07929760021388887,116,"116,106,14,6,119,15",,False,943
crea-stru-12,creative,constrained,structured,49,942,121,0.12845010615711253,4.143444831381071,0.10182576601904852,36,"36,98,67,115,92,30",,False,943
crea-stru-12,creative,constrained,structured,51,942,128,0.13588110403397027,4.469070438157308,0.05061736003863956,15,"15,79,23,114,49,76",,False,943
fact-easy-01,factual,global_facts,easy,1,1535,128,0.08338762214983714,4.715086745452932,0.020810167804632507,51,"51,33,41,97,124,5",,True,1536
fact-easy-01,factual,global_facts,easy,3,1535,128,0.08338762214983714,4.657878264094436,0.027473093321628565,85,"85,83,0,117,98,11",,True,1536
fact-easy-01,factual,global_facts,easy,6,1535,126,0.08208469055374593,4.513857648791377,0.03439706509661763,110,"110,17,23,42,14,32",,True,1536
fact-easy-01,factual,global_facts,easy,8,1535,126,0.08208469055374593,3.9258387953804985,0.12399555081333612,126,"126,108,120,37,10,103",,True,1536
fact-easy-01,factual,global_facts,easy,10,1535,121,0.07882736156351791,3.630747004550694,0.22992505238374303,66,"66,3,36,61,81,55",,True,1536
fact-easy-01,factual,global_facts,easy,13,1535,112,0.07296416938110749,3.938276348596005,0.07427246342217306,91,"91,67,51,34,13,53",,True,1536
fact-easy-01,factual,global_facts,easy,15,1535,117,0.0762214983713355,3.974122139068227,0.11258386193907596,69,"69,68,23,113,114,39",,True,1536
fact-easy-01,factual,global_facts,easy,17,1535,116,0.0755700325732899,3.8591815953207202,0.10114387304073924,64,"64,124,3,62,6,74",,True,1536
fact-easy-01,factual,global_facts,easy,20,1535,113,0.0736156351791531,3.8785075353914342,0.11707049761723469,34,"34,17,26,125,116,124",,True,1536
fact-easy-01,factual,global_facts,easy,22,1535,125,0.08143322475570032,4.151524463015957,0.08566102972375816,101,"101,14,17,29,46,9",,True,1536
fact-easy-01,factual,global_facts,easy,24,1535,119,0.07752442996742671,4.154332505144621,0.06817723611673174,93,"93,36,4,57,12,88",,True,1536
fact-easy-01,factual,global_facts,easy,27,1535,121,0.07882736156351791,3.9369354206800318,0.149240632336343,8,"8,56,35,98,5,81",,True,1536
fact-easy-01,factual,global_facts,easy,29,1535,125,0.08143322475570032,3.985230805047839,0.1355170867885605,45,"45,80,94,1,73,32",,True,1536
fact-easy-01,factual,global_facts,easy,31,1535,124,0.08078175895765473,3.975674848968687,0.1082051606021642,23,"23,26,50,83,80,47",,True,1536
fact-easy-01,factual,global_facts,easy,34,1535,118,0.07687296416938111,3.9110350816363324,0.19022471165416754,55,"55,27,58,86,102,35",,True,1536
fact-easy-01,factual,global_facts,easy,36,1535,124,0.08078175895765473,3.769730325096016,0.20034159008378793,110,"110,127,71,104,70,81",,True,1536
fact-easy-01,factual,global_facts,easy,38,1535,121,0.07882736156351791,3.7632495092370415,0.19912595776852107,97,"97,54,11,84,39,127",,True,1536
fact-easy-01,factual,global_facts,easy,40,1535,125,0.08143322475570032,4.058757910997837,0.09523217861533405,109,"109,106,44,34,46,38",,True,1536
fact-easy-01,factual,global_facts,easy,43,1535,123,0.08013029315960912,3.960922682731106,0.09298332795797108,52,"52,92,0,105,44,7",,True,1536
fact-easy-01,factual,global_facts,easy,45,1535,126,0.08208469055374593,4.199863562925678,0.06991629279166524,66,"66,67,68,16,25,70",,True,1536
fact-easy-01,factual,global_facts,easy,47,1535,127,0.08273615635179153,4.044456639013296,0.13559710005999254,97,"97,12,64,114,34,10",,True,1536
fact-easy-01,factual,global_facts,easy,49,1535,122,0.07947882736156352,4.235024223519446,0.0612001817769231,8,"8,77,85,61,30,16",,True,1536
fact-easy-01,factual,global_facts,easy,51,1535,128,0.08338762214983714,4.371014390130197,0.06463552161262133,55,"55,85,27,49,40,8",,True,1536
fact-easy-02,factual,global_facts,easy,1,679,128,0.18851251840942562,4.730970055229279,0.017534818953522855,33,"33,97,116,99,101,36",True,False,680
fact-easy-02,factual,global_facts,easy,3,679,128,0.18851251840942562,4.651109780385621,0.02532139212751988,115,"115,51,64,0,112,117",True,False,680
fact-easy-02,factual,global_facts,easy,6,679,127,0.187039764359352,4.510343167818989,0.04859815301950102,16,"16,50,110,68,23,17",True,False,680
fact-easy-02,factual,global_facts,easy,8,679,119,0.17525773195876287,3.9741328211776357,0.0947832106259851,107,"107,37,106,126,111,5",True,False,680
fact-easy-02,factual,global_facts,easy,10,679,115,0.16936671575846834,3.8569025308516056,0.1605712253287546,66,"66,80,106,99,3,30",True,False,680
fact-easy-02,factual,global_facts,easy,13,679,108,0.15905743740795286,3.9535843638588952,0.08649436646528245,17,"17,34,62,127,91,107",True,False,680
fact-easy-02,factual,global_facts,easy,15,679,114,0.16789396170839468,4.054052103044442,0.10536539328486452,23,"23,41,68,63,78,38",True,False,680
fact-easy-02,factual,global_facts,easy,17,679,110,0.16200294550810015,3.9196398750579116,0.09569664536210491,124,"124,121,73,64,60,19",True,False,680
fact-easy-02,factual,global_facts,easy,20,679,113,0.16642120765832105,4.051517632342795,0.0767125411533539,34,"34,26,125,17,19,16",True,False,680
fact-easy-02,factual,global_facts,easy,22,679,119,0.17525773195876287,4.417319733232298,0.05259017283735414,101,"101,65,61,29,58,17",True,False,680
fact-easy-02,factual,global_facts,easy,24,679,113,0.16642120765832105,4.144489780209011,0.0730293725580128,36,"36,127,78,121,3,93",True,False,680
fact-easy-02,factual,global_facts,easy,27,679,118,0.17378497790868924,4.095940175146161,0.11755291348109019,8,"8,2,56,81,87,16",True,False,680
fact-easy-02,factual,global_facts,easy,29,679,123,0.18114874815905743,4.269832873436493,0.09947741597021066,45,"45,89,18,93,1,32",True,False,680
fact-easy-02,factual,global_facts,easy,31,679,123,0.18114874815905743,4.181483387329077,0.0824720486996522,50,"50,23,109,83,26,27",True,False,680
fact-easy-02,factual,global_facts,easy,34,679,119,0.17525773195876287,4.134381913184612,0.1523229208895667,55,"55,102,98,58,7,27",True,False,680
fact-easy-02,factual,global_facts,easy,36,679,123,0.18114874815905743,3.993084263484075,0.15916036557677493,110,"110,6,127,105,27,70",True,False,680
fact-easy-02,factual,global_facts,easy,38,679,121,0.17820324005891017,3.9995875746815823,0.12300227657879495,76,"76,11,97,101,27,54",True,False,680
fact-easy-02,factual,global_facts,easy,40,679,125,0.18409425625920472,3.91769009174078,0.17909546823714487,109,"109,9,28,106,0,46",True,False,680
fact-easy-02,factual,global_facts,easy,43,679,123,0.18114874815905743,4.231456905366371,0.1051497946955447,38,"38,82,44,92,7,36",True,False,680
fact-easy-02,factual,global_facts,easy,45,679,127,0.187039764359352,4.39455015676201,0.06785048906988096,70,"70,66,25,100,57,50",True,False,680
fact-easy-02,factual,global_facts,easy,47,679,125,0.18409425625920472,4.2438790491741925,0.09824827275696253,97,"97,114,12,34,23,56",True,False,680
fact-easy-02,factual,global_facts,easy,49,679,123,0.18114874815905743,4.299665932293068,0.07539753010211198,8,"8,109,117,39,61,1",True,False,680
fact-easy-02,factual,global_facts,easy,51,679,126,0.18556701030927836,4.46047748967671,0.06257802675305693,80,"80,85,49,107,55,113",True,False,680
fact-easy-03,factual,global_facts,easy,1,1524,128,0.08398950131233596,4.731271799020682,0.01886690107824091,33,"33,51,116,101,73,38",False,False,1525
fact-easy-03,factual,global_facts,easy,3,1524,128,0.08398950131233596,4.671654153510139,0.023819011321324173,115,"115,71,64,0,42,50",False,False,1525
fact-easy-03,factual,global_facts,easy,6,1524,127,0.08333333333333333,4.607485460355793,0.02823764732889815,29,"29,16,23,110,39,67",False,False,1525
fact-easy-03,factual,global_facts,easy,8,1524,126,0.08267716535433071,4.11740655345725,0.07320249614700855,81,"81,37,30,35,70,77",False,False,1525
fact-easy-03,factual,global_facts,easy,10,1524,120,0.07874015748031496,3.9043541183222583,0.15364425079915314,66,"66,61,124,22,99,30",False,False,1525
fact-easy-03,factual,global_facts,easy,13,1524,116,0.07611548556430446,3.8239190251819988,0.16271010973577874,127,"127,17,34,62,57,75",False,False,1525
fact-easy-03,factual,global_facts,easy,15,1524,117,0.07677165354330709,3.998802600830423,0.0832910146031178,69,"69,73,90,68,63,92",False,False,1525
fact-easy-03,factual,global_facts,easy,17,1524,116,0.07611548556430446,4.105498287426799,0.07428489205885527,73,"73,121,60,26,52,62",False,False,1525
fact-easy-03,factual,global_facts,easy,20,1524,114,0.07480314960629922,4.044108527502501,0.06753575369766433,125,"125,109,26,16,81,15",False,False,1525
fact-easy-03,factual,global_facts,easy,22,1524,121,0.07939632545931759,4.37056078306506,0.05121921059533953,65,"65,7,77,112,103,17",False,False,1525
fact-easy-03,factual,global_facts,easy,24,1524,119,0.07808398950131233,4.186710196530899,0.061967115315545655,93,"93,121,74,96,88,56",False,False,1525
fact-easy-03,factual,global_facts,easy,27,1524,122,0.08005249343832022,4.020604075165611,0.1326583228794095,8,"8,49,16,59,2,100",False,False,1525
fact-easy-03,factual,global_facts,easy,29,1524,122,0.08005249343832022,4.170212338099281,0.1119067467486287,79,"79,80,116,89,45,18",False,False,1525
fact-easy-03,factual,global_facts,easy,31,1524,127,0.08333333333333333,4.223835888460507,0.07617616371639524,13,"13,116,30,26,83,50",False,False,1525
fact-easy-03,factual,global_facts,easy,34,1524,125,0.08202099737532809,4.2436870753565215,0.08483277304842005,55,"55,127,98,95,58,115",False,False,1525
fact-easy-03,factual,global_facts,easy,36,1524,125,0.08202099737532809,3.9451237853644563,0.19321347327001892,110,"110,52,36,114,70,94",False,False,1525
fact-easy-03,factual,global_facts,easy,38,1524,126,0.08267716535433071,4.162151700257401,0.09480241536334515,11,"11,30,64,47,96,83",False,False,1525
fact-easy-03,factual,global_facts,easy,40,1524,123,0.08070866141732283,3.9402394679034387,0.12633406888135265,79,"79,9,109,104,90,40",False,False,1525
fact-easy-03,factual,global_facts,easy,43,1524,125,0.08202099737532809,4.160169048034069,0.13542869947645644,92,"92,32,18,99,31,82",False,False,1525
fact-easy-03,factual,global_facts,easy,45,1524,127,0.08333333333333333,4.387031677928829,0.04677777805634331,108,"108,107,60,25,94,70",False,False,1525
fact-easy-03,factual,global_facts,easy,47,1524,127,0.08333333333333333,4.398787401209836,0.05768089762031154,114,"114,16,12,83,73,8",False,False,1525
fact-easy-03,factual,global_facts,easy,49,1524,124,0.08136482939632546,4.313326286147578,0.05843296871086313,24,"24,85,30,73,61,34",False,False,1525
fact-easy-03,factual,global_facts,easy,51,1524,128,0.08398950131233596,4.5548375416048605,0.03118712131817867,23,"23,85,27,72,17,77",False,False,1525
fact-easy-04,factual,global_facts,easy,1,159,127,0.7987421383647799,4.705271186939361,0.019367290940833427,33,"33,16,123,40,64,21",True,False,160
fact-easy-04,factual,global_facts,easy,3,159,127,0.7987421383647799,4.594980363869501,0.030452893276680215,85,"85,112,115,117,64,116",True,False,160
fact-easy-04,factual,global_facts,easy,6,159,122,0.7672955974842768,4.4443379473613325,0.049357716461682556,16,"16,110,23,81,114,109",True,False,160
fact-easy-04,factual,global_facts,easy,8,159,108,0.6792452830188679,4.016602242407652,0.1073138883480566,37,"37,81,126,10,77,120",True,False,160
fact-easy-04,factual,global_facts,easy,10,159,91,0.5723270440251572,3.628765579646707,0.1742669779388597,66,"66,61,124,99,80,81",True,False,160
fact-easy-04,factual,global_facts,easy,13,159,78,0.49056603773584906,3.533928037990659,0.13412515178260492,127,"127,17,62,34,107,39",True,False,160
fact-easy-04,factual,global_facts,easy,15,159,96,0.6037735849056604,3.8695150339985527,0.08196665933733867,68,"68,38,41,23,63,114",True,False,160
fact-easy-04,factual,global_facts,easy,17,159,86,0.5408805031446541,3.843565768700493,0.07692706917810217,73,"73,124,52,3,36,121",True,False,160
fact-easy-04,factual,global_facts,easy,20,159,95,0.5974842767295597,3.7739551578367347,0.09515519450866972,34,"34,26,17,19,16,125",True,False,160
fact-easy-04,factual,global_facts,easy,22,159,108,0.6792452830188679,4.285646106163475,0.0633621801564976,101,"101,58,17,65,14,62",True,False,160
fact-easy-04,factual,global_facts,easy,24,159,96,0.6037735849056604,4.0442891687251254,0.07801338507692596,36,"36,78,93,127,49,12",True,False,160
fact-easy-04,factual,global_facts,easy,27,159,105,0.660377358490566,3.901060955846265,0.1476715594070732,8,"8,2,49,56,103,16",True,False,160
fact-easy-04,factual,global_facts,easy,29,159,107,0.6729559748427673,4.002645876767751,0.11462651145746891,45,"45,18,80,89,102,50",True,False,160
fact-easy-04,factual,global_facts,easy,31,159,102,0.6415094339622641,3.840946928366063,0.1020645255202772,26,"26,23,50,109,13,83",True,False,160
fact-easy-04,factual,global_facts,easy,34,159,104,0.6540880503144654,4.111725655297168,0.11060844965664604,55,"55,102,1,98,27,35",True,False,160
fact-easy-04,factual,global_facts,easy,36,159,106,0.6666666666666666,3.9111352646970956,0.18388762228587993,110,"110,127,73,105,36,34",True,False,160
fact-easy-04,factual,global_facts,easy,38,159,102,0.6415094339622641,3.971320601145176,0.10758075205000973,97,"97,54,25,11,58,121",True,False,160
fact-easy-04,factual,global_facts,easy,40,159,107,0.6729559748427673,3.9033580171898836,0.16886634935385314,109,"109,9,34,79,92,123",True,False,160
fact-easy-04,factual,global_facts,easy,43,159,102,0.6415094339622641,3.8431716560938165,0.15475078896903594,99,"99,82,92,7,36,105",True,False,160
fact-easy-04,factual,global_facts,easy,45,159,113,0.710691823899371,4.317399036527887,0.05475983610251278,70,"70,66,25,43,73,0",True,False,160
fact-easy-04,factual,global_facts,easy,47,159,113,0.710691823899371,4.213340551892692,0.09206558565143055,97,"97,12,34,64,3,0",True,False,160
fact-easy-04,factual,global_facts,easy,49,159,111,0.6981132075471698,4.21904179831044,0.07826481776038383,8,"8,30,124,61,31,34",True,False,160
fact-easy-04,factual,global_facts,easy,51,159,121,0.7610062893081762,4.472307537304485,0.047873264162129205,55,"55,49,85,19,27,81",True,False,160
fact-easy-05,factual,high_school_geography,easy,1,252,128,0.5079365079365079,4.725033569667056,0.0215846059082041,48,"48,80,38,113,26,99",True,False,253
fact-easy-05,factual,high_school_geography,easy,3,252,126,0.5,4.594919409587541,0.0354309585651604,41,"41,23,78,96,33,106",True,False,253
fact-easy-05,factual,high_school_geography,easy,6,252,123,0.4880952380952381,4.339422337603632,0.09660365118542037,16,"16,71,59,47,66,110",True,False,253
fact-easy-05,factual,high_school_geography,easy,8,252,114,0.4523809523809524,3.789069309885355,0.22693140427682276,122,"122,7,54,111,77,92",True,False,253
fact-easy-05,factual,high_school_geography,easy,10,252,100,0.3968253968253968,3.574905484562613,0.1610383812611462,118,"118,119,83,3,41,61",True,False,253
fact-easy-05,factual,high_school_geography,easy,13,252,103,0.4087301587301587,3.7859654247889405,0.1328191378978609,111,"111,72,67,55,62,29",True,False,253
fact-easy-05,factual,high_school_geography,easy,15,252,103,0.4087301587301587,3.7985051490483595,0.13369424844820388,64,"64,76,41,63,122,92",True,False,253
fact-easy-05,factual,high_school_geography,easy,17,252,97,0.38492063492063494,3.894069456073987,0.10117614460959556,107,"107,6,15,73,60,111",True,False,253
fact-easy-05,factual,high_school_geography,easy,20,252,99,0.39285714285714285,3.960324525398512,0.09709254437099361,126,"126,34,50,3,123,112",True,False,253
fact-easy-05,factual,high_school_geography,easy,22,252,115,0.45634920634920634,4.318892604448594,0.06061047022795775,58,"58,123,45,127,65,8",True,False,253
fact-easy-05,factual,high_school_geography,easy,24,252,96,0.38095238095238093,3.7479922156446506,0.16540954059482524,73,"73,39,21,78,121,12",True,False,253
fact-easy-05,factual,high_school_geography,easy,27,252,102,0.40476190476190477,4.109287542203532,0.08961652514129285,51,"51,103,121,2,95,98",True,False,253
fact-easy-05,factual,high_school_geography,easy,29,252,109,0.43253968253968256,3.8801965518305095,0.12289076798688849,34,"34,122,40,18,89,19",True,False,253
fact-easy-05,factual,high_school_geography,easy,31,252,116,0.4603174603174603,4.113608501081383,0.07878316628886528,63,"63,29,23,54,67,41",True,False,253
fact-easy-05,factual,high_school_geography,easy,34,252,108,0.42857142857142855,4.090055524463565,0.11705410836884056,82,"82,23,1,102,50,55",True,False,253
fact-easy-05,factual,high_school_geography,easy,36,252,112,0.4444444444444444,3.946980018804413,0.16052913960947743,51,"51,69,45,84,111,30",True,False,253
fact-easy-05,factual,high_school_geography,easy,38,252,109,0.43253968253968256,3.7336795185084055,0.16819407196104733,73,"73,97,26,101,48,0",True,False,253
fact-easy-05,factual,high_school_geography,easy,40,252,111,0.44047619047619047,3.7231003653547297,0.16773526258007687,54,"54,77,9,117,92,81",True,False,253
fact-easy-05,factual,high_school_geography,easy,43,252,107,0.4246031746031746,3.6713757782130356,0.17443982621005502,117,"117,123,31,28,82,38",True,False,253
fact-easy-05,factual,high_school_geography,easy,45,252,120,0.47619047619047616,4.120440785986462,0.10575435758711445,35,"35,55,30,97,9,75",True,False,253
fact-easy-05,factual,high_school_geography,easy,47,252,119,0.4722222222222222,4.230074762718936,0.08701470922759214,37,"37,15,56,119,106,96",True,False,253
fact-easy-05,factual,high_school_geography,easy,49,252,114,0.4523809523809524,3.920438192784801,0.15985405808902708,75,"75,98,109,18,30,92",True,False,253
fact-easy-05,factual,high_school_geography,easy,51,252,122,0.48412698412698413,4.424421490358453,0.0657348947217642,79,"79,40,49,67,21,80",True,False,253
fact-easy-06,factual,high_school_geography,easy,1,627,128,0.20414673046251994,4.757653124349516,0.017714659828363875,42,"42,75,109,68,102,94",True,False,628
fact-easy-06,factual,high_school_geography,easy,3,627,128,0.20414673046251994,4.682948063331029,0.025473580069702215,122,"122,62,52,20,28,80",True,False,628
fact-easy-06,factual,high_school_geography,easy,6,627,127,0.2025518341307815,4.431899182210699,0.09776533593709663,16,"16,4,42,24,83,94",True,False,628
fact-easy-06,factual,high_school_geography,easy,8,627,124,0.19776714513556617,4.2645076673137,0.05731501249056335,37,"37,54,120,106,82,105",True,False,628
fact-easy-06,factual,high_school_geography,easy,10,627,116,0.1850079744816587,4.108421989647443,0.07837230618511501,66,"66,74,80,9,99,49",True,False,628
fact-easy-06,factual,high_school_geography,easy,13,627,117,0.18660287081339713,4.076273338062086,0.07583519760878492,125,"125,42,27,62,34,67",True,False,628
fact-easy-06,factual,high_school_geography,easy,15,627,118,0.18819776714513556,4.196563010475107,0.0663778401668353,41,"41,44,63,80,4,96",True,False,628
fact-easy-06,factual,high_school_geography,easy,17,627,110,0.17543859649122806,3.8780819013582737,0.07591508893607295,9,"9,124,15,60,90,73",True,False,628
fact-easy-06,factual,high_school_geography,easy,20,627,114,0.18181818181818182,3.953517877314938,0.0898410459283979,55,"55,34,16,72,94,102",True,False,628
fact-easy-06,factual,high_school_geography,easy,22,627,121,0.19298245614035087,4.373726957193437,0.03914588017506417,8,"8,84,46,23,65,58",True,False,628
fact-easy-06,factual,high_school_geography,easy,24,627,115,0.18341307814992025,4.004110807020952,0.10007025911768191,36,"36,39,117,106,45,38",True,False,628
fact-easy-06,factual,high_school_geography,easy,27,627,120,0.19138755980861244,4.340492598222513,0.036669403755002765,32,"32,7,91,4,120,46",True,False,628
fact-easy-06,factual,high_school_geography,easy,29,627,119,0.189792663476874,4.290772826889947,0.07180368540765068,88,"88,93,89,34,76,60",True,False,628
fact-easy-06,factual,high_school_geography,easy,31,627,117,0.18660287081339713,4.163578702132642,0.09733334600105474,26,"26,65,29,124,10,31",True,False,628
fact-easy-06,factual,high_school_geography,easy,34,627,122,0.19457735247208932,4.330584309244651,0.04353969191184262,113,"113,23,55,1,26,85",True,False,628
fact-easy-06,factual,high_school_geography,easy,36,627,123,0.19617224880382775,4.209489495487521,0.1092668497442587,6,"6,73,127,70,94,122",True,False,628
fact-easy-06,factual,high_school_geography,easy,38,627,120,0.19138755980861244,3.9311985166202192,0.19946466415038622,76,"76,87,79,82,88,40",True,False,628
fact-easy-06,factual,high_school_geography,easy,40,627,120,0.19138755980861244,4.23649071926013,0.10676681400522874,57,"57,9,125,104,38,29",True,False,628
fact-easy-06,factual,high_school_geography,easy,43,627,122,0.19457735247208932,4.103345311529521,0.16021037690074963,52,"52,82,123,99,9,28",True,False,628
fact-easy-06,factual,high_school_geography,easy,45,627,125,0.19936204146730463,4.132410912713925,0.10975101189746106,98,"98,90,106,63,100,27",True,False,628
fact-easy-06,factual,high_school_geography,easy,47,627,124,0.19776714513556617,4.223003539749851,0.12865365461735423,97,"97,15,70,56,52,75",True,False,628
fact-easy-06,factual,high_school_geography,easy,49,627,120,0.19138755980861244,4.009169416216895,0.14119823741477533,8,"8,39,67,117,85,30",True,False,628
fact-easy-06,factual,high_school_geography,easy,51,627,126,0.20095693779904306,4.451817527545445,0.0635698280020366,107,"107,67,49,123,79,20",True,False,628
fact-easy-07,factual,high_school_geography,easy,1,1535,128,0.08338762214983714,4.757369957007942,0.016354148213706832,97,"97,46,20,113,99,81",,True,1536
fact-easy-07,factual,high_school_geography,easy,3,1535,128,0.08338762214983714,4.7058045872343435,0.02139712637758584,89,"89,115,28,33,17,98",,True,1536
fact-easy-07,factual,high_school_geography,easy,6,1535,128,0.08338762214983714,4.476531303166837,0.08714190025510599,16,"16,42,119,126,28,80",,True,1536
fact-easy-07,factual,high_school_geography,easy,8,1535,125,0.08143322475570032,4.43493406112468,0.0382171655042928,77,"77,111,54,5,66,126",,True,1536
fact-easy-07,factual,high_school_geography,easy,10,1535,124,0.08078175895765473,4.109989681432877,0.07117638159502818,83,"83,72,9,119,99,94",,True,1536
fact-easy-07,factual,high_school_geography,easy,13,1535,119,0.07752442996742671,4.218910671343575,0.05226994781466639,67,"67,34,55,62,75,84",,True,1536
fact-easy-07,factual,high_school_geography,easy,15,1535,121,0.07882736156351791,4.164964857136027,0.08150437581981809,19,"19,41,99,63,113,92",,True,1536
fact-easy-07,factual,high_school_geography,easy,17,1535,114,0.0742671009771987,3.9894879979774,0.08091100496586819,124,"124,60,6,32,73,9",,True,1536
fact-easy-07,factual,high_school_geography,easy,20,1535,119,0.07752442996742671,3.9644963697403734,0.14531713420539538,34,"34,66,16,58,15,9",,True,1536
fact-easy-07,factual,high_school_geography,easy,22,1535,126,0.08208469055374593,4.431346074954661,0.04508365027163459,65,"65,58,119,127,23,21",,True,1536
fact-easy-07,factual,high_school_geography,easy,24,1535,118,0.07687296416938111,4.001903785301174,0.09463183266885887,39,"39,36,121,58,74,63",,True,1536
fact-easy-07,factual,high_school_geography,easy,27,1535,120,0.0781758957654723,4.2326686069992085,0.05602271476567922,2,"2,18,73,109,91,103",,True,1536
fact-easy-07,factual,high_school_geography,easy,29,1535,122,0.07947882736156352,4.403707264168334,0.06700354836264419,84,"84,80,18,89,34,60",,True,1536
fact-easy-07,factual,high_school_geography,easy,31,1535,120,0.0781758957654723,4.211263592775252,0.12130240729876487,26,"26,29,65,118,124,44",,True,1536
fact-easy-07,factual,high_school_geography,easy,34,1535,123,0.08013029315960912,4.257454275306965,0.06929679968486924,58,"58,55,97,18,50,110",,True,1536
fact-easy-07,factual,high_school_geography,easy,36,1535,126,0.08208469055374593,4.219755646098509,0.08853844441244357,6,"6,70,119,11,69,94",,True,1536
fact-easy-07,factual,high_school_geography,easy,38,1535,122,0.07947882736156352,4.082748460206825,0.13571036425609237,97,"97,76,103,122,78,46",,True,1536
fact-easy-07,factual,high_school_geography,easy,40,1535,120,0.0781758957654723,4.216393645923771,0.05596551450353395,109,"109,28,9,22,96,4",,True,1536
fact-easy-07,factual,high_school_geography,easy,43,1535,124,0.08078175895765473,3.947700704547628,0.18380586722061631,52,"52,110,99,9,90,60",,True,1536
fact-easy-07,factual,high_school_geography,easy,45,1535,128,0.08338762214983714,4.423055447644504,0.03438145566629017,4,"4,67,59,90,27,82",,True,1536
fact-easy-07,factual,high_school_geography,easy,47,1535,123,0.08013029315960912,4.161664579764285,0.14367928367837743,97,"97,15,13,93,119,114",,True,1536
fact-easy-07,factual,high_school_geography,easy,49,1535,126,0.08208469055374593,4.152377554759468,0.07533527775529116,85,"85,8,30,18,39,114",,True,1536
fact-easy-07,factual,high_school_geography,easy,51,1535,126,0.08208469055374593,4.420036702472269,0.04450895237770475,14,"14,79,40,49,107,67",,True,1536
fact-easy-08,factual,high_school_geography,easy,1,934,128,0.13704496788008566,4.750290792988285,0.03263295038101583,48,"48,35,115,113,62,55",True,False,935
fact-easy-08,factual,high_school_geography,easy,3,934,128,0.13704496788008566,4.725366953228258,0.022419226284135653,52,"52,41,31,28,38,111",True,False,935
fact-easy-08,factual,high_school_geography,easy,6,934,128,0.13704496788008566,4.500476957602116,0.07916818492400524,16,"16,42,17,45,47,101",True,False,935
fact-easy-08,factual,high_school_geography,easy,8,934,125,0.13383297644539616,4.173319257112095,0.11368076597321047,122,"122,106,37,92,111,126",True,False,935
fact-easy-08,factual,high_school_geography,easy,10,934,125,0.13383297644539616,3.8651742302331096,0.12192757182059974,83,"83,26,119,49,53,99",True,False,935
fact-easy-08,factual,high_school_geography,easy,13,934,117,0.1252676659528908,3.8391778578327265,0.13831372941415968,67,"67,125,91,57,62,55",True,False,935
fact-easy-08,factual,high_school_geography,easy,15,934,122,0.13062098501070663,4.093218020849978,0.10092632866657605,41,"41,23,113,64,19,63",True,False,935
fact-easy-08,factual,high_school_geography,easy,17,934,116,0.12419700214132762,3.9369982345763708,0.07212370893432503,124,"124,119,90,73,15,14",True,False,935
fact-easy-08,factual,high_school_geography,easy,20,934,114,0.12205567451820129,3.953765851247172,0.1624458304262185,34,"34,55,94,19,104,1",True,False,935
fact-easy-08,factual,high_school_geography,easy,22,934,122,0.13062098501070663,4.394458243111539,0.05129646937138079,102,"102,58,61,127,4,45",True,False,935
fact-easy-08,factual,high_school_geography,easy,24,934,111,0.11884368308351177,3.7987159945764355,0.16965339076704442,73,"73,36,39,38,102,121",True,False,935
fact-easy-08,factual,high_school_geography,easy,27,934,116,0.12419700214132762,4.2891790495092,0.040264541111686,81,"81,91,109,20,49,2",True,False,935
fact-easy-08,factual,high_school_geography,easy,29,934,121,0.12955032119914348,4.212978578833329,0.07880291516970442,122,"122,80,18,84,50,89",True,False,935
fact-easy-08,factual,high_school_geography,easy,31,934,122,0.13062098501070663,3.944217168558042,0.14456676409823624,23,"23,26,29,63,124,116",True,False,935
fact-easy-08,factual,high_school_geography,easy,34,934,121,0.12955032119914348,4.178168739104857,0.1440945432531506,55,"55,127,1,5,18,40",True,False,935
fact-easy-08,factual,high_school_geography,easy,36,934,126,0.1349036402569593,4.121348990251426,0.17591217136917414,6,"6,105,64,70,84,51",True,False,935
fact-easy-08,factual,high_school_geography,easy,38,934,123,0.1316916488222698,3.925284501067372,0.21045468023849115,97,"97,73,27,46,88,100",True,False,935
fact-easy-08,factual,high_school_geography,easy,40,934,123,0.1316916488222698,4.0858767852414495,0.1366357005697149,77,"77,9,30,28,14,97",True,False,935
fact-easy-08,factual,high_school_geography,easy,43,934,122,0.13062098501070663,4.25217400834869,0.06141462575627434,31,"31,117,119,82,99,28",True,False,935
fact-easy-08,factual,high_school_geography,easy,45,934,128,0.13704496788008566,4.449120768727063,0.030372564139427287,61,"61,86,59,100,63,79",True,False,935
fact-easy-08,factual,high_school_geography,easy,47,934,125,0.13383297644539616,4.380254785276064,0.05470185326172108,97,"97,119,99,114,56,23",True,False,935
fact-easy-08,factual,high_school_geography,easy,49,934,124,0.13276231263383298,4.2517882380448,0.09000963445682005,109,"109,75,39,67,18,92",True,False,935
fact-easy-08,factual,high_school_geography,easy,51,934,128,0.13704496788008566,4.451510509464111,0.07658298358848313,49,"49,79,40,67,102,22",True,False,935
fact-hard-17,factual,professional_medicine,hard,1,710,128,0.18028169014084508,4.735679582782039,0.024405385478261283,81,"81,85,62,20,48,1",True,False,711
fact-hard-17,factual,professional_medicine,hard,3,710,128,0.18028169014084508,4.676395689563886,0.033265269448600004,111,"111,51,100,4,17,34",True,False,711
fact-hard-17,factual,professional_medicine,hard,6,710,127,0.17887323943661973,4.222902430750652,0.11763121291678057,113,"113,49,16,30,104,71",True,False,711
fact-hard-17,factual,professional_medicine,hard,8,710,119,0.1676056338028169,3.969003198133918,0.10115342579482506,32,"32,2,39,66,93,14",True,False,711
fact-hard-17,factual,professional_medicine,hard,10,710,118,0.16619718309859155,3.9094813066720704,0.2078804166551473,80,"80,55,34,100,23,109",True,False,711
fact-hard-17,factual,professional_medicine,hard,13,710,114,0.16056338028169015,3.6377887816884678,0.13301583856416385,83,"83,114,95,51,23,53",True,False,711
fact-hard-17,factual,professional_medicine,hard,15,710,117,0.1647887323943662,3.881778106988445,0.10083652246476515,76,"76,99,98,64,110,41",True,False,711
fact-hard-17,factual,professional_medicine,hard,17,710,108,0.15211267605633802,3.799402686364925,0.12585045183265087,112,"112,84,64,107,81,119",True,False,711
fact-hard-17,factual,professional_medicine,hard,20,710,115,0.1619718309859155,3.9480974318041278,0.10422857006099114,123,"123,124,66,50,69,21",True,False,711
fact-hard-17,factual,professional_medicine,hard,22,710,126,0.17746478873239438,4.333255586769982,0.07158155186548179,58,"58,113,14,8,35,70",True,False,711
fact-hard-17,factual,professional_medicine,hard,24,710,115,0.1619718309859155,3.8089668267364747,0.13134849343771948,21,"21,31,72,39,88,123",True,False,711
fact-hard-17,factual,professional_medicine,hard,27,710,118,0.16619718309859155,4.00497644187041,0.11055716970564577,51,"51,113,103,90,72,91",True,False,711
fact-hard-17,factual,professional_medicine,hard,29,710,124,0.17464788732394365,3.974516505367498,0.17743001862804686,34,"34,65,18,14,126,102",True,False,711
fact-hard-17,factual,professional_medicine,hard,31,710,126,0.17746478873239438,4.11926892233517,0.14488254542576126,5,"5,67,41,30,61,29",True,False,711
fact-hard-17,factual,professional_medicine,hard,34,710,117,0.1647887323943662,4.266439090343901,0.05390204992731859,67,"67,1,102,47,34,91",True,False,711
fact-hard-17,factual,professional_medicine,hard,36,710,120,0.16901408450704225,3.8402103921077275,0.13890911361638691,45,"45,66,127,56,49,20",True,False,711
fact-hard-17,factual,professional_medicine,hard,38,710,121,0.1704225352112676,3.600796502026967,0.16785739510271053,89,"89,86,111,56,117,50",True,False,711
fact-hard-17,factual,professional_medicine,hard,40,710,119,0.1676056338028169,3.7837194818656847,0.21914858104520366,100,"100,34,36,95,9,31",True,False,711
fact-hard-17,factual,professional_medicine,hard,43,710,120,0.16901408450704225,4.126294097862774,0.11931121607834161,61,"61,47,97,52,96,48",True,False,711
fact-hard-17,factual,professional_medicine,hard,45,710,124,0.17464788732394365,4.230082019743925,0.0806454397051286,111,"111,7,66,84,68,35",True,False,711
fact-hard-17,factual,professional_medicine,hard,47,710,123,0.1732394366197183,4.143980898747579,0.11832758198868322,118,"118,96,15,75,9,37",True,False,711
fact-hard-17,factual,professional_medicine,hard,49,710,121,0.1704225352112676,4.118128250260605,0.09495040149208157,86,"86,4,127,71,2,123",True,False,711
fact-hard-17,factual,professional_medicine,hard,51,710,125,0.176056338028169,4.500618167725263,0.04277243685957723,79,"79,45,89,104,54,68",True,False,711
fact-hard-18,factual,professional_medicine,hard,1,342,128,0.3742690058479532,4.732103501861531,0.025134150971594015,95,"95,115,8,120,76,27",True,False,343
fact-hard-18,factual,professional_medicine,hard,3,342,128,0.3742690058479532,4.6302415688716465,0.027817769906895277,111,"111,58,46,38,23,97",True,False,343
fact-hard-18,factual,professional_medicine,hard,6,342,125,0.3654970760233918,4.1982558838814255,0.10882409798322078,113,"113,49,16,71,59,4",True,False,343
fact-hard-18,factual,professional_medicine,hard,8,342,118,0.34502923976608185,3.7657595109610247,0.13161840500958,39,"39,46,2,28,69,123",True,False,343
fact-hard-18,factual,professional_medicine,hard,10,342,105,0.30701754385964913,3.5113399321817167,0.19061457803735762,61,"61,112,26,34,96,15",True,False,343
fact-hard-18,factual,professional_medicine,hard,13,342,104,0.30409356725146197,3.6201941767240973,0.22679697335624913,114,"114,72,62,55,8,36",True,False,343
fact-hard-18,factual,professional_medicine,hard,15,342,109,0.31871345029239767,3.6333623002585202,0.13337916324013158,76,"76,125,41,35,63,122",True,False,343
fact-hard-18,factual,professional_medicine,hard,17,342,93,0.2719298245614035,3.533605400699239,0.22571633918957235,84,"84,112,60,53,73,15",True,False,343
fact-hard-18,factual,professional_medicine,hard,20,342,107,0.3128654970760234,3.570472782602511,0.2752203225424651,63,"63,89,112,66,19,50",True,False,343
fact-hard-18,factual,professional_medicine,hard,22,342,115,0.3362573099415205,4.314239235601159,0.07401894276153019,58,"58,119,70,8,65,84",True,False,343
fact-hard-18,factual,professional_medicine,hard,24,342,103,0.30116959064327486,3.692705619115191,0.13231721746728445,31,"31,40,11,46,60,45",True,False,343
fact-hard-18,factual,professional_medicine,hard,27,342,112,0.32748538011695905,3.963941550998571,0.15369491226324325,82,"82,51,103,108,72,120",True,False,343
fact-hard-18,factual,professional_medicine,hard,29,342,111,0.32456140350877194,3.889673068881893,0.14149649044275592,78,"78,34,18,17,102,19",True,False,343
fact-hard-18,factual,professional_medicine,hard,31,342,118,0.34502923976608185,3.7992744373379486,0.17068806820104357,53,"53,40,109,29,61,30",True,False,343
fact-hard-18,factual,professional_medicine,hard,34,342,116,0.3391812865497076,3.880515574904037,0.2062688854250942,123,"123,8,1,67,125,102",True,False,343
fact-hard-18,factual,professional_medicine,hard,36,342,113,0.3304093567251462,3.51974592770471,0.2523381258244136,45,"45,66,25,38,8,79",True,False,343
fact-hard-18,factual,professional_medicine,hard,38,342,106,0.30994152046783624,3.4211185554606556,0.23859637600824082,108,"108,89,56,22,91,80",True,False,343
fact-hard-18,factual,professional_medicine,hard,40,342,112,0.32748538011695905,3.7373763349313394,0.20875972498488032,100,"100,21,119,55,34,36",True,False,343
fact-hard-18,factual,professional_medicine,hard,43,342,110,0.3216374269005848,3.857139780271171,0.09835249666841515,47,"47,55,61,20,113,85",True,False,343
fact-hard-18,factual,professional_medicine,hard,45,342,120,0.3508771929824561,3.8935621713701942,0.22477786690696092,64,"64,123,114,35,78,77",True,False,343
fact-hard-18,factual,professional_medicine,hard,47,342,124,0.36257309941520466,3.9245230461964318,0.14238407759494062,118,"118,37,61,56,111,9",True,False,343
fact-hard-18,factual,professional_medicine,hard,49,342,114,0.3333333333333333,3.609517622534781,0.21328444467256108,86,"86,4,127,71,30,49",True,False,343
fact-hard-18,factual,professional_medicine,hard,51,342,126,0.3684210526315789,4.383061820467824,0.03874994538933194,0,"0,79,19,89,16,32",True,False,343
fact-hard-19,factual,professional_medicine,hard,1,339,128,0.3775811209439528,4.680196859359427,0.02253040367939507,48,"48,27,62,115,40,16",True,False,340
fact-hard-19,factual,professional_medicine,hard,3,339,128,0.3775811209439528,4.633212851671514,0.026811137778421774,23,"23,58,38,111,46,17",True,False,340
fact-hard-19,factual,professional_medicine,hard,6,339,125,0.3687315634218289,4.059017223152766,0.1606174659858042,113,"113,16,49,21,114,71",True,False,340
fact-hard-19,factual,professional_medicine,hard,8,339,118,0.3480825958702065,3.9123808722938573,0.20928976758368645,28,"28,39,69,106,120,27",True,False,340
fact-hard-19,factual,professional_medicine,hard,10,339,112,0.3303834808259587,3.6089511766592555,0.16158198323754797,34,"34,112,88,92,94,22",True,False,340
fact-hard-19,factual,professional_medicine,hard,13,339,101,0.29793510324483774,3.6290819448970657,0.19139306069479473,114,"114,11,83,62,95,117",True,False,340
fact-hard-19,factual,professional_medicine,hard,15,339,106,0.31268436578171094,3.670755706408664,0.18448542500960355,36,"36,41,105,76,63,7",True,False,340
fact-hard-19,factual,professional_medicine,hard,17,339,106,0.31268436578171094,3.685625017495593,0.20173542134300634,112,"112,116,73,60,9,121",True,False,340
fact-hard-19,factual,professional_medicine,hard,20,339,103,0.30383480825958703,3.8805163785246926,0.15177303146220902,123,"123,89,1,66,63,9",True,False,340
fact-hard-19,factual,professional_medicine,hard,22,339,120,0.35398230088495575,4.320330333064325,0.06777892069689691,89,"89,58,113,70,33,65",True,False,340
fact-hard-19,factual,professional_medicine,hard,24,339,104,0.30678466076696165,3.5830259110566667,0.1911857948101474,31,"31,88,39,78,40,72",True,False,340
fact-hard-19,factual,professional_medicine,hard,27,339,111,0.3274336283185841,3.926865440328661,0.17849327901465878,72,"72,93,23,103,12,2",True,False,340
fact-hard-19,factual,professional_medicine,hard,29,339,116,0.3421828908554572,3.9137277736424196,0.1923012564414649,34,"34,18,14,19,126,89",True,False,340
fact-hard-19,factual,professional_medicine,hard,31,339,118,0.3480825958702065,3.9504861615270057,0.1955783900258112,119,"119,120,29,67,61,53",True,False,340
fact-hard-19,factual,professional_medicine,hard,34,339,115,0.3392330383480826,3.8791623154430055,0.14239083453463972,8,"8,67,66,79,1,50",True,False,340
fact-hard-19,factual,professional_medicine,hard,36,339,112,0.3303834808259587,3.7679461730151815,0.16218196504526808,56,"56,80,45,79,9,72",True,False,340
fact-hard-19,factual,professional_medicine,hard,38,339,111,0.3274336283185841,3.3707869812546583,0.21262218253246648,117,"117,111,89,101,35,71",True,False,340
fact-hard-19,factual,professional_medicine,hard,40,339,103,0.30383480825958703,3.4867040079093403,0.1930988043573763,82,"82,34,100,58,9,2",True,False,340
fact-hard-19,factual,professional_medicine,hard,43,339,108,0.3185840707964602,3.6685816937535756,0.1697006168629565,52,"52,61,97,82,103,113",True,False,340
fact-hard-19,factual,professional_medicine,hard,45,339,116,0.3421828908554572,3.8564708241218137,0.18237072829332374,115,"115,123,49,57,62,84",True,False,340
fact-hard-19,factual,professional_medicine,hard,47,339,117,0.34513274336283184,4.133983276587134,0.09958131074647274,58,"58,111,97,99,61,50",True,False,340
fact-hard-19,factual,professional_medicine,hard,49,339,112,0.3303834808259587,3.7351106268461716,0.20166058468347048,28,"28,4,71,13,81,30",True,False,340
fact-hard-19,factual,professional_medicine,hard,51,339,118,0.3480825958702065,4.403275376386737,0.05908564458893458,100,"100,68,84,89,79,32",True,False,340
fact-hard-20,factual,professional_medicine,hard,1,518,128,0.2471042471042471,4.749956282744118,0.01846396029641011,62,"62,18,32,21,117,43",True,False,519
fact-hard-20,factual,professional_medicine,hard,3,518,128,0.2471042471042471,4.657665283658787,0.034873037405417515,111,"111,78,23,110,100,43",True,False,519
fact-hard-20,factual,professional_medicine,hard,6,518,125,0.2413127413127413,4.161938447580481,0.11529734986022724,113,"113,49,16,4,35,71",True,False,519
fact-hard-20,factual,professional_medicine,hard,8,518,117,0.22586872586872586,3.5857181114966337,0.14667226083899954,39,"39,69,2,46,107,7",True,False,519
fact-hard-20,factual,professional_medicine,hard,10,518,110,0.21235521235521235,3.717558119567194,0.15400459551164658,61,"61,112,25,5,79,6",True,False,519
fact-hard-20,factual,professional_medicine,hard,13,518,107,0.20656370656370657,3.5794783587314956,0.16774710961245448,114,"114,72,31,8,83,62",True,False,519
fact-hard-20,factual,professional_medicine,hard,15,518,114,0.22007722007722008,3.6781707615005206,0.11702526373974838,76,"76,125,41,110,35,105",True,False,519
fact-hard-20,factual,professional_medicine,hard,17,518,100,0.19305019305019305,3.464578909624996,0.2809546037604094,84,"84,112,53,107,60,9",True,False,519
fact-hard-20,factual,professional_medicine,hard,20,518,106,0.20463320463320464,3.473770086023321,0.25198984373276756,63,"63,69,50,112,66,89",True,False,519
fact-hard-20,factual,professional_medicine,hard,22,518,124,0.23938223938223938,4.302994085661293,0.07571095493751719,58,"58,70,119,114,47,84",True,False,519
fact-hard-20,factual,professional_medicine,hard,24,518,106,0.20463320463320464,3.8210968987373715,0.10455035558144019,11,"11,31,60,10,46,39",True,False,519
fact-hard-20,factual,professional_medicine,hard,27,518,117,0.22586872586872586,3.865832683992403,0.13379555336698634,82,"82,51,103,95,108,120",True,False,519
fact-hard-20,factual,professional_medicine,hard,29,518,115,0.222007722007722,3.813076604076662,0.10169136524447651,34,"34,78,67,18,17,102",True,False,519
fact-hard-20,factual,professional_medicine,hard,31,518,121,0.2335907335907336,3.8669344340066085,0.15240003295425258,40,"40,53,109,29,67,30",True,False,519
fact-hard-20,factual,professional_medicine,hard,34,518,120,0.23166023166023167,3.749227823439918,0.22008930451555828,123,"123,47,1,74,67,20",True,False,519
fact-hard-20,factual,professional_medicine,hard,36,518,112,0.21621621621621623,3.4410329454297166,0.2295864473907713,45,"45,66,25,46,38,5",True,False,519
fact-hard-20,factual,professional_medicine,hard,38,518,115,0.222007722007722,3.4253789860026607,0.18372739533731525,89,"89,108,30,64,86,39",True,False,519
fact-hard-20,factual,professional_medicine,hard,40,518,114,0.22007722007722008,3.5648075096655574,0.2628384216331941,100,"100,55,56,8,36,9",True,False,519
fact-hard-20,factual,professional_medicine,hard,43,518,116,0.22393822393822393,3.742642177022626,0.20747263064425212,47,"47,96,20,85,35,55",True,False,519
fact-hard-20,factual,professional_medicine,hard,45,518,118,0.2277992277992278,3.6883990372507856,0.21832631174260364,64,"64,35,14,108,114,75",True,False,519
fact-hard-20,factual,professional_medicine,hard,47,518,121,0.2335907335907336,3.8543324061254705,0.21414331921565063,118,"118,61,37,96,15,9",True,False,519
fact-hard-20,factual,professional_medicine,hard,49,518,116,0.22393822393822393,3.5749999336437197,0.21064578677131124,86,"86,127,73,4,71,39",True,False,519
fact-hard-20,factual,professional_medicine,hard,51,518,123,0.23745173745173745,4.34966000500607,0.04997024839818554,89,"89,0,17,79,73,110",True,False,519
fact-hard-21,factual,professional_law,hard,1,1535,128,0.08338762214983714,4.690094086881972,0.028529163245382103,115,"115,19,43,9,6,28",True,True,1536
fact-hard-21,factual,professional_law,hard,3,1535,128,0.08338762214983714,4.643585901800638,0.026126855933663543,122,"122,97,40,46,52,33",True,True,1536
fact-hard-21,factual,professional_law,hard,6,1535,127,0.08273615635179153,4.467684227947515,0.04554571838246456,86,"86,104,93,107,33,14",True,True,1536
fact-hard-21,factual,professional_law,hard,8,1535,125,0.08143322475570032,3.8032335773611927,0.15319576894177642,2,"2,65,7,100,122,54",True,True,1536
fact-hard-21,factual,professional_law,hard,10,1535,120,0.0781758957654723,3.9709024521463885,0.1493505243834595,100,"100,121,94,77,79,76",True,True,1536
fact-hard-21,factual,professional_law,hard,13,1535,115,0.0749185667752443,3.375841040639126,0.17349836289379036,42,"42,124,69,5,100,121",True,True,1536
fact-hard-21,factual,professional_law,hard,15,1535,119,0.07752442996742671,3.664261813605063,0.21461056111510607,48,"48,27,56,44,25,127",True,True,1536
fact-hard-21,factual,professional_law,hard,17,1535,118,0.07687296416938111,3.8780519205891415,0.17661823070351168,34,"34,111,53,15,116,43",True,True,1536
fact-hard-21,factual,professional_law,hard,20,1535,115,0.0749185667752443,3.9665406193194013,0.09826345394316512,46,"46,58,114,3,109,1",True,True,1536
fact-hard-21,factual,professional_law,hard,22,1535,122,0.07947882736156352,4.432809103192223,0.03726018303109404,12,"12,21,58,33,99,45",True,True,1536
fact-hard-21,factual,professional_law,hard,24,1535,116,0.0755700325732899,3.7454207305588727,0.19584904991770313,108,"108,31,39,45,88,74",True,True,1536
fact-hard-21,factual,professional_law,hard,27,1535,115,0.0749185667752443,3.842054601743909,0.19769030242636004,110,"110,32,98,119,116,103",True,True,1536
fact-hard-21,factual,professional_law,hard,29,1535,118,0.07687296416938111,4.20632183546364,0.07398979223427284,55,"55,6,7,96,19,43",True,True,1536
fact-hard-21,factual,professional_law,hard,31,1535,122,0.07947882736156352,3.929927898434604,0.2028282794223964,121,"121,76,13,26,28,7",True,True,1536
fact-hard-21,factual,professional_law,hard,34,1535,114,0.0742671009771987,3.6322731357154825,0.1851376272653281,116,"116,113,40,1,31,94",True,True,1536
fact-hard-21,factual,professional_law,hard,36,1535,121,0.07882736156351791,3.7874850809380476,0.22863294062282968,5,"5,67,70,96,115,11",True,True,1536
fact-hard-21,factual,professional_law,hard,38,1535,115,0.0749185667752443,3.390435686830056,0.2796041705302421,126,"126,30,72,5,48,92",True,True,1536
fact-hard-21,factual,professional_law,hard,40,1535,120,0.0781758957654723,4.002151666113126,0.0858724639178524,23,"23,18,21,3,115,67",True,True,1536
fact-hard-21,factual,professional_law,hard,43,1535,121,0.07882736156351791,3.5625401022194025,0.2951979701958159,113,"113,42,17,80,23,103",True,True,1536
fact-hard-21,factual,professional_law,hard,45,1535,126,0.08208469055374593,3.703671949913182,0.25752031068511877,32,"32,51,75,98,19,26",True,True,1536
fact-hard-21,factual,professional_law,hard,47,1535,124,0.08078175895765473,3.784383434549875,0.21750011399845523,84,"84,13,39,83,116,103",True,True,1536
fact-hard-21,factual,professional_law,hard,49,1535,125,0.08143322475570032,3.8055471046399667,0.21243861803043546,6,"6,85,9,52,114,42",True,True,1536
fact-hard-21,factual,professional_law,hard,51,1535,126,0.08208469055374593,4.286911804154014,0.08049626911858282,5,"5,93,50,22,72,8",True,True,1536
fact-hard-22,factual,professional_law,hard,1,1535,128,0.08338762214983714,4.717104241904717,0.027646684328734846,115,"115,98,57,43,61,24",,True,1536
fact-hard-22,factual,professional_law,hard,3,1535,128,0.08338762214983714,4.662798003476466,0.022574475988177273,104,"104,36,125,119,26,91",,True,1536
fact-hard-22,factual,professional_law,hard,6,1535,127,0.08273615635179153,4.4968518029652715,0.04420889738311101,78,"78,124,83,27,16,95",,True,1536
fact-hard-22,factual,professional_law,hard,8,1535,121,0.07882736156351791,4.1490671698382044,0.07009574082508413,110,"110,112,16,65,124,113",,True,1536
fact-hard-22,factual,professional_law,hard,10,1535,115,0.0749185667752443,3.933571354228429,0.1515321678604853,8,"8,122,124,11,3,10",,True,1536
fact-hard-22,factual,professional_law,hard,13,1535,115,0.0749185667752443,3.97124956571572,0.10110948548281129,121,"121,69,39,70,80,89",,True,1536
fact-hard-22,factual,professional_law,hard,15,1535,118,0.07687296416938111,3.8037436844378916,0.1989430533279808,48,"48,73,41,34,122,63",,True,1536
fact-hard-22,factual,professional_law,hard,17,1535,116,0.0755700325732899,3.982815948994934,0.1383192939324162,34,"34,29,60,79,24,3",,True,1536
fact-hard-22,factual,professional_law,hard,20,1535,119,0.07752442996742671,3.7747723553907946,0.16751349626218326,46,"46,112,100,97,127,125",,True,1536
fact-hard-22,factual,professional_law,hard,22,1535,125,0.08143322475570032,4.280172058006628,0.086240846144094,71,"71,58,111,65,79,63",,True,1536
fact-hard-22,factual,professional_law,hard,24,1535,119,0.07752442996742671,3.888294608578573,0.1639763818350584,108,"108,127,74,12,112,121",,True,1536
fact-hard-22,factual,professional_law,hard,27,1535,113,0.0736156351791531,3.784912372991235,0.16614516469603327,110,"110,116,107,103,101,99",,True,1536
fact-hard-22,factual,professional_law,hard,29,1535,123,0.08013029315960912,4.393375869858448,0.06062466165261899,6,"6,18,7,96,70,50",,True,1536
fact-hard-22,factual,professional_law,hard,31,1535,124,0.08078175895765473,4.155424315606524,0.1289238564683897,121,"121,115,83,89,28,5",,True,1536
fact-hard-22,factual,professional_law,hard,34,1535,121,0.07882736156351791,3.8360484576427027,0.15101014954425518,24,"24,116,18,1,113,94",,True,1536
fact-hard-22,factual,professional_law,hard,36,1535,124,0.08078175895765473,3.5969923255908536,0.24061123925184474,5,"5,103,109,59,49,56",,True,1536
fact-hard-22,factual,professional_law,hard,38,1535,118,0.07687296416938111,3.6505078797693926,0.16750183538518945,5,"5,126,83,21,20,0",,True,1536
fact-hard-22,factual,professional_law,hard,40,1535,121,0.07882736156351791,3.8720532786280293,0.12717206191946684,20,"20,118,106,23,113,67",,True,1536
fact-hard-22,factual,professional_law,hard,43,1535,124,0.08078175895765473,3.6509373920324113,0.2839099375323626,50,"50,17,80,76,52,23",,True,1536
fact-hard-22,factual,professional_law,hard,45,1535,127,0.08273615635179153,4.05238897592237,0.1607694320766839,32,"32,108,73,109,66,126",,True,1536
fact-hard-22,factual,professional_law,hard,47,1535,124,0.08078175895765473,3.891370807496402,0.20963096794223515,84,"84,85,50,13,4,104",,True,1536
fact-hard-22,factual,professional_law,hard,49,1535,124,0.08078175895765473,4.319349881554185,0.07594971739878241,89,"89,52,85,22,114,63",,True,1536
fact-hard-22,factual,professional_law,hard,51,1535,127,0.08273615635179153,4.445092870991343,0.07720358093482677,5,"5,107,42,50,38,92",,True,1536
fact-hard-23,factual,professional_law,hard,1,197,127,0.6446700507614214,4.6715245019266245,0.02120339542835402,113,"113,22,106,40,119,68",True,False,198
fact-hard-23,factual,professional_law,hard,3,197,125,0.6345177664974619,4.611739539785865,0.031939157466540226,23,"23,59,33,105,10,62",True,False,198
fact-hard-23,factual,professional_law,hard,6,197,120,0.6091370558375635,4.390694789349265,0.08288417353026468,16,"16,59,60,4,40,24",True,False,198
fact-hard-23,factual,professional_law,hard,8,197,112,0.5685279187817259,3.9424651660188976,0.10278299453791374,2,"2,65,110,81,112,77",True,False,198
fact-hard-23,factual,professional_law,hard,10,197,101,0.5126903553299492,3.861638558425562,0.10623774791381471,109,"109,11,120,1,29,100",True,False,198
fact-hard-23,factual,professional_law,hard,13,197,98,0.49746192893401014,3.7121428337519613,0.1785353472762694,121,"121,55,3,62,108,6",True,False,198
fact-hard-23,factual,professional_law,hard,15,197,102,0.5177664974619289,3.6773528025959528,0.15642163439505255,48,"48,41,44,58,63,80",True,False,198
fact-hard-23,factual,professional_law,hard,17,197,94,0.47715736040609136,3.714570620813309,0.16341434034246216,34,"34,53,60,73,111,121",True,False,198
fact-hard-23,factual,professional_law,hard,20,197,99,0.5025380710659898,3.9292947896886954,0.09634625522948773,46,"46,106,112,68,89,48",True,False,198
fact-hard-23,factual,professional_law,hard,22,197,109,0.5532994923857868,4.263775996640622,0.07453756993334583,71,"71,58,8,23,104,65",True,False,198
fact-hard-23,factual,professional_law,hard,24,197,88,0.4467005076142132,3.903569309522078,0.08897948419500772,39,"39,12,45,108,78,105",True,False,198
fact-hard-23,factual,professional_law,hard,27,197,102,0.5177664974619289,3.997338943287601,0.1483262755712202,110,"110,98,116,91,48,103",True,False,198
fact-hard-23,factual,professional_law,hard,29,197,110,0.5583756345177665,4.21672247531385,0.08121134789110153,13,"13,89,18,6,43,14",True,False,198
fact-hard-23,factual,professional_law,hard,31,197,109,0.5532994923857868,3.986602390888042,0.14392749864731658,5,"5,29,91,121,7,116",True,False,198
fact-hard-23,factual,professional_law,hard,34,197,111,0.5634517766497462,4.212723685125732,0.05652310516819473,23,"23,68,1,113,24,120",True,False,198
fact-hard-23,factual,professional_law,hard,36,197,110,0.5583756345177665,3.8602301100021457,0.21596050967033228,5,"5,114,21,94,70,1",True,False,198
fact-hard-23,factual,professional_law,hard,38,197,109,0.5532994923857868,3.621810294711553,0.20494102501247363,40,"40,21,126,83,95,39",True,False,198
fact-hard-23,factual,professional_law,hard,40,197,108,0.5482233502538071,3.4717743333961857,0.2422662142434014,29,"29,20,118,9,38,23",True,False,198
fact-hard-23,factual,professional_law,hard,43,197,109,0.5532994923857868,3.765360133336637,0.21914701500361503,91,"91,30,50,120,102,76",True,False,198
fact-hard-23,factual,professional_law,hard,45,197,112,0.5685279187817259,3.9676586063834085,0.14264302782939448,126,"126,32,108,0,96,69",True,False,198
fact-hard-23,factual,professional_law,hard,47,197,116,0.5888324873096447,3.906347855191776,0.2188568457826801,84,"84,13,50,73,116,90",True,False,198
fact-hard-23,factual,professional_law,hard,49,197,111,0.5634517766497462,4.062322147879517,0.11186051621581529,85,"85,95,122,99,126,90",True,False,198
fact-hard-23,factual,professional_law,hard,51,197,124,0.6294416243654822,4.468434806408741,0.03738570479805312,50,"50,5,107,79,19,8",True,False,198
fact-hard-24,factual,professional_law,hard,1,1328,128,0.0963855421686747,4.773540071787545,0.020077407750371496,115,"115,46,34,99,64,126",True,False,1329
fact-hard-24,factual,professional_law,hard,3,1328,128,0.0963855421686747,4.705220887946282,0.027913845704936224,69,"69,97,58,23,38,46",True,False,1329
fact-hard-24,factual,professional_law,hard,6,1328,127,0.09563253012048192,4.562297968392706,0.05350289098784077,16,"16,98,104,60,85,59",True,False,1329
fact-hard-24,factual,professional_law,hard,8,1328,123,0.09262048192771084,3.914528556234135,0.1451409700378163,2,"2,110,70,65,7,54",True,False,1329
fact-hard-24,factual,professional_law,hard,10,1328,125,0.09412650602409639,4.057087297883212,0.0794859212665731,11,"11,120,79,94,102,84",True,False,1329
fact-hard-24,factual,professional_law,hard,13,1328,120,0.09036144578313253,3.7500048424230448,0.18884106190249436,121,"121,108,3,38,69,62",True,False,1329
fact-hard-24,factual,professional_law,hard,15,1328,125,0.09412650602409639,3.810957596490218,0.15677688626288644,48,"48,44,41,122,63,80",True,False,1329
fact-hard-24,factual,professional_law,hard,17,1328,120,0.09036144578313253,3.9157399139654845,0.18538734506266433,34,"34,53,60,49,15,112",True,False,1329
fact-hard-24,factual,professional_law,hard,20,1328,118,0.08885542168674698,3.970099255351569,0.10141004219360879,46,"46,43,112,68,106,63",True,False,1329
fact-hard-24,factual,professional_law,hard,22,1328,124,0.09337349397590361,4.293842007937532,0.08900689988950992,104,"104,58,71,65,84,70",True,False,1329
fact-hard-24,factual,professional_law,hard,24,1328,123,0.09262048192771084,3.9767034844870928,0.12077831740528606,31,"31,39,108,12,120,127",True,False,1329
fact-hard-24,factual,professional_law,hard,27,1328,120,0.09036144578313253,3.960093451861093,0.17806344833448826,110,"110,103,116,91,61,48",True,False,1329
fact-hard-24,factual,professional_law,hard,29,1328,122,0.09186746987951808,4.0539754868297,0.1568341509902167,13,"13,18,88,102,14,6",True,False,1329
fact-hard-24,factual,professional_law,hard,31,1328,125,0.09412650602409639,3.878604818209452,0.17783975552672904,5,"5,7,29,91,67,43",True,False,1329
fact-hard-24,factual,professional_law,hard,34,1328,123,0.09262048192771084,4.389433007654917,0.05545763196215089,24,"24,120,1,18,126,115",True,False,1329
fact-hard-24,factual,professional_law,hard,36,1328,121,0.0911144578313253,3.954943559832727,0.1816487171989767,5,"5,94,96,103,70,118",True,False,1329
fact-hard-24,factual,professional_law,hard,38,1328,126,0.09487951807228916,4.007981261054504,0.11186537627642461,5,"5,21,56,40,31,83",True,False,1329
fact-hard-24,factual,professional_law,hard,40,1328,124,0.09337349397590361,3.6385684348335903,0.1687281864719395,21,"21,29,90,23,118,9",True,False,1329
fact-hard-24,factual,professional_law,hard,43,1328,123,0.09262048192771084,3.795515830381903,0.22897183031994459,91,"91,80,120,113,111,50",True,False,1329
fact-hard-24,factual,professional_law,hard,45,1328,126,0.09487951807228916,3.8680945511321636,0.21285171490335128,126,"126,0,108,21,32,64",True,False,1329
fact-hard-24,factual,professional_law,hard,47,1328,128,0.0963855421686747,3.942383840994362,0.22423722433664536,84,"84,50,75,90,5,86",True,False,1329
fact-hard-24,factual,professional_law,hard,49,1328,123,0.09262048192771084,4.171098368138525,0.12752635043757776,85,"85,95,86,47,14,83",True,False,1329
fact-hard-24,factual,professional_law,hard,51,1328,128,0.0963855421686747,4.513372480830362,0.046933421400577484,93,"93,79,111,0,22,23",True,False,1329
fact-medi-09,factual,college_biology,medium,1,455,128,0.2813186813186813,4.760570678359426,0.017510291657368254,40,"40,58,80,83,93,74",True,False,456
fact-medi-09,factual,college_biology,medium,3,455,128,0.2813186813186813,4.690206126764633,0.031636830906079064,96,"96,21,110,66,119,116",True,False,456
fact-medi-09,factual,college_biology,medium,6,455,124,0.2725274725274725,4.3923742398140995,0.06741598957853215,16,"16,113,49,71,81,38",True,False,456
fact-medi-09,factual,college_biology,medium,8,455,113,0.24835164835164836,3.809401098721469,0.14519164471640295,122,"122,15,69,54,94,25",True,False,456
fact-medi-09,factual,college_biology,medium,10,455,111,0.24395604395604395,3.930873082644028,0.1678576261560867,24,"24,67,80,94,69,97",True,False,456
fact-medi-09,factual,college_biology,medium,13,455,107,0.23516483516483516,3.746172464706829,0.14765644375348036,114,"114,72,62,83,55,111",True,False,456
fact-medi-09,factual,college_biology,medium,15,455,108,0.23736263736263735,3.8797130202728582,0.07686857815682349,41,"41,36,105,110,99,63",True,False,456
fact-medi-09,factual,college_biology,medium,17,455,103,0.22637362637362637,3.7412129345912657,0.14148459066018473,14,"14,107,73,111,9,112",True,False,456
fact-medi-09,factual,college_biology,medium,20,455,111,0.24395604395604395,3.9294689659436948,0.11184168588852189,14,"14,69,19,123,3,50",True,False,456
fact-medi-09,factual,college_biology,medium,22,455,119,0.26153846153846155,4.389207447862993,0.04834209602571577,35,"35,58,102,65,45,127",True,False,456
fact-medi-09,factual,college_biology,medium,24,455,108,0.23736263736263735,3.8974766743007128,0.11540532504992948,31,"31,43,10,78,106,121",True,False,456
fact-medi-09,factual,college_biology,medium,27,455,109,0.23956043956043957,4.156564437026462,0.08303634111597817,51,"51,72,2,71,64,52",True,False,456
fact-medi-09,factual,college_biology,medium,29,455,115,0.25274725274725274,4.092863982845927,0.12019180968862839,34,"34,67,18,89,19,102",True,False,456
fact-medi-09,factual,college_biology,medium,31,455,119,0.26153846153846155,4.299439391616738,0.07167165429079118,68,"68,29,54,119,27,61",True,False,456
fact-medi-09,factual,college_biology,medium,34,455,116,0.2549450549450549,4.095434491170939,0.15381910872106133,82,"82,66,70,74,97,1",True,False,456
fact-medi-09,factual,college_biology,medium,36,455,117,0.2571428571428571,4.095162602689117,0.09876576198947852,66,"66,56,122,105,120,57",True,False,456
fact-medi-09,factual,college_biology,medium,38,455,117,0.2571428571428571,3.9974228554145705,0.12545686697162742,119,"119,89,26,107,111,101",True,False,456
fact-medi-09,factual,college_biology,medium,40,455,114,0.25054945054945055,3.7675535981589077,0.1667319853082421,126,"126,28,9,100,92,22",True,False,456
fact-medi-09,factual,college_biology,medium,43,455,117,0.2571428571428571,4.058106718252608,0.09922778323414572,59,"59,47,52,96,82,102",True,False,456
fact-medi-09,factual,college_biology,medium,45,455,121,0.26593406593406593,4.090055323596719,0.12544944606995934,65,"65,35,1,57,61,11",True,False,456
fact-medi-09,factual,college_biology,medium,47,455,124,0.2725274725274725,4.375962109269589,0.07192157956720797,99,"99,15,106,14,119,58",True,False,456
fact-medi-09,factual,college_biology,medium,49,455,123,0.2703296703296703,4.2379810716640405,0.08470839653008834,127,"127,109,75,30,63,71",True,False,456
fact-medi-09,factual,college_biology,medium,51,455,127,0.27912087912087913,4.524252857837583,0.038451391031829166,87,"87,89,79,64,110,86",True,False,456
fact-medi-10,factual,college_biology,medium,1,834,128,0.15347721822541965,4.731545108110858,0.020800211003226963,106,"106,2,91,76,65,80",True,False,835
fact-medi-10,factual,college_biology,medium,3,834,127,0.15227817745803357,4.6705041231866495,0.021174978402079395,69,"69,111,27,26,43,116",True,False,835
fact-medi-10,factual,college_biology,medium,6,834,127,0.15227817745803357,4.497955896009519,0.06254789481205913,16,"16,113,71,79,49,27",True,False,835
fact-medi-10,factual,college_biology,medium,8,834,123,0.1474820143884892,4.1531776057297165,0.10804460216968813,28,"28,39,54,81,77,27",True,False,835
fact-medi-10,factual,college_biology,medium,10,834,119,0.14268585131894485,4.120214758038751,0.09793107009551776,34,"34,67,26,58,124,97",True,False,835
fact-medi-10,factual,college_biology,medium,13,834,118,0.14148681055155876,3.947952592468856,0.09410646393397984,5,"5,114,62,8,55,11",True,False,835
fact-medi-10,factual,college_biology,medium,15,834,119,0.14268585131894485,3.9887660619639256,0.1013983021127398,36,"36,41,105,122,55,27",True,False,835
fact-medi-10,factual,college_biology,medium,17,834,109,0.13069544364508393,4.031822870034679,0.08060947407246945,116,"116,111,57,112,73,60",True,False,835
fact-medi-10,factual,college_biology,medium,20,834,113,0.1354916067146283,4.149921112446881,0.08586515821267218,123,"123,14,112,19,50,58",True,False,835
fact-medi-10,factual,college_biology,medium,22,834,127,0.15227817745803357,4.397345302067574,0.0655860461549,58,"58,44,65,8,112,45",True,False,835
fact-medi-10,factual,college_biology,medium,24,834,120,0.14388489208633093,3.9806755539517757,0.09787574037559299,88,"88,31,39,12,106,121",True,False,835
fact-medi-10,factual,college_biology,medium,27,834,119,0.14268585131894485,4.116369515870349,0.07725505670867222,72,"72,103,127,2,32,7",True,False,835
fact-medi-10,factual,college_biology,medium,29,834,120,0.14388489208633093,4.253217385339433,0.07176570424756908,34,"34,126,18,89,52,40",True,False,835
fact-medi-10,factual,college_biology,medium,31,834,125,0.1498800959232614,4.187369831785102,0.1339616921602626,119,"119,67,29,30,41,102",True,False,835
fact-medi-10,factual,college_biology,medium,34,834,118,0.14148681055155876,4.127278789059267,0.142629614372144,8,"8,1,72,7,18,67",True,False,835
fact-medi-10,factual,college_biology,medium,36,834,120,0.14388489208633093,4.261614714264061,0.07609766361845731,87,"87,56,122,116,105,75",True,False,835
fact-medi-10,factual,college_biology,medium,38,834,121,0.145083932853717,3.8818810485071773,0.16772610972205618,89,"89,111,26,70,87,101",True,False,835
fact-medi-10,factual,college_biology,medium,40,834,125,0.1498800959232614,3.9279458164313623,0.109680391276706,119,"119,58,28,9,82,34",True,False,835
fact-medi-10,factual,college_biology,medium,43,834,124,0.1486810551558753,4.152519970286382,0.08233359378961073,34,"34,61,96,82,45,97",True,False,835
fact-medi-10,factual,college_biology,medium,45,834,125,0.1498800959232614,4.26223781235829,0.10738727966123873,123,"123,57,115,78,62,125",True,False,835
fact-medi-10,factual,college_biology,medium,47,834,126,0.1510791366906475,4.417874598618725,0.09576742763216635,58,"58,118,19,61,56,10",True,False,835
fact-medi-10,factual,college_biology,medium,49,834,124,0.1486810551558753,4.139742550771983,0.10529408901086236,71,"71,28,4,39,13,90",True,False,835
fact-medi-10,factual,college_biology,medium,51,834,126,0.1510791366906475,4.59287156270512,0.030112921993808685,79,"79,68,6,89,110,25",True,False,835
fact-medi-11,factual,college_biology,medium,1,346,128,0.3699421965317919,4.691768838382261,0.021398071904284173,66,"66,105,55,126,20,95",True,False,347
fact-medi-11,factual,college_biology,medium,3,346,127,0.3670520231213873,4.594875797228998,0.03331148309052281,78,"78,17,35,41,127,38",True,False,347
fact-medi-11,factual,college_biology,medium,6,346,124,0.3583815028901734,4.276033138960276,0.09180293907252114,16,"16,113,71,95,12,83",True,False,347
fact-medi-11,factual,college_biology,medium,8,346,110,0.3179190751445087,3.7232244534537133,0.23967313028303477,122,"122,106,94,38,111,126",True,False,347
fact-medi-11,factual,college_biology,medium,10,346,106,0.3063583815028902,3.7179344409971917,0.14328667750294452,83,"83,26,53,100,118,24",True,False,347
fact-medi-11,factual,college_biology,medium,13,346,104,0.30057803468208094,3.8025388852234876,0.14432867480938136,83,"83,61,55,125,72,62",True,False,347
fact-medi-11,factual,college_biology,medium,15,346,104,0.30057803468208094,3.7321974992106868,0.14727833800657147,76,"76,41,36,99,64,63",True,False,347
fact-medi-11,factual,college_biology,medium,17,346,94,0.27167630057803466,3.773858080006515,0.15938869281537374,14,"14,15,60,112,73,107",True,False,347
fact-medi-11,factual,college_biology,medium,20,346,98,0.2832369942196532,3.7094510201355284,0.15990741327438612,34,"34,123,14,66,8,1",True,False,347
fact-medi-11,factual,college_biology,medium,22,346,113,0.3265895953757225,4.243340738523169,0.046145827254863346,123,"123,15,58,96,8,65",True,False,347
fact-medi-11,factual,college_biology,medium,24,346,93,0.26878612716763006,3.6293018026266353,0.15936894017042635,73,"73,72,21,39,100,78",True,False,347
fact-medi-11,factual,college_biology,medium,27,346,102,0.2947976878612717,4.028670641436515,0.09780526076402457,72,"72,51,109,95,121,79",True,False,347
fact-medi-11,factual,college_biology,medium,29,346,112,0.3236994219653179,4.0140033663575565,0.168755452107852,34,"34,65,18,89,19,102",True,False,347
fact-medi-11,factual,college_biology,medium,31,346,111,0.3208092485549133,3.8830582600376458,0.11546559177523467,41,"41,23,29,68,120,118",True,False,347
fact-medi-11,factual,college_biology,medium,34,346,106,0.3063583815028902,3.7633833502147254,0.1894565980600111,82,"82,55,66,84,1,102",True,False,347
fact-medi-11,factual,college_biology,medium,36,346,116,0.3352601156069364,4.069367573043082,0.12369808057379006,127,"127,51,70,37,121,57",True,False,347
fact-medi-11,factual,college_biology,medium,38,346,103,0.2976878612716763,3.489111150288521,0.2030294999163145,73,"73,97,48,49,99,46",True,False,347
fact-medi-11,factual,college_biology,medium,40,346,105,0.30346820809248554,3.453179207612801,0.20388881942541254,77,"77,28,54,22,9,34",True,False,347
fact-medi-11,factual,college_biology,medium,43,346,106,0.3063583815028902,3.998607000826112,0.07823231396678003,31,"31,24,119,117,82,79",True,False,347
fact-medi-11,factual,college_biology,medium,45,346,117,0.33815028901734107,4.006974536741352,0.13478347812060806,65,"65,1,124,36,9,49",True,False,347
fact-medi-11,factual,college_biology,medium,47,346,115,0.33236994219653176,4.155000128546251,0.08463997089550648,56,"56,15,37,97,119,99",True,False,347
fact-medi-11,factual,college_biology,medium,49,346,110,0.3179190751445087,3.9289539742236346,0.11637000634412954,98,"98,109,30,75,85,67",True,False,347
fact-medi-11,factual,college_biology,medium,51,346,120,0.3468208092485549,4.283963025713101,0.060556073550993024,89,"89,49,79,54,110,41",True,False,347
fact-medi-12,factual,college_biology,medium,1,388,128,0.32989690721649484,4.719815877147628,0.02144514892981901,54,"54,105,51,37,44,80",True,False,389
fact-medi-12,factual,college_biology,medium,3,388,128,0.32989690721649484,4.551350015173035,0.04287841612008871,111,"111,55,62,69,10,46",True,False,389
fact-medi-12,factual,college_biology,medium,6,388,122,0.31443298969072164,4.253513948935235,0.07255597123866632,49,"49,113,16,71,86,59",True,False,389
fact-medi-12,factual,college_biology,medium,8,388,110,0.28350515463917525,3.669436300331501,0.171929953055968,69,"69,54,94,39,2,77",True,False,389
fact-medi-12,factual,college_biology,medium,10,388,110,0.28350515463917525,4.072097990022912,0.10838671842309433,25,"25,24,94,123,67,30",True,False,389
fact-medi-12,factual,college_biology,medium,13,388,101,0.2603092783505155,3.729287127930631,0.1632638807263919,114,"114,72,55,83,120,62",True,False,389
fact-medi-12,factual,college_biology,medium,15,388,106,0.27319587628865977,3.9201480053659843,0.09965153461938746,110,"110,105,41,113,26,116",True,False,389
fact-medi-12,factual,college_biology,medium,17,388,97,0.25,3.776428502570613,0.14627609805735453,84,"84,60,111,107,112,73",True,False,389
fact-medi-12,factual,college_biology,medium,20,388,104,0.26804123711340205,4.014490942726029,0.059066026029855556,123,"123,58,102,76,112,14",True,False,389
fact-medi-12,factual,college_biology,medium,22,388,116,0.29896907216494845,4.257821836857689,0.05352829622019252,35,"35,58,102,8,32,55",True,False,389
fact-medi-12,factual,college_biology,medium,24,388,109,0.2809278350515464,3.904635849440648,0.10820996152015099,31,"31,12,17,88,45,87",True,False,389
fact-medi-12,factual,college_biology,medium,27,388,112,0.28865979381443296,4.21701249940743,0.04299144550524072,72,"72,51,103,37,91,0",True,False,389
fact-medi-12,factual,college_biology,medium,29,388,118,0.30412371134020616,4.223719777701734,0.07612342246011512,34,"34,67,18,19,88,102",True,False,389
fact-medi-12,factual,college_biology,medium,31,388,117,0.3015463917525773,4.286594849863498,0.0688025255689823,63,"63,109,67,119,19,29",True,False,389
fact-medi-12,factual,college_biology,medium,34,388,108,0.27835051546391754,4.00206959960852,0.09086686539690379,47,"47,23,66,1,40,120",True,False,389
fact-medi-12,factual,college_biology,medium,36,388,113,0.2912371134020619,3.8508369709778143,0.12345253310634048,66,"66,45,96,56,70,122",True,False,389
fact-medi-12,factual,college_biology,medium,38,388,110,0.28350515463917525,3.6236278421234305,0.17568781801011996,89,"89,30,26,93,87,86",True,False,389
fact-medi-12,factual,college_biology,medium,40,388,108,0.27835051546391754,3.664537800951308,0.21010153992444722,100,"100,36,28,2,9,92",True,False,389
fact-medi-12,factual,college_biology,medium,43,388,113,0.2912371134020619,3.9371780200734703,0.16421993479688396,96,"96,47,20,82,66,2",True,False,389
fact-medi-12,factual,college_biology,medium,45,388,119,0.30670103092783507,4.159205809553688,0.11940153125804635,35,"35,13,64,99,11,123",True,False,389
fact-medi-12,factual,college_biology,medium,47,388,118,0.30412371134020616,4.091973678018887,0.13017123442392448,118,"118,18,15,116,23,56",True,False,389
fact-medi-12,factual,college_biology,medium,49,388,107,0.2757731958762887,3.719302422743378,0.11713841281295224,71,"71,127,73,39,30,4",True,False,389
fact-medi-12,factual,college_biology,medium,51,388,124,0.31958762886597936,4.410788214162782,0.04297107482335462,79,"79,12,89,17,110,73",True,False,389
fact-medi-13,factual,college_chemistry,medium,1,1535,128,0.08338762214983714,4.712248980668255,0.02070439278391091,97,"97,36,94,84,65,14",,True,1536
fact-medi-13,factual,college_chemistry,medium,3,1535,128,0.08338762214983714,4.68252430671231,0.03200569370131429,17,"17,115,34,117,51,26",,True,1536
fact-medi-13,factual,college_chemistry,medium,6,1535,127,0.08273615635179153,4.55563108770948,0.04743031479419138,30,"30,110,103,29,23,45",,True,1536
fact-medi-13,factual,college_chemistry,medium,8,1535,123,0.08013029315960912,3.8593060115230085,0.15014615204106604,85,"85,27,10,39,117,114",,True,1536
fact-medi-13,factual,college_chemistry,medium,10,1535,124,0.08078175895765473,3.8265805813487668,0.1683867844327085,23,"23,48,114,5,123,56",,True,1536
fact-medi-13,factual,college_chemistry,medium,13,1535,122,0.07947882736156352,3.712977841025016,0.15456794590986486,53,"53,34,8,51,65,13",,True,1536
fact-medi-13,factual,college_chemistry,medium,15,1535,122,0.07947882736156352,4.105150037578809,0.10445224145943274,68,"68,114,51,99,67,41",,True,1536
fact-medi-13,factual,college_chemistry,medium,17,1535,115,0.0749185667752443,4.072832552492275,0.06197722253634477,3,"3,64,116,81,121,112",,True,1536
fact-medi-13,factual,college_chemistry,medium,20,1535,122,0.07947882736156352,4.050204393613491,0.07761342975554285,50,"50,126,16,124,26,98",,True,1536
fact-medi-13,factual,college_chemistry,medium,22,1535,128,0.08338762214983714,4.169347990199407,0.11596853906814687,101,"101,14,9,94,88,89",,True,1536
fact-medi-13,factual,college_chemistry,medium,24,1535,120,0.0781758957654723,4.1629824746921535,0.06316777558046936,88,"88,57,55,65,76,21",,True,1536
fact-medi-13,factual,college_chemistry,medium,27,1535,123,0.08013029315960912,4.2469348651273755,0.09060253658664445,35,"35,90,5,25,56,105",,True,1536
fact-medi-13,factual,college_chemistry,medium,29,1535,127,0.08273615635179153,4.163230499339954,0.11890112504641367,45,"45,126,94,88,114,33",,True,1536
fact-medi-13,factual,college_chemistry,medium,31,1535,127,0.08273615635179153,4.294276098775443,0.12312926358070526,23,"23,37,58,97,30,80",,True,1536
fact-medi-13,factual,college_chemistry,medium,34,1535,121,0.07882736156351791,4.102640108509391,0.10724891748289778,79,"79,27,96,55,86,102",,True,1536
fact-medi-13,factual,college_chemistry,medium,36,1535,126,0.08208469055374593,3.9968421677634827,0.1955754269187828,124,"124,87,34,12,70,2",,True,1536
fact-medi-13,factual,college_chemistry,medium,38,1535,122,0.07947882736156352,3.766182538043276,0.18505447476690168,66,"66,54,120,110,84,116",,True,1536
fact-medi-13,factual,college_chemistry,medium,40,1535,125,0.08143322475570032,3.7404970670282807,0.19778594912534136,34,"34,111,44,2,108,73",,True,1536
fact-medi-13,factual,college_chemistry,medium,43,1535,126,0.08208469055374593,4.097013365167373,0.11154773947800248,34,"34,6,7,88,43,105",,True,1536
fact-medi-13,factual,college_chemistry,medium,45,1535,126,0.08208469055374593,4.116950264261924,0.09587456549890529,62,"62,78,68,25,119,36",,True,1536
fact-medi-13,factual,college_chemistry,medium,47,1535,128,0.08338762214983714,4.146707100077694,0.10947921880514551,96,"96,12,64,34,66,50",,True,1536
fact-medi-13,factual,college_chemistry,medium,49,1535,126,0.08208469055374593,4.265282761007144,0.05464162827570884,37,"37,35,85,123,30,16",,True,1536
fact-medi-13,factual,college_chemistry,medium,51,1535,127,0.08273615635179153,4.465037650303482,0.07138356724368437,55,"55,85,54,17,27,95",,True,1536
fact-medi-14,factual,college_chemistry,medium,1,1098,128,0.11657559198542805,4.728148719828738,0.017610463178732896,99,"99,83,69,76,26,80",False,False,1099
fact-medi-14,factual,college_chemistry,medium,3,1098,128,0.11657559198542805,4.693601489925955,0.036671644667673295,17,"17,51,53,71,68,12",False,False,1099
fact-medi-14,factual,college_chemistry,medium,6,1098,127,0.11566484517304189,4.4938121791127115,0.060722785052460204,30,"30,110,47,34,127,109",False,False,1099
fact-medi-14,factual,college_chemistry,medium,8,1098,121,0.11020036429872496,3.8748969586746846,0.12262647479758255,117,"117,85,10,27,39,86",False,False,1099
fact-medi-14,factual,college_chemistry,medium,10,1098,118,0.10746812386156648,3.901577069363012,0.17539973285105345,23,"23,5,109,123,78,84",False,False,1099
fact-medi-14,factual,college_chemistry,medium,13,1098,114,0.10382513661202186,3.943931719563798,0.152925084019738,53,"53,34,38,8,65,28",False,False,1099
fact-medi-14,factual,college_chemistry,medium,15,1098,120,0.1092896174863388,4.195197741272624,0.08628464616775773,68,"68,51,114,102,99,117",False,False,1099
fact-medi-14,factual,college_chemistry,medium,17,1098,113,0.1029143897996357,4.092149532846825,0.06267088789753922,81,"81,121,3,112,62,38",False,False,1099
fact-medi-14,factual,college_chemistry,medium,20,1098,119,0.10837887067395265,4.179426573472669,0.08411974724350825,50,"50,124,98,126,119,54",False,False,1099
fact-medi-14,factual,college_chemistry,medium,22,1098,126,0.11475409836065574,4.067070646247171,0.13992437293199073,101,"101,14,9,89,88,94",False,False,1099
fact-medi-14,factual,college_chemistry,medium,24,1098,122,0.1111111111111111,4.243449248158128,0.04136643361917583,32,"32,65,21,72,24,76",False,False,1099
fact-medi-14,factual,college_chemistry,medium,27,1098,125,0.11384335154826958,4.101726277716731,0.1483766253691125,35,"35,90,5,87,72,11",False,False,1099
fact-medi-14,factual,college_chemistry,medium,29,1098,123,0.11202185792349727,4.220681586787376,0.09476798901608584,45,"45,94,114,126,33,80",False,False,1099
fact-medi-14,factual,college_chemistry,medium,31,1098,127,0.11566484517304189,4.274405818955214,0.13185954472871156,23,"23,47,97,58,43,80",False,False,1099
fact-medi-14,factual,college_chemistry,medium,34,1098,119,0.10837887067395265,4.1413694515769315,0.10193372010878049,79,"79,27,118,55,28,78",False,False,1099
fact-medi-14,factual,college_chemistry,medium,36,1098,125,0.11384335154826958,3.9185113904519495,0.22654188857582597,124,"124,34,25,88,102,69",False,False,1099
fact-medi-14,factual,college_chemistry,medium,38,1098,118,0.10746812386156648,3.9002898388831366,0.11258572839345203,120,"120,66,54,23,12,61",False,False,1099
fact-medi-14,factual,college_chemistry,medium,40,1098,123,0.11202185792349727,3.8570425323511714,0.13575607153454936,34,"34,111,44,94,108,2",False,False,1099
fact-medi-14,factual,college_chemistry,medium,43,1098,120,0.1092896174863388,4.245404988116793,0.06303080505816683,34,"34,6,56,105,43,7",False,False,1099
fact-medi-14,factual,college_chemistry,medium,45,1098,127,0.11566484517304189,4.255874214310184,0.09579573893947427,68,"68,62,36,125,78,25",False,False,1099
fact-medi-14,factual,college_chemistry,medium,47,1098,126,0.11475409836065574,4.280550894101902,0.1064549440962269,96,"96,64,12,34,40,66",False,False,1099
fact-medi-14,factual,college_chemistry,medium,49,1098,127,0.11566484517304189,4.346068520672681,0.06349330582892693,97,"97,37,123,16,85,46",False,False,1099
fact-medi-14,factual,college_chemistry,medium,51,1098,126,0.11475409836065574,4.525165352014841,0.059688666628948804,55,"55,85,110,9,18,123",False,False,1099
fact-medi-15,factual,college_chemistry,medium,1,1535,128,0.08338762214983714,4.6888258942272,0.0210323221317008,81,"81,88,103,122,106,50",,True,1536
fact-medi-15,factual,college_chemistry,medium,3,1535,128,0.08338762214983714,4.671832193005786,0.02442412382518703,114,"114,7,48,14,121,124",,True,1536
fact-medi-15,factual,college_chemistry,medium,6,1535,127,0.08273615635179153,4.515418551883198,0.0635835072271987,16,"16,30,104,103,110,47",,True,1536
fact-medi-15,factual,college_chemistry,medium,8,1535,125,0.08143322475570032,3.9806579407635523,0.12525043094385213,27,"27,85,117,77,32,2",,True,1536
fact-medi-15,factual,college_chemistry,medium,10,1535,120,0.0781758957654723,3.97204516506054,0.1481557000285652,23,"23,88,5,123,73,84",,True,1536
fact-medi-15,factual,college_chemistry,medium,13,1535,119,0.07752442996742671,3.996643506504575,0.08908595994481378,8,"8,111,53,80,62,124",,True,1536
fact-medi-15,factual,college_chemistry,medium,15,1535,120,0.0781758957654723,4.269560426289258,0.06276416486050365,41,"41,98,106,32,27,26",,True,1536
fact-medi-15,factual,college_chemistry,medium,17,1535,114,0.0742671009771987,4.0239035880467595,0.09689406556115604,112,"112,64,15,60,111,9",,True,1536
fact-medi-15,factual,college_chemistry,medium,20,1535,124,0.08078175895765473,4.106440377621734,0.09132996066685695,50,"50,66,124,102,104,9",,True,1536
fact-medi-15,factual,college_chemistry,medium,22,1535,128,0.08338762214983714,4.413981733356941,0.04753381149224366,58,"58,14,8,33,84,32",,True,1536
fact-medi-15,factual,college_chemistry,medium,24,1535,124,0.08078175895765473,4.04671096857835,0.1430121348501321,21,"21,39,88,31,12,100",,True,1536
fact-medi-15,factual,college_chemistry,medium,27,1535,123,0.08013029315960912,4.276891848410273,0.053667509140406404,35,"35,51,103,4,48,120",,True,1536
fact-medi-15,factual,college_chemistry,medium,29,1535,123,0.08013029315960912,4.195875733240545,0.0987653229239359,34,"34,126,65,18,16,14",,True,1536
fact-medi-15,factual,college_chemistry,medium,31,1535,127,0.08273615635179153,4.457667256140057,0.03526801147750845,67,"67,62,29,28,77,37",,True,1536
fact-medi-15,factual,college_chemistry,medium,34,1535,123,0.08013029315960912,4.168698678384076,0.07350701977676748,79,"79,102,67,1,18,50",,True,1536
fact-medi-15,factual,college_chemistry,medium,36,1535,125,0.08143322475570032,4.019000304084391,0.18783817880538117,124,"124,70,88,16,94,75",,True,1536
fact-medi-15,factual,college_chemistry,medium,38,1535,123,0.08013029315960912,3.868701807154126,0.15342690975905482,120,"120,66,116,110,33,79",,True,1536
fact-medi-15,factual,college_chemistry,medium,40,1535,122,0.07947882736156352,4.01260840288445,0.12670415001721078,111,"111,54,99,95,93,9",,True,1536
fact-medi-15,factual,college_chemistry,medium,43,1535,125,0.08143322475570032,4.207799061378957,0.09624205395134743,34,"34,56,31,47,87,91",,True,1536
fact-medi-15,factual,college_chemistry,medium,45,1535,128,0.08338762214983714,4.353775386878715,0.07926969823664877,62,"62,78,113,97,48,54",,True,1536
fact-medi-15,factual,college_chemistry,medium,47,1535,127,0.08273615635179153,4.155884143228884,0.11492538981075806,96,"96,66,75,50,23,83",,True,1536
fact-medi-15,factual,college_chemistry,medium,49,1535,124,0.08078175895765473,4.290628237818751,0.0594075673022224,123,"123,30,90,85,18,39",,True,1536
fact-medi-15,factual,college_chemistry,medium,51,1535,127,0.08273615635179153,4.528358534261937,0.042205147344854664,79,"79,29,54,17,110,49",,True,1536
fact-medi-16,factual,college_chemistry,medium,1,921,128,0.13897937024972856,4.709530301320664,0.0207044789501716,94,"94,80,59,47,11,54",True,False,922
fact-medi-16,factual,college_chemistry,medium,3,921,128,0.13897937024972856,4.6120343025826225,0.034521082323676004,53,"53,17,69,72,91,46",True,False,922
fact-medi-16,factual,college_chemistry,medium,6,921,126,0.13680781758957655,4.231255392042618,0.10666006012476227,113,"113,21,16,38,117,124",True,False,922
fact-medi-16,factual,college_chemistry,medium,8,921,117,0.1270358306188925,4.099934857030783,0.09011950504852792,28,"28,66,117,27,24,102",True,False,922
fact-medi-16,factual,college_chemistry,medium,10,921,116,0.1259500542888165,4.050677884368497,0.14062180328540683,53,"53,72,80,115,36,30",True,False,922
fact-medi-16,factual,college_chemistry,medium,13,921,114,0.1237785016286645,3.7758313831746415,0.12952918993758106,61,"61,83,55,62,81,51",True,False,922
fact-medi-16,factual,college_chemistry,medium,15,921,115,0.1248642779587405,3.9733944095199445,0.14068713846829844,45,"45,39,105,63,97,16",True,False,922
fact-medi-16,factual,college_chemistry,medium,17,921,112,0.12160694896851248,3.832982416480058,0.1464865895672618,112,"112,116,60,121,73,64",True,False,922
fact-medi-16,factual,college_chemistry,medium,20,921,114,0.1237785016286645,3.9138625133424214,0.15574894310363757,50,"50,123,102,89,15,112",True,False,922
fact-medi-16,factual,college_chemistry,medium,22,921,124,0.13463626492942454,4.4378826607120105,0.0548935413088478,89,"89,65,58,8,45,33",True,False,922
fact-medi-16,factual,college_chemistry,medium,24,921,115,0.1248642779587405,3.85260688817746,0.11630278649923588,88,"88,72,21,121,74,78",True,False,922
fact-medi-16,factual,college_chemistry,medium,27,921,119,0.12920738327904452,4.097713534837496,0.15867118918963052,72,"72,2,12,91,122,120",True,False,922
fact-medi-16,factual,college_chemistry,medium,29,921,118,0.1281216069489685,4.146452576685489,0.1039651254161246,126,"126,34,89,19,50,114",True,False,922
fact-medi-16,factual,college_chemistry,medium,31,921,123,0.13355048859934854,4.192401881870946,0.11062573997655827,41,"41,67,62,61,13,58",True,False,922
fact-medi-16,factual,college_chemistry,medium,34,921,113,0.12269272529858849,3.8640902377152813,0.20787832466225756,79,"79,67,120,95,94,54",True,False,922
fact-medi-16,factual,college_chemistry,medium,36,921,120,0.13029315960912052,4.316730828080466,0.06328470876846456,11,"11,99,31,105,67,70",True,False,922
fact-medi-16,factual,college_chemistry,medium,38,921,119,0.12920738327904452,4.0059587828566,0.16106607336338694,73,"73,26,120,93,10,71",True,False,922
fact-medi-16,factual,college_chemistry,medium,40,921,119,0.12920738327904452,3.432537499919156,0.16524796047786522,82,"82,54,34,9,8,67",True,False,922
fact-medi-16,factual,college_chemistry,medium,43,921,118,0.1281216069489685,4.149161150755514,0.06617165934739534,27,"27,38,97,93,82,112",True,False,922
fact-medi-16,factual,college_chemistry,medium,45,921,122,0.13246471226927253,4.021747402586621,0.10890065340879797,62,"62,49,1,123,119,61",True,False,922
fact-medi-16,factual,college_chemistry,medium,47,921,124,0.13463626492942454,4.0212209930313705,0.12875422404153122,58,"58,99,66,50,25,9",True,False,922
fact-medi-16,factual,college_chemistry,medium,49,921,121,0.13137893593919653,4.168017828544082,0.1304652481208044,28,"28,90,39,18,117,85",True,False,922
fact-medi-16,factual,college_chemistry,medium,51,921,127,0.13789359391965256,4.480966317468046,0.06143703655262557,89,"89,54,100,123,9,110",True,False,922
reas-easy-01,reasoning,precalculus,easy,1,238,125,0.5252100840336135,4.649694893076897,0.026995210288954203,40,"40,120,76,32,52,74",False,False,239
reas-easy-01,reasoning,precalculus,easy,3,238,127,0.5336134453781513,4.621935475346219,0.03383693114441987,126,"126,68,41,44,9,105",False,False,239
reas-easy-01,reasoning,precalculus,easy,6,238,123,0.5168067226890757,4.48765392287861,0.043612426355382046,47,"47,118,93,109,8,3",False,False,239
reas-easy-01,reasoning,precalculus,easy,8,238,109,0.4579831932773109,4.2371218920797755,0.05575389832094107,88,"88,60,10,105,15,13",False,False,239
reas-easy-01,reasoning,precalculus,easy,10,238,104,0.4369747899159664,3.9620216908013792,0.15878184585967922,17,"17,42,5,78,6,120",False,False,239
reas-easy-01,reasoning,precalculus,easy,13,238,102,0.42857142857142855,4.09520325879283,0.08928815420350796,34,"34,33,53,62,68,46",False,False,239
reas-easy-01,reasoning,precalculus,easy,15,238,109,0.4579831932773109,4.128101362892343,0.09061151385402573,94,"94,67,78,3,113,51",False,False,239
reas-easy-01,reasoning,precalculus,easy,17,238,101,0.42436974789915966,3.7880107272456565,0.146265328187863,56,"56,19,121,45,83,32",False,False,239
reas-easy-01,reasoning,precalculus,easy,20,238,112,0.47058823529411764,4.203753062077295,0.07431521969265514,126,"126,119,19,35,37,16",False,False,239
reas-easy-01,reasoning,precalculus,easy,22,238,116,0.48739495798319327,4.406255925948323,0.035540438473566346,59,"59,101,76,38,32,65",False,False,239
reas-easy-01,reasoning,precalculus,easy,24,238,102,0.42857142857142855,4.126122069119353,0.06716773572112193,78,"78,42,90,79,103,55",False,False,239
reas-easy-01,reasoning,precalculus,easy,27,238,108,0.453781512605042,4.201741731514108,0.09177137476111782,35,"35,42,82,106,11,60",False,False,239
reas-easy-01,reasoning,precalculus,easy,29,238,116,0.48739495798319327,4.240004373682406,0.04443678279653898,33,"33,18,78,19,9,113",False,False,239
reas-easy-01,reasoning,precalculus,easy,31,238,115,0.4831932773109244,4.186150562644889,0.1094208885359224,17,"17,58,63,20,69,99",False,False,239
reas-easy-01,reasoning,precalculus,easy,34,238,107,0.4495798319327731,4.185163098742223,0.06485548512721467,118,"118,74,50,55,111,89",False,False,239
reas-easy-01,reasoning,precalculus,easy,36,238,112,0.47058823529411764,4.194161931296664,0.05391137509909123,63,"63,105,45,58,102,62",False,False,239
reas-easy-01,reasoning,precalculus,easy,38,238,113,0.47478991596638653,4.17470007147956,0.08676356483386805,61,"61,25,63,118,57,18",False,False,239
reas-easy-01,reasoning,precalculus,easy,40,238,106,0.44537815126050423,4.049326921001731,0.08347250135611886,94,"94,59,8,108,31,102",False,False,239
reas-easy-01,reasoning,precalculus,easy,43,238,113,0.47478991596638653,4.271864687910969,0.04209724254998578,16,"16,93,36,29,108,44",False,False,239
reas-easy-01,reasoning,precalculus,easy,45,238,118,0.4957983193277311,4.385734757132932,0.04167995934543191,52,"52,87,40,118,104,22",False,False,239
reas-easy-01,reasoning,precalculus,easy,47,238,119,0.5,4.360832858708225,0.068614875816028,18,"18,111,3,44,114,53",False,False,239
reas-easy-01,reasoning,precalculus,easy,49,238,120,0.5042016806722689,4.325976372780117,0.0900944594279093,97,"97,24,108,46,86,5",False,False,239
reas-easy-01,reasoning,precalculus,easy,51,238,125,0.5252100840336135,4.594668608873097,0.030013247081979885,71,"71,101,106,29,24,123",False,False,239
reas-easy-02,reasoning,prealgebra,easy,1,259,127,0.49034749034749037,4.648284265225918,0.025609744831984714,80,"80,4,50,2,109,113",True,False,260
reas-easy-02,reasoning,prealgebra,easy,3,259,125,0.4826254826254826,4.590402615529362,0.03495843515435382,41,"41,126,110,44,115,117",True,False,260
reas-easy-02,reasoning,prealgebra,easy,6,259,121,0.4671814671814672,4.425201285941853,0.059522150944769266,106,"106,103,71,92,18,47",True,False,260
reas-easy-02,reasoning,prealgebra,easy,8,259,117,0.4517374517374517,4.075877512284957,0.14195676432433676,49,"49,13,18,121,46,99",True,False,260
reas-easy-02,reasoning,prealgebra,easy,10,259,105,0.40540540540540543,4.028464852410489,0.11922155614115723,53,"53,80,33,49,97,90",True,False,260
reas-easy-02,reasoning,prealgebra,easy,13,259,101,0.38996138996138996,3.940052034174289,0.11694952991655215,3,"3,34,35,62,67,69",True,False,260
reas-easy-02,reasoning,prealgebra,easy,15,259,109,0.42084942084942084,4.0923368031399985,0.11631254823874612,67,"67,51,82,55,120,105",True,False,260
reas-easy-02,reasoning,prealgebra,easy,17,259,96,0.37065637065637064,4.007861563193645,0.08021277762999458,3,"3,36,83,107,19,81",True,False,260
reas-easy-02,reasoning,prealgebra,easy,20,259,100,0.3861003861003861,3.9263070955931334,0.10705070160882407,10,"10,11,16,19,124,119",True,False,260
reas-easy-02,reasoning,prealgebra,easy,22,259,119,0.4594594594594595,4.3520744127259245,0.046028081937338275,48,"48,60,101,14,16,112",True,False,260
reas-easy-02,reasoning,prealgebra,easy,24,259,110,0.4247104247104247,4.061623488025413,0.1155517674757466,26,"26,67,78,90,55,113",True,False,260
reas-easy-02,reasoning,prealgebra,easy,27,259,112,0.43243243243243246,4.118775203723431,0.14242555125693612,90,"90,11,77,13,10,121",True,False,260
reas-easy-02,reasoning,prealgebra,easy,29,259,110,0.4247104247104247,4.311378257249945,0.04064731654714235,113,"113,123,93,18,83,19",True,False,260
reas-easy-02,reasoning,prealgebra,easy,31,259,117,0.4517374517374517,4.21501947695696,0.10511679203664952,63,"63,58,97,35,19,61",True,False,260
reas-easy-02,reasoning,prealgebra,easy,34,259,111,0.42857142857142855,4.22803153681844,0.08583766235602523,96,"96,98,118,55,54,28",True,False,260
reas-easy-02,reasoning,prealgebra,easy,36,259,116,0.44787644787644787,4.012817317850121,0.1554882733150402,35,"35,55,105,118,37,63",True,False,260
reas-easy-02,reasoning,prealgebra,easy,38,259,116,0.44787644787644787,4.078558474397111,0.14055407572696305,28,"28,117,17,75,26,31",True,False,260
reas-easy-02,reasoning,prealgebra,easy,40,259,110,0.4247104247104247,4.012363639267693,0.12549118084938113,12,"12,22,38,61,79,51",True,False,260
reas-easy-02,reasoning,prealgebra,easy,43,259,112,0.43243243243243246,3.9525664676365375,0.1072048959689549,27,"27,117,30,84,42,36",True,False,260
reas-easy-02,reasoning,prealgebra,easy,45,259,120,0.46332046332046334,4.373901411595769,0.03961146591437817,116,"116,67,23,87,36,40",True,False,260
reas-easy-02,reasoning,prealgebra,easy,47,259,121,0.4671814671814672,4.246156333088269,0.07550833267034947,57,"57,18,5,89,34,47",True,False,260
reas-easy-02,reasoning,prealgebra,easy,49,259,119,0.4594594594594595,4.263037722821707,0.12409952892998086,5,"5,127,30,97,63,108",True,False,260
reas-easy-02,reasoning,prealgebra,easy,51,259,123,0.4749034749034749,4.514574163051934,0.05627667514590441,123,"123,26,55,3,101,73",True,False,260
reas-easy-03,reasoning,geometry,easy,1,300,128,0.4266666666666667,4.681412765350238,0.02487132616528291,109,"109,13,92,8,17,83",True,False,301
reas-easy-03,reasoning,geometry,easy,3,300,127,0.42333333333333334,4.641047400291737,0.02376736865577143,117,"117,54,37,85,84,4",True,False,301
reas-easy-03,reasoning,geometry,easy,6,300,126,0.42,4.500019435835682,0.043751266478461524,34,"34,89,30,127,15,23",True,False,301
reas-easy-03,reasoning,geometry,easy,8,300,113,0.37666666666666665,4.373195939744665,0.05633030733360731,60,"60,66,18,40,19,112",True,False,301
reas-easy-03,reasoning,geometry,easy,10,300,109,0.36333333333333334,4.124421607549435,0.11679618593874155,80,"80,118,5,121,51,112",True,False,301
reas-easy-03,reasoning,geometry,easy,13,300,107,0.3566666666666667,4.037863104790049,0.11679329663313107,34,"34,62,3,53,67,68",True,False,301
reas-easy-03,reasoning,geometry,easy,15,300,114,0.38,4.288182152044227,0.05884676588881722,99,"99,87,67,78,63,110",True,False,301
reas-easy-03,reasoning,geometry,easy,17,300,98,0.32666666666666666,4.04450442141122,0.053626478721851126,32,"32,75,19,81,127,38",True,False,301
reas-easy-03,reasoning,geometry,easy,20,300,107,0.3566666666666667,4.124356431207735,0.049338933582812015,119,"119,19,4,16,10,112",True,False,301
reas-easy-03,reasoning,geometry,easy,22,300,116,0.38666666666666666,4.376337557203566,0.037587965314684585,101,"101,14,48,59,88,94",True,False,301
reas-easy-03,reasoning,geometry,easy,24,300,112,0.37333333333333335,4.223621434240266,0.043313547059809665,96,"96,78,10,61,60,103",True,False,301
reas-easy-03,reasoning,geometry,easy,27,300,110,0.36666666666666664,4.164880740491411,0.09893611168890439,90,"90,11,106,64,121,13",True,False,301
reas-easy-03,reasoning,geometry,easy,29,300,116,0.38666666666666666,4.309126673315494,0.04562059247460338,18,"18,123,33,83,114,50",True,False,301
reas-easy-03,reasoning,geometry,easy,31,300,117,0.39,4.37772721310044,0.04613072156055323,63,"63,61,58,52,98,53",True,False,301
reas-easy-03,reasoning,geometry,easy,34,300,112,0.37333333333333335,4.195920198826418,0.08465547925359213,118,"118,55,28,116,50,89",True,False,301
reas-easy-03,reasoning,geometry,easy,36,300,112,0.37333333333333335,4.13693176358088,0.08583080877172108,35,"35,105,25,34,17,63",True,False,301
reas-easy-03,reasoning,geometry,easy,38,300,116,0.38666666666666666,4.317402989687212,0.05257822785683675,28,"28,75,89,17,101,12",True,False,301
reas-easy-03,reasoning,geometry,easy,40,300,116,0.38666666666666666,4.224199602559208,0.08787162292481253,117,"117,8,22,25,44,87",True,False,301
reas-easy-03,reasoning,geometry,easy,43,300,110,0.36666666666666664,4.128535968475992,0.12825494967520287,117,"117,72,107,36,30,84",True,False,301
reas-easy-03,reasoning,geometry,easy,45,300,124,0.41333333333333333,4.40376168721609,0.04579665756047113,7,"7,87,68,52,33,74",True,False,301
reas-easy-03,reasoning,geometry,easy,47,300,119,0.39666666666666667,4.392270445464288,0.049883068628790564,18,"18,34,5,75,3,44",True,False,301
reas-easy-03,reasoning,geometry,easy,49,300,124,0.41333333333333333,4.374134069054899,0.08804247736909844,97,"97,30,108,46,41,16",True,False,301
reas-easy-03,reasoning,geometry,easy,51,300,125,0.4166666666666667,4.559134975823202,0.03538585161640311,123,"123,104,55,15,67,85",True,False,301
reas-easy-04,reasoning,precalculus,easy,1,1051,128,0.12178877259752617,4.737662862934107,0.02589028067061232,3,"3,127,80,40,92,36",False,False,1052
reas-easy-04,reasoning,precalculus,easy,3,1051,128,0.12178877259752617,4.722903615923843,0.02212345203642233,114,"114,126,41,46,112,117",False,False,1052
reas-easy-04,reasoning,precalculus,easy,6,1051,127,0.120837297811608,4.603249252979874,0.032328280386844606,47,"47,18,106,92,51,117",False,False,1052
reas-easy-04,reasoning,precalculus,easy,8,1051,125,0.11893434823977164,4.366192869751864,0.04271212189844351,18,"18,86,66,110,69,109",False,False,1052
reas-easy-04,reasoning,precalculus,easy,10,1051,118,0.11227402473834443,4.2737457883872585,0.07285824883751268,120,"120,75,110,53,94,119",False,False,1052
reas-easy-04,reasoning,precalculus,easy,13,1051,121,0.11512844909609896,4.102210141956899,0.1121538442454683,3,"3,34,113,62,20,91",False,False,1052
reas-easy-04,reasoning,precalculus,easy,15,1051,121,0.11512844909609896,4.220919761607631,0.09988616197873273,67,"67,110,112,94,82,39",False,False,1052
reas-easy-04,reasoning,precalculus,easy,17,1051,117,0.11132254995242626,4.247802380060247,0.053164009453444294,121,"121,56,36,19,81,111",False,False,1052
reas-easy-04,reasoning,precalculus,easy,20,1051,122,0.11607992388201713,4.196628406214647,0.056981881708608115,11,"11,126,102,16,127,87",False,False,1052
reas-easy-04,reasoning,precalculus,easy,22,1051,128,0.12178877259752617,4.463199047419254,0.04317478874322051,98,"98,48,59,32,14,58",False,False,1052
reas-easy-04,reasoning,precalculus,easy,24,1051,122,0.11607992388201713,4.22123495558717,0.12428954102740575,26,"26,65,42,71,60,76",False,False,1052
reas-easy-04,reasoning,precalculus,easy,27,1051,124,0.11798287345385347,4.355819193121795,0.06126090097726035,90,"90,42,11,103,35,60",False,False,1052
reas-easy-04,reasoning,precalculus,easy,29,1051,125,0.11893434823977164,4.538842357233166,0.0307447752770967,18,"18,33,19,50,113,43",False,False,1052
reas-easy-04,reasoning,precalculus,easy,31,1051,127,0.120837297811608,4.274722438031699,0.11349548859451503,63,"63,61,58,98,97,12",False,False,1052
reas-easy-04,reasoning,precalculus,easy,34,1051,123,0.1170313986679353,4.241223535818462,0.07884621475614896,52,"52,54,74,118,55,89",False,False,1052
reas-easy-04,reasoning,precalculus,easy,36,1051,125,0.11893434823977164,4.344901466510565,0.05617535022396791,66,"66,45,105,118,16,63",False,False,1052
reas-easy-04,reasoning,precalculus,easy,38,1051,123,0.1170313986679353,4.324077310079449,0.09760860046203325,28,"28,91,106,61,109,32",False,False,1052
reas-easy-04,reasoning,precalculus,easy,40,1051,124,0.11798287345385347,4.293956851581851,0.06028945442341176,59,"59,94,120,3,8,22",False,False,1052
reas-easy-04,reasoning,precalculus,easy,43,1051,124,0.11798287345385347,4.311236952022077,0.10138083394163568,27,"27,18,2,93,38,113",False,False,1052
reas-easy-04,reasoning,precalculus,easy,45,1051,125,0.11893434823977164,4.542870192261589,0.038533570419826885,83,"83,61,87,116,84,10",False,False,1052
reas-easy-04,reasoning,precalculus,easy,47,1051,124,0.11798287345385347,4.4350614715125625,0.07486544607677889,18,"18,5,61,34,89,84",False,False,1052
reas-easy-04,reasoning,precalculus,easy,49,1051,127,0.120837297811608,4.429311211035644,0.06075503257603543,5,"5,85,127,46,125,51",False,False,1052
reas-easy-04,reasoning,precalculus,easy,51,1051,128,0.12178877259752617,4.638778938237724,0.04277323305965913,123,"123,17,67,24,52,10",False,False,1052
reas-easy-05,reasoning,intermediate_algebra,easy,1,292,126,0.4315068493150685,4.666469917735881,0.021568423835531363,118,"118,50,40,15,117,14",True,False,293
reas-easy-05,reasoning,intermediate_algebra,easy,3,292,126,0.4315068493150685,4.619098253465052,0.03052694752764935,72,"72,97,115,108,10,85",True,False,293
reas-easy-05,reasoning,intermediate_algebra,easy,6,292,126,0.4315068493150685,4.5233912889587184,0.03487059809533747,33,"33,79,89,52,104,8",True,False,293
reas-easy-05,reasoning,intermediate_algebra,easy,8,292,117,0.4006849315068493,4.338444453295643,0.053697631765881534,86,"86,60,113,80,28,124",True,False,293
reas-easy-05,reasoning,intermediate_algebra,easy,10,292,105,0.3595890410958904,4.091853159416346,0.06297582275280561,28,"28,7,53,15,43,69",True,False,293
reas-easy-05,reasoning,intermediate_algebra,easy,13,292,108,0.3698630136986301,4.204899245008783,0.05970670134157933,78,"78,103,24,32,2,63",True,False,293
reas-easy-05,reasoning,intermediate_algebra,easy,15,292,111,0.3801369863013699,4.241621804508405,0.05157319532945984,77,"77,51,29,39,46,78",True,False,293
reas-easy-05,reasoning,intermediate_algebra,easy,17,292,96,0.3287671232876712,4.096397264704608,0.04003183885259732,21,"21,115,58,36,127,102",True,False,293
reas-easy-05,reasoning,intermediate_algebra,easy,20,292,110,0.3767123287671233,4.170997705011288,0.05249426520168865,65,"65,120,81,98,76,105",True,False,293
reas-easy-05,reasoning,intermediate_algebra,easy,22,292,119,0.4075342465753425,4.348560835548867,0.04742645196060939,94,"94,60,88,16,32,120",True,False,293
reas-easy-05,reasoning,intermediate_algebra,easy,24,292,111,0.3801369863013699,4.05248965084064,0.1212035068169155,41,"41,76,6,16,51,78",True,False,293
reas-easy-05,reasoning,intermediate_algebra,easy,27,292,105,0.3595890410958904,4.221602832216692,0.046541307492286986,0,"0,122,60,74,99,39",True,False,293
reas-easy-05,reasoning,intermediate_algebra,easy,29,292,113,0.386986301369863,4.296014350319184,0.04246205045792285,33,"33,83,114,17,31,8",True,False,293
reas-easy-05,reasoning,intermediate_algebra,easy,31,292,115,0.3938356164383562,4.312351428069945,0.05065423495670958,109,"109,61,69,58,77,33",True,False,293
reas-easy-05,reasoning,intermediate_algebra,easy,34,292,112,0.3835616438356164,4.29315087336343,0.0561105907197395,21,"21,78,45,55,32,84",True,False,293
reas-easy-05,reasoning,intermediate_algebra,easy,36,292,117,0.4006849315068493,4.333755381334181,0.05407498375451203,96,"96,44,105,63,88,45",True,False,293
reas-easy-05,reasoning,intermediate_algebra,easy,38,292,111,0.3801369863013699,4.158695099043325,0.10517101087498533,114,"114,16,75,31,110,47",True,False,293
reas-easy-05,reasoning,intermediate_algebra,easy,40,292,109,0.3732876712328767,4.186151765454763,0.0503092300810595,8,"8,114,78,125,26,11",True,False,293
reas-easy-05,reasoning,intermediate_algebra,easy,43,292,109,0.3732876712328767,4.175981589081356,0.07810692979504855,75,"75,84,93,7,119,107",True,False,293
reas-easy-05,reasoning,intermediate_algebra,easy,45,292,120,0.410958904109589,4.38072863512338,0.04367141990473904,40,"40,119,27,108,120,67",True,False,293
reas-easy-05,reasoning,intermediate_algebra,easy,47,292,122,0.4178082191780822,4.504489161037354,0.03468628849071193,34,"34,5,12,41,111,16",True,False,293
reas-easy-05,reasoning,intermediate_algebra,easy,49,292,123,0.4212328767123288,4.510178188787663,0.03985373652608698,108,"108,24,63,30,57,46",True,False,293
reas-easy-05,reasoning,intermediate_algebra,easy,51,292,126,0.4315068493150685,4.61942570582055,0.02659410051355319,11,"11,93,19,55,78,2",True,False,293
reas-easy-06,reasoning,geometry,easy,1,3071,128,0.04168023445131879,4.697215927040255,0.028352104501097364,53,"53,92,42,2,3,40",,True,3072
reas-easy-06,reasoning,geometry,easy,3,3071,128,0.04168023445131879,4.655459520006399,0.03835572938419494,126,"126,100,68,41,105,70",,True,3072
reas-easy-06,reasoning,geometry,easy,6,3071,128,0.04168023445131879,4.489281550970338,0.04713564590053397,18,"18,118,66,71,75,106",,True,3072
reas-easy-06,reasoning,geometry,easy,8,3071,128,0.04168023445131879,4.3647908054135875,0.04953083444111935,6,"6,66,49,24,60,57",,True,3072
reas-easy-06,reasoning,geometry,easy,10,3071,122,0.03972647346141322,4.09961897570401,0.09396731756553733,75,"75,48,120,109,46,6",,True,3072
reas-easy-06,reasoning,geometry,easy,13,3071,122,0.03972647346141322,3.9318713475594596,0.18325505181665763,3,"3,44,113,111,20,35",,True,3072
reas-easy-06,reasoning,geometry,easy,15,3071,123,0.04005210029306415,3.8937053847185994,0.15320459160998523,110,"110,109,38,67,112,30",,True,3072
reas-easy-06,reasoning,geometry,easy,17,3071,121,0.039400846629762294,4.079704358957573,0.10038004989052154,107,"107,56,95,116,121,111",,True,3072
reas-easy-06,reasoning,geometry,easy,20,3071,124,0.040377727124715074,3.9700998566722547,0.11651573690323146,126,"126,10,127,102,68,61",,True,3072
reas-easy-06,reasoning,geometry,easy,22,3071,127,0.04135460761966786,4.398874910982435,0.05478734128107202,35,"35,102,32,14,98,8",,True,3072
reas-easy-06,reasoning,geometry,easy,24,3071,121,0.039400846629762294,3.842592340406801,0.13800972950634244,26,"26,65,60,88,10,21",,True,3072
reas-easy-06,reasoning,geometry,easy,27,3071,124,0.040377727124715074,4.185566561635403,0.05490277160845967,67,"67,98,51,69,91,121",,True,3072
reas-easy-06,reasoning,geometry,easy,29,3071,124,0.040377727124715074,4.357349741073855,0.06605518791900498,122,"122,116,19,43,123,72",,True,3072
reas-easy-06,reasoning,geometry,easy,31,3071,128,0.04168023445131879,3.9441584317554814,0.17524397572330552,63,"63,4,31,61,62,97",,True,3072
reas-easy-06,reasoning,geometry,easy,34,3071,120,0.03907521979811136,3.9283538494933827,0.0965421395617195,74,"74,54,52,120,5,109",,True,3072
reas-easy-06,reasoning,geometry,easy,36,3071,121,0.039400846629762294,4.203090837164122,0.07730336432657978,66,"66,90,37,114,5,105",,True,3072
reas-easy-06,reasoning,geometry,easy,38,3071,119,0.03874959296646044,3.930145325746082,0.12058231580884797,28,"28,32,50,61,109,91",,True,3072
reas-easy-06,reasoning,geometry,easy,40,3071,118,0.03842396613480951,3.9261039309504255,0.0853065588290354,120,"120,94,117,38,125,19",,True,3072
reas-easy-06,reasoning,geometry,easy,43,3071,125,0.040703353956366005,4.092352756931991,0.08272664507723806,2,"2,18,107,113,38,104",,True,3072
reas-easy-06,reasoning,geometry,easy,45,3071,127,0.04135460761966786,4.357801702692703,0.06331458233298157,43,"43,109,61,10,83,72",,True,3072
reas-easy-06,reasoning,geometry,easy,47,3071,126,0.041028980788016936,4.163565887754801,0.1157475662002395,18,"18,27,15,5,83,65",,True,3072
reas-easy-06,reasoning,geometry,easy,49,3071,125,0.040703353956366005,4.062974560421626,0.115842248544054,85,"85,30,127,27,75,5",,True,3072
reas-easy-06,reasoning,geometry,easy,51,3071,127,0.04135460761966786,4.492355502775754,0.043285368283430305,49,"49,123,17,29,3,5",,True,3072
reas-hard-13,reasoning,intermediate_algebra,hard,1,1633,128,0.07838334353949786,4.7233010150912875,0.02140270210048419,3,"3,81,127,108,40,98",False,False,1634
reas-hard-13,reasoning,intermediate_algebra,hard,3,1633,128,0.07838334353949786,4.718027109956495,0.022152836547838676,29,"29,83,61,62,21,71",False,False,1634
reas-hard-13,reasoning,intermediate_algebra,hard,6,1633,128,0.07838334353949786,4.606095724346059,0.027080819421375957,89,"89,110,47,63,104,79",False,False,1634
reas-hard-13,reasoning,intermediate_algebra,hard,8,1633,124,0.07593386405388855,4.524093800859919,0.030814890794060048,97,"97,60,36,113,102,124",False,False,1634
reas-hard-13,reasoning,intermediate_algebra,hard,10,1633,123,0.07532149418248622,4.433566690985021,0.03854773105327945,43,"43,61,124,70,73,104",False,False,1634
reas-hard-13,reasoning,intermediate_algebra,hard,13,1633,124,0.07593386405388855,4.243405539312755,0.10275080434409951,103,"103,78,65,54,32,1",False,False,1634
reas-hard-13,reasoning,intermediate_algebra,hard,15,1633,127,0.07777097366809553,4.48615709546826,0.04800525013412833,77,"77,51,40,93,115,67",False,False,1634
reas-hard-13,reasoning,intermediate_algebra,hard,17,1633,116,0.07103490508266994,4.162464690950297,0.05929967462454804,127,"127,8,21,121,67,26",False,False,1634
reas-hard-13,reasoning,intermediate_algebra,hard,20,1633,122,0.0747091243110839,4.373525909869987,0.060947975902427794,101,"101,54,98,26,33,60",False,False,1634
reas-hard-13,reasoning,intermediate_algebra,hard,22,1633,128,0.07838334353949786,4.466548349324564,0.043807509177831855,120,"120,88,94,9,14,89",False,False,1634
reas-hard-13,reasoning,intermediate_algebra,hard,24,1633,124,0.07593386405388855,4.384158786168031,0.051310909454992955,76,"76,24,35,19,80,69",False,False,1634
reas-hard-13,reasoning,intermediate_algebra,hard,27,1633,127,0.07777097366809553,4.406462600524362,0.03795693413639606,71,"71,11,60,122,35,93",False,False,1634
reas-hard-13,reasoning,intermediate_algebra,hard,29,1633,126,0.0771586037966932,4.410905013625788,0.060337270347024664,114,"114,94,33,16,83,75",False,False,1634
reas-hard-13,reasoning,intermediate_algebra,hard,31,1633,128,0.07838334353949786,4.477352099639678,0.04573310636951186,105,"105,106,24,98,85,69",False,False,1634
reas-hard-13,reasoning,intermediate_algebra,hard,34,1633,126,0.0771586037966932,4.37085958785838,0.046369802404211714,55,"55,86,78,80,87,84",False,False,1634
reas-hard-13,reasoning,intermediate_algebra,hard,36,1633,125,0.07654623392529088,4.444749433753536,0.047748018228592246,63,"63,102,46,36,44,114",False,False,1634
reas-hard-13,reasoning,intermediate_algebra,hard,38,1633,124,0.07593386405388855,4.385267244784912,0.06664900028592625,114,"114,47,23,75,54,12",False,False,1634
reas-hard-13,reasoning,intermediate_algebra,hard,40,1633,124,0.07593386405388855,4.465101858054899,0.03689730830758599,66,"66,21,64,31,44,8",False,False,1634
reas-hard-13,reasoning,intermediate_algebra,hard,43,1633,127,0.07777097366809553,4.469276832359763,0.03779780534514773,105,"105,99,115,44,72,37",False,False,1634
reas-hard-13,reasoning,intermediate_algebra,hard,45,1633,126,0.0771586037966932,4.553363038998677,0.027061676900568685,36,"36,120,103,119,29,3",False,False,1634
reas-hard-13,reasoning,intermediate_algebra,hard,47,1633,126,0.0771586037966932,4.487231533744969,0.036366730286208404,44,"44,103,67,64,114,12",False,False,1634
reas-hard-13,reasoning,intermediate_algebra,hard,49,1633,123,0.07532149418248622,4.52052759267767,0.032467939818600876,37,"37,16,46,25,88,86",False,False,1634
reas-hard-13,reasoning,intermediate_algebra,hard,51,1633,128,0.07838334353949786,4.691828658958152,0.018902829804608653,71,"71,100,57,101,18,2",False,False,1634
reas-hard-14,reasoning,precalculus,hard,1,888,128,0.14414414414414414,4.680989951062474,0.02703859949369366,3,"3,40,83,127,92,50",False,False,889
reas-hard-14,reasoning,precalculus,hard,3,888,128,0.14414414414414414,4.699715301133969,0.023445213204361146,100,"100,21,72,97,84,61",False,False,889
reas-hard-14,reasoning,precalculus,hard,6,888,126,0.14189189189189189,4.542283947828972,0.05869292949476942,118,"118,63,89,34,93,8",False,False,889
reas-hard-14,reasoning,precalculus,hard,8,888,121,0.13626126126126126,4.380645890306538,0.05342055688317858,88,"88,13,87,32,81,99",False,False,889
reas-hard-14,reasoning,precalculus,hard,10,888,121,0.13626126126126126,4.045037397140686,0.11382529214861391,5,"5,17,112,76,83,75",False,False,889
reas-hard-14,reasoning,precalculus,hard,13,888,120,0.13513513513513514,4.265162471922202,0.05052804989262495,34,"34,20,28,59,96,41",False,False,889
reas-hard-14,reasoning,precalculus,hard,15,888,123,0.13851351351351351,4.256724145836902,0.09874548483910546,94,"94,67,51,106,107,99",False,False,889
reas-hard-14,reasoning,precalculus,hard,17,888,110,0.12387387387387387,4.158907918516119,0.04731265985762207,127,"127,8,116,115,38,58",False,False,889
reas-hard-14,reasoning,precalculus,hard,20,888,122,0.1373873873873874,4.172570536107044,0.0964097826789232,67,"67,98,11,101,126,65",False,False,889
reas-hard-14,reasoning,precalculus,hard,22,888,127,0.14301801801801803,4.42847206679365,0.04888840525026265,88,"88,48,94,55,120,60",False,False,889
reas-hard-14,reasoning,precalculus,hard,24,888,122,0.1373873873873874,4.2458421697022235,0.05356674636334366,50,"50,24,35,76,55,69",False,False,889
reas-hard-14,reasoning,precalculus,hard,27,888,124,0.13963963963963963,4.263610536275283,0.047848656101864284,35,"35,118,71,11,60,99",False,False,889
reas-hard-14,reasoning,precalculus,hard,29,888,126,0.14189189189189189,4.4062257581372295,0.058708008176235976,33,"33,114,113,103,100,16",False,False,889
reas-hard-14,reasoning,precalculus,hard,31,888,126,0.14189189189189189,4.290415748090021,0.1177726808739196,17,"17,80,98,105,69,57",False,False,889
reas-hard-14,reasoning,precalculus,hard,34,888,123,0.13851351351351351,4.26946077370195,0.06206217957640968,118,"118,53,119,54,123,32",False,False,889
reas-hard-14,reasoning,precalculus,hard,36,888,124,0.13963963963963963,4.3057154842782674,0.080759403562059,96,"96,26,93,45,63,54",False,False,889
reas-hard-14,reasoning,precalculus,hard,38,888,124,0.13963963963963963,4.410286409945881,0.044963215054191506,12,"12,80,106,31,16,47",False,False,889
reas-hard-14,reasoning,precalculus,hard,40,888,121,0.13626126126126126,4.407402325403332,0.049911507208174624,18,"18,8,2,38,120,119",False,False,889
reas-hard-14,reasoning,precalculus,hard,43,888,124,0.13963963963963963,4.349617122333612,0.03805622379544986,111,"111,72,75,30,93,31",False,False,889
reas-hard-14,reasoning,precalculus,hard,45,888,125,0.14076576576576577,4.383880081466578,0.07830283948913715,125,"125,40,108,120,22,52",False,False,889
reas-hard-14,reasoning,precalculus,hard,47,888,126,0.14189189189189189,4.52125416371487,0.033687247642158254,18,"18,34,44,5,28,74",False,False,889
reas-hard-14,reasoning,precalculus,hard,49,888,125,0.14076576576576577,4.489069187700307,0.04297995537660056,24,"24,97,85,125,108,46",False,False,889
reas-hard-14,reasoning,precalculus,hard,51,888,128,0.14414414414414414,4.650234538264824,0.025519285027383664,124,"124,28,9,24,19,115",False,False,889
reas-hard-15,reasoning,intermediate_algebra,hard,1,3071,128,0.04168023445131879,4.743983165947839,0.02531276534676153,3,"3,2,50,127,1,15",,True,3072
reas-hard-15,reasoning,intermediate_algebra,hard,3,3071,128,0.04168023445131879,4.750744132578701,0.01959232405839649,31,"31,79,61,20,26,44",,True,3072
reas-hard-15,reasoning,intermediate_algebra,hard,6,3071,128,0.04168023445131879,4.622667952964154,0.05159653268863226,118,"118,63,115,8,91,90",,True,3072
reas-hard-15,reasoning,intermediate_algebra,hard,8,3071,127,0.04135460761966786,4.521752258043554,0.04730664730969052,60,"60,26,12,5,110,93",,True,3072
reas-hard-15,reasoning,intermediate_algebra,hard,10,3071,126,0.041028980788016936,4.440988244558355,0.04366587838689766,46,"46,78,81,17,28,65",,True,3072
reas-hard-15,reasoning,intermediate_algebra,hard,13,3071,126,0.041028980788016936,4.215459256780703,0.10709897659000699,20,"20,78,81,32,15,91",,True,3072
reas-hard-15,reasoning,intermediate_algebra,hard,15,3071,126,0.041028980788016936,4.462279173139783,0.04673127103976933,94,"94,121,98,107,99,46",,True,3072
reas-hard-15,reasoning,intermediate_algebra,hard,17,3071,120,0.03907521979811136,4.227067775751345,0.060467081712047406,127,"127,97,21,26,8,121",,True,3072
reas-hard-15,reasoning,intermediate_algebra,hard,20,3071,124,0.040377727124715074,4.187219806015433,0.09853258552431629,67,"67,11,101,98,27,54",,True,3072
reas-hard-15,reasoning,intermediate_algebra,hard,22,3071,128,0.04168023445131879,4.466572792288231,0.03676133484746456,120,"120,14,94,88,60,48",,True,3072
reas-hard-15,reasoning,intermediate_algebra,hard,24,3071,125,0.040703353956366005,4.34153810159838,0.056765589040590585,76,"76,71,5,74,80,19",,True,3072
reas-hard-15,reasoning,intermediate_algebra,hard,27,3071,126,0.041028980788016936,4.4168627316724,0.036154490375328245,48,"48,35,60,125,98,11",,True,3072
reas-hard-15,reasoning,intermediate_algebra,hard,29,3071,127,0.04135460761966786,4.42307867192932,0.06198528985102783,16,"16,113,114,33,42,19",,True,3072
reas-hard-15,reasoning,intermediate_algebra,hard,31,3071,127,0.04135460761966786,4.458216858402143,0.04016700050380051,58,"58,105,77,114,17,110",,True,3072
reas-hard-15,reasoning,intermediate_algebra,hard,34,3071,126,0.041028980788016936,4.261828405380923,0.11268843952569461,36,"36,19,54,119,58,75",,True,3072
reas-hard-15,reasoning,intermediate_algebra,hard,36,3071,126,0.041028980788016936,4.432484447430892,0.0357369059125338,46,"46,44,37,90,25,26",,True,3072
reas-hard-15,reasoning,intermediate_algebra,hard,38,3071,127,0.04135460761966786,4.457909804238557,0.0436519822201373,106,"106,91,18,12,47,114",,True,3072
reas-hard-15,reasoning,intermediate_algebra,hard,40,3071,123,0.04005210029306415,4.388901603620016,0.05292718074624545,125,"125,38,84,18,31,88",,True,3072
reas-hard-15,reasoning,intermediate_algebra,hard,43,3071,124,0.040377727124715074,4.38377947878876,0.05516822327434819,18,"18,31,72,38,84,121",,True,3072
reas-hard-15,reasoning,intermediate_algebra,hard,45,3071,127,0.04135460761966786,4.451432321118536,0.055538207603557675,108,"108,80,61,65,72,10",,True,3072
reas-hard-15,reasoning,intermediate_algebra,hard,47,3071,127,0.04135460761966786,4.472011365878341,0.05239305346718278,98,"98,41,5,44,108,32",,True,3072
reas-hard-15,reasoning,intermediate_algebra,hard,49,3071,128,0.04168023445131879,4.379257961541189,0.075677729059805,24,"24,85,30,46,56,16",,True,3072
reas-hard-15,reasoning,intermediate_algebra,hard,51,3071,128,0.04168023445131879,4.640665487861552,0.028990471893297187,93,"93,124,52,72,2,16",,True,3072
reas-hard-16,reasoning,number_theory,hard,1,1231,128,0.10398050365556458,4.673861159940758,0.024669236363913303,12,"12,73,100,50,15,42",True,False,1232
reas-hard-16,reasoning,number_theory,hard,3,1231,128,0.10398050365556458,4.640237558197269,0.02260801506270189,55,"55,115,10,117,120,113",True,False,1232
reas-hard-16,reasoning,number_theory,hard,6,1231,127,0.10316815597075549,4.537562830582356,0.040267994501598806,93,"93,52,22,45,104,80",True,False,1232
reas-hard-16,reasoning,number_theory,hard,8,1231,125,0.10154346060113728,4.40902013992719,0.06259577205164876,70,"70,12,79,46,38,106",True,False,1232
reas-hard-16,reasoning,number_theory,hard,10,1231,123,0.09991876523151909,4.307746835926044,0.06310150734195301,15,"15,112,26,90,57,118",True,False,1232
reas-hard-16,reasoning,number_theory,hard,13,1231,123,0.09991876523151909,4.145991304431152,0.10103341219193393,98,"98,124,34,63,87,66",True,False,1232
reas-hard-16,reasoning,number_theory,hard,15,1231,126,0.10235580828594638,4.256201462870129,0.07725938964342821,95,"95,116,77,22,67,113",True,False,1232
reas-hard-16,reasoning,number_theory,hard,17,1231,115,0.0934199837530463,4.160950770993458,0.052378359589871484,74,"74,121,45,116,36,61",True,False,1232
reas-hard-16,reasoning,number_theory,hard,20,1231,123,0.09991876523151909,4.353733160921252,0.040953689007631564,105,"105,27,35,76,86,115",True,False,1232
reas-hard-16,reasoning,number_theory,hard,22,1231,128,0.10398050365556458,4.3664136013923045,0.07834154528587212,94,"94,55,16,59,72,60",True,False,1232
reas-hard-16,reasoning,number_theory,hard,24,1231,123,0.09991876523151909,4.351035650419044,0.045811074891692456,79,"79,67,31,57,35,91",True,False,1232
reas-hard-16,reasoning,number_theory,hard,27,1231,127,0.10316815597075549,4.289663607028307,0.08808129582807651,0,"0,11,39,101,125,72",True,False,1232
reas-hard-16,reasoning,number_theory,hard,29,1231,125,0.10154346060113728,4.416475146430705,0.049188369560658016,94,"94,95,83,33,47,17",True,False,1232
reas-hard-16,reasoning,number_theory,hard,31,1231,128,0.10398050365556458,4.312921988071658,0.12094976737156946,75,"75,33,58,98,95,53",True,False,1232
reas-hard-16,reasoning,number_theory,hard,34,1231,123,0.09991876523151909,4.25851137346524,0.08881286220928376,21,"21,55,27,98,96,89",True,False,1232
reas-hard-16,reasoning,number_theory,hard,36,1231,127,0.10316815597075549,4.4322294598713885,0.03961325113496624,12,"12,26,36,60,46,66",True,False,1232
reas-hard-16,reasoning,number_theory,hard,38,1231,125,0.10154346060113728,4.446782470222139,0.041960342004152586,84,"84,68,85,48,57,58",True,False,1232
reas-hard-16,reasoning,number_theory,hard,40,1231,124,0.10073111291632819,4.373151113204434,0.06409717671154926,88,"88,25,107,84,62,11",True,False,1232
reas-hard-16,reasoning,number_theory,hard,43,1231,125,0.10154346060113728,4.408647784067468,0.041310761222484824,84,"84,31,7,48,80,39",True,False,1232
reas-hard-16,reasoning,number_theory,hard,45,1231,126,0.10235580828594638,4.498001510139764,0.03909282568287906,103,"103,36,0,25,3,7",True,False,1232
reas-hard-16,reasoning,number_theory,hard,47,1231,126,0.10235580828594638,4.436215763441366,0.053796098421744744,34,"34,12,67,108,64,10",True,False,1232
reas-hard-16,reasoning,number_theory,hard,49,1231,127,0.10316815597075549,4.4928890787196885,0.03827723449338896,56,"56,16,35,24,61,33",True,False,1232
reas-hard-16,reasoning,number_theory,hard,51,1231,127,0.10316815597075549,4.5605194154165725,0.03632243254049954,124,"124,114,56,19,28,22",True,False,1232
reas-hard-17,reasoning,precalculus,hard,1,1327,128,0.09645817633760362,4.675837337468293,0.023057471363336024,73,"73,83,127,3,108,84",False,False,1328
reas-hard-17,reasoning,precalculus,hard,3,1327,128,0.09645817633760362,4.654954757646736,0.025454137220416236,20,"20,78,72,19,16,34",False,False,1328
reas-hard-17,reasoning,precalculus,hard,6,1327,127,0.09570459683496609,4.4784625506763724,0.043402061408050155,47,"47,63,118,8,5,109",False,False,1328
reas-hard-17,reasoning,precalculus,hard,8,1327,124,0.0934438583270535,4.470498019014964,0.04408544654380749,88,"88,34,113,67,13,93",False,False,1328
reas-hard-17,reasoning,precalculus,hard,10,1327,121,0.09118311981914091,4.196324115715971,0.08564332430877258,78,"78,17,6,76,120,100",False,False,1328
reas-hard-17,reasoning,precalculus,hard,13,1327,122,0.09193669932177845,4.2135363399705,0.07624997571462297,33,"33,96,117,61,65,4",False,False,1328
reas-hard-17,reasoning,precalculus,hard,15,1327,124,0.0934438583270535,4.320379938976928,0.04419912962751045,107,"107,40,112,51,99,94",False,False,1328
reas-hard-17,reasoning,precalculus,hard,17,1327,110,0.0828937452901281,3.908541140869699,0.0852894585213714,127,"127,56,38,8,57,121",False,False,1328
reas-hard-17,reasoning,precalculus,hard,20,1327,121,0.09118311981914091,4.056259196416022,0.09638146757931729,98,"98,126,101,60,36,119",False,False,1328
reas-hard-17,reasoning,precalculus,hard,22,1327,128,0.09645817633760362,4.354444961559344,0.07104187105348389,88,"88,94,89,120,34,59",False,False,1328
reas-hard-17,reasoning,precalculus,hard,24,1327,122,0.09193669932177845,4.228621279432839,0.05929797671353635,76,"76,102,24,69,90,35",False,False,1328
reas-hard-17,reasoning,precalculus,hard,27,1327,127,0.09570459683496609,4.154867993480435,0.07561750620212537,125,"125,35,60,99,11,39",False,False,1328
reas-hard-17,reasoning,precalculus,hard,29,1327,126,0.09495101733232857,4.200546710858535,0.08148384077850652,114,"114,33,103,83,22,80",False,False,1328
reas-hard-17,reasoning,precalculus,hard,31,1327,126,0.09495101733232857,4.302300621655215,0.06671760435618435,17,"17,105,98,61,113,47",False,False,1328
reas-hard-17,reasoning,precalculus,hard,34,1327,125,0.09419743782969103,4.222332466453007,0.05285863278635634,36,"36,78,118,75,43,111",False,False,1328
reas-hard-17,reasoning,precalculus,hard,36,1327,125,0.09419743782969103,4.281389634207612,0.052138029753877685,96,"96,44,93,63,104,25",False,False,1328
reas-hard-17,reasoning,precalculus,hard,38,1327,127,0.09570459683496609,4.293559043955379,0.06218936218258806,12,"12,110,47,16,63,75",False,False,1328
reas-hard-17,reasoning,precalculus,hard,40,1327,125,0.09419743782969103,4.358079632213585,0.051315686590161676,94,"94,8,107,25,31,51",False,False,1328
reas-hard-17,reasoning,precalculus,hard,43,1327,124,0.0934438583270535,4.36101432549836,0.047134165482053854,72,"72,16,93,107,108,61",False,False,1328
reas-hard-17,reasoning,precalculus,hard,45,1327,127,0.09570459683496609,4.478884050271345,0.04478057169573002,120,"120,52,110,40,67,7",False,False,1328
reas-hard-17,reasoning,precalculus,hard,47,1327,128,0.09645817633760362,4.479233924823426,0.04648399921322702,44,"44,74,53,67,59,41",False,False,1328
reas-hard-17,reasoning,precalculus,hard,49,1327,126,0.09495101733232857,4.441540469108299,0.038823602592368674,108,"108,97,46,86,56,16",False,False,1328
reas-hard-17,reasoning,precalculus,hard,51,1327,128,0.09645817633760362,4.614657219163245,0.025694246590101128,2,"2,9,6,15,19,93",False,False,1328
reas-hard-18,reasoning,algebra,hard,1,1133,128,0.11297440423654016,4.739828575525596,0.021804491609428663,16,"16,1,57,29,100,14",True,False,1134
reas-hard-18,reasoning,algebra,hard,3,1133,128,0.11297440423654016,4.701291696574786,0.024162748978246346,31,"31,109,79,21,113,48",True,False,1134
reas-hard-18,reasoning,algebra,hard,6,1133,128,0.11297440423654016,4.627717781786025,0.052149469169346326,106,"106,89,79,45,8,55",True,False,1134
reas-hard-18,reasoning,algebra,hard,8,1133,125,0.11032656663724624,4.594263036241206,0.040855857234159645,93,"93,60,120,2,66,113",True,False,1134
reas-hard-18,reasoning,algebra,hard,10,1133,125,0.11032656663724624,4.469917406768229,0.036398334346382996,55,"55,80,59,100,99,94",True,False,1134
reas-hard-18,reasoning,algebra,hard,13,1133,125,0.11032656663724624,4.407296564504211,0.066237695515929,34,"34,121,125,42,3,71",True,False,1134
reas-hard-18,reasoning,algebra,hard,15,1133,126,0.11120917917034422,4.566220598061765,0.030690085510706445,122,"122,39,29,32,107,99",True,False,1134
reas-hard-18,reasoning,algebra,hard,17,1133,112,0.09885260370697264,4.262380998131975,0.04646812985303133,36,"36,127,64,119,121,6",True,False,1134
reas-hard-18,reasoning,algebra,hard,20,1133,123,0.10856134157105031,4.380207234210449,0.05575484496504047,67,"67,98,19,60,36,85",True,False,1134
reas-hard-18,reasoning,algebra,hard,22,1133,128,0.11297440423654016,4.589772962766746,0.038904447986512464,58,"58,14,88,94,89,2",True,False,1134
reas-hard-18,reasoning,algebra,hard,24,1133,126,0.11120917917034422,4.485304013815316,0.03370183651112017,76,"76,102,61,16,50,99",True,False,1134
reas-hard-18,reasoning,algebra,hard,27,1133,127,0.11209179170344219,4.3338752659574435,0.08164042357562107,90,"90,125,11,99,103,113",True,False,1134
reas-hard-18,reasoning,algebra,hard,29,1133,126,0.11120917917034422,4.516642681059802,0.054742459638680914,18,"18,83,114,33,22,102",True,False,1134
reas-hard-18,reasoning,algebra,hard,31,1133,127,0.11209179170344219,4.556344592957968,0.04582374276190098,35,"35,105,110,65,67,98",True,False,1134
reas-hard-18,reasoning,algebra,hard,34,1133,125,0.11032656663724624,4.444683979546261,0.050370274217885244,1,"1,116,122,75,92,78",True,False,1134
reas-hard-18,reasoning,algebra,hard,36,1133,124,0.10944395410414828,4.542892404933331,0.03452804405627774,65,"65,105,118,12,34,46",True,False,1134
reas-hard-18,reasoning,algebra,hard,38,1133,126,0.11120917917034422,4.567680144763407,0.029295963155599507,12,"12,75,126,18,117,20",True,False,1134
reas-hard-18,reasoning,algebra,hard,40,1133,125,0.11032656663724624,4.483756876108539,0.039471507845301027,12,"12,25,8,57,107,22",True,False,1134
reas-hard-18,reasoning,algebra,hard,43,1133,127,0.11209179170344219,4.478713283006938,0.04962613636113873,30,"30,31,66,72,113,7",True,False,1134
reas-hard-18,reasoning,algebra,hard,45,1133,128,0.11297440423654016,4.575620280236098,0.036989948624772076,99,"99,106,25,108,120,22",True,False,1134
reas-hard-18,reasoning,algebra,hard,47,1133,126,0.11120917917034422,4.530602574548628,0.06439441124917937,75,"75,34,10,44,104,5",True,False,1134
reas-hard-18,reasoning,algebra,hard,49,1133,128,0.11297440423654016,4.548926401895258,0.03874088190499339,120,"120,108,56,24,60,63",True,False,1134
reas-hard-18,reasoning,algebra,hard,51,1133,128,0.11297440423654016,4.669835169972118,0.0270787646356839,56,"56,124,19,38,123,24",True,False,1134
reas-medi-07,reasoning,algebra,medium,1,476,127,0.2668067226890756,4.623220766562893,0.024674727310103898,122,"122,77,50,110,118,83",False,False,477
reas-medi-07,reasoning,algebra,medium,3,476,127,0.2668067226890756,4.517002946135044,0.03597182891118717,97,"97,100,72,57,99,20",False,False,477
reas-medi-07,reasoning,algebra,medium,6,476,127,0.2668067226890756,4.49978617059758,0.039144225658930464,118,"118,105,115,109,63,8",False,False,477
reas-medi-07,reasoning,algebra,medium,8,476,122,0.25630252100840334,4.447292685396029,0.03484211544551204,28,"28,60,115,79,127,26",False,False,477
reas-medi-07,reasoning,algebra,medium,10,476,115,0.2415966386554622,4.365206002447009,0.0385043381210981,112,"112,84,69,41,93,124",False,False,477
reas-medi-07,reasoning,algebra,medium,13,476,111,0.23319327731092437,4.21881947428194,0.05975651826389987,24,"24,63,34,65,126,96",False,False,477
reas-medi-07,reasoning,algebra,medium,15,476,122,0.25630252100840334,4.389672378734111,0.04156476207924544,29,"29,93,35,40,107,34",False,False,477
reas-medi-07,reasoning,algebra,medium,17,476,100,0.21008403361344538,3.9973822609567375,0.05616215799241481,102,"102,58,38,45,121,104",False,False,477
reas-medi-07,reasoning,algebra,medium,20,476,113,0.23739495798319327,4.1656091498489936,0.06758400120798555,98,"98,54,65,60,119,36",False,False,477
reas-medi-07,reasoning,algebra,medium,22,476,128,0.2689075630252101,4.4119558309767966,0.06759196904147037,94,"94,88,59,76,68,38",False,False,477
reas-medi-07,reasoning,algebra,medium,24,476,117,0.24579831932773108,4.274638822274076,0.048877160792100964,11,"11,79,35,48,102,24",False,False,477
reas-medi-07,reasoning,algebra,medium,27,476,123,0.25840336134453784,4.201573397367884,0.04921738800393294,93,"93,99,73,60,34,125",False,False,477
reas-medi-07,reasoning,algebra,medium,29,476,121,0.2542016806722689,4.259092913863129,0.06589072637885306,33,"33,83,32,114,22,103",False,False,477
reas-medi-07,reasoning,algebra,medium,31,476,122,0.25630252100840334,4.397065788421853,0.05256720719234694,61,"61,98,47,58,80,107",False,False,477
reas-medi-07,reasoning,algebra,medium,34,476,115,0.2415966386554622,4.314160827999318,0.04824628328011906,53,"53,66,43,17,50,111",False,False,477
reas-medi-07,reasoning,algebra,medium,36,476,121,0.2542016806722689,4.210154891066785,0.06838269311452337,96,"96,58,63,93,105,25",False,False,477
reas-medi-07,reasoning,algebra,medium,38,476,119,0.25,4.351018846446903,0.04734557433646411,16,"16,75,92,37,31,63",False,False,477
reas-medi-07,reasoning,algebra,medium,40,476,120,0.25210084033613445,4.307396314038288,0.06930707897797254,8,"8,107,119,78,11,31",False,False,477
reas-medi-07,reasoning,algebra,medium,43,476,122,0.25630252100840334,4.32840840941739,0.0572174239336743,75,"75,121,72,93,31,13",False,False,477
reas-medi-07,reasoning,algebra,medium,45,476,120,0.25210084033613445,4.3884083801844875,0.054008347751801224,22,"22,40,120,52,3,7",False,False,477
reas-medi-07,reasoning,algebra,medium,47,476,121,0.2542016806722689,4.441689658089148,0.04077880321231091,108,"108,67,3,44,103,61",False,False,477
reas-medi-07,reasoning,algebra,medium,49,476,121,0.2542016806722689,4.423647584012226,0.03794331501059338,56,"56,108,86,113,24,83",False,False,477
reas-medi-07,reasoning,algebra,medium,51,476,127,0.2668067226890756,4.529551200511629,0.031248411608660175,71,"71,19,56,38,53,124",False,False,477
reas-medi-08,reasoning,number_theory,medium,1,285,127,0.4456140350877193,4.672976477198543,0.019670981858103922,15,"15,122,111,102,73,4",True,False,286
reas-medi-08,reasoning,number_theory,medium,3,285,127,0.4456140350877193,4.662977384488596,0.025638231674054338,48,"48,41,119,81,115,44",True,False,286
reas-medi-08,reasoning,number_theory,medium,6,285,124,0.43508771929824563,4.572235710183557,0.041952815931488995,93,"93,109,44,79,29,105",True,False,286
reas-medi-08,reasoning,number_theory,medium,8,285,118,0.41403508771929826,4.153302130434057,0.14611379292385204,70,"70,112,106,99,46,3",True,False,286
reas-medi-08,reasoning,number_theory,medium,10,285,108,0.37894736842105264,4.186017582344738,0.05366659727950946,9,"9,112,90,15,53,1",True,False,286
reas-medi-08,reasoning,number_theory,medium,13,285,106,0.3719298245614035,3.8511703769803978,0.1725142316437195,98,"98,34,125,62,63,67",True,False,286
reas-medi-08,reasoning,number_theory,medium,15,285,113,0.39649122807017545,4.112363644248927,0.11299397375067631,116,"116,29,11,78,67,77",True,False,286
reas-medi-08,reasoning,number_theory,medium,17,285,99,0.3473684210526316,4.121031119871631,0.05134677279254775,121,"121,87,32,45,19,36",True,False,286
reas-medi-08,reasoning,number_theory,medium,20,285,111,0.3894736842105263,4.285557335965353,0.04566206134087675,19,"19,14,119,27,4,127",True,False,286
reas-medi-08,reasoning,number_theory,medium,22,285,122,0.4280701754385965,4.435012479344364,0.04095000629194864,94,"94,59,60,16,76,89",True,False,286
reas-medi-08,reasoning,number_theory,medium,24,285,110,0.38596491228070173,4.1750846714833845,0.07946150974435659,79,"79,42,90,78,103,120",True,False,286
reas-medi-08,reasoning,number_theory,medium,27,285,109,0.3824561403508772,4.2194318226904155,0.045706036606906975,39,"39,72,60,99,42,74",True,False,286
reas-medi-08,reasoning,number_theory,medium,29,285,116,0.4070175438596491,4.3696405971208785,0.04003658847271224,17,"17,114,66,33,83,18",True,False,286
reas-medi-08,reasoning,number_theory,medium,31,285,123,0.43157894736842106,4.140259000821471,0.17984381668291113,75,"75,58,61,33,99,74",True,False,286
reas-medi-08,reasoning,number_theory,medium,34,285,114,0.4,4.220468610397871,0.11944163048254192,21,"21,55,78,98,111,45",True,False,286
reas-medi-08,reasoning,number_theory,medium,36,285,121,0.4245614035087719,4.316789610492607,0.056297367921496116,105,"105,36,99,22,63,76",True,False,286
reas-medi-08,reasoning,number_theory,medium,38,285,118,0.41403508771929826,4.283974826926957,0.07286280764904772,114,"114,97,68,108,75,11",True,False,286
reas-medi-08,reasoning,number_theory,medium,40,285,116,0.4070175438596491,4.280539661601334,0.05826610336781737,84,"84,88,8,107,122,31",True,False,286
reas-medi-08,reasoning,number_theory,medium,43,285,117,0.4105263157894737,4.317343473426295,0.06539186910078748,39,"39,93,72,36,30,57",True,False,286
reas-medi-08,reasoning,number_theory,medium,45,285,121,0.4245614035087719,4.5174374142054505,0.029460386622493704,119,"119,80,46,52,14,104",True,False,286
reas-medi-08,reasoning,number_theory,medium,47,285,122,0.4280701754385965,4.457735210560886,0.04153459454393721,48,"48,44,89,34,3,54",True,False,286
reas-medi-08,reasoning,number_theory,medium,49,285,121,0.4245614035087719,4.422372134738079,0.04671240290700334,108,"108,56,16,63,111,24",True,False,286
reas-medi-08,reasoning,number_theory,medium,51,285,126,0.4421052631578947,4.566159789412654,0.03636736820797419,24,"24,11,55,124,113,38",True,False,286
reas-medi-09,reasoning,number_theory,medium,1,521,128,0.2456813819577735,4.690983583239044,0.02130042247896626,52,"52,122,77,53,109,50",True,False,522
reas-medi-09,reasoning,number_theory,medium,3,521,127,0.2437619961612284,4.618897614590008,0.02893432803872206,117,"117,29,54,41,70,62",True,False,522
reas-medi-09,reasoning,number_theory,medium,6,521,126,0.2418426103646833,4.566608211357748,0.03749932286823456,93,"93,118,29,104,105,12",True,False,522
reas-medi-09,reasoning,number_theory,medium,8,521,120,0.23032629558541268,4.304982485083592,0.053306242104118794,116,"116,70,46,49,127,23",True,False,522
reas-medi-09,reasoning,number_theory,medium,10,521,117,0.22456813819577734,4.343985238847921,0.05883696998892227,43,"43,15,52,112,80,65",True,False,522
reas-medi-09,reasoning,number_theory,medium,13,521,116,0.22264875239923224,4.273135506480613,0.06206687524882532,34,"34,20,98,36,68,2",True,False,522
reas-medi-09,reasoning,number_theory,medium,15,521,118,0.22648752399232247,4.292314328163088,0.046301699936411124,51,"51,38,112,87,116,108",True,False,522
reas-medi-09,reasoning,number_theory,medium,17,521,105,0.20153550863723607,4.144256973669171,0.059952097702991515,121,"121,21,30,45,9,26",True,False,522
reas-medi-09,reasoning,number_theory,medium,20,521,116,0.22264875239923224,4.166528771032093,0.09716387391404668,27,"27,11,67,41,47,119",True,False,522
reas-medi-09,reasoning,number_theory,medium,22,521,125,0.2399232245681382,4.482426997996256,0.04164011660627202,16,"16,94,60,32,59,15",True,False,522
reas-medi-09,reasoning,number_theory,medium,24,521,115,0.22072936660268713,4.296388851405063,0.06522566717781493,5,"5,16,78,79,35,24",True,False,522
reas-medi-09,reasoning,number_theory,medium,27,521,125,0.2399232245681382,4.3665042415111905,0.04783578935964249,77,"77,11,16,39,12,63",True,False,522
reas-medi-09,reasoning,number_theory,medium,29,521,119,0.22840690978886757,4.426721398845286,0.03961572367530865,113,"113,17,76,33,6,18",True,False,522
reas-medi-09,reasoning,number_theory,medium,31,521,121,0.23224568138195778,4.3616014643125185,0.058167379516212,109,"109,75,58,98,33,59",True,False,522
reas-medi-09,reasoning,number_theory,medium,34,521,122,0.23416506717850288,4.313598440872962,0.046134120945015934,55,"55,109,54,21,50,115",True,False,522
reas-medi-09,reasoning,number_theory,medium,36,521,117,0.22456813819577734,4.353383188083781,0.06241774930033602,60,"60,46,88,45,72,26",True,False,522
reas-medi-09,reasoning,number_theory,medium,38,521,121,0.23224568138195778,4.248942748522585,0.07953085341859091,114,"114,17,48,124,75,39",True,False,522
reas-medi-09,reasoning,number_theory,medium,40,521,120,0.23032629558541268,4.320340440554196,0.05025687568169196,43,"43,38,12,11,8,125",True,False,522
reas-medi-09,reasoning,number_theory,medium,43,521,120,0.23032629558541268,4.097137142819141,0.10412147790039715,84,"84,91,30,72,2,39",True,False,522
reas-medi-09,reasoning,number_theory,medium,45,521,123,0.236084452975048,4.426415627959501,0.035502043562894034,105,"105,28,27,80,36,108",True,False,522
reas-medi-09,reasoning,number_theory,medium,47,521,125,0.2399232245681382,4.45189382375549,0.04887109800154296,41,"41,89,34,5,61,47",True,False,522
reas-medi-09,reasoning,number_theory,medium,49,521,124,0.2380038387715931,4.429373573935554,0.05151538340170771,24,"24,63,125,85,16,62",True,False,522
reas-medi-09,reasoning,number_theory,medium,51,521,128,0.2456813819577735,4.626033905091068,0.029297727444191245,91,"91,123,22,24,64,17",True,False,522
reas-medi-10,reasoning,algebra,medium,1,248,125,0.5040322580645161,4.623966071848849,0.020824834338511747,109,"109,40,16,50,64,59",False,False,249
reas-medi-10,reasoning,algebra,medium,3,248,124,0.5,4.5991236399953515,0.023039719002846,84,"84,31,48,125,16,117",False,False,249
reas-medi-10,reasoning,algebra,medium,6,248,122,0.49193548387096775,4.490668775641354,0.03428742663755106,47,"47,45,104,109,117,8",False,False,249
reas-medi-10,reasoning,algebra,medium,8,248,116,0.46774193548387094,4.477184367055591,0.03228449830597641,15,"15,46,99,93,58,112",False,False,249
reas-medi-10,reasoning,algebra,medium,10,248,112,0.45161290322580644,4.169085772294299,0.060015404316043644,110,"110,75,49,112,42,40",False,False,249
reas-medi-10,reasoning,algebra,medium,13,248,104,0.41935483870967744,4.113117806375421,0.07933600259575795,34,"34,91,24,63,62,65",False,False,249
reas-medi-10,reasoning,algebra,medium,15,248,115,0.4637096774193548,4.305132263904095,0.05012951256181281,67,"67,107,29,94,57,84",False,False,249
reas-medi-10,reasoning,algebra,medium,17,248,91,0.36693548387096775,3.997450351142389,0.05854619448849826,19,"19,121,38,75,104,32",False,False,249
reas-medi-10,reasoning,algebra,medium,20,248,104,0.41935483870967744,4.121255514583639,0.0531984433162263,119,"119,61,98,60,126,36",False,False,249
reas-medi-10,reasoning,algebra,medium,22,248,121,0.4879032258064516,4.359808775098031,0.052079889853265664,94,"94,59,104,88,76,73",False,False,249
reas-medi-10,reasoning,algebra,medium,24,248,101,0.40725806451612906,4.107144016825314,0.0652093916487482,42,"42,79,78,35,24,90",False,False,249
reas-medi-10,reasoning,algebra,medium,27,248,111,0.4475806451612903,4.230909114976443,0.0473980361206837,64,"64,60,99,14,13,42",False,False,249
reas-medi-10,reasoning,algebra,medium,29,248,113,0.45564516129032256,4.178772798386115,0.07493465456069894,83,"83,33,114,117,98,103",False,False,249
reas-medi-10,reasoning,algebra,medium,31,248,120,0.4838709677419355,4.350060256336791,0.058018392704661616,61,"61,37,47,69,98,63",False,False,249
reas-medi-10,reasoning,algebra,medium,34,248,112,0.45161290322580644,4.215559530230244,0.06212109193792547,74,"74,55,78,50,96,98",False,False,249
reas-medi-10,reasoning,algebra,medium,36,248,116,0.46774193548387094,4.206546489919499,0.06869922404826254,105,"105,96,63,104,118,93",False,False,249
reas-medi-10,reasoning,algebra,medium,38,248,117,0.4717741935483871,4.380073821204038,0.05736911068211195,70,"70,11,75,16,25,63",False,False,249
reas-medi-10,reasoning,algebra,medium,40,248,112,0.45161290322580644,4.2149664210648226,0.07638577013153089,8,"8,11,64,31,25,88",False,False,249
reas-medi-10,reasoning,algebra,medium,43,248,115,0.4637096774193548,4.343820221238486,0.041698185201796724,93,"93,36,75,108,115,72",False,False,249
reas-medi-10,reasoning,algebra,medium,45,248,120,0.4838709677419355,4.429270998031322,0.038086845031643876,36,"36,40,7,52,120,110",False,False,249
reas-medi-10,reasoning,algebra,medium,47,248,118,0.47580645161290325,4.381996844055842,0.056693966342978096,34,"34,3,111,44,103,10",False,False,249
reas-medi-10,reasoning,algebra,medium,49,248,120,0.4838709677419355,4.487656406137128,0.036466196500927334,108,"108,56,16,57,97,46",False,False,249
reas-medi-10,reasoning,algebra,medium,51,248,123,0.4959677419354839,4.52535087384692,0.030418667188818083,24,"24,71,113,124,100,61",False,False,249
reas-medi-11,reasoning,number_theory,medium,1,1994,128,0.0641925777331996,4.7369444081353755,0.01739705403152614,73,"73,27,68,76,53,80",True,False,1995
reas-medi-11,reasoning,number_theory,medium,3,1994,128,0.0641925777331996,4.6733626164088555,0.029141269848110798,117,"117,70,2,115,85,100",True,False,1995
reas-medi-11,reasoning,number_theory,medium,6,1994,127,0.06369107321965897,4.53679869443428,0.045560096997314226,106,"106,114,18,21,93,92",True,False,1995
reas-medi-11,reasoning,number_theory,medium,8,1994,124,0.062186559679037114,4.334169976683948,0.06974441558940214,83,"83,69,23,32,82,11",True,False,1995
reas-medi-11,reasoning,number_theory,medium,10,1994,124,0.062186559679037114,4.236476160415737,0.10770689173949313,48,"48,53,7,111,3,2",True,False,1995
reas-medi-11,reasoning,number_theory,medium,13,1994,124,0.062186559679037114,4.320081803422402,0.0496467518193543,125,"125,2,97,20,56,49",True,False,1995
reas-medi-11,reasoning,number_theory,medium,15,1994,124,0.062186559679037114,4.1115657277510955,0.13360844082864984,17,"17,91,116,97,21,108",True,False,1995
reas-medi-11,reasoning,number_theory,medium,17,1994,120,0.06018054162487462,4.268181952828679,0.049965921946577396,26,"26,3,36,76,9,23",True,False,1995
reas-medi-11,reasoning,number_theory,medium,20,1994,122,0.06118355065195587,4.152239474741667,0.08747320480356613,27,"27,86,93,102,52,7",True,False,1995
reas-medi-11,reasoning,number_theory,medium,22,1994,128,0.0641925777331996,4.503573832583964,0.04090588003353718,60,"60,32,16,48,94,112",True,False,1995
reas-medi-11,reasoning,number_theory,medium,24,1994,121,0.06068204613841525,4.1625305139400846,0.08480661729281694,5,"5,87,16,20,38,6",True,False,1995
reas-medi-11,reasoning,number_theory,medium,27,1994,127,0.06369107321965897,4.397225467934974,0.04819535791057589,98,"98,11,77,120,39,74",True,False,1995
reas-medi-11,reasoning,number_theory,medium,29,1994,125,0.06268806419257773,4.422308767181748,0.05024864201661708,116,"116,6,19,65,17,52",True,False,1995
reas-medi-11,reasoning,number_theory,medium,31,1994,128,0.0641925777331996,4.158502328556168,0.14199245153909798,75,"75,58,35,59,54,62",True,False,1995
reas-medi-11,reasoning,number_theory,medium,34,1994,125,0.06268806419257773,4.188290940379029,0.07611562394122136,21,"21,4,109,58,120,55",True,False,1995
reas-medi-11,reasoning,number_theory,medium,36,1994,126,0.06318956870611836,4.300798784810239,0.07317003052833544,66,"66,55,90,37,26,70",True,False,1995
reas-medi-11,reasoning,number_theory,medium,38,1994,124,0.062186559679037114,4.270035113669594,0.04984806322826478,52,"52,82,40,106,48,91",True,False,1995
reas-medi-11,reasoning,number_theory,medium,40,1994,123,0.06168505516549649,4.109178890666027,0.13244953195599518,125,"125,38,12,1,43,88",True,False,1995
reas-medi-11,reasoning,number_theory,medium,43,1994,124,0.062186559679037114,3.9823572911747487,0.17374811063693804,56,"56,84,18,2,42,38",True,False,1995
reas-medi-11,reasoning,number_theory,medium,45,1994,127,0.06369107321965897,4.392387333341349,0.05956585537492867,108,"108,28,74,72,101,96",True,False,1995
reas-medi-11,reasoning,number_theory,medium,47,1994,126,0.06318956870611836,4.410615489883271,0.06087974149289769,40,"40,23,5,98,61,114",True,False,1995
reas-medi-11,reasoning,number_theory,medium,49,1994,125,0.06268806419257773,4.268438201396688,0.07101683336817496,85,"85,63,30,127,24,16",True,False,1995
reas-medi-11,reasoning,number_theory,medium,51,1994,128,0.0641925777331996,4.566224709893822,0.03951473940715611,55,"55,91,23,13,27,72",True,False,1995
reas-medi-12,reasoning,intermediate_algebra,medium,1,3034,128,0.04218852999340804,4.718127642906907,0.031165928292788903,3,"3,127,52,83,77,73",True,False,3035
reas-medi-12,reasoning,intermediate_algebra,medium,3,3034,128,0.04218852999340804,4.70495994413801,0.02913071561075496,21,"21,61,54,10,95,122",True,False,3035
reas-medi-12,reasoning,intermediate_algebra,medium,6,3034,128,0.04218852999340804,4.650163628122147,0.03447397151516511,118,"118,55,8,63,89,115",True,False,3035
reas-medi-12,reasoning,intermediate_algebra,medium,8,3034,127,0.04185893210283454,4.490401360775794,0.05374423195161963,2,"2,122,66,60,84,25",True,False,3035
reas-medi-12,reasoning,intermediate_algebra,medium,10,3034,124,0.04087013843111404,4.407630773873298,0.06650706679569071,24,"24,78,118,65,104,17",True,False,3035
reas-medi-12,reasoning,intermediate_algebra,medium,13,3034,124,0.04087013843111404,4.391512943635997,0.09710241554529848,20,"20,69,117,1,38,126",True,False,3035
reas-medi-12,reasoning,intermediate_algebra,medium,15,3034,127,0.04185893210283454,4.464297269688428,0.05926236021119786,66,"66,127,96,70,125,107",True,False,3035
reas-medi-12,reasoning,intermediate_algebra,medium,17,3034,123,0.04054054054054054,4.238997305823073,0.07010135579613828,127,"127,8,121,26,38,58",True,False,3035
reas-medi-12,reasoning,intermediate_algebra,medium,20,3034,126,0.04152933421226104,4.149873172971261,0.12676911092350918,67,"67,60,34,98,18,11",True,False,3035
reas-medi-12,reasoning,intermediate_algebra,medium,22,3034,128,0.04218852999340804,4.487750309178802,0.042628804609054945,88,"88,89,120,94,59,34",True,False,3035
reas-medi-12,reasoning,intermediate_algebra,medium,24,3034,124,0.04087013843111404,4.435869264830779,0.034812695457594474,69,"69,40,102,76,24,5",True,False,3035
reas-medi-12,reasoning,intermediate_algebra,medium,27,3034,128,0.04218852999340804,4.398964366883141,0.05090956336062996,42,"42,125,60,11,39,99",True,False,3035
reas-medi-12,reasoning,intermediate_algebra,medium,29,3034,127,0.04185893210283454,4.439254563864452,0.05003900439418487,114,"114,16,33,103,41,113",True,False,3035
reas-medi-12,reasoning,intermediate_algebra,medium,31,3034,128,0.04218852999340804,4.484139382923538,0.04835808118590002,105,"105,110,53,58,114,98",True,False,3035
reas-medi-12,reasoning,intermediate_algebra,medium,34,3034,128,0.04218852999340804,4.298610335836543,0.08578715561316111,36,"36,78,19,54,55,111",True,False,3035
reas-medi-12,reasoning,intermediate_algebra,medium,36,3034,126,0.04152933421226104,4.463353047381949,0.0508253777174088,44,"44,96,60,39,26,99",True,False,3035
reas-medi-12,reasoning,intermediate_algebra,medium,38,3034,125,0.04119973632168754,4.469514890206616,0.06027520612319554,12,"12,47,106,48,25,21",True,False,3035
reas-medi-12,reasoning,intermediate_algebra,medium,40,3034,125,0.04119973632168754,4.480734549170796,0.03217164329627931,8,"8,4,38,2,107,28",True,False,3035
reas-medi-12,reasoning,intermediate_algebra,medium,43,3034,127,0.04185893210283454,4.445341596885531,0.05056363536188279,72,"72,93,38,16,31,75",True,False,3035
reas-medi-12,reasoning,intermediate_algebra,medium,45,3034,127,0.04185893210283454,4.558889967095062,0.03580520569370496,14,"14,119,120,108,61,80",True,False,3035
reas-medi-12,reasoning,intermediate_algebra,medium,47,3034,127,0.04185893210283454,4.515827996437961,0.04130578236888634,44,"44,41,74,67,98,108",True,False,3035
reas-medi-12,reasoning,intermediate_algebra,medium,49,3034,127,0.04185893210283454,4.514375106369269,0.03984965550922512,24,"24,16,56,20,125,107",True,False,3035
reas-medi-12,reasoning,intermediate_algebra,medium,51,3034,128,0.04218852999340804,4.6935559322996765,0.02223482802183152,124,"124,72,19,56,15,2",True,False,3035
soci-easy-01,social_ethical,clear_cut,easy,1,114,120,1.0526315789473684,4.581032015075646,0.025715630647165425,99,"99,89,84,102,68,26",False,False,115
soci-easy-01,social_ethical,clear_cut,easy,3,114,119,1.043859649122807,4.519165234353881,0.029292111586548965,75,"75,119,97,102,42,110",False,False,115
soci-easy-01,social_ethical,clear_cut,easy,6,114,113,0.9912280701754386,4.478482922760027,0.02782736820463618,40,"40,16,9,126,60,58",False,False,115
soci-easy-01,social_ethical,clear_cut,easy,8,114,97,0.8508771929824561,3.9657284815986396,0.09361237725582443,125,"125,65,77,17,53,35",False,False,115
soci-easy-01,social_ethical,clear_cut,easy,10,114,88,0.7719298245614035,3.9588877911542664,0.061472144791914735,10,"10,58,16,104,97,89",False,False,115
soci-easy-01,social_ethical,clear_cut,easy,13,114,81,0.7105263157894737,3.8837401749615093,0.07424410117942146,104,"104,121,86,46,126,41",False,False,115
soci-easy-01,social_ethical,clear_cut,easy,15,114,82,0.7192982456140351,3.7763317921925363,0.07732721349448451,120,"120,44,63,122,53,73",False,False,115
soci-easy-01,social_ethical,clear_cut,easy,17,114,86,0.7543859649122807,3.94263458075697,0.07202570942490452,32,"32,110,73,49,50,83",False,False,115
soci-easy-01,social_ethical,clear_cut,easy,20,114,77,0.6754385964912281,3.8004997864298664,0.11316135393408337,106,"106,120,81,44,19,110",False,False,115
soci-easy-01,social_ethical,clear_cut,easy,22,114,103,0.9035087719298246,4.205686189306211,0.08314587106136484,58,"58,104,75,65,22,86",False,False,115
soci-easy-01,social_ethical,clear_cut,easy,24,114,86,0.7543859649122807,3.7875476530563086,0.1188250446632598,121,"121,3,1,117,81,75",False,False,115
soci-easy-01,social_ethical,clear_cut,easy,27,114,85,0.7456140350877193,3.9031128540081537,0.09896376985094099,64,"64,103,93,36,66,115",False,False,115
soci-easy-01,social_ethical,clear_cut,easy,29,114,93,0.8157894736842105,4.093324652550447,0.11061238187244976,18,"18,125,44,60,52,39",False,False,115
soci-easy-01,social_ethical,clear_cut,easy,31,114,101,0.8859649122807017,4.135507908281425,0.0596988842759101,65,"65,27,67,7,116,39",False,False,115
soci-easy-01,social_ethical,clear_cut,easy,34,114,100,0.8771929824561403,4.1759763100080685,0.07595201558547969,1,"1,113,109,100,50,32",False,False,115
soci-easy-01,social_ethical,clear_cut,easy,36,114,98,0.8596491228070176,3.951996163488203,0.12686864429647485,86,"86,49,3,109,124,14",False,False,115
soci-easy-01,social_ethical,clear_cut,easy,38,114,100,0.8771929824561403,4.215704810375811,0.046814835120120954,113,"113,101,83,87,44,95",False,False,115
soci-easy-01,social_ethical,clear_cut,easy,40,114,98,0.8596491228070176,3.9622403684894447,0.11857977703650784,9,"9,13,90,64,67,0",False,False,115
soci-easy-01,social_ethical,clear_cut,easy,43,114,107,0.9385964912280702,4.237001157779864,0.05704527377525317,120,"120,109,91,85,34,50",False,False,115
soci-easy-01,social_ethical,clear_cut,easy,45,114,98,0.8596491228070176,4.141822205785466,0.06782389174218954,50,"50,78,126,125,93,31",False,False,115
soci-easy-01,social_ethical,clear_cut,easy,47,114,111,0.9736842105263158,4.339318082264634,0.04234853601987753,72,"72,27,75,69,127,68",False,False,115
soci-easy-01,social_ethical,clear_cut,easy,49,114,113,0.9912280701754386,4.430231597130002,0.035976009996905416,89,"89,92,121,127,50,100",False,False,115
soci-easy-01,social_ethical,clear_cut,easy,51,114,117,1.0263157894736843,4.476315550819295,0.03124202277567146,72,"72,36,50,23,21,67",False,False,115
soci-easy-02,social_ethical,clear_cut,easy,1,130,125,0.9615384615384616,4.616898320392293,0.03153123375511197,99,"99,68,89,40,26,113",False,False,131
soci-easy-02,social_ethical,clear_cut,easy,3,130,122,0.9384615384615385,4.566938110120116,0.029557408845813496,75,"75,102,119,7,44,98",False,False,131
soci-easy-02,social_ethical,clear_cut,easy,6,130,119,0.9153846153846154,4.514342086311366,0.028393221744624015,60,"60,83,40,44,9,58",False,False,131
soci-easy-02,social_ethical,clear_cut,easy,8,130,100,0.7692307692307693,4.073235981000806,0.08267574426912493,125,"125,114,77,53,65,10",False,False,131
soci-easy-02,social_ethical,clear_cut,easy,10,130,89,0.6846153846153846,3.8825304671447483,0.07220004537198266,90,"90,16,100,10,99,97",False,False,131
soci-easy-02,social_ethical,clear_cut,easy,13,130,83,0.6384615384615384,3.9028439203040413,0.07815869872722807,121,"121,104,95,27,62,46",False,False,131
soci-easy-02,social_ethical,clear_cut,easy,15,130,89,0.6846153846153846,3.881380647727993,0.07413191627454162,56,"56,63,120,44,73,122",False,False,131
soci-easy-02,social_ethical,clear_cut,easy,17,130,90,0.6923076923076923,3.962586329532831,0.07184682772852005,32,"32,58,49,73,27,110",False,False,131
soci-easy-02,social_ethical,clear_cut,easy,20,130,80,0.6153846153846154,3.820308806851118,0.11381951977307761,106,"106,120,19,81,31,44",False,False,131
soci-easy-02,social_ethical,clear_cut,easy,22,130,104,0.8,4.243092236106348,0.0771722730596787,58,"58,46,65,22,104,63",False,False,131
soci-easy-02,social_ethical,clear_cut,easy,24,130,86,0.6615384615384615,3.8879056842258257,0.10508425430135636,121,"121,3,105,108,67,15",False,False,131
soci-easy-02,social_ethical,clear_cut,easy,27,130,85,0.6538461538461539,3.994339383029874,0.07538289974274906,64,"64,103,123,115,66,84",False,False,131
soci-easy-02,social_ethical,clear_cut,easy,29,130,105,0.8076923076923077,4.202090186779143,0.1077693821386356,18,"18,44,72,13,55,74",False,False,131
soci-easy-02,social_ethical,clear_cut,easy,31,130,103,0.7923076923076923,4.238431116472546,0.0594879622719322,5,"5,27,75,67,42,25",False,False,131
soci-easy-02,social_ethical,clear_cut,easy,34,130,102,0.7846153846153846,4.112149209717197,0.1051517238361573,113,"113,1,100,109,115,4",False,False,131
soci-easy-02,social_ethical,clear_cut,easy,36,130,97,0.7461538461538462,4.093020443168656,0.0680625735472804,86,"86,49,3,60,109,70",False,False,131
soci-easy-02,social_ethical,clear_cut,easy,38,130,102,0.7846153846153846,4.130676869125114,0.09105404009577915,79,"79,113,83,101,87,82",False,False,131
soci-easy-02,social_ethical,clear_cut,easy,40,130,102,0.7846153846153846,4.1557487981830175,0.10538477284720826,9,"9,29,60,64,53,126",False,False,131
soci-easy-02,social_ethical,clear_cut,easy,43,130,114,0.8769230769230769,4.337818997907059,0.07523158451017664,110,"110,85,50,109,90,77",False,False,131
soci-easy-02,social_ethical,clear_cut,easy,45,130,109,0.8384615384615385,4.2146280299481775,0.06535042828140934,126,"126,78,50,31,125,93",False,False,131
soci-easy-02,social_ethical,clear_cut,easy,47,130,114,0.8769230769230769,4.427240971052159,0.04146961753030247,40,"40,75,27,3,49,5",False,False,131
soci-easy-02,social_ethical,clear_cut,easy,49,130,112,0.8615384615384616,4.412389727719534,0.04220733245917846,9,"9,50,127,39,54,121",False,False,131
soci-easy-02,social_ethical,clear_cut,easy,51,130,116,0.8923076923076924,4.5016006606973455,0.035451634906040225,72,"72,36,50,79,67,23",False,False,131
soci-easy-03,social_ethical,clear_cut,easy,1,110,124,1.1272727272727272,4.597160047836188,0.03479919087753034,89,"89,99,68,40,117,122",False,False,111
soci-easy-03,social_ethical,clear_cut,easy,3,110,116,1.0545454545454545,4.478463187481619,0.03576897979838334,75,"75,119,116,102,42,73",False,False,111
soci-easy-03,social_ethical,clear_cut,easy,6,110,110,1.0,4.385697878336635,0.050632765302000615,60,"60,40,107,16,58,126",False,False,111
soci-easy-03,social_ethical,clear_cut,easy,8,110,93,0.8454545454545455,4.0569070002044665,0.07167423047968069,125,"125,77,65,53,36,35",False,False,111
soci-easy-03,social_ethical,clear_cut,easy,10,110,85,0.7727272727272727,3.875020283522468,0.07437947193691048,108,"108,10,16,30,1,89",False,False,111
soci-easy-03,social_ethical,clear_cut,easy,13,110,84,0.7636363636363637,3.8357317773625175,0.0872320799993608,104,"104,108,121,62,46,41",False,False,111
soci-easy-03,social_ethical,clear_cut,easy,15,110,78,0.7090909090909091,3.7530471106464183,0.07857343560027823,44,"44,120,63,117,122,33",False,False,111
soci-easy-03,social_ethical,clear_cut,easy,17,110,89,0.8090909090909091,3.991044337375836,0.08508694598402505,32,"32,73,110,34,27,17",False,False,111
soci-easy-03,social_ethical,clear_cut,easy,20,110,76,0.6909090909090909,3.6630996998412013,0.1413721561375583,106,"106,120,81,19,44,16",False,False,111
soci-easy-03,social_ethical,clear_cut,easy,22,110,107,0.9727272727272728,4.241772651963306,0.08185888239430118,58,"58,91,63,65,47,84",False,False,111
soci-easy-03,social_ethical,clear_cut,easy,24,110,89,0.8090909090909091,3.8027770059022337,0.12047184116420868,121,"121,3,1,59,12,81",False,False,111
soci-easy-03,social_ethical,clear_cut,easy,27,110,85,0.7727272727272727,4.006148242474084,0.07237903646428656,64,"64,103,116,115,84,55",False,False,111
soci-easy-03,social_ethical,clear_cut,easy,29,110,89,0.8090909090909091,4.10108483008082,0.11541853935701524,18,"18,44,72,39,97,76",False,False,111
soci-easy-03,social_ethical,clear_cut,easy,31,110,99,0.9,4.160332995031189,0.054087405972483994,116,"116,27,67,102,39,29",False,False,111
soci-easy-03,social_ethical,clear_cut,easy,34,110,98,0.8909090909090909,4.075155109874038,0.08318943820085067,113,"113,1,126,100,50,40",False,False,111
soci-easy-03,social_ethical,clear_cut,easy,36,110,100,0.9090909090909091,4.16284238353348,0.0614159883629313,109,"109,49,3,14,70,94",False,False,111
soci-easy-03,social_ethical,clear_cut,easy,38,110,96,0.8727272727272727,4.1462822501493495,0.04040715210587269,5,"5,113,82,101,87,1",False,False,111
soci-easy-03,social_ethical,clear_cut,easy,40,110,90,0.8181818181818182,3.903338483620885,0.12393072666863457,9,"9,32,60,64,90,19",False,False,111
soci-easy-03,social_ethical,clear_cut,easy,43,110,104,0.9454545454545454,4.169878903660048,0.07108680762550221,91,"91,15,120,90,31,85",False,False,111
soci-easy-03,social_ethical,clear_cut,easy,45,110,99,0.9,4.179452700784715,0.07454161935563484,50,"50,78,125,31,93,126",False,False,111
soci-easy-03,social_ethical,clear_cut,easy,47,110,108,0.9818181818181818,4.282303521787029,0.08481601069605121,16,"16,72,75,103,49,62",False,False,111
soci-easy-03,social_ethical,clear_cut,easy,49,110,109,0.990909090909091,4.339549735036939,0.05753084260583121,89,"89,127,30,54,67,50",False,False,111
soci-easy-03,social_ethical,clear_cut,easy,51,110,115,1.0454545454545454,4.453906618283611,0.028809755473960072,67,"67,23,36,61,112,50",False,False,111
soci-easy-04,social_ethical,clear_cut,easy,1,127,123,0.968503937007874,4.630904972600842,0.026090577287664184,40,"40,99,89,122,80,113",False,False,128
soci-easy-04,social_ethical,clear_cut,easy,3,127,121,0.952755905511811,4.551930982273097,0.028000290660456683,75,"75,116,102,119,7,110",False,False,128
soci-easy-04,social_ethical,clear_cut,easy,6,127,118,0.9291338582677166,4.479895708942435,0.04067515356894733,60,"60,40,59,78,5,26",False,False,128
soci-easy-04,social_ethical,clear_cut,easy,8,127,91,0.7165354330708661,3.8256917707110585,0.14663169485634492,102,"102,3,86,77,125,53",False,False,128
soci-easy-04,social_ethical,clear_cut,easy,10,127,89,0.7007874015748031,3.9025903841445753,0.09340814186810902,109,"109,58,102,16,10,89",False,False,128
soci-easy-04,social_ethical,clear_cut,easy,13,127,84,0.6614173228346457,3.819583869550636,0.09490177292026068,113,"113,32,104,62,41,121",False,False,128
soci-easy-04,social_ethical,clear_cut,easy,15,127,90,0.7086614173228346,3.814585718249211,0.1239030804484567,44,"44,120,63,61,122,33",False,False,128
soci-easy-04,social_ethical,clear_cut,easy,17,127,91,0.7165354330708661,4.122645002610963,0.06995816105494736,32,"32,73,27,45,34,17",False,False,128
soci-easy-04,social_ethical,clear_cut,easy,20,127,81,0.6377952755905512,3.851782116732734,0.0891767791584054,120,"120,81,75,110,49,44",False,False,128
soci-easy-04,social_ethical,clear_cut,easy,22,127,99,0.7795275590551181,4.2078895875078235,0.06450280879112598,58,"58,44,104,65,75,86",False,False,128
soci-easy-04,social_ethical,clear_cut,easy,24,127,85,0.6692913385826772,3.739081760153296,0.11464019202369614,121,"121,65,3,49,111,39",False,False,128
soci-easy-04,social_ethical,clear_cut,easy,27,127,87,0.6850393700787402,3.9021518495190635,0.07818633538462248,123,"123,64,103,115,84,34",False,False,128
soci-easy-04,social_ethical,clear_cut,easy,29,127,93,0.7322834645669292,4.105310844311914,0.09801778691800497,18,"18,44,125,5,60,70",False,False,128
soci-easy-04,social_ethical,clear_cut,easy,31,127,95,0.7480314960629921,4.104286138461772,0.07347876269443916,5,"5,27,13,116,67,61",False,False,128
soci-easy-04,social_ethical,clear_cut,easy,34,127,95,0.7480314960629921,3.9641147421727796,0.12217643940025999,94,"94,1,31,100,109,120",False,False,128
soci-easy-04,social_ethical,clear_cut,easy,36,127,95,0.7480314960629921,3.919309956107207,0.11975252252626334,79,"79,86,49,103,70,109",False,False,128
soci-easy-04,social_ethical,clear_cut,easy,38,127,96,0.7559055118110236,3.964281058790602,0.1398791593055601,10,"10,6,82,101,48,116",False,False,128
soci-easy-04,social_ethical,clear_cut,easy,40,127,97,0.7637795275590551,3.8420180704847833,0.13578355401441697,11,"11,9,107,60,19,23",False,False,128
soci-easy-04,social_ethical,clear_cut,easy,43,127,104,0.8188976377952756,4.068474758246887,0.0907956703329067,103,"103,98,50,25,85,90",False,False,128
soci-easy-04,social_ethical,clear_cut,easy,45,127,103,0.8110236220472441,4.214351554866224,0.04124209178622303,78,"78,0,50,125,88,6",False,False,128
soci-easy-04,social_ethical,clear_cut,easy,47,127,114,0.8976377952755905,4.388197438332696,0.041409879800774596,13,"13,49,5,27,116,93",False,False,128
soci-easy-04,social_ethical,clear_cut,easy,49,127,112,0.8818897637795275,4.122962585706037,0.13569234998466903,62,"62,22,92,127,30,63",False,False,128
soci-easy-04,social_ethical,clear_cut,easy,51,127,111,0.8740157480314961,4.458209526023676,0.03126958385909387,79,"79,67,23,112,72,50",False,False,128
soci-easy-05,social_ethical,clear_cut,easy,1,103,126,1.2233009708737863,4.653935782592403,0.024472857475376156,89,"89,68,99,80,24,40",False,False,104
soci-easy-05,social_ethical,clear_cut,easy,3,103,119,1.1553398058252426,4.543026046268568,0.02767162861651812,102,"102,75,42,111,97,73",False,False,104
soci-easy-05,social_ethical,clear_cut,easy,6,103,116,1.1262135922330097,4.455054595029281,0.03926636295976753,60,"60,107,58,81,9,124",False,False,104
soci-easy-05,social_ethical,clear_cut,easy,8,103,99,0.9611650485436893,4.038352192308649,0.09253052668305628,25,"25,53,77,125,35,119",False,False,104
soci-easy-05,social_ethical,clear_cut,easy,10,103,85,0.8252427184466019,3.798006534574681,0.07989100600434042,26,"26,24,10,58,11,89",False,False,104
soci-easy-05,social_ethical,clear_cut,easy,13,103,80,0.7766990291262136,3.8972924090296646,0.06623334080773824,104,"104,4,46,38,108,98",False,False,104
soci-easy-05,social_ethical,clear_cut,easy,15,103,79,0.7669902912621359,3.7492918853777986,0.0855697817901353,63,"63,83,120,73,122,102",False,False,104
soci-easy-05,social_ethical,clear_cut,easy,17,103,82,0.7961165048543689,3.9013974756969128,0.07647096748502438,32,"32,124,49,73,27,60",False,False,104
soci-easy-05,social_ethical,clear_cut,easy,20,103,82,0.7961165048543689,3.7732855504610257,0.09022597737144927,120,"120,81,106,19,14,20",False,False,104
soci-easy-05,social_ethical,clear_cut,easy,22,103,103,1.0,4.255465622879338,0.07915514497538906,58,"58,65,63,22,91,127",False,False,104
soci-easy-05,social_ethical,clear_cut,easy,24,103,94,0.912621359223301,3.8782666583074508,0.11269047853821706,121,"121,3,125,31,1,74",False,False,104
soci-easy-05,social_ethical,clear_cut,easy,27,103,86,0.8349514563106796,3.9943522430585534,0.08943956986331632,64,"64,103,20,123,115,84",False,False,104
soci-easy-05,social_ethical,clear_cut,easy,29,103,98,0.9514563106796117,4.1674958510584785,0.11856132064850125,18,"18,44,60,39,72,74",False,False,104
soci-easy-05,social_ethical,clear_cut,easy,31,103,102,0.9902912621359223,4.1326268864065225,0.07621090606552268,116,"116,30,27,22,67,10",False,False,104
soci-easy-05,social_ethical,clear_cut,easy,34,103,106,1.029126213592233,4.199141280153262,0.0735358273118343,1,"1,109,121,50,120,100",False,False,104
soci-easy-05,social_ethical,clear_cut,easy,36,103,99,0.9611650485436893,3.8800069235750883,0.13054194081169526,65,"65,49,82,99,109,3",False,False,104
soci-easy-05,social_ethical,clear_cut,easy,38,103,93,0.9029126213592233,3.9325630232939432,0.07042276222350743,83,"83,89,113,116,27,119",False,False,104
soci-easy-05,social_ethical,clear_cut,easy,40,103,98,0.9514563106796117,4.036170279745901,0.12212811164200076,9,"9,90,102,60,36,77",False,False,104
soci-easy-05,social_ethical,clear_cut,easy,43,103,99,0.9611650485436893,4.217701026416367,0.060517124008502746,27,"27,91,50,18,64,85",False,False,104
soci-easy-05,social_ethical,clear_cut,easy,45,103,103,1.0,4.096544658677764,0.07913866189578196,99,"99,50,78,93,125,101",False,False,104
soci-easy-05,social_ethical,clear_cut,easy,47,103,110,1.0679611650485437,4.417049504404211,0.03577623498123914,72,"72,104,3,127,58,16",False,False,104
soci-easy-05,social_ethical,clear_cut,easy,49,103,114,1.1067961165048543,4.399164206160988,0.03778016074606502,89,"89,50,108,22,127,124",False,False,104
soci-easy-05,social_ethical,clear_cut,easy,51,103,115,1.116504854368932,4.525858687548638,0.027439549036069814,76,"76,112,64,79,44,109",False,False,104
soci-hard-11,social_ethical,multi_stakeholder,hard,1,1386,128,0.09235209235209235,4.7958094051335385,0.015973959948208216,17,"17,20,96,72,99,71",,False,1387
soci-hard-11,social_ethical,multi_stakeholder,hard,3,1386,128,0.09235209235209235,4.758421130613379,0.01657382343249956,116,"116,123,100,27,28,42",,False,1387
soci-hard-11,social_ethical,multi_stakeholder,hard,6,1386,127,0.09163059163059163,4.692877322270276,0.024399845243633828,16,"16,78,94,30,103,60",,False,1387
soci-hard-11,social_ethical,multi_stakeholder,hard,8,1386,127,0.09163059163059163,4.197055075495599,0.11138684608538402,2,"2,39,120,17,100,36",,False,1387
soci-hard-11,social_ethical,multi_stakeholder,hard,10,1386,125,0.09018759018759019,3.892755445991141,0.1084059282166293,58,"58,80,26,1,109,36",,False,1387
soci-hard-11,social_ethical,multi_stakeholder,hard,13,1386,120,0.08658008658008658,4.170162622881142,0.08080852598190573,126,"126,121,3,4,57,6",,False,1387
soci-hard-11,social_ethical,multi_stakeholder,hard,15,1386,122,0.08802308802308802,4.14030900792659,0.05784636548312443,44,"44,92,56,65,39,36",,False,1387
soci-hard-11,social_ethical,multi_stakeholder,hard,17,1386,118,0.08513708513708514,4.213893982077314,0.05071001868259767,83,"83,124,34,50,49,110",,False,1387
soci-hard-11,social_ethical,multi_stakeholder,hard,20,1386,117,0.08441558441558442,3.8825030621066436,0.1152560436700262,43,"43,81,110,49,66,102",,False,1387
soci-hard-11,social_ethical,multi_stakeholder,hard,22,1386,123,0.08874458874458875,4.489167224476985,0.03778147398398063,75,"75,12,127,44,21,86",,False,1387
soci-hard-11,social_ethical,multi_stakeholder,hard,24,1386,114,0.08225108225108226,3.908367635894639,0.09139015425772226,31,"31,100,36,39,111,117",,False,1387
soci-hard-11,social_ethical,multi_stakeholder,hard,27,1386,119,0.08585858585858586,4.301360922742023,0.05311150554115019,20,"20,55,123,110,24,82",,False,1387
soci-hard-11,social_ethical,multi_stakeholder,hard,29,1386,124,0.08946608946608947,4.319967791907211,0.09247212200403801,78,"78,93,60,64,125,65",,False,1387
soci-hard-11,social_ethical,multi_stakeholder,hard,31,1386,116,0.0836940836940837,4.224561513729227,0.1057060541514517,13,"13,116,109,59,43,76",,False,1387
soci-hard-11,social_ethical,multi_stakeholder,hard,34,1386,126,0.09090909090909091,4.298936645681849,0.052606121982117865,58,"58,8,91,63,119,71",,False,1387
soci-hard-11,social_ethical,multi_stakeholder,hard,36,1386,125,0.09018759018759019,4.088564904280521,0.14033694362181146,82,"82,86,25,3,126,85",,False,1387
soci-hard-11,social_ethical,multi_stakeholder,hard,38,1386,124,0.08946608946608947,4.136340375474714,0.11405595254305001,39,"39,121,83,68,1,92",,False,1387
soci-hard-11,social_ethical,multi_stakeholder,hard,40,1386,125,0.09018759018759019,4.111798425143219,0.12384957235280188,21,"21,119,14,13,88,72",,False,1387
soci-hard-11,social_ethical,multi_stakeholder,hard,43,1386,126,0.09090909090909091,4.39947540128462,0.05184853480699373,64,"64,8,0,25,28,53",,False,1387
soci-hard-11,social_ethical,multi_stakeholder,hard,45,1386,126,0.09090909090909091,4.396634807708542,0.08588110001361621,114,"114,32,90,111,5,39",,False,1387
soci-hard-11,social_ethical,multi_stakeholder,hard,47,1386,125,0.09018759018759019,4.396877331887236,0.08778612440567282,61,"61,48,98,93,13,97",,False,1387
soci-hard-11,social_ethical,multi_stakeholder,hard,49,1386,125,0.09018759018759019,4.300119090021218,0.10507542176927738,86,"86,92,121,39,22,105",,False,1387
soci-hard-11,social_ethical,multi_stakeholder,hard,51,1386,125,0.09018759018759019,4.539488298968474,0.03401737193673296,14,"14,50,107,0,72,38",,False,1387
soci-hard-12,social_ethical,multi_stakeholder,hard,1,1535,128,0.08338762214983714,4.778362111747785,0.020120601843067333,96,"96,72,46,8,59,113",,True,1536
soci-hard-12,social_ethical,multi_stakeholder,hard,3,1535,128,0.08338762214983714,4.733275584406739,0.022430117735437714,23,"23,116,28,59,34,55",,True,1536
soci-hard-12,social_ethical,multi_stakeholder,hard,6,1535,128,0.08338762214983714,4.652009678641462,0.02465690946512085,4,"4,60,78,124,80,66",,True,1536
soci-hard-12,social_ethical,multi_stakeholder,hard,8,1535,127,0.08273615635179153,4.2370386513251725,0.11760393220183708,83,"83,7,81,37,106,64",,True,1536
soci-hard-12,social_ethical,multi_stakeholder,hard,10,1535,126,0.08208469055374593,3.9724199981501482,0.11063129862570696,26,"26,11,106,80,126,72",,True,1536
soci-hard-12,social_ethical,multi_stakeholder,hard,13,1535,123,0.08013029315960912,4.075660632648358,0.07064527631955227,107,"107,57,126,15,90,42",,True,1536
soci-hard-12,social_ethical,multi_stakeholder,hard,15,1535,123,0.08013029315960912,4.105691235143187,0.10072962832000736,56,"56,23,18,83,13,34",,True,1536
soci-hard-12,social_ethical,multi_stakeholder,hard,17,1535,115,0.0749185667752443,3.8825579112746125,0.17207455900562715,124,"124,50,119,9,29,80",,True,1536
soci-hard-12,social_ethical,multi_stakeholder,hard,20,1535,119,0.07752442996742671,3.921985526282062,0.09119752764119803,81,"81,110,49,34,1,43",,True,1536
soci-hard-12,social_ethical,multi_stakeholder,hard,22,1535,125,0.08143322475570032,4.454418782009848,0.04242018705369883,113,"113,104,127,93,71,106",,True,1536
soci-hard-12,social_ethical,multi_stakeholder,hard,24,1535,118,0.07687296416938111,3.957929443068456,0.11691707708102546,36,"36,111,72,100,117,108",,True,1536
soci-hard-12,social_ethical,multi_stakeholder,hard,27,1535,121,0.07882736156351791,4.198227501297883,0.06680608265719218,22,"22,20,107,88,116,93",,True,1536
soci-hard-12,social_ethical,multi_stakeholder,hard,29,1535,122,0.07947882736156352,4.301323581518066,0.07222484870358009,116,"116,125,64,93,60,53",,True,1536
soci-hard-12,social_ethical,multi_stakeholder,hard,31,1535,123,0.08013029315960912,4.146712506046673,0.09205408216891076,23,"23,121,116,124,92,26",,True,1536
soci-hard-12,social_ethical,multi_stakeholder,hard,34,1535,126,0.08208469055374593,4.202205278643989,0.10948615055782686,58,"58,113,116,98,5,28",,True,1536
soci-hard-12,social_ethical,multi_stakeholder,hard,36,1535,127,0.08273615635179153,4.053886539151839,0.13762766127782053,6,"6,99,86,126,84,30",,True,1536
soci-hard-12,social_ethical,multi_stakeholder,hard,38,1535,128,0.08338762214983714,4.0284511815249795,0.10078570352600758,76,"76,73,21,31,49,46",,True,1536
soci-hard-12,social_ethical,multi_stakeholder,hard,40,1535,126,0.08208469055374593,4.221717075288177,0.06521909140149262,89,"89,1,25,97,118,14",,True,1536
soci-hard-12,social_ethical,multi_stakeholder,hard,43,1535,128,0.08338762214983714,4.372714385407518,0.047085046061039734,53,"53,28,70,78,32,5",,True,1536
soci-hard-12,social_ethical,multi_stakeholder,hard,45,1535,128,0.08338762214983714,4.459923572309801,0.042451224691768964,86,"86,106,39,98,9,51",,True,1536
soci-hard-12,social_ethical,multi_stakeholder,hard,47,1535,127,0.08273615635179153,4.39617683108025,0.048946167927980476,97,"97,3,13,62,93,119",,True,1536
soci-hard-12,social_ethical,multi_stakeholder,hard,49,1535,126,0.08208469055374593,4.373952349802438,0.06296229037093802,8,"8,6,101,38,69,96",,True,1536
soci-hard-12,social_ethical,multi_stakeholder,hard,51,1535,127,0.08273615635179153,4.475689884364219,0.057762940248371336,107,"107,49,14,50,79,76",,True,1536
soci-hard-13,social_ethical,multi_stakeholder,hard,1,1535,128,0.08338762214983714,4.791844435921226,0.01717655577127229,72,"72,46,96,56,8,80",,True,1536
soci-hard-13,social_ethical,multi_stakeholder,hard,3,1535,128,0.08338762214983714,4.750086510513671,0.018833905349412258,10,"10,109,1,97,116,71",,True,1536
soci-hard-13,social_ethical,multi_stakeholder,hard,6,1535,128,0.08338762214983714,4.641952816037938,0.030239010447106432,60,"60,78,80,41,4,16",,True,1536
soci-hard-13,social_ethical,multi_stakeholder,hard,8,1535,127,0.08273615635179153,4.039592193264255,0.09730043150966927,104,"104,2,88,68,120,17",,True,1536
soci-hard-13,social_ethical,multi_stakeholder,hard,10,1535,126,0.08208469055374593,4.039636271488826,0.09054067693637641,120,"120,84,58,1,87,72",,True,1536
soci-hard-13,social_ethical,multi_stakeholder,hard,13,1535,124,0.08078175895765473,3.880627490690692,0.16833146296571924,4,"4,126,3,38,6,47",,True,1536
soci-hard-13,social_ethical,multi_stakeholder,hard,15,1535,124,0.08078175895765473,4.186222601648296,0.09252665077064773,44,"44,61,92,65,32,13",,True,1536
soci-hard-13,social_ethical,multi_stakeholder,hard,17,1535,121,0.07882736156351791,4.16338482398852,0.09816955898831879,124,"124,50,34,64,49,43",,True,1536
soci-hard-13,social_ethical,multi_stakeholder,hard,20,1535,119,0.07752442996742671,3.789722804319753,0.1195111179339569,43,"43,81,110,85,106,44",,True,1536
soci-hard-13,social_ethical,multi_stakeholder,hard,22,1535,126,0.08208469055374593,4.466193149208695,0.04453918795645471,57,"57,127,18,75,12,44",,True,1536
soci-hard-13,social_ethical,multi_stakeholder,hard,24,1535,121,0.07882736156351791,4.126490243366341,0.06208035806221956,39,"39,111,31,47,36,8",,True,1536
soci-hard-13,social_ethical,multi_stakeholder,hard,27,1535,123,0.08013029315960912,4.2543990867137556,0.05734560364082106,29,"29,20,116,66,88,61",,True,1536
soci-hard-13,social_ethical,multi_stakeholder,hard,29,1535,124,0.08078175895765473,4.412587872904702,0.0607405380768268,13,"13,60,64,53,102,36",,True,1536
soci-hard-13,social_ethical,multi_stakeholder,hard,31,1535,127,0.08273615635179153,4.282662119311429,0.07152729900626478,13,"13,116,92,91,5,12",,True,1536
soci-hard-13,social_ethical,multi_stakeholder,hard,34,1535,127,0.08273615635179153,4.283749826338594,0.05749101476249189,58,"58,113,71,76,102,11",,True,1536
soci-hard-13,social_ethical,multi_stakeholder,hard,36,1535,127,0.08273615635179153,3.9647347113274294,0.169520086866251,94,"94,3,84,126,30,23",,True,1536
soci-hard-13,social_ethical,multi_stakeholder,hard,38,1535,126,0.08208469055374593,4.104681132080716,0.1280175356342873,113,"113,80,31,22,92,21",,True,1536
soci-hard-13,social_ethical,multi_stakeholder,hard,40,1535,124,0.08078175895765473,4.263560390857604,0.05509617047596178,111,"111,53,29,72,97,13",,True,1536
soci-hard-13,social_ethical,multi_stakeholder,hard,43,1535,126,0.08208469055374593,4.262005801367016,0.06165320338311163,111,"111,49,8,53,28,91",,True,1536
soci-hard-13,social_ethical,multi_stakeholder,hard,45,1535,128,0.08338762214983714,4.443209292197491,0.07219674748107346,72,"72,86,5,84,95,51",,True,1536
soci-hard-13,social_ethical,multi_stakeholder,hard,47,1535,127,0.08273615635179153,4.464648648410519,0.06865486603716771,90,"90,93,13,62,88,21",,True,1536
soci-hard-13,social_ethical,multi_stakeholder,hard,49,1535,128,0.08338762214983714,4.398730950303603,0.06595204228277993,50,"50,95,38,69,101,92",,True,1536
soci-hard-13,social_ethical,multi_stakeholder,hard,51,1535,128,0.08338762214983714,4.573355263230123,0.03635017880316139,50,"50,14,39,76,107,79",,True,1536
soci-hard-14,social_ethical,multi_stakeholder,hard,1,1535,128,0.08338762214983714,4.795771796044238,0.018399796632989584,96,"96,72,99,46,59,17",,True,1536
soci-hard-14,social_ethical,multi_stakeholder,hard,3,1535,128,0.08338762214983714,4.761818209993091,0.023828437767411104,116,"116,98,34,23,59,45",,True,1536
soci-hard-14,social_ethical,multi_stakeholder,hard,6,1535,128,0.08338762214983714,4.656914932717977,0.025197727691025223,94,"94,60,78,46,80,30",,True,1536
soci-hard-14,social_ethical,multi_stakeholder,hard,8,1535,127,0.08273615635179153,4.4293170802042345,0.037118132085819495,17,"17,104,37,120,81,2",,True,1536
soci-hard-14,social_ethical,multi_stakeholder,hard,10,1535,124,0.08078175895765473,4.266285759663248,0.06364301711028962,72,"72,74,11,58,36,80",,True,1536
soci-hard-14,social_ethical,multi_stakeholder,hard,13,1535,120,0.0781758957654723,4.042191624255883,0.08179159834312774,107,"107,126,42,4,57,108",,True,1536
soci-hard-14,social_ethical,multi_stakeholder,hard,15,1535,122,0.07947882736156352,4.156818436051444,0.09643752649170675,56,"56,44,34,83,6,79",,True,1536
soci-hard-14,social_ethical,multi_stakeholder,hard,17,1535,114,0.0742671009771987,4.016830590990557,0.1414776769292451,124,"124,50,119,77,49,9",,True,1536
soci-hard-14,social_ethical,multi_stakeholder,hard,20,1535,120,0.0781758957654723,3.9507376688834466,0.09774495763610493,81,"81,110,34,49,1,31",,True,1536
soci-hard-14,social_ethical,multi_stakeholder,hard,22,1535,128,0.08338762214983714,4.452552325406058,0.045087976323870786,127,"127,113,46,93,19,71",,True,1536
soci-hard-14,social_ethical,multi_stakeholder,hard,24,1535,121,0.07882736156351791,3.8816736744261986,0.1087632156991756,36,"36,117,39,111,100,108",,True,1536
soci-hard-14,social_ethical,multi_stakeholder,hard,27,1535,118,0.07687296416938111,4.180359646415144,0.0633387166088736,20,"20,93,123,88,22,55",,True,1536
soci-hard-14,social_ethical,multi_stakeholder,hard,29,1535,123,0.08013029315960912,4.3570324391361455,0.05199172278280819,125,"125,93,64,88,60,102",,True,1536
soci-hard-14,social_ethical,multi_stakeholder,hard,31,1535,124,0.08078175895765473,4.248472302099875,0.0726672340921496,116,"116,65,26,92,76,121",,True,1536
soci-hard-14,social_ethical,multi_stakeholder,hard,34,1535,126,0.08208469055374593,4.322333587927725,0.08288426106518494,58,"58,113,26,119,5,28",,True,1536
soci-hard-14,social_ethical,multi_stakeholder,hard,36,1535,126,0.08208469055374593,4.279679374059351,0.08471713753497544,86,"86,95,60,126,49,15",,True,1536
soci-hard-14,social_ethical,multi_stakeholder,hard,38,1535,127,0.08273615635179153,4.025943882108264,0.196769147270754,76,"76,1,92,46,31,83",,True,1536
soci-hard-14,social_ethical,multi_stakeholder,hard,40,1535,127,0.08273615635179153,4.298322917831091,0.06612904995865526,13,"13,57,53,97,1,73",,True,1536
soci-hard-14,social_ethical,multi_stakeholder,hard,43,1535,126,0.08208469055374593,4.351437770385343,0.04580718520679695,64,"64,32,28,52,53,37",,True,1536
soci-hard-14,social_ethical,multi_stakeholder,hard,45,1535,128,0.08338762214983714,4.380223208693227,0.0963716075184468,106,"106,51,90,86,32,122",,True,1536
soci-hard-14,social_ethical,multi_stakeholder,hard,47,1535,127,0.08273615635179153,4.450439381766407,0.040309204940004735,3,"3,97,93,28,13,62",,True,1536
soci-hard-14,social_ethical,multi_stakeholder,hard,49,1535,127,0.08273615635179153,4.464429167677325,0.0682338666789283,8,"8,38,121,101,69,120",,True,1536
soci-hard-14,social_ethical,multi_stakeholder,hard,51,1535,126,0.08208469055374593,4.5291132799086515,0.04504053506602065,107,"107,79,50,14,76,67",,True,1536
soci-hard-15,social_ethical,multi_stakeholder,hard,1,1535,128,0.08338762214983714,4.778070398833026,0.019375334978479465,93,"93,96,72,46,121,56",,True,1536
soci-hard-15,social_ethical,multi_stakeholder,hard,3,1535,128,0.08338762214983714,4.7294327413080985,0.019371576559201395,110,"110,55,50,109,118,33",,True,1536
soci-hard-15,social_ethical,multi_stakeholder,hard,6,1535,127,0.08273615635179153,4.652408859683622,0.027070566117716622,80,"80,78,10,60,123,0",,True,1536
soci-hard-15,social_ethical,multi_stakeholder,hard,8,1535,126,0.08208469055374593,4.267019872387031,0.10474982336766224,110,"110,5,81,40,125,36",,True,1536
soci-hard-15,social_ethical,multi_stakeholder,hard,10,1535,122,0.07947882736156352,3.981114577157037,0.1021074869544819,43,"43,107,11,122,1,104",,True,1536
soci-hard-15,social_ethical,multi_stakeholder,hard,13,1535,118,0.07687296416938111,3.895259305059761,0.09970972640330582,90,"90,123,50,104,126,54",,True,1536
soci-hard-15,social_ethical,multi_stakeholder,hard,15,1535,123,0.08013029315960912,4.020930385782259,0.15425356081456865,73,"73,77,16,13,44,18",,True,1536
soci-hard-15,social_ethical,multi_stakeholder,hard,17,1535,117,0.0762214983713355,4.017923846572324,0.12976535400990508,38,"38,34,29,9,32,80",,True,1536
soci-hard-15,social_ethical,multi_stakeholder,hard,20,1535,117,0.0762214983713355,3.800402382309589,0.14743400923706543,81,"81,110,44,106,74,33",,True,1536
soci-hard-15,social_ethical,multi_stakeholder,hard,22,1535,126,0.08208469055374593,4.4050639266786655,0.04187015675562708,104,"104,127,75,65,71,93",,True,1536
soci-hard-15,social_ethical,multi_stakeholder,hard,24,1535,117,0.0762214983713355,3.8998739201410504,0.10202246527650317,117,"117,111,127,3,23,108",,True,1536
soci-hard-15,social_ethical,multi_stakeholder,hard,27,1535,119,0.07752442996742671,4.19595398280237,0.05953023663631537,116,"116,20,110,88,34,6",,True,1536
soci-hard-15,social_ethical,multi_stakeholder,hard,29,1535,123,0.08013029315960912,4.347181286868212,0.07143992298464528,116,"116,60,64,53,49,71",,True,1536
soci-hard-15,social_ethical,multi_stakeholder,hard,31,1535,123,0.08013029315960912,4.213770560406512,0.08640251288358296,116,"116,97,115,92,13,102",,True,1536
soci-hard-15,social_ethical,multi_stakeholder,hard,34,1535,127,0.08273615635179153,4.415093167157629,0.03546867558415878,119,"119,58,100,71,5,116",,True,1536
soci-hard-15,social_ethical,multi_stakeholder,hard,36,1535,123,0.08013029315960912,4.007442989480727,0.13197743144451843,118,"118,52,112,49,86,102",,True,1536
soci-hard-15,social_ethical,multi_stakeholder,hard,38,1535,127,0.08273615635179153,4.184187592189302,0.10131964675987776,99,"99,77,19,21,7,68",,True,1536
soci-hard-15,social_ethical,multi_stakeholder,hard,40,1535,126,0.08208469055374593,4.032621570834364,0.136281963635488,22,"22,74,4,97,60,125",,True,1536
soci-hard-15,social_ethical,multi_stakeholder,hard,43,1535,124,0.08078175895765473,4.0644534692356595,0.15228992386674411,15,"15,30,14,32,53,9",,True,1536
soci-hard-15,social_ethical,multi_stakeholder,hard,45,1535,128,0.08338762214983714,4.376042645199076,0.0565611801247941,81,"81,108,120,32,86,71",,True,1536
soci-hard-15,social_ethical,multi_stakeholder,hard,47,1535,127,0.08273615635179153,4.44679298220096,0.05473136887127232,98,"98,93,78,27,69,62",,True,1536
soci-hard-15,social_ethical,multi_stakeholder,hard,49,1535,126,0.08208469055374593,4.313359673844642,0.08380895307999078,2,"2,24,22,69,38,92",,True,1536
soci-hard-15,social_ethical,multi_stakeholder,hard,51,1535,128,0.08338762214983714,4.518170425878134,0.04053978033043621,107,"107,123,50,14,76,5",,True,1536
soci-medi-06,social_ethical,ambiguous,medium,1,386,128,0.3316062176165803,4.756934473964737,0.017777288651662723,31,"31,20,122,81,93,68",,False,387
soci-medi-06,social_ethical,ambiguous,medium,3,386,128,0.3316062176165803,4.685736020535879,0.03004969067611045,42,"42,100,16,97,99,116",,False,387
soci-medi-06,social_ethical,ambiguous,medium,6,386,125,0.3238341968911917,4.575860496405336,0.031384186847862594,16,"16,60,34,94,38,78",,False,387
soci-medi-06,social_ethical,ambiguous,medium,8,386,118,0.30569948186528495,4.134028392255543,0.11256325649262552,2,"2,17,125,65,64,90",,False,387
soci-medi-06,social_ethical,ambiguous,medium,10,386,109,0.2823834196891192,3.827486991569894,0.1694640132701031,58,"58,124,91,93,1,92",,False,387
soci-medi-06,social_ethical,ambiguous,medium,13,386,102,0.26424870466321243,3.8998730978375433,0.10427143274583793,126,"126,75,121,108,104,6",,False,387
soci-medi-06,social_ethical,ambiguous,medium,15,386,96,0.24870466321243523,3.913407367860058,0.10280522082765146,65,"65,44,117,78,53,41",,False,387
soci-medi-06,social_ethical,ambiguous,medium,17,386,101,0.2616580310880829,3.9802484397928835,0.10247135983043153,110,"110,30,32,50,49,34",,False,387
soci-medi-06,social_ethical,ambiguous,medium,20,386,97,0.25129533678756477,3.856483270394292,0.09450499324123125,81,"81,106,75,110,48,120",,False,387
soci-medi-06,social_ethical,ambiguous,medium,22,386,117,0.30310880829015546,4.431697222270559,0.03062113970548705,127,"127,70,58,47,33,86",,False,387
soci-medi-06,social_ethical,ambiguous,medium,24,386,100,0.25906735751295334,3.8138690509134476,0.11780604376886947,59,"59,39,121,1,111,3",,False,387
soci-medi-06,social_ethical,ambiguous,medium,27,386,94,0.24352331606217617,4.047029802303863,0.08280211832434042,73,"73,55,20,24,66,64",,False,387
soci-medi-06,social_ethical,ambiguous,medium,29,386,110,0.2849740932642487,4.359833623258096,0.039262566173854825,98,"98,18,60,102,94,125",,False,387
soci-medi-06,social_ethical,ambiguous,medium,31,386,109,0.2823834196891192,4.190057824572235,0.08708672696586545,116,"116,29,27,5,89,125",,False,387
soci-medi-06,social_ethical,ambiguous,medium,34,386,111,0.28756476683937826,4.227276413941895,0.06855155031221291,32,"32,11,126,85,18,113",,False,387
soci-medi-06,social_ethical,ambiguous,medium,36,386,117,0.30310880829015546,3.9862132626517037,0.11342961749240792,49,"49,3,124,86,52,126",,False,387
soci-medi-06,social_ethical,ambiguous,medium,38,386,114,0.29533678756476683,4.069349254790882,0.07843629851084602,83,"83,92,56,1,82,101",,False,387
soci-medi-06,social_ethical,ambiguous,medium,40,386,115,0.2979274611398964,4.246742515028606,0.07974933177487929,64,"64,60,72,73,23,97",,False,387
soci-medi-06,social_ethical,ambiguous,medium,43,386,120,0.31088082901554404,4.090788469763462,0.13063981940130512,8,"8,64,120,28,32,39",,False,387
soci-medi-06,social_ethical,ambiguous,medium,45,386,124,0.32124352331606215,4.35328973667769,0.05973361169635753,32,"32,90,124,126,42,52",,False,387
soci-medi-06,social_ethical,ambiguous,medium,47,386,123,0.31865284974093266,4.421456841261327,0.0882413715961558,16,"16,72,93,88,87,47",,False,387
soci-medi-06,social_ethical,ambiguous,medium,49,386,120,0.31088082901554404,4.44102402589338,0.03951489145257623,54,"54,92,121,114,67,105",,False,387
soci-medi-06,social_ethical,ambiguous,medium,51,386,123,0.31865284974093266,4.504828171535824,0.033613692526294287,23,"23,116,50,38,14,67",,False,387
soci-medi-07,social_ethical,ambiguous,medium,1,486,128,0.26337448559670784,4.775379049185416,0.01825154422077635,46,"46,93,8,121,115,72",,False,487
soci-medi-07,social_ethical,ambiguous,medium,3,486,128,0.26337448559670784,4.720948959890823,0.01828497988507537,59,"59,50,10,97,98,33",,False,487
soci-medi-07,social_ethical,ambiguous,medium,6,486,128,0.26337448559670784,4.638926683512267,0.03792076200802529,60,"60,4,80,59,123,10",,False,487
soci-medi-07,social_ethical,ambiguous,medium,8,486,124,0.2551440329218107,4.320409907983541,0.06934344887091869,36,"36,65,5,125,110,40",,False,487
soci-medi-07,social_ethical,ambiguous,medium,10,486,114,0.2345679012345679,3.6731956992385135,0.17783617535939095,104,"104,127,107,58,11,56",,False,487
soci-medi-07,social_ethical,ambiguous,medium,13,486,106,0.21810699588477367,3.774837635911234,0.1027580754527075,50,"50,108,5,123,27,54",,False,487
soci-medi-07,social_ethical,ambiguous,medium,15,486,115,0.2366255144032922,4.097514311071197,0.09860954602374931,16,"16,100,56,13,34,92",,False,487
soci-medi-07,social_ethical,ambiguous,medium,17,486,101,0.20781893004115226,4.143191386115342,0.06087204811588192,50,"50,49,58,32,106,90",,False,487
soci-medi-07,social_ethical,ambiguous,medium,20,486,106,0.21810699588477367,3.8711735053801646,0.10061239435210309,106,"106,81,110,2,31,111",,False,487
soci-medi-07,social_ethical,ambiguous,medium,22,486,119,0.2448559670781893,4.337732404165257,0.07272786458071695,46,"46,127,113,93,104,65",,False,487
soci-medi-07,social_ethical,ambiguous,medium,24,486,101,0.20781893004115226,4.003125957569476,0.06470385256132707,111,"111,1,117,67,36,121",,False,487
soci-medi-07,social_ethical,ambiguous,medium,27,486,104,0.2139917695473251,4.1208285561842075,0.0570194294178951,20,"20,85,116,55,88,93",,False,487
soci-medi-07,social_ethical,ambiguous,medium,29,486,121,0.24897119341563786,4.362054184336511,0.06845030323924893,88,"88,60,64,125,13,95",,False,487
soci-medi-07,social_ethical,ambiguous,medium,31,486,117,0.24074074074074073,4.300229378482541,0.054379530656352905,116,"116,27,122,58,115,55",,False,487
soci-medi-07,social_ethical,ambiguous,medium,34,486,117,0.24074074074074073,4.229276797595624,0.0770539792230624,84,"84,113,35,96,16,5",,False,487
soci-medi-07,social_ethical,ambiguous,medium,36,486,119,0.2448559670781893,4.309835134207766,0.054764127773755084,114,"114,119,86,11,70,30",,False,487
soci-medi-07,social_ethical,ambiguous,medium,38,486,121,0.24897119341563786,4.255801543791697,0.1052194590493276,99,"99,19,46,7,31,101",,False,487
soci-medi-07,social_ethical,ambiguous,medium,40,486,117,0.24074074074074073,3.939006408922408,0.15206007259911045,0,"0,69,118,9,14,74",,False,487
soci-medi-07,social_ethical,ambiguous,medium,43,486,122,0.25102880658436216,4.07791089813772,0.1504775710207807,15,"15,53,120,25,91,78",,False,487
soci-medi-07,social_ethical,ambiguous,medium,45,486,122,0.25102880658436216,4.248256393257484,0.11821426059698793,110,"110,86,0,124,81,59",,False,487
soci-medi-07,social_ethical,ambiguous,medium,47,486,121,0.24897119341563786,4.463892837577063,0.03915548320838577,93,"93,98,3,72,80,75",,False,487
soci-medi-07,social_ethical,ambiguous,medium,49,486,120,0.24691358024691357,4.38623311605102,0.08956290499284185,89,"89,37,38,101,92,105",,False,487
soci-medi-07,social_ethical,ambiguous,medium,51,486,125,0.257201646090535,4.538281024077245,0.033386721316885956,107,"107,67,79,14,96,38",,False,487
soci-medi-08,social_ethical,ambiguous,medium,1,302,128,0.423841059602649,4.745004736739471,0.017913772146053605,99,"99,122,59,77,40,96",,False,303
soci-medi-08,social_ethical,ambiguous,medium,3,302,128,0.423841059602649,4.70672322117934,0.021441179281028813,114,"114,116,97,42,56,99",,False,303
soci-medi-08,social_ethical,ambiguous,medium,6,302,125,0.4139072847682119,4.628053941389034,0.031195437329981125,60,"60,83,0,94,16,78",,False,303
soci-medi-08,social_ethical,ambiguous,medium,8,302,120,0.3973509933774834,4.265913956457983,0.08415547912968499,125,"125,65,17,1,121,35",,False,303
soci-medi-08,social_ethical,ambiguous,medium,10,302,108,0.3576158940397351,4.1320261886231755,0.07748117546093686,11,"11,74,92,91,97,30",,False,303
soci-medi-08,social_ethical,ambiguous,medium,13,302,101,0.3344370860927152,3.7983026251491228,0.16116956594637252,121,"121,126,104,108,75,124",,False,303
soci-medi-08,social_ethical,ambiguous,medium,15,302,105,0.347682119205298,3.91661772616727,0.1545734286357322,44,"44,63,13,78,56,117",,False,303
soci-medi-08,social_ethical,ambiguous,medium,17,302,93,0.3079470198675497,4.014918359378266,0.07897133976694644,110,"110,32,49,50,29,9",,False,303
soci-medi-08,social_ethical,ambiguous,medium,20,302,100,0.33112582781456956,3.8105757727038827,0.11594796671411507,81,"81,106,110,49,120,68",,False,303
soci-medi-08,social_ethical,ambiguous,medium,22,302,117,0.38741721854304634,4.251768299258771,0.11713549222844002,104,"104,75,127,113,86,65",,False,303
soci-medi-08,social_ethical,ambiguous,medium,24,302,98,0.32450331125827814,3.87044510448621,0.07633456343114751,117,"117,3,111,100,121,39",,False,303
soci-medi-08,social_ethical,ambiguous,medium,27,302,101,0.3344370860927152,3.948727614025465,0.07215144213473872,55,"55,66,20,93,34,24",,False,303
soci-medi-08,social_ethical,ambiguous,medium,29,302,110,0.36423841059602646,4.2133323482688105,0.09674899430492143,13,"13,125,18,98,64,39",,False,303
soci-medi-08,social_ethical,ambiguous,medium,31,302,108,0.3576158940397351,4.194145870336043,0.0628487187393037,116,"116,115,5,7,27,71",,False,303
soci-medi-08,social_ethical,ambiguous,medium,34,302,113,0.3741721854304636,4.303979581330175,0.058252581018282734,30,"30,113,126,119,115,72",,False,303
soci-medi-08,social_ethical,ambiguous,medium,36,302,113,0.3741721854304636,3.9545489455652008,0.17851620813164082,86,"86,49,114,124,15,70",,False,303
soci-medi-08,social_ethical,ambiguous,medium,38,302,114,0.37748344370860926,4.296513344136866,0.04557865067442996,1,"1,122,68,19,101,79",,False,303
soci-medi-08,social_ethical,ambiguous,medium,40,302,111,0.3675496688741722,4.225693178326952,0.05164905931452669,13,"13,118,60,73,14,23",,False,303
soci-medi-08,social_ethical,ambiguous,medium,43,302,117,0.38741721854304634,4.262044051604936,0.06386969565417738,91,"91,25,90,31,97,53",,False,303
soci-medi-08,social_ethical,ambiguous,medium,45,302,117,0.38741721854304634,4.305110035893438,0.08292338740318857,0,"0,124,76,106,88,32",,False,303
soci-medi-08,social_ethical,ambiguous,medium,47,302,121,0.40066225165562913,4.438069939804958,0.04050798891346007,16,"16,27,87,72,93,88",,False,303
soci-medi-08,social_ethical,ambiguous,medium,49,302,117,0.38741721854304634,4.384480556387006,0.051256082512630675,95,"95,121,92,54,114,22",,False,303
soci-medi-08,social_ethical,ambiguous,medium,51,302,122,0.40397350993377484,4.499263148009078,0.04568164049568504,107,"107,96,14,50,79,38",,False,303
soci-medi-09,social_ethical,ambiguous,medium,1,427,128,0.2997658079625293,4.759643366402391,0.019571723745429224,122,"122,40,8,30,17,91",,False,428
soci-medi-09,social_ethical,ambiguous,medium,3,427,128,0.2997658079625293,4.712630058508133,0.024493595182607623,100,"100,116,52,48,45,42",,False,428
soci-medi-09,social_ethical,ambiguous,medium,6,427,126,0.29508196721311475,4.628915153194261,0.023977471712996246,126,"126,34,30,60,97,38",,False,428
soci-medi-09,social_ethical,ambiguous,medium,8,427,120,0.2810304449648712,4.202605068671664,0.08347746418588929,104,"104,125,65,53,34,12",,False,428
soci-medi-09,social_ethical,ambiguous,medium,10,427,117,0.27400468384074944,3.9377791459788187,0.11724686897046038,58,"58,1,104,93,30,124",,False,428
soci-medi-09,social_ethical,ambiguous,medium,13,427,101,0.23653395784543327,3.896269783607281,0.10995442370040764,121,"121,74,104,4,5,27",,False,428
soci-medi-09,social_ethical,ambiguous,medium,15,427,103,0.24121779859484777,4.073166365615257,0.05933967592257481,73,"73,44,79,120,53,100",,False,428
soci-medi-09,social_ethical,ambiguous,medium,17,427,105,0.2459016393442623,4.126570116939993,0.06776694668236176,110,"110,49,34,106,32,51",,False,428
soci-medi-09,social_ethical,ambiguous,medium,20,427,95,0.2224824355971897,3.8953853409013868,0.12411771836056051,106,"106,110,81,80,75,83",,False,428
soci-medi-09,social_ethical,ambiguous,medium,22,427,119,0.2786885245901639,4.391179846109124,0.04269798948047728,75,"75,127,19,104,86,47",,False,428
soci-medi-09,social_ethical,ambiguous,medium,24,427,89,0.20843091334894615,3.846541888396225,0.07529726139070794,39,"39,3,111,1,121,69",,False,428
soci-medi-09,social_ethical,ambiguous,medium,27,427,95,0.2224824355971897,4.064185727712531,0.061012787922657255,20,"20,123,36,64,109,45",,False,428
soci-medi-09,social_ethical,ambiguous,medium,29,427,114,0.26697892271662765,4.387238454111887,0.03397368954439979,64,"64,60,18,70,94,102",,False,428
soci-medi-09,social_ethical,ambiguous,medium,31,427,111,0.25995316159250587,4.246224880563344,0.06310042956539737,116,"116,27,51,43,10,29",,False,428
soci-medi-09,social_ethical,ambiguous,medium,34,427,110,0.2576112412177986,4.206679426460843,0.10772869997365633,113,"113,18,119,72,91,12",,False,428
soci-medi-09,social_ethical,ambiguous,medium,36,427,109,0.25526932084309134,4.0201028521043005,0.08688882548718145,3,"3,49,86,89,116,124",,False,428
soci-medi-09,social_ethical,ambiguous,medium,38,427,114,0.26697892271662765,4.11293091899492,0.06709993268073941,113,"113,80,74,82,1,68",,False,428
soci-medi-09,social_ethical,ambiguous,medium,40,427,116,0.2716627634660422,4.285167679725383,0.048995469489696374,60,"60,64,96,73,14,95",,False,428
soci-medi-09,social_ethical,ambiguous,medium,43,427,120,0.2810304449648712,4.212770913558004,0.049310905431417536,31,"31,28,32,30,8,25",,False,428
soci-medi-09,social_ethical,ambiguous,medium,45,427,122,0.2857142857142857,4.332378403939196,0.05636126095992819,50,"50,32,124,0,126,76",,False,428
soci-medi-09,social_ethical,ambiguous,medium,47,427,123,0.28805620608899296,4.417532967557499,0.04832046536798702,16,"16,87,72,124,27,93",,False,428
soci-medi-09,social_ethical,ambiguous,medium,49,427,122,0.2857142857142857,4.4157497799089205,0.05113128800176741,92,"92,114,105,100,18,30",,False,428
soci-medi-09,social_ethical,ambiguous,medium,51,427,124,0.2903981264637002,4.529787481856717,0.037191150789478336,50,"50,14,23,38,96,116",,False,428
soci-medi-10,social_ethical,ambiguous,medium,1,467,128,0.2740899357601713,4.759368374042543,0.01857263052633571,72,"72,20,86,126,81,55",,False,468
soci-medi-10,social_ethical,ambiguous,medium,3,467,128,0.2740899357601713,4.731132548133845,0.029555550072082118,97,"97,42,35,98,93,119",,False,468
soci-medi-10,social_ethical,ambiguous,medium,6,467,126,0.2698072805139186,4.595659058529852,0.05394885326091332,60,"60,126,107,24,46,78",,False,468
soci-medi-10,social_ethical,ambiguous,medium,8,467,119,0.25481798715203424,4.112046198327483,0.139674507764458,2,"2,88,7,43,125,38",,False,468
soci-medi-10,social_ethical,ambiguous,medium,10,467,114,0.24411134903640258,3.7766439277659942,0.13275995775486846,58,"58,120,84,1,11,124",,False,468
soci-medi-10,social_ethical,ambiguous,medium,13,467,102,0.21841541755888652,3.8426861678516375,0.10834541928682924,108,"108,121,47,126,38,123",,False,468
soci-medi-10,social_ethical,ambiguous,medium,15,467,112,0.2398286937901499,3.8715557827934344,0.10295621098107853,65,"65,93,44,92,48,13",,False,468
soci-medi-10,social_ethical,ambiguous,medium,17,467,99,0.21199143468950749,4.008968620399913,0.06621391355826282,34,"34,49,110,106,30,71",,False,468
soci-medi-10,social_ethical,ambiguous,medium,20,467,100,0.21413276231263384,3.7225155940505275,0.10214220679796523,106,"106,43,81,110,46,66",,False,468
soci-medi-10,social_ethical,ambiguous,medium,22,467,118,0.25267665952890794,4.390083249092177,0.04317184564136095,23,"23,104,15,127,21,47",,False,468
soci-medi-10,social_ethical,ambiguous,medium,24,467,97,0.20770877944325483,3.845448192308262,0.0966862610178363,39,"39,43,111,38,1,48",,False,468
soci-medi-10,social_ethical,ambiguous,medium,27,467,103,0.22055674518201285,3.979694021860457,0.06949711233354984,73,"73,55,116,61,110,20",,False,468
soci-medi-10,social_ethical,ambiguous,medium,29,467,114,0.24411134903640258,4.275454978293097,0.07031567509942578,13,"13,122,6,60,18,27",,False,468
soci-medi-10,social_ethical,ambiguous,medium,31,467,111,0.23768736616702354,3.9770380336039914,0.1385881766808855,5,"5,116,91,43,10,27",,False,468
soci-medi-10,social_ethical,ambiguous,medium,34,467,113,0.24197002141327623,4.254664862703855,0.0525947953660667,113,"113,126,58,18,119,120",,False,468
soci-medi-10,social_ethical,ambiguous,medium,36,467,116,0.24839400428265523,4.121982803909589,0.06969923637527836,90,"90,94,13,86,49,52",,False,468
soci-medi-10,social_ethical,ambiguous,medium,38,467,116,0.24839400428265523,4.14016684281546,0.05619444617544605,92,"92,1,31,21,83,80",,False,468
soci-medi-10,social_ethical,ambiguous,medium,40,467,119,0.25481798715203424,4.238039523590359,0.07062493347578142,29,"29,90,94,60,23,73",,False,468
soci-medi-10,social_ethical,ambiguous,medium,43,467,117,0.2505353319057816,3.969605795794388,0.10753447051286837,111,"111,8,91,64,97,28",,False,468
soci-medi-10,social_ethical,ambiguous,medium,45,467,125,0.2676659528907923,4.3620097335534025,0.051724092863493186,126,"126,0,32,72,63,98",,False,468
soci-medi-10,social_ethical,ambiguous,medium,47,467,124,0.26552462526766596,4.392021295246691,0.07879482384652421,90,"90,84,13,72,87,88",,False,468
soci-medi-10,social_ethical,ambiguous,medium,49,467,120,0.2569593147751606,4.362585593016008,0.04149444124308398,54,"54,39,18,92,121,105",,False,468
soci-medi-10,social_ethical,ambiguous,medium,51,467,126,0.2698072805139186,4.548175354321307,0.029982380880124768,50,"50,72,14,79,38,93",,False,468
symb-easy-01,symbolic,numeral_system,easy,1,544,127,0.23345588235294118,4.711178516121428,0.025803372054218694,80,"80,64,51,74,50,85",True,False,545
symb-easy-01,symbolic,numeral_system,easy,3,544,127,0.23345588235294118,4.602632111184466,0.03155322769395757,102,"102,70,55,115,7,76",True,False,545
symb-easy-01,symbolic,numeral_system,easy,6,544,128,0.23529411764705882,4.499336118542581,0.0514468651039167,93,"93,29,15,111,52,37",True,False,545
symb-easy-01,symbolic,numeral_system,easy,8,544,119,0.21875,4.063987263820943,0.09523035042079811,69,"69,49,23,111,77,98",True,False,545
symb-easy-01,symbolic,numeral_system,easy,10,544,107,0.19669117647058823,3.774108898699495,0.15844792491124354,48,"48,28,46,39,124,99",True,False,545
symb-easy-01,symbolic,numeral_system,easy,13,544,104,0.19117647058823528,4.017235739699523,0.07322445247890953,34,"34,4,71,46,67,104",True,False,545
symb-easy-01,symbolic,numeral_system,easy,15,544,113,0.20772058823529413,3.7649229618308326,0.18536425116089952,17,"17,3,69,82,125,63",True,False,545
symb-easy-01,symbolic,numeral_system,easy,17,544,107,0.19669117647058823,4.0696480350321576,0.06434239614832607,30,"30,111,74,32,90,60",True,False,545
symb-easy-01,symbolic,numeral_system,easy,20,544,106,0.1948529411764706,3.956419753333828,0.11659905568418735,58,"58,16,125,41,105,112",True,False,545
symb-easy-01,symbolic,numeral_system,easy,22,544,120,0.22058823529411764,4.432967774454411,0.03750017502810323,32,"32,94,58,8,101,5",True,False,545
symb-easy-01,symbolic,numeral_system,easy,24,544,109,0.20036764705882354,3.9476729991776915,0.1372914843093087,20,"20,87,79,46,17,88",True,False,545
symb-easy-01,symbolic,numeral_system,easy,27,544,110,0.20220588235294118,4.226005359587243,0.047759398874168114,37,"37,32,16,0,91,11",True,False,545
symb-easy-01,symbolic,numeral_system,easy,29,544,117,0.21507352941176472,4.299594879667885,0.04383759282203073,116,"116,44,80,81,18,73",True,False,545
symb-easy-01,symbolic,numeral_system,easy,31,544,120,0.22058823529411764,4.088167759711176,0.16339215807183893,75,"75,4,61,59,73,103",True,False,545
symb-easy-01,symbolic,numeral_system,easy,34,544,114,0.20955882352941177,4.047311417537766,0.13301470294957124,4,"4,55,21,115,23,120",True,False,545
symb-easy-01,symbolic,numeral_system,easy,36,544,119,0.21875,4.054298564293462,0.14663557575027,103,"103,105,65,94,121,71",True,False,545
symb-easy-01,symbolic,numeral_system,easy,38,544,117,0.21507352941176472,4.093473341068324,0.10627625690965402,18,"18,23,99,57,88,27",True,False,545
symb-easy-01,symbolic,numeral_system,easy,40,544,113,0.20772058823529413,3.864938940109371,0.18917809564311544,15,"15,107,125,60,117,81",True,False,545
symb-easy-01,symbolic,numeral_system,easy,43,544,113,0.20772058823529413,3.8873725506954906,0.15951419693137328,56,"56,51,107,9,99,76",True,False,545
symb-easy-01,symbolic,numeral_system,easy,45,544,126,0.23161764705882354,3.9873562343501803,0.12885085800611984,74,"74,55,28,10,83,108",True,False,545
symb-easy-01,symbolic,numeral_system,easy,47,544,123,0.2261029411764706,4.3402818767557765,0.04911452099402709,34,"34,116,5,12,114,64",True,False,545
symb-easy-01,symbolic,numeral_system,easy,49,544,119,0.21875,4.2348842634772215,0.08134488724817437,77,"77,63,85,30,21,24",True,False,545
symb-easy-01,symbolic,numeral_system,easy,51,544,125,0.22977941176470587,4.471864340654651,0.0697537788298999,55,"55,3,12,113,27,61",True,False,545
symb-easy-04,symbolic,unit_conversion,easy,1,820,128,0.15609756097560976,4.653916855363315,0.02290965668682333,94,"94,13,73,71,64,24",True,False,821
symb-easy-04,symbolic,unit_conversion,easy,3,820,128,0.15609756097560976,4.670273906752348,0.024155807345196612,19,"19,12,37,84,115,117",True,False,821
symb-easy-04,symbolic,unit_conversion,easy,6,820,127,0.1548780487804878,4.523090133704552,0.03648298498795552,110,"110,115,47,93,58,25",True,False,821
symb-easy-04,symbolic,unit_conversion,easy,8,820,122,0.14878048780487804,4.426320404611695,0.04365432673939907,114,"114,10,13,92,54,120",True,False,821
symb-easy-04,symbolic,unit_conversion,easy,10,820,124,0.15121951219512195,4.210333411946286,0.08848158548056057,37,"37,55,85,114,90,39",True,False,821
symb-easy-04,symbolic,unit_conversion,easy,13,820,118,0.14390243902439023,4.098932784617008,0.09144592904280661,34,"34,65,30,13,118,63",True,False,821
symb-easy-04,symbolic,unit_conversion,easy,15,820,123,0.15,4.2692804236849815,0.07805005739062376,69,"69,68,17,67,51,99",True,False,821
symb-easy-04,symbolic,unit_conversion,easy,17,820,112,0.13658536585365855,4.221875955921818,0.04180578994601442,74,"74,121,62,64,38,35",True,False,821
symb-easy-04,symbolic,unit_conversion,easy,20,820,122,0.14878048780487804,4.226977983649603,0.07823847435975381,16,"16,98,119,116,90,85",True,False,821
symb-easy-04,symbolic,unit_conversion,easy,22,820,127,0.1548780487804878,4.312894529972319,0.08006258836547026,94,"94,9,101,91,14,32",True,False,821
symb-easy-04,symbolic,unit_conversion,easy,24,820,124,0.15121951219512195,4.2300842170581445,0.08201064612573643,79,"79,67,24,32,35,78",True,False,821
symb-easy-04,symbolic,unit_conversion,easy,27,820,127,0.1548780487804878,4.357948904006898,0.04286050809513273,16,"16,11,64,90,5,13",True,False,821
symb-easy-04,symbolic,unit_conversion,easy,29,820,125,0.1524390243902439,4.27332079045215,0.11591687674698385,94,"94,83,45,33,47,95",True,False,821
symb-easy-04,symbolic,unit_conversion,easy,31,820,126,0.15365853658536585,4.244140944005218,0.12485024736018824,23,"23,21,111,80,98,58",True,False,821
symb-easy-04,symbolic,unit_conversion,easy,34,820,120,0.14634146341463414,4.069132462659223,0.09271933587427383,98,"98,27,86,55,89,80",True,False,821
symb-easy-04,symbolic,unit_conversion,easy,36,820,124,0.15121951219512195,4.436214249725436,0.04011909466758931,114,"114,22,104,23,12,65",True,False,821
symb-easy-04,symbolic,unit_conversion,easy,38,820,125,0.1524390243902439,4.173622971826225,0.12302018163363083,54,"54,32,99,37,84,17",True,False,821
symb-easy-04,symbolic,unit_conversion,easy,40,820,123,0.15,4.158814886785428,0.10058217235893657,44,"44,25,34,88,73,11",True,False,821
symb-easy-04,symbolic,unit_conversion,easy,43,820,125,0.1524390243902439,4.240531216493168,0.06070339952399602,6,"6,7,105,46,118,43",True,False,821
symb-easy-04,symbolic,unit_conversion,easy,45,820,127,0.1548780487804878,4.429188891742356,0.03678678486449613,36,"36,24,25,28,0,103",True,False,821
symb-easy-04,symbolic,unit_conversion,easy,47,820,128,0.15609756097560976,4.3361919919806855,0.07791006108984683,12,"12,64,34,117,81,5",True,False,821
symb-easy-04,symbolic,unit_conversion,easy,49,820,125,0.1524390243902439,4.479039273571763,0.03500570367823978,16,"16,30,48,33,77,126",True,False,821
symb-easy-04,symbolic,unit_conversion,easy,51,820,128,0.15609756097560976,4.5419264958422785,0.048495623153537434,55,"55,48,28,124,27,18",True,False,821
symb-easy-07,symbolic,text_cipher,easy,1,417,127,0.30455635491606714,4.678386853053445,0.02371733480153257,104,"104,80,44,3,2,127",True,False,418
symb-easy-07,symbolic,text_cipher,easy,3,417,128,0.3069544364508393,4.620765004484458,0.028638577419977707,60,"60,70,61,55,75,100",True,False,418
symb-easy-07,symbolic,text_cipher,easy,6,417,124,0.2973621103117506,4.431150174081426,0.05588745134168384,111,"111,127,52,33,93,22",True,False,418
symb-easy-07,symbolic,text_cipher,easy,8,417,114,0.2733812949640288,3.8521155176223623,0.16157652241807066,69,"69,70,109,49,93,111",True,False,418
symb-easy-07,symbolic,text_cipher,easy,10,417,104,0.24940047961630696,3.7352702055699156,0.22505750528917515,48,"48,7,65,37,111,86",True,False,418
symb-easy-07,symbolic,text_cipher,easy,13,417,105,0.2517985611510791,3.9348326891986125,0.12869149992505996,104,"104,34,120,87,3,64",True,False,418
symb-easy-07,symbolic,text_cipher,easy,15,417,106,0.2541966426858513,3.9063569020580924,0.1344718592121043,17,"17,3,125,113,102,63",True,False,418
symb-easy-07,symbolic,text_cipher,easy,17,417,105,0.2517985611510791,4.09364215310597,0.04894973389870856,111,"111,116,30,74,19,86",True,False,418
symb-easy-07,symbolic,text_cipher,easy,20,417,107,0.2565947242206235,4.024609539369727,0.09168625754717766,58,"58,16,105,85,126,102",True,False,418
symb-easy-07,symbolic,text_cipher,easy,22,417,122,0.29256594724220625,4.360814945075423,0.05555786165838119,94,"94,55,32,59,8,16",True,False,418
symb-easy-07,symbolic,text_cipher,easy,24,417,109,0.26139088729016785,3.8743519743148083,0.1603842239742917,20,"20,41,87,78,35,17",True,False,418
symb-easy-07,symbolic,text_cipher,easy,27,417,114,0.2733812949640288,4.2594877119639944,0.05314341203772931,11,"11,69,16,0,32,39",True,False,418
symb-easy-07,symbolic,text_cipher,easy,29,417,120,0.28776978417266186,4.1743675154585365,0.13789433132437715,44,"44,88,116,19,40,57",True,False,418
symb-easy-07,symbolic,text_cipher,easy,31,417,120,0.28776978417266186,4.23459430560628,0.09419464642274707,4,"4,61,58,73,37,97",True,False,418
symb-easy-07,symbolic,text_cipher,easy,34,417,113,0.2709832134292566,3.7930029802990752,0.2076353470609706,4,"4,33,89,23,62,115",True,False,418
symb-easy-07,symbolic,text_cipher,easy,36,417,113,0.2709832134292566,4.236900602265788,0.06387679151438182,114,"114,46,66,88,34,94",True,False,418
symb-easy-07,symbolic,text_cipher,easy,38,417,117,0.2805755395683453,4.2663606414284,0.06955725096449868,88,"88,64,1,57,115,40",True,False,418
symb-easy-07,symbolic,text_cipher,easy,40,417,109,0.26139088729016785,3.7510267151120846,0.20335838983888366,15,"15,32,125,43,62,107",True,False,418
symb-easy-07,symbolic,text_cipher,easy,43,417,112,0.2685851318944844,3.676878154090419,0.23633457570318017,51,"51,20,109,107,18,126",True,False,418
symb-easy-07,symbolic,text_cipher,easy,45,417,125,0.2997601918465228,4.392837508264775,0.04132345160444412,108,"108,74,91,67,43,36",True,False,418
symb-easy-07,symbolic,text_cipher,easy,47,417,121,0.290167865707434,4.3483195650579285,0.10379416082539412,116,"116,5,61,77,74,65",True,False,418
symb-easy-07,symbolic,text_cipher,easy,49,417,120,0.28776978417266186,4.247061622570817,0.08210280758898977,95,"95,77,24,115,30,57",True,False,418
symb-easy-07,symbolic,text_cipher,easy,51,417,125,0.2997601918465228,4.534460833912147,0.030086266962546612,123,"123,23,17,30,3,79",True,False,418
symb-easy-10,symbolic,bit_manipulation,easy,1,893,128,0.1433370660694289,4.627946540465086,0.029292262987072992,64,"64,12,120,115,123,32",True,False,894
symb-easy-10,symbolic,bit_manipulation,easy,3,893,128,0.1433370660694289,4.543546864431262,0.07040331598683837,81,"81,74,7,70,55,76",True,False,894
symb-easy-10,symbolic,bit_manipulation,easy,6,893,126,0.14109742441209405,4.394942569834166,0.052528995971875686,21,"21,111,52,14,60,63",True,False,894
symb-easy-10,symbolic,bit_manipulation,easy,8,893,120,0.1343784994400896,4.243979198567137,0.09620813380123815,4,"4,104,81,92,83,69",True,False,894
symb-easy-10,symbolic,bit_manipulation,easy,10,893,119,0.13325867861142218,3.8969474933166235,0.11795326050107717,48,"48,6,39,7,111,84",True,False,894
symb-easy-10,symbolic,bit_manipulation,easy,13,893,121,0.135498320268757,3.9850597303247546,0.12178620696103497,4,"4,35,87,124,33,100",True,False,894
symb-easy-10,symbolic,bit_manipulation,easy,15,893,125,0.13997760358342665,4.204740685740126,0.07832289754165724,102,"102,113,74,125,17,112",True,False,894
symb-easy-10,symbolic,bit_manipulation,easy,17,893,113,0.1265397536394177,4.099497517145609,0.0652148320997892,116,"116,102,35,59,33,57",True,False,894
symb-easy-10,symbolic,bit_manipulation,easy,20,893,119,0.13325867861142218,4.215293974392509,0.0826962348876166,52,"52,85,105,16,60,23",True,False,894
symb-easy-10,symbolic,bit_manipulation,easy,22,893,126,0.14109742441209405,4.24142952316251,0.09246932374573003,55,"55,94,32,9,52,117",True,False,894
symb-easy-10,symbolic,bit_manipulation,easy,24,893,116,0.12989921612541994,3.9112370190888504,0.15135021935682125,20,"20,87,41,35,24,75",True,False,894
symb-easy-10,symbolic,bit_manipulation,easy,27,893,126,0.14109742441209405,4.327879180705588,0.06825315527680585,0,"0,16,11,13,32,39",True,False,894
symb-easy-10,symbolic,bit_manipulation,easy,29,893,126,0.14109742441209405,4.405410055149234,0.06329214006771078,47,"47,116,118,121,33,42",True,False,894
symb-easy-10,symbolic,bit_manipulation,easy,31,893,125,0.13997760358342665,4.152396385175593,0.1579810459160993,75,"75,61,98,4,53,17",True,False,894
symb-easy-10,symbolic,bit_manipulation,easy,34,893,122,0.1366181410974244,4.22489022656427,0.10366157745018428,4,"4,124,89,6,64,55",True,False,894
symb-easy-10,symbolic,bit_manipulation,easy,36,893,117,0.13101903695408734,4.068284285526082,0.10964278033907132,96,"96,124,46,12,114,122",True,False,894
symb-easy-10,symbolic,bit_manipulation,easy,38,893,121,0.135498320268757,4.1037431602845285,0.11997862703408979,11,"11,57,84,106,50,110",True,False,894
symb-easy-10,symbolic,bit_manipulation,easy,40,893,121,0.135498320268757,3.842353423444543,0.17266443372543222,112,"112,114,71,62,63,2",True,False,894
symb-easy-10,symbolic,bit_manipulation,easy,43,893,125,0.13997760358342665,4.224189328033328,0.08098183749041138,56,"56,20,31,43,37,126",True,False,894
symb-easy-10,symbolic,bit_manipulation,easy,45,893,123,0.13773796192609183,4.407084537701313,0.045719902627004566,83,"83,119,28,112,1,48",True,False,894
symb-easy-10,symbolic,bit_manipulation,easy,47,893,122,0.1366181410974244,4.41167875662836,0.05001425608199124,108,"108,6,40,112,64,34",True,False,894
symb-easy-10,symbolic,bit_manipulation,easy,49,893,122,0.1366181410974244,4.059673345254185,0.15094142986363782,78,"78,107,56,24,115,95",True,False,894
symb-easy-10,symbolic,bit_manipulation,easy,51,893,128,0.1433370660694289,4.552498338834821,0.04594028424116578,124,"124,27,11,15,57,30",True,False,894
symb-easy-13,symbolic,symbol_transform,easy,1,605,127,0.20991735537190082,4.630827262991909,0.024159948037290734,61,"61,15,36,85,50,3",True,False,606
symb-easy-13,symbolic,symbol_transform,easy,3,605,128,0.2115702479338843,4.531406165370417,0.0376155161804974,100,"100,12,115,122,54,82",True,False,606
symb-easy-13,symbolic,symbol_transform,easy,6,605,125,0.2066115702479339,4.460661014540478,0.03893204305053355,93,"93,63,111,52,104,8",True,False,606
symb-easy-13,symbolic,symbol_transform,easy,8,605,122,0.20165289256198346,4.371690771655187,0.03941561303006678,100,"100,28,17,92,90,58",True,False,606
symb-easy-13,symbolic,symbol_transform,easy,10,605,114,0.1884297520661157,4.181172157796516,0.058576345514113594,76,"76,37,46,91,84,112",True,False,606
symb-easy-13,symbolic,symbol_transform,easy,13,605,111,0.1834710743801653,4.090933570318438,0.07196094262746251,34,"34,46,63,27,65,62",True,False,606
symb-easy-13,symbolic,symbol_transform,easy,15,605,124,0.2049586776859504,4.313104271376456,0.09998080787390466,125,"125,17,40,39,89,63",True,False,606
symb-easy-13,symbolic,symbol_transform,easy,17,605,111,0.1834710743801653,4.040275278199765,0.07038753303370293,30,"30,116,74,83,121,38",True,False,606
symb-easy-13,symbolic,symbol_transform,easy,20,605,116,0.19173553719008266,4.160997402751506,0.08874709400981651,16,"16,98,47,105,119,19",True,False,606
symb-easy-13,symbolic,symbol_transform,easy,22,605,126,0.20826446280991737,4.4340589635793854,0.060670230556851584,94,"94,59,32,55,88,68",True,False,606
symb-easy-13,symbolic,symbol_transform,easy,24,605,117,0.1933884297520661,4.279655838585228,0.05478375881245065,59,"59,31,20,35,90,24",True,False,606
symb-easy-13,symbolic,symbol_transform,easy,27,605,123,0.20330578512396694,4.264266664572437,0.04875607467538914,16,"16,11,122,60,13,64",True,False,606
symb-easy-13,symbolic,symbol_transform,easy,29,605,124,0.2049586776859504,4.363829886890814,0.04540721137917078,33,"33,114,98,42,103,47",True,False,606
symb-easy-13,symbolic,symbol_transform,easy,31,605,123,0.20330578512396694,4.428770498289363,0.050069400380390594,61,"61,110,53,58,33,103",True,False,606
symb-easy-13,symbolic,symbol_transform,easy,34,605,115,0.19008264462809918,4.309846620022038,0.04164333923161192,55,"55,124,53,43,78,95",True,False,606
symb-easy-13,symbolic,symbol_transform,easy,36,605,123,0.20330578512396694,4.353528077531469,0.04824658641818029,26,"26,22,114,12,46,65",True,False,606
symb-easy-13,symbolic,symbol_transform,easy,38,605,119,0.19669421487603306,4.433096034908782,0.04178167858088003,110,"110,75,63,64,112,80",True,False,606
symb-easy-13,symbolic,symbol_transform,easy,40,605,119,0.19669421487603306,4.353614345809548,0.04319198037319532,10,"10,63,107,8,11,45",True,False,606
symb-easy-13,symbolic,symbol_transform,easy,43,605,118,0.19504132231404958,4.310342096807402,0.05111167947241723,46,"46,107,7,93,109,31",True,False,606
symb-easy-13,symbolic,symbol_transform,easy,45,605,122,0.20165289256198346,4.459336439360264,0.033141577628777334,36,"36,120,74,91,40,108",True,False,606
symb-easy-13,symbolic,symbol_transform,easy,47,605,124,0.2049586776859504,4.441686695628065,0.05969187328728594,34,"34,10,12,53,67,81",True,False,606
symb-easy-13,symbolic,symbol_transform,easy,49,605,123,0.20330578512396694,4.4459625003519605,0.05241075739566412,78,"78,16,56,108,24,107",True,False,606
symb-easy-13,symbolic,symbol_transform,easy,51,605,127,0.20991735537190082,4.602665127008708,0.03153345425121565,2,"2,19,27,56,124,15",True,False,606
symb-easy-16,symbolic,base_conversion,easy,1,1130,128,0.11327433628318584,4.689530130609165,0.021601312184176606,71,"71,6,75,68,114,64",True,False,1131
symb-easy-16,symbolic,base_conversion,easy,3,1130,128,0.11327433628318584,4.656639070603797,0.04315665700130392,81,"81,115,48,75,0,11",True,False,1131
symb-easy-16,symbolic,base_conversion,easy,6,1130,127,0.11238938053097346,4.422233652660775,0.0599211266651347,52,"52,21,93,111,29,15",True,False,1131
symb-easy-16,symbolic,base_conversion,easy,8,1130,119,0.10530973451327434,4.3384185344495405,0.05513486101581952,4,"4,72,1,83,90,98",True,False,1131
symb-easy-16,symbolic,base_conversion,easy,10,1130,120,0.10619469026548672,3.7683476547299026,0.18554907832268414,48,"48,39,37,46,84,7",True,False,1131
symb-easy-16,symbolic,base_conversion,easy,13,1130,118,0.10442477876106195,3.9675210845274287,0.16127384531010458,4,"4,34,35,65,104,8",True,False,1131
symb-easy-16,symbolic,base_conversion,easy,15,1130,119,0.10530973451327434,4.018534043287233,0.13568175849201988,17,"17,125,67,3,113,102",True,False,1131
symb-easy-16,symbolic,base_conversion,easy,17,1130,116,0.10265486725663717,4.131978647935108,0.047490880251231084,102,"102,121,109,30,59,74",True,False,1131
symb-easy-16,symbolic,base_conversion,easy,20,1130,120,0.10619469026548672,4.181595658424843,0.07441035218103137,58,"58,16,52,105,27,125",True,False,1131
symb-easy-16,symbolic,base_conversion,easy,22,1130,127,0.11238938053097346,4.352471252669963,0.07532329163068752,94,"94,55,9,32,59,8",True,False,1131
symb-easy-16,symbolic,base_conversion,easy,24,1130,122,0.1079646017699115,3.9715065969690273,0.15494312282931963,20,"20,87,79,24,35,74",True,False,1131
symb-easy-16,symbolic,base_conversion,easy,27,1130,125,0.11061946902654868,4.290422346340561,0.065477981661049,0,"0,16,32,11,64,37",True,False,1131
symb-easy-16,symbolic,base_conversion,easy,29,1130,125,0.11061946902654868,4.4077834859282055,0.053666531668400325,94,"94,118,47,116,40,81",True,False,1131
symb-easy-16,symbolic,base_conversion,easy,31,1130,124,0.10973451327433628,3.970619372945202,0.20451433159533683,75,"75,4,23,85,33,58",True,False,1131
symb-easy-16,symbolic,base_conversion,easy,34,1130,122,0.1079646017699115,4.121396028585603,0.1178149055444671,4,"4,80,55,98,27,71",True,False,1131
symb-easy-16,symbolic,base_conversion,easy,36,1130,121,0.10707964601769912,4.224839142952582,0.06103165962357043,124,"124,66,121,96,22,114",True,False,1131
symb-easy-16,symbolic,base_conversion,easy,38,1130,120,0.10619469026548672,4.109833516117525,0.0989673747386504,11,"11,57,84,64,85,106",True,False,1131
symb-easy-16,symbolic,base_conversion,easy,40,1130,122,0.1079646017699115,3.8653715595833322,0.15768566417832217,112,"112,114,15,11,125,21",True,False,1131
symb-easy-16,symbolic,base_conversion,easy,43,1130,121,0.10707964601769912,4.089631383265252,0.11298055868150408,56,"56,105,43,6,20,118",True,False,1131
symb-easy-16,symbolic,base_conversion,easy,45,1130,126,0.11150442477876106,4.1741884431829,0.09284615116211113,28,"28,36,74,119,0,103",True,False,1131
symb-easy-16,symbolic,base_conversion,easy,47,1130,126,0.11150442477876106,4.409194463662307,0.05837887312964483,64,"64,34,12,117,112,23",True,False,1131
symb-easy-16,symbolic,base_conversion,easy,49,1130,126,0.11150442477876106,4.456850211608079,0.04422396225526829,78,"78,61,107,85,24,77",True,False,1131
symb-easy-16,symbolic,base_conversion,easy,51,1130,128,0.11327433628318584,4.518276027215307,0.04785413403903787,124,"124,55,57,27,94,11",True,False,1131
symb-hard-03,symbolic,numeral_system,hard,1,1241,128,0.1031426269137792,4.721571220549495,0.021336260038959526,77,"77,85,64,84,122,50",True,False,1242
symb-hard-03,symbolic,numeral_system,hard,3,1241,128,0.1031426269137792,4.612302151514813,0.031579885456356795,115,"115,121,117,62,95,11",True,False,1242
symb-hard-03,symbolic,numeral_system,hard,6,1241,127,0.10233682514101532,4.360922296669646,0.06689869469186022,93,"93,52,127,29,14,111",True,False,1242
symb-hard-03,symbolic,numeral_system,hard,8,1241,122,0.09830781627719581,3.7299427097641495,0.1776813913545187,69,"69,49,12,54,72,23",True,False,1242
symb-hard-03,symbolic,numeral_system,hard,10,1241,111,0.0894439967767929,3.4272680780358873,0.16021767051425498,48,"48,28,39,121,7,67",True,False,1242
symb-hard-03,symbolic,numeral_system,hard,13,1241,118,0.09508460918614021,3.906335077155121,0.08122261491829044,95,"95,67,120,114,65,34",True,False,1242
symb-hard-03,symbolic,numeral_system,hard,15,1241,123,0.0991136180499597,3.6399719542742814,0.24128224430840686,17,"17,69,113,112,67,40",True,False,1242
symb-hard-03,symbolic,numeral_system,hard,17,1241,115,0.0926672038678485,4.004369130750252,0.07770596322725512,74,"74,30,102,109,121,111",True,False,1242
symb-hard-03,symbolic,numeral_system,hard,20,1241,120,0.09669621273166801,4.049715230957899,0.11972784924129377,58,"58,105,41,98,16,116",True,False,1242
symb-hard-03,symbolic,numeral_system,hard,22,1241,128,0.1031426269137792,4.200725735135373,0.09082084019023118,94,"94,101,55,9,32,17",True,False,1242
symb-hard-03,symbolic,numeral_system,hard,24,1241,115,0.0926672038678485,3.8408853351502996,0.12478158128968965,20,"20,87,79,17,35,24",True,False,1242
symb-hard-03,symbolic,numeral_system,hard,27,1241,124,0.0999194198227236,4.195067829671116,0.06368031105176898,0,"0,125,32,11,16,101",True,False,1242
symb-hard-03,symbolic,numeral_system,hard,29,1241,123,0.0991136180499597,4.146346031944658,0.07902038495404624,116,"116,44,94,84,47,33",True,False,1242
symb-hard-03,symbolic,numeral_system,hard,31,1241,124,0.0999194198227236,3.8972355226561115,0.19402001402399305,75,"75,85,61,4,58,53",True,False,1242
symb-hard-03,symbolic,numeral_system,hard,34,1241,122,0.09830781627719581,3.8073038068348364,0.12848940282965157,4,"4,80,55,21,27,89",True,False,1242
symb-hard-03,symbolic,numeral_system,hard,36,1241,124,0.0999194198227236,3.8615497775869985,0.20889800787303892,103,"103,22,88,124,65,34",True,False,1242
symb-hard-03,symbolic,numeral_system,hard,38,1241,117,0.09427880741337631,3.785304672194951,0.15072438084964704,18,"18,57,84,64,88,23",True,False,1242
symb-hard-03,symbolic,numeral_system,hard,40,1241,121,0.09750201450443191,3.6311258991534405,0.21266266264690867,15,"15,107,44,21,11,81",True,False,1242
symb-hard-03,symbolic,numeral_system,hard,43,1241,122,0.09830781627719581,3.760173519514339,0.179627679359273,51,"51,56,31,6,7,47",True,False,1242
symb-hard-03,symbolic,numeral_system,hard,45,1241,126,0.10153102336825141,4.004481174335565,0.1220483597936954,74,"74,55,83,103,7,107",True,False,1242
symb-hard-03,symbolic,numeral_system,hard,47,1241,127,0.10233682514101532,4.249707446041515,0.09580049192676807,64,"64,12,34,116,114,5",True,False,1242
symb-hard-03,symbolic,numeral_system,hard,49,1241,126,0.10153102336825141,4.348297443642689,0.06473353181725236,77,"77,63,43,61,16,85",True,False,1242
symb-hard-03,symbolic,numeral_system,hard,51,1241,128,0.1031426269137792,4.449092156511435,0.0926144535255735,55,"55,12,9,27,113,85",True,False,1242
symb-hard-06,symbolic,unit_conversion,hard,1,2948,128,0.04341926729986431,4.648726483088425,0.03421149974809971,84,"84,71,70,64,81,13",True,False,2949
symb-hard-06,symbolic,unit_conversion,hard,3,2948,128,0.04341926729986431,4.698858358085305,0.02987621594653229,71,"71,116,19,12,94,117",True,False,2949
symb-hard-06,symbolic,unit_conversion,hard,6,2948,127,0.04308005427408412,4.512556363405391,0.051574494273187776,47,"47,110,58,115,14,45",True,False,2949
symb-hard-06,symbolic,unit_conversion,hard,8,2948,125,0.042401628222523746,4.528574928125042,0.037711024949577614,10,"10,114,54,121,58,92",True,False,2949
symb-hard-06,symbolic,unit_conversion,hard,10,2948,125,0.042401628222523746,4.292150545572587,0.09128197575405593,37,"37,114,39,85,123,94",True,False,2949
symb-hard-06,symbolic,unit_conversion,hard,13,2948,124,0.04206241519674356,4.2056747577546085,0.09681876167005633,65,"65,4,30,13,34,14",True,False,2949
symb-hard-06,symbolic,unit_conversion,hard,15,2948,126,0.042740841248303935,4.377100058392913,0.07090563529639206,17,"17,68,69,67,10,51",True,False,2949
symb-hard-06,symbolic,unit_conversion,hard,17,2948,121,0.041044776119402986,4.157232003471241,0.06999489456136292,62,"62,64,35,74,14,9",True,False,2949
symb-hard-06,symbolic,unit_conversion,hard,20,2948,124,0.04206241519674356,4.331517879854698,0.06964530029403043,116,"116,98,17,16,119,60",True,False,2949
symb-hard-06,symbolic,unit_conversion,hard,22,2948,128,0.04341926729986431,4.199043984187188,0.09648808107662425,9,"9,94,101,88,14,91",True,False,2949
symb-hard-06,symbolic,unit_conversion,hard,24,2948,125,0.042401628222523746,4.263704225773763,0.07328327932628192,32,"32,79,35,24,75,106",True,False,2949
symb-hard-06,symbolic,unit_conversion,hard,27,2948,127,0.04308005427408412,4.325014586903388,0.0495278992932212,69,"69,5,35,11,56,64",True,False,2949
symb-hard-06,symbolic,unit_conversion,hard,29,2948,127,0.04308005427408412,4.171149215328231,0.14725374327911786,94,"94,83,33,45,47,75",True,False,2949
symb-hard-06,symbolic,unit_conversion,hard,31,2948,128,0.04341926729986431,4.27885896940607,0.10641333012295785,23,"23,85,37,21,75,58",True,False,2949
symb-hard-06,symbolic,unit_conversion,hard,34,2948,126,0.042740841248303935,4.041398810513674,0.08310192979655791,27,"27,98,86,80,55,89",True,False,2949
symb-hard-06,symbolic,unit_conversion,hard,36,2948,127,0.04308005427408412,4.481668136659042,0.05097621708129458,114,"114,104,0,22,23,65",True,False,2949
symb-hard-06,symbolic,unit_conversion,hard,38,2948,126,0.042740841248303935,4.1924657305594115,0.11869783103654387,54,"54,75,57,106,64,84",True,False,2949
symb-hard-06,symbolic,unit_conversion,hard,40,2948,126,0.042740841248303935,4.243501485443106,0.10286862755654612,44,"44,68,53,88,11,25",True,False,2949
symb-hard-06,symbolic,unit_conversion,hard,43,2948,128,0.04341926729986431,4.171617256444287,0.08675464942350654,105,"105,6,7,46,118,43",True,False,2949
symb-hard-06,symbolic,unit_conversion,hard,45,2948,128,0.04341926729986431,4.4137759549058995,0.03950168405334345,36,"36,25,103,24,16,0",True,False,2949
symb-hard-06,symbolic,unit_conversion,hard,47,2948,127,0.04308005427408412,4.29302047274377,0.08255804229842688,64,"64,12,34,117,1,82",True,False,2949
symb-hard-06,symbolic,unit_conversion,hard,49,2948,127,0.04308005427408412,4.455056691789704,0.03527872861613693,45,"45,56,77,85,61,30",True,False,2949
symb-hard-06,symbolic,unit_conversion,hard,51,2948,128,0.04341926729986431,4.4897386727652,0.05132604444337631,55,"55,18,124,48,122,57",True,False,2949
symb-hard-09,symbolic,text_cipher,hard,1,3071,128,0.04168023445131879,4.709400651326429,0.029164902822757358,3,"3,103,127,44,80,51",,True,3072
symb-hard-09,symbolic,text_cipher,hard,3,3071,128,0.04168023445131879,4.641964470728902,0.02790252895645956,60,"60,96,61,24,88,70",,True,3072
symb-hard-09,symbolic,text_cipher,hard,6,3071,127,0.04135460761966786,4.35443704904432,0.07630474586991944,111,"111,52,127,25,93,33",,True,3072
symb-hard-09,symbolic,text_cipher,hard,8,3071,126,0.041028980788016936,4.070059017327448,0.1444650796948103,69,"69,70,54,38,109,110",,True,3072
symb-hard-09,symbolic,text_cipher,hard,10,3071,125,0.040703353956366005,3.979022728478643,0.17001248655457096,48,"48,111,7,57,28,124",,True,3072
symb-hard-09,symbolic,text_cipher,hard,13,3071,122,0.03972647346141322,4.037712288829436,0.11648919804453933,104,"104,120,87,64,68,21",,True,3072
symb-hard-09,symbolic,text_cipher,hard,15,3071,126,0.041028980788016936,3.9623034880497228,0.1346762043798777,17,"17,113,64,39,46,112",,True,3072
symb-hard-09,symbolic,text_cipher,hard,17,3071,121,0.039400846629762294,4.146684238154853,0.062398723465100676,111,"111,74,109,30,102,35",,True,3072
symb-hard-09,symbolic,text_cipher,hard,20,3071,123,0.04005210029306415,4.140911916931846,0.08818335247767851,58,"58,105,102,87,16,115",,True,3072
symb-hard-09,symbolic,text_cipher,hard,22,3071,128,0.04168023445131879,4.275957129460799,0.08140837537512141,55,"55,94,32,72,59,8",,True,3072
symb-hard-09,symbolic,text_cipher,hard,24,3071,124,0.040377727124715074,4.060020560556103,0.09959642222636216,20,"20,87,41,35,24,17",,True,3072
symb-hard-09,symbolic,text_cipher,hard,27,3071,127,0.04135460761966786,4.312019809173381,0.08516684058605899,0,"0,11,39,16,13,69",,True,3072
symb-hard-09,symbolic,text_cipher,hard,29,3071,127,0.04135460761966786,4.275374390705842,0.12101489211371738,44,"44,47,116,73,41,88",,True,3072
symb-hard-09,symbolic,text_cipher,hard,31,3071,127,0.04135460761966786,4.340271623477326,0.06498144290675469,4,"4,61,1,58,97,98",,True,3072
symb-hard-09,symbolic,text_cipher,hard,34,3071,125,0.040703353956366005,3.993231259676071,0.17384194806079667,4,"4,23,89,33,62,55",,True,3072
symb-hard-09,symbolic,text_cipher,hard,36,3071,124,0.040377727124715074,4.325543455379338,0.0555558117182786,114,"114,46,66,12,106,65",,True,3072
symb-hard-09,symbolic,text_cipher,hard,38,3071,124,0.040377727124715074,4.2897473643316255,0.07666543064659807,88,"88,64,57,91,1,41",,True,3072
symb-hard-09,symbolic,text_cipher,hard,40,3071,123,0.04005210029306415,4.022045213418853,0.15914117831121785,15,"15,62,107,57,43,125",,True,3072
symb-hard-09,symbolic,text_cipher,hard,43,3071,124,0.040377727124715074,3.817084966225955,0.22440725634137904,51,"51,20,109,31,93,126",,True,3072
symb-hard-09,symbolic,text_cipher,hard,45,3071,127,0.04135460761966786,4.495159934783047,0.03514858493648496,91,"91,108,121,43,67,74",,True,3072
symb-hard-09,symbolic,text_cipher,hard,47,3071,127,0.04135460761966786,4.4094011209451125,0.06243327778437862,116,"116,5,61,74,34,12",,True,3072
symb-hard-09,symbolic,text_cipher,hard,49,3071,126,0.041028980788016936,4.234459131855041,0.0778933946212409,95,"95,77,24,115,85,30",,True,3072
symb-hard-09,symbolic,text_cipher,hard,51,3071,128,0.04168023445131879,4.581678810550256,0.03309223040160748,79,"79,15,28,112,99,19",,True,3072
symb-hard-12,symbolic,bit_manipulation,hard,1,2456,128,0.05211726384364821,4.649842379927604,0.033504466946149225,12,"12,61,64,26,98,75",True,False,2457
symb-hard-12,symbolic,bit_manipulation,hard,3,2456,128,0.05211726384364821,4.591463967681337,0.05614940085978546,81,"81,43,10,7,100,117",True,False,2457
symb-hard-12,symbolic,bit_manipulation,hard,6,2456,127,0.05171009771986971,4.4051010524226974,0.06854920687444797,21,"21,52,111,14,22,93",True,False,2457
symb-hard-12,symbolic,bit_manipulation,hard,8,2456,124,0.050488599348534204,4.343817948225041,0.07522600266677461,4,"4,108,69,77,38,81",True,False,2457
symb-hard-12,symbolic,bit_manipulation,hard,10,2456,124,0.050488599348534204,3.8677534412176544,0.14405585546675895,48,"48,39,6,7,123,37",True,False,2457
symb-hard-12,symbolic,bit_manipulation,hard,13,2456,123,0.0500814332247557,4.038044647076989,0.12839933818143676,4,"4,35,65,87,104,33",True,False,2457
symb-hard-12,symbolic,bit_manipulation,hard,15,2456,126,0.05130293159609121,4.154345155219722,0.06776039606995723,113,"113,102,17,64,74,3",True,False,2457
symb-hard-12,symbolic,bit_manipulation,hard,17,2456,119,0.048452768729641695,4.118021822601489,0.07190365735144637,102,"102,35,109,116,27,59",True,False,2457
symb-hard-12,symbolic,bit_manipulation,hard,20,2456,122,0.0496742671009772,4.262569581748139,0.06730433545483579,52,"52,105,85,60,23,116",True,False,2457
symb-hard-12,symbolic,bit_manipulation,hard,22,2456,128,0.05211726384364821,4.207210906178851,0.1064634073775179,55,"55,94,9,32,52,8",True,False,2457
symb-hard-12,symbolic,bit_manipulation,hard,24,2456,123,0.0500814332247557,3.901828760729374,0.14511436217657836,20,"20,87,41,35,75,24",True,False,2457
symb-hard-12,symbolic,bit_manipulation,hard,27,2456,126,0.05130293159609121,4.301154437914548,0.0906060933496902,0,"0,32,16,11,21,13",True,False,2457
symb-hard-12,symbolic,bit_manipulation,hard,29,2456,127,0.05171009771986971,4.431386174788232,0.0635325357665276,47,"47,116,118,94,33,121",True,False,2457
symb-hard-12,symbolic,bit_manipulation,hard,31,2456,128,0.05211726384364821,4.180274824005982,0.1576166225063142,75,"75,61,23,37,93,64",True,False,2457
symb-hard-12,symbolic,bit_manipulation,hard,34,2456,127,0.05171009771986971,4.248273753756322,0.09597204156974513,4,"4,71,80,89,55,124",True,False,2457
symb-hard-12,symbolic,bit_manipulation,hard,36,2456,124,0.050488599348534204,4.112319756759025,0.10809544109184097,96,"96,124,46,114,66,12",True,False,2457
symb-hard-12,symbolic,bit_manipulation,hard,38,2456,122,0.0496742671009772,4.1321140530990075,0.11008112145227224,11,"11,57,84,64,106,91",True,False,2457
symb-hard-12,symbolic,bit_manipulation,hard,40,2456,123,0.0500814332247557,3.9088314961488826,0.18029783393591522,112,"112,114,62,71,81,21",True,False,2457
symb-hard-12,symbolic,bit_manipulation,hard,43,2456,126,0.05130293159609121,4.2600435828656575,0.05624940971779488,20,"20,56,31,105,37,118",True,False,2457
symb-hard-12,symbolic,bit_manipulation,hard,45,2456,127,0.05171009771986971,4.4172282897487065,0.04429165084956665,48,"48,119,36,0,73,112",True,False,2457
symb-hard-12,symbolic,bit_manipulation,hard,47,2456,127,0.05171009771986971,4.428981298882475,0.041588482032811666,108,"108,112,64,40,6,117",True,False,2457
symb-hard-12,symbolic,bit_manipulation,hard,49,2456,126,0.05130293159609121,4.1878935033275475,0.11389934542751867,78,"78,107,56,24,96,83",True,False,2457
symb-hard-12,symbolic,bit_manipulation,hard,51,2456,128,0.05211726384364821,4.533878691339593,0.05189451907062128,124,"124,28,27,42,19,57",True,False,2457
symb-hard-15,symbolic,symbol_transform,hard,1,562,127,0.22597864768683273,4.643260765848802,0.021288851841831307,50,"50,51,61,15,52,78",True,False,563
symb-hard-15,symbolic,symbol_transform,hard,3,562,128,0.2277580071174377,4.545100389833859,0.03216590204475688,100,"100,115,110,95,12,82",True,False,563
symb-hard-15,symbolic,symbol_transform,hard,6,562,126,0.22419928825622776,4.406944935625628,0.04232476837799828,63,"63,93,111,52,8,15",True,False,563
symb-hard-15,symbolic,symbol_transform,hard,8,562,121,0.21530249110320285,4.334378890995937,0.05538606699166536,28,"28,100,87,34,67,99",True,False,563
symb-hard-15,symbolic,symbol_transform,hard,10,562,113,0.20106761565836298,4.052239673042948,0.07025544385335242,76,"76,46,91,37,84,39",True,False,563
symb-hard-15,symbolic,symbol_transform,hard,13,562,114,0.20284697508896798,4.094803200571851,0.08024877673362028,34,"34,46,63,65,3,87",True,False,563
symb-hard-15,symbolic,symbol_transform,hard,15,562,123,0.2188612099644128,4.2199306588691305,0.1256329825480834,125,"125,17,89,63,28,106",True,False,563
symb-hard-15,symbolic,symbol_transform,hard,17,562,108,0.19217081850533807,4.027840535013158,0.062023804910733754,30,"30,116,74,83,38,118",True,False,563
symb-hard-15,symbolic,symbol_transform,hard,20,562,116,0.20640569395017794,4.1668373884706025,0.11053135587138585,16,"16,105,98,85,125,19",True,False,563
symb-hard-15,symbolic,symbol_transform,hard,22,562,127,0.22597864768683273,4.422307156201428,0.0628793653157396,94,"94,55,32,88,120,60",True,False,563
symb-hard-15,symbolic,symbol_transform,hard,24,562,119,0.2117437722419929,4.26688565364477,0.053394292363025724,59,"59,90,31,79,20,35",True,False,563
symb-hard-15,symbolic,symbol_transform,hard,27,562,118,0.2099644128113879,4.233438021667634,0.055519494257159796,16,"16,11,122,13,60,73",True,False,563
symb-hard-15,symbolic,symbol_transform,hard,29,562,123,0.2188612099644128,4.354107211999291,0.04917948966344426,33,"33,42,114,98,47,117",True,False,563
symb-hard-15,symbolic,symbol_transform,hard,31,562,123,0.2188612099644128,4.452369210741613,0.048204494987661814,61,"61,33,110,58,53,98",True,False,563
symb-hard-15,symbolic,symbol_transform,hard,34,562,117,0.20818505338078291,4.326992639472828,0.037595113988814426,111,"111,55,50,124,53,32",True,False,563
symb-hard-15,symbolic,symbol_transform,hard,36,562,123,0.2188612099644128,4.406117587914381,0.04059942118739123,22,"22,26,12,114,99,45",True,False,563
symb-hard-15,symbolic,symbol_transform,hard,38,562,121,0.21530249110320285,4.44827861522465,0.04441461272653407,110,"110,63,76,112,75,3",True,False,563
symb-hard-15,symbolic,symbol_transform,hard,40,562,119,0.2117437722419929,4.352539343014629,0.03943765986432384,63,"63,10,107,8,103,11",True,False,563
symb-hard-15,symbolic,symbol_transform,hard,43,562,122,0.21708185053380782,4.335724149983342,0.05973095742862785,46,"46,93,7,107,109,31",True,False,563
symb-hard-15,symbolic,symbol_transform,hard,45,562,121,0.21530249110320285,4.4529754102771,0.03370213236234178,91,"91,74,36,40,120,108",True,False,563
symb-hard-15,symbolic,symbol_transform,hard,47,562,125,0.22241992882562278,4.443063202982504,0.06291280262345685,34,"34,10,12,53,108,16",True,False,563
symb-hard-15,symbolic,symbol_transform,hard,49,562,123,0.2188612099644128,4.434719255724124,0.0540350737266257,78,"78,16,56,115,107,108",True,False,563
symb-hard-15,symbolic,symbol_transform,hard,51,562,128,0.2277580071174377,4.612706574459866,0.02467797595035942,27,"27,2,124,28,19,56",True,False,563
symb-hard-18,symbolic,base_conversion,hard,1,3071,128,0.04168023445131879,4.740030059942658,0.020758672117098424,107,"107,44,101,4,48,71",,True,3072
symb-hard-18,symbolic,base_conversion,hard,3,3071,128,0.04168023445131879,4.687965775621366,0.02230749896667494,55,"55,62,75,115,24,2",,True,3072
symb-hard-18,symbolic,base_conversion,hard,6,3071,128,0.04168023445131879,4.492658776644063,0.04720850880515615,93,"93,111,92,15,29,75",,True,3072
symb-hard-18,symbolic,base_conversion,hard,8,3071,125,0.040703353956366005,4.20381279947691,0.09248173668873307,69,"69,1,72,102,77,11",,True,3072
symb-hard-18,symbolic,base_conversion,hard,10,3071,124,0.040377727124715074,3.71045458815906,0.22533526519700595,48,"48,46,39,7,111,87",,True,3072
symb-hard-18,symbolic,base_conversion,hard,13,3071,124,0.040377727124715074,3.955190476835582,0.09964461353723555,4,"4,104,46,34,120,35",,True,3072
symb-hard-18,symbolic,base_conversion,hard,15,3071,126,0.041028980788016936,3.859164057314651,0.19522488211789846,17,"17,125,113,102,67,14",,True,3072
symb-hard-18,symbolic,base_conversion,hard,17,3071,119,0.03874959296646044,4.123740168088921,0.07457872599882259,33,"33,30,116,74,111,121",,True,3072
symb-hard-18,symbolic,base_conversion,hard,20,3071,125,0.040703353956366005,4.079213809678667,0.10206181955966082,58,"58,16,47,102,105,73",,True,3072
symb-hard-18,symbolic,base_conversion,hard,22,3071,128,0.04168023445131879,4.361215064838835,0.05471003023342343,94,"94,55,32,52,20,101",,True,3072
symb-hard-18,symbolic,base_conversion,hard,24,3071,119,0.03874959296646044,3.840720094007479,0.17374473324941836,20,"20,41,87,74,88,17",,True,3072
symb-hard-18,symbolic,base_conversion,hard,27,3071,127,0.04135460761966786,4.341260792680299,0.04400212630447656,32,"32,98,13,77,56,0",,True,3072
symb-hard-18,symbolic,base_conversion,hard,29,3071,126,0.041028980788016936,4.367292367687661,0.06415860088932951,44,"44,40,116,47,123,105",,True,3072
symb-hard-18,symbolic,base_conversion,hard,31,3071,127,0.04135460761966786,4.07235338556767,0.1351828686837851,75,"75,4,61,58,33,59",,True,3072
symb-hard-18,symbolic,base_conversion,hard,34,3071,124,0.040377727124715074,3.9667127086828464,0.16235653961040467,4,"4,89,21,55,23,27",,True,3072
symb-hard-18,symbolic,base_conversion,hard,36,3071,125,0.040703353956366005,4.277899181014188,0.05434481948062894,66,"66,114,94,26,88,65",,True,3072
symb-hard-18,symbolic,base_conversion,hard,38,3071,126,0.041028980788016936,4.230310577304375,0.05684285944536346,88,"88,106,57,1,11,26",,True,3072
symb-hard-18,symbolic,base_conversion,hard,40,3071,125,0.040703353956366005,3.8735589796626653,0.16832497226392257,15,"15,125,12,38,60,81",,True,3072
symb-hard-18,symbolic,base_conversion,hard,43,3071,123,0.04005210029306415,3.8456220103959566,0.14045315695800706,51,"51,56,107,37,18,38",,True,3072
symb-hard-18,symbolic,base_conversion,hard,45,3071,126,0.041028980788016936,4.103427039478989,0.12808701796210628,74,"74,28,10,72,53,103",,True,3072
symb-hard-18,symbolic,base_conversion,hard,47,3071,126,0.041028980788016936,4.3493644165566,0.0719053270898402,116,"116,23,12,34,114,36",,True,3072
symb-hard-18,symbolic,base_conversion,hard,49,3071,127,0.04135460761966786,4.130723750666341,0.08410390666855137,85,"85,30,77,63,16,24",,True,3072
symb-hard-18,symbolic,base_conversion,hard,51,3071,128,0.04168023445131879,4.370369824205957,0.08695318279063972,55,"55,3,79,17,113,123",,True,3072
symb-medi-02,symbolic,numeral_system,medium,1,395,127,0.32151898734177214,4.690615406041641,0.021605805489403968,47,"47,69,36,122,40,38",True,False,396
symb-medi-02,symbolic,numeral_system,medium,3,395,128,0.3240506329113924,4.577944604719766,0.03035803178628729,115,"115,55,54,7,102,70",True,False,396
symb-medi-02,symbolic,numeral_system,medium,6,395,123,0.31139240506329113,4.358509970929209,0.06645669489900626,93,"93,29,52,127,15,111",True,False,396
symb-medi-02,symbolic,numeral_system,medium,8,395,116,0.2936708860759494,3.972684823840873,0.13702850305204423,69,"69,49,12,23,54,90",True,False,396
symb-medi-02,symbolic,numeral_system,medium,10,395,105,0.26582278481012656,3.5578703811143844,0.18310160010027668,48,"48,28,39,46,7,37",True,False,396
symb-medi-02,symbolic,numeral_system,medium,13,395,95,0.24050632911392406,3.8982698801560263,0.08345694871741623,34,"34,120,67,95,114,104",True,False,396
symb-medi-02,symbolic,numeral_system,medium,15,395,109,0.2759493670886076,3.6816922119521585,0.21890380474977808,17,"17,69,3,51,113,67",True,False,396
symb-medi-02,symbolic,numeral_system,medium,17,395,96,0.2430379746835443,3.9348628029203874,0.07807747559117004,30,"30,74,111,32,59,109",True,False,396
symb-medi-02,symbolic,numeral_system,medium,20,395,105,0.26582278481012656,3.9055212515926567,0.13601951842052792,58,"58,16,105,41,19,125",True,False,396
symb-medi-02,symbolic,numeral_system,medium,22,395,120,0.3037974683544304,4.278171525595873,0.058304272734684075,94,"94,101,32,55,58,9",True,False,396
symb-medi-02,symbolic,numeral_system,medium,24,395,102,0.2582278481012658,3.7984635501356268,0.14323907841429426,20,"20,79,87,17,24,35",True,False,396
symb-medi-02,symbolic,numeral_system,medium,27,395,111,0.2810126582278481,4.188457816822864,0.04494341465669852,37,"37,11,16,32,39,0",True,False,396
symb-medi-02,symbolic,numeral_system,medium,29,395,120,0.3037974683544304,4.198933235860946,0.07415377460847285,44,"44,116,47,94,18,84",True,False,396
symb-medi-02,symbolic,numeral_system,medium,31,395,115,0.2911392405063291,3.945221292673524,0.19479307241213964,75,"75,4,61,85,33,58",True,False,396
symb-medi-02,symbolic,numeral_system,medium,34,395,109,0.2759493670886076,3.9314669411073706,0.13336758430324375,4,"4,80,55,23,21,95",True,False,396
symb-medi-02,symbolic,numeral_system,medium,36,395,117,0.29620253164556964,3.9748476644660413,0.1754306157371462,103,"103,105,34,22,124,88",True,False,396
symb-medi-02,symbolic,numeral_system,medium,38,395,106,0.2683544303797468,3.9485759019762217,0.11628169443080902,18,"18,57,23,88,26,64",True,False,396
symb-medi-02,symbolic,numeral_system,medium,40,395,118,0.29873417721518986,3.761668636863262,0.21473463626723802,15,"15,107,125,81,44,2",True,False,396
symb-medi-02,symbolic,numeral_system,medium,43,395,111,0.2810126582278481,3.8641835382292817,0.1577014480911638,51,"51,56,107,46,7,6",True,False,396
symb-medi-02,symbolic,numeral_system,medium,45,395,119,0.3012658227848101,4.0109608213682355,0.1402373477730073,74,"74,55,83,28,7,121",True,False,396
symb-medi-02,symbolic,numeral_system,medium,47,395,125,0.31645569620253167,4.361994201513842,0.06246088345206387,64,"64,12,34,116,40,114",True,False,396
symb-medi-02,symbolic,numeral_system,medium,49,395,121,0.30632911392405066,4.350723600803384,0.0747494429748324,63,"63,77,115,21,95,24",True,False,396
symb-medi-02,symbolic,numeral_system,medium,51,395,127,0.32151898734177214,4.47772238311756,0.06987690755464014,55,"55,12,27,113,9,3",True,False,396
symb-medi-05,symbolic,unit_conversion,medium,1,3071,128,0.04168023445131879,4.591052138134749,0.03467487365104934,84,"84,77,71,81,20,13",,True,3072
symb-medi-05,symbolic,unit_conversion,medium,3,3071,128,0.04168023445131879,4.680361272522402,0.020751796107213536,95,"95,37,56,57,19,12",,True,3072
symb-medi-05,symbolic,unit_conversion,medium,6,3071,127,0.04135460761966786,4.451880224836555,0.0472430681416298,110,"110,47,48,25,115,14",,True,3072
symb-medi-05,symbolic,unit_conversion,medium,8,3071,124,0.040377727124715074,4.519246965840299,0.037332307862704146,33,"33,114,54,56,58,116",,True,3072
symb-medi-05,symbolic,unit_conversion,medium,10,3071,125,0.040703353956366005,4.120401466870414,0.10004342842845851,37,"37,123,114,84,39,85",,True,3072
symb-medi-05,symbolic,unit_conversion,medium,13,3071,121,0.039400846629762294,4.157694372596971,0.10024020655385034,65,"65,13,34,30,118,14",,True,3072
symb-medi-05,symbolic,unit_conversion,medium,15,3071,123,0.04005210029306415,4.315512927151618,0.06540082056896693,17,"17,68,69,67,124,51",,True,3072
symb-medi-05,symbolic,unit_conversion,medium,17,3071,116,0.03777271247150765,4.079339602945327,0.07105916909647993,62,"62,74,64,35,14,107",,True,3072
symb-medi-05,symbolic,unit_conversion,medium,20,3071,122,0.03972647346141322,4.25811885695715,0.07810064207341444,116,"116,98,17,60,26,28",,True,3072
symb-medi-05,symbolic,unit_conversion,medium,22,3071,128,0.04168023445131879,4.108925104829774,0.10430909761560521,9,"9,94,101,88,59,14",,True,3072
symb-medi-05,symbolic,unit_conversion,medium,24,3071,124,0.040377727124715074,4.153158117743086,0.08773930257597205,32,"32,79,35,50,24,106",,True,3072
symb-medi-05,symbolic,unit_conversion,medium,27,3071,126,0.041028980788016936,4.290992409700629,0.0458709970159065,5,"5,87,69,56,11,16",,True,3072
symb-medi-05,symbolic,unit_conversion,medium,29,3071,127,0.04135460761966786,4.136635543868063,0.15501175408859078,94,"94,75,33,45,83,47",,True,3072
symb-medi-05,symbolic,unit_conversion,medium,31,3071,126,0.041028980788016936,4.180028157829969,0.14230332371867863,23,"23,85,98,21,111,58",,True,3072
symb-medi-05,symbolic,unit_conversion,medium,34,3071,122,0.03972647346141322,3.9108163484136167,0.10214272008752802,98,"98,27,86,80,55,89",,True,3072
symb-medi-05,symbolic,unit_conversion,medium,36,3071,125,0.040703353956366005,4.4469905174560935,0.04855420028767411,114,"114,104,25,22,12,23",,True,3072
symb-medi-05,symbolic,unit_conversion,medium,38,3071,126,0.041028980788016936,4.062725271583777,0.13880263853654842,54,"54,75,84,99,58,106",,True,3072
symb-medi-05,symbolic,unit_conversion,medium,40,3071,125,0.040703353956366005,4.250981884239525,0.0988528919226572,44,"44,68,88,25,34,73",,True,3072
symb-medi-05,symbolic,unit_conversion,medium,43,3071,126,0.041028980788016936,4.082834506910016,0.08542801943397135,105,"105,6,7,118,43,31",,True,3072
symb-medi-05,symbolic,unit_conversion,medium,45,3071,126,0.041028980788016936,4.3654786218969726,0.04391034806570799,36,"36,25,103,107,24,7",,True,3072
symb-medi-05,symbolic,unit_conversion,medium,47,3071,126,0.041028980788016936,4.198781509600011,0.08897458205363393,12,"12,64,34,117,82,108",,True,3072
symb-medi-05,symbolic,unit_conversion,medium,49,3071,127,0.04135460761966786,4.414480784767344,0.032690845939707724,33,"33,77,56,43,61,45",,True,3072
symb-medi-05,symbolic,unit_conversion,medium,51,3071,128,0.04168023445131879,4.422773757148517,0.052123855615629364,55,"55,28,18,124,122,48",,True,3072
symb-medi-08,symbolic,text_cipher,medium,1,801,128,0.15980024968789014,4.663376270744619,0.02973746526706338,3,"3,103,127,44,80,51",True,False,802
symb-medi-08,symbolic,text_cipher,medium,3,801,128,0.15980024968789014,4.595565397625577,0.030624649484284703,70,"70,88,100,24,55,96",True,False,802
symb-medi-08,symbolic,text_cipher,medium,6,801,127,0.1585518102372035,4.33902066239174,0.07919972212506055,111,"111,52,33,127,93,15",True,False,802
symb-medi-08,symbolic,text_cipher,medium,8,801,121,0.15106117353308365,3.871526850395831,0.17295690878137013,69,"69,70,109,54,93,49",True,False,802
symb-medi-08,symbolic,text_cipher,medium,10,801,111,0.13857677902621723,3.754006079702611,0.21948080709696402,48,"48,7,111,2,86,65",True,False,802
symb-medi-08,symbolic,text_cipher,medium,13,801,115,0.14357053682896379,3.8952756328129867,0.14947382614878488,104,"104,120,87,64,34,2",True,False,802
symb-medi-08,symbolic,text_cipher,medium,15,801,117,0.14606741573033707,3.7985564221047077,0.1596803834481795,17,"17,113,39,67,102,3",True,False,802
symb-medi-08,symbolic,text_cipher,medium,17,801,110,0.1373283395755306,4.0084021021010425,0.07057351334997879,111,"111,30,74,116,35,33",True,False,802
symb-medi-08,symbolic,text_cipher,medium,20,801,114,0.14232209737827714,3.9791283598355394,0.10755247531222577,58,"58,105,16,102,85,87",True,False,802
symb-medi-08,symbolic,text_cipher,medium,22,801,125,0.1560549313358302,4.2187717866841385,0.07824767088713078,55,"55,94,32,8,59,117",True,False,802
symb-medi-08,symbolic,text_cipher,medium,24,801,119,0.14856429463171036,3.889224837769401,0.1516188870357366,20,"20,87,41,35,17,24",True,False,802
symb-medi-08,symbolic,text_cipher,medium,27,801,123,0.15355805243445692,4.223523205267154,0.06587158227175237,0,"0,11,69,37,16,13",True,False,802
symb-medi-08,symbolic,text_cipher,medium,29,801,123,0.15355805243445692,4.161366867995988,0.13688485758913646,44,"44,88,47,116,40,13",True,False,802
symb-medi-08,symbolic,text_cipher,medium,31,801,124,0.15480649188514356,4.222154691204441,0.09809732893809299,4,"4,61,58,97,73,112",True,False,802
symb-medi-08,symbolic,text_cipher,medium,34,801,120,0.149812734082397,3.7706985739067815,0.18868367544876655,4,"4,23,89,33,62,80",True,False,802
symb-medi-08,symbolic,text_cipher,medium,36,801,121,0.15106117353308365,4.225472587607694,0.06479997356819922,114,"114,46,34,0,66,88",True,False,802
symb-medi-08,symbolic,text_cipher,medium,38,801,121,0.15106117353308365,4.222212151894407,0.06527666459975212,88,"88,64,1,57,91,110",True,False,802
symb-medi-08,symbolic,text_cipher,medium,40,801,116,0.14481897627965043,3.779385681898919,0.18940844667922338,15,"15,32,57,125,107,62",True,False,802
symb-medi-08,symbolic,text_cipher,medium,43,801,118,0.14731585518102372,3.6719084371589314,0.24569941204343237,51,"51,20,109,18,126,31",True,False,802
symb-medi-08,symbolic,text_cipher,medium,45,801,126,0.15730337078651685,4.424560714795548,0.040472643521432705,91,"91,36,74,67,43,108",True,False,802
symb-medi-08,symbolic,text_cipher,medium,47,801,125,0.1560549313358302,4.38682371971733,0.07688331276010724,116,"116,5,61,48,34,74",True,False,802
symb-medi-08,symbolic,text_cipher,medium,49,801,123,0.15355805243445692,4.2223225882235385,0.08562804791107889,95,"95,77,24,115,92,30",True,False,802
symb-medi-08,symbolic,text_cipher,medium,51,801,128,0.15980024968789014,4.536166119273472,0.042891040402085405,79,"79,123,17,28,15,113",True,False,802
symb-medi-11,symbolic,bit_manipulation,medium,1,1223,128,0.10466067048242028,4.590287970434032,0.03288107464432299,12,"12,75,64,26,120,123",True,False,1224
symb-medi-11,symbolic,bit_manipulation,medium,3,1223,128,0.10466067048242028,4.494335843295291,0.07265578577733597,81,"81,7,48,55,108,70",True,False,1224
symb-medi-11,symbolic,bit_manipulation,medium,6,1223,127,0.10384300899427637,4.268003411738537,0.07817644014900142,21,"21,52,111,14,22,37",True,False,1224
symb-medi-11,symbolic,bit_manipulation,medium,8,1223,122,0.09975470155355683,4.300494255633366,0.056291661476449185,4,"4,69,83,38,108,77",True,False,1224
symb-medi-11,symbolic,bit_manipulation,medium,10,1223,121,0.09893704006541292,3.8502115061894115,0.11262987167501523,48,"48,6,39,7,111,37",True,False,1224
symb-medi-11,symbolic,bit_manipulation,medium,13,1223,120,0.09811937857726902,3.97512230103721,0.11417778150586949,4,"4,87,35,65,34,124",True,False,1224
symb-medi-11,symbolic,bit_manipulation,medium,15,1223,123,0.10057236304170074,4.12967820375444,0.07046699561985745,113,"113,102,17,74,64,86",True,False,1224
symb-medi-11,symbolic,bit_manipulation,medium,17,1223,115,0.09403107113654947,4.025131269325066,0.07784470417299628,102,"102,35,109,116,59,27",True,False,1224
symb-medi-11,symbolic,bit_manipulation,medium,20,1223,117,0.09566639411283728,4.183810263049678,0.08602858326234004,52,"52,105,85,16,23,60",True,False,1224
symb-medi-11,symbolic,bit_manipulation,medium,22,1223,126,0.10302534750613246,4.097224111878567,0.12105822189515804,55,"55,94,9,32,52,16",True,False,1224
symb-medi-11,symbolic,bit_manipulation,medium,24,1223,115,0.09403107113654947,3.874100436806743,0.1353106994443037,20,"20,87,41,35,75,24",True,False,1224
symb-medi-11,symbolic,bit_manipulation,medium,27,1223,123,0.10057236304170074,4.22437672119757,0.0995843634748499,0,"0,11,16,122,121,39",True,False,1224
symb-medi-11,symbolic,bit_manipulation,medium,29,1223,126,0.10302534750613246,4.3563757448355345,0.07737592636192035,47,"47,116,118,94,121,33",True,False,1224
symb-medi-11,symbolic,bit_manipulation,medium,31,1223,123,0.10057236304170074,4.144361416002327,0.15607380284473624,75,"75,61,93,98,4,53",True,False,1224
symb-medi-11,symbolic,bit_manipulation,medium,34,1223,118,0.0964840556009812,4.105277969481651,0.13045867093264182,4,"4,124,6,89,71,77",True,False,1224
symb-medi-11,symbolic,bit_manipulation,medium,36,1223,121,0.09893704006541292,4.002961877299202,0.13332464566510707,96,"96,124,46,114,12,26",True,False,1224
symb-medi-11,symbolic,bit_manipulation,medium,38,1223,119,0.0973017170891251,4.055509796850012,0.10551845809454809,11,"11,57,84,110,64,106",True,False,1224
symb-medi-11,symbolic,bit_manipulation,medium,40,1223,121,0.09893704006541292,3.932658907053109,0.14553178900316024,112,"112,114,62,71,90,56",True,False,1224
symb-medi-11,symbolic,bit_manipulation,medium,43,1223,125,0.10220768601798855,4.199780201304953,0.0561591178866208,20,"20,56,31,105,83,37",True,False,1224
symb-medi-11,symbolic,bit_manipulation,medium,45,1223,120,0.09811937857726902,4.352103524253332,0.052227878010092744,119,"119,48,0,83,112,73",True,False,1224
symb-medi-11,symbolic,bit_manipulation,medium,47,1223,124,0.10139002452984465,4.365424972714505,0.05879178210771686,108,"108,112,64,117,6,24",True,False,1224
symb-medi-11,symbolic,bit_manipulation,medium,49,1223,124,0.10139002452984465,4.096022572755096,0.11927716984845287,78,"78,107,56,24,95,96",True,False,1224
symb-medi-11,symbolic,bit_manipulation,medium,51,1223,128,0.10466067048242028,4.471669736857918,0.05971449789468001,124,"124,28,27,11,15,19",True,False,1224
symb-medi-14,symbolic,symbol_transform,medium,1,627,128,0.20414673046251994,4.640175348602575,0.02551045360258897,50,"50,15,61,3,51,83",True,False,628
symb-medi-14,symbolic,symbol_transform,medium,3,627,128,0.20414673046251994,4.543956453501075,0.03863980557792976,100,"100,115,54,12,110,10",True,False,628
symb-medi-14,symbolic,symbol_transform,medium,6,627,128,0.20414673046251994,4.455482403631207,0.039567926250973835,93,"93,63,52,111,76,15",True,False,628
symb-medi-14,symbolic,symbol_transform,medium,8,627,123,0.19617224880382775,4.402041407499824,0.03901510514352394,28,"28,100,67,34,69,50",True,False,628
symb-medi-14,symbolic,symbol_transform,medium,10,627,113,0.18022328548644337,4.121261607818164,0.07214087765534516,76,"76,46,37,91,39,84",True,False,628
symb-medi-14,symbolic,symbol_transform,medium,13,627,113,0.18022328548644337,4.087748927757164,0.07128671019021154,34,"34,46,63,65,27,87",True,False,628
symb-medi-14,symbolic,symbol_transform,medium,15,627,123,0.19617224880382775,4.152044145978053,0.1378114602610832,125,"125,17,89,67,95,28",True,False,628
symb-medi-14,symbolic,symbol_transform,medium,17,627,106,0.16905901116427433,4.031824508881494,0.07899121053100884,30,"30,116,74,83,38,121",True,False,628
symb-medi-14,symbolic,symbol_transform,medium,20,627,116,0.1850079744816587,4.146337087114911,0.09749162447102946,16,"16,47,105,98,66,125",True,False,628
symb-medi-14,symbolic,symbol_transform,medium,22,627,127,0.2025518341307815,4.419944022017913,0.06782267883172911,94,"94,55,32,88,59,68",True,False,628
symb-medi-14,symbolic,symbol_transform,medium,24,627,116,0.1850079744816587,4.251093778674714,0.054369395057756745,59,"59,31,79,90,20,126",True,False,628
symb-medi-14,symbolic,symbol_transform,medium,27,627,123,0.19617224880382775,4.238914112292965,0.06407602437641997,16,"16,11,122,13,60,39",True,False,628
symb-medi-14,symbolic,symbol_transform,medium,29,627,126,0.20095693779904306,4.350148024111267,0.04941846768967717,33,"33,98,114,32,42,47",True,False,628
symb-medi-14,symbolic,symbol_transform,medium,31,627,125,0.19936204146730463,4.437824441959329,0.052386966625968714,61,"61,58,33,110,53,103",True,False,628
symb-medi-14,symbolic,symbol_transform,medium,34,627,120,0.19138755980861244,4.342550512903294,0.03938323738878143,55,"55,111,53,32,50,124",True,False,628
symb-medi-14,symbolic,symbol_transform,medium,36,627,120,0.19138755980861244,4.379682748429477,0.04196274064491892,22,"22,26,114,12,0,80",True,False,628
symb-medi-14,symbolic,symbol_transform,medium,38,627,120,0.19138755980861244,4.426431167078745,0.04728710550111095,110,"110,64,63,75,112,76",True,False,628
symb-medi-14,symbolic,symbol_transform,medium,40,627,121,0.19298245614035087,4.3256398087718475,0.04564293088580686,63,"63,10,107,8,11,100",True,False,628
symb-medi-14,symbolic,symbol_transform,medium,43,627,122,0.19457735247208932,4.341739568807618,0.05273231812198439,46,"46,7,93,107,31,72",True,False,628
symb-medi-14,symbolic,symbol_transform,medium,45,627,122,0.19457735247208932,4.459850448803456,0.04016409538035222,36,"36,74,91,31,40,7",True,False,628
symb-medi-14,symbolic,symbol_transform,medium,47,627,124,0.19776714513556617,4.408884637468155,0.07031829566557127,34,"34,10,12,108,67,41",True,False,628
symb-medi-14,symbolic,symbol_transform,medium,49,627,124,0.19776714513556617,4.468409690563148,0.052126198565128935,78,"78,16,107,25,108,56",True,False,628
symb-medi-14,symbolic,symbol_transform,medium,51,627,128,0.20414673046251994,4.606899402955216,0.028432008915203935,2,"2,19,124,24,27,56",True,False,628
symb-medi-17,symbolic,base_conversion,medium,1,1392,128,0.09195402298850575,4.7067119507407345,0.021514888049971367,29,"29,123,36,64,122,50",True,False,1393
symb-medi-17,symbolic,base_conversion,medium,3,1392,128,0.09195402298850575,4.6646491163396,0.027051845031691724,115,"115,54,5,117,100,120",True,False,1393
symb-medi-17,symbolic,base_conversion,medium,6,1392,128,0.09195402298850575,4.514644139947824,0.06679788508517534,93,"93,111,52,15,29,91",True,False,1393
symb-medi-17,symbolic,base_conversion,medium,8,1392,126,0.09051724137931035,4.403289431458843,0.055335045545214886,102,"102,69,104,72,33,77",True,False,1393
symb-medi-17,symbolic,base_conversion,medium,10,1392,121,0.08692528735632184,3.909460249420422,0.1676479724902302,48,"48,37,39,7,46,87",True,False,1393
symb-medi-17,symbolic,base_conversion,medium,13,1392,120,0.08620689655172414,4.11545066081951,0.1155694286848396,4,"4,34,65,63,104,13",True,False,1393
symb-medi-17,symbolic,base_conversion,medium,15,1392,126,0.09051724137931035,4.071534803464553,0.1502795925745847,17,"17,67,125,51,112,113",True,False,1393
symb-medi-17,symbolic,base_conversion,medium,17,1392,116,0.08333333333333333,4.2384919328740285,0.05283348479918462,74,"74,121,116,35,112,59",True,False,1393
symb-medi-17,symbolic,base_conversion,medium,20,1392,125,0.08979885057471264,4.283918252975284,0.06794693059793543,16,"16,58,93,105,27,52",True,False,1393
symb-medi-17,symbolic,base_conversion,medium,22,1392,128,0.09195402298850575,4.437925619620916,0.07910278584938343,94,"94,32,55,20,9,59",True,False,1393
symb-medi-17,symbolic,base_conversion,medium,24,1392,123,0.08836206896551724,4.1116941210105615,0.11545155709124083,20,"20,79,87,35,67,40",True,False,1393
symb-medi-17,symbolic,base_conversion,medium,27,1392,128,0.09195402298850575,4.30960815741487,0.05434328084445144,16,"16,11,0,39,64,61",True,False,1393
symb-medi-17,symbolic,base_conversion,medium,29,1392,127,0.09123563218390805,4.399973662606252,0.04271061746693568,94,"94,33,116,40,47,80",True,False,1393
symb-medi-17,symbolic,base_conversion,medium,31,1392,127,0.09123563218390805,3.984106134016138,0.18841147462075816,75,"75,58,33,98,61,80",True,False,1393
symb-medi-17,symbolic,base_conversion,medium,34,1392,124,0.08908045977011494,4.1629248056621275,0.09501359271074805,98,"98,55,4,27,89,80",True,False,1393
symb-medi-17,symbolic,base_conversion,medium,36,1392,126,0.09051724137931035,4.326915821258913,0.04674650380242218,26,"26,66,22,65,96,12",True,False,1393
symb-medi-17,symbolic,base_conversion,medium,38,1392,126,0.09051724137931035,4.283888499582241,0.07034044703825894,11,"11,32,57,84,106,48",True,False,1393
symb-medi-17,symbolic,base_conversion,medium,40,1392,122,0.08764367816091954,4.234862556297343,0.06809683770452746,15,"15,125,44,107,25,21",True,False,1393
symb-medi-17,symbolic,base_conversion,medium,43,1392,124,0.08908045977011494,4.082749124728552,0.12398466918476041,56,"56,46,7,6,48,99",True,False,1393
symb-medi-17,symbolic,base_conversion,medium,45,1392,125,0.08979885057471264,4.2970888731477865,0.06992027588765877,28,"28,74,36,25,108,10",True,False,1393
symb-medi-17,symbolic,base_conversion,medium,47,1392,126,0.09051724137931035,4.416469903941712,0.05959550316175608,34,"34,12,64,36,40,70",True,False,1393
symb-medi-17,symbolic,base_conversion,medium,49,1392,127,0.09123563218390805,4.434348279835426,0.04875111840679311,85,"85,24,16,107,35,115",True,False,1393
symb-medi-17,symbolic,base_conversion,medium,51,1392,128,0.09195402298850575,4.458959151791863,0.07816638277213886,55,"55,28,27,124,57,2",True,False,1393
