layer,expert,total_mass,selectivity,top_category,share_computational,share_creative,share_factual,share_reasoning,share_social_ethical,share_symbolic
1,0,1283.8399658203125,0.27096284121550407,factual,0.037667664364061326,0.04434034212662913,0.27096284121550407,0.2106951867590067,0.18746375585860783,0.24887020967619095
1,1,1317.0478515625,0.2897847636574756,reasoning,0.10853797518568473,0.046446205373197186,0.22392007382158696,0.2897847636574756,0.1266350525003763,0.20467592946167928
1,2,2510.4337158203125,0.35571727428783184,symbolic,0.07520682845466282,0.07287549379486677,0.1764446166640563,0.2497959079278167,0.06995987887076557,0.35571727428783184
1,3,1871.3585205078125,0.44277907177670384,reasoning,0.03521709382329705,0.02381271856820365,0.10598819882546631,0.44277907177670384,0.08962086458407602,0.30258205242225317
1,4,2434.615478515625,0.370507566797046,symbolic,0.08999782896125573,0.08291407550100605,0.16445046897946639,0.22433578999988468,0.06779426976134117,0.370507566797046
1,5,1931.6156005859375,0.3581127030525863,symbolic,0.1265430953826184,0.05898667165493486,0.2030486997588126,0.18708318706100527,0.06622564309004256,0.3581127030525863
1,6,1528.7410888671875,0.3106667836738559,symbolic,0.08258165663175641,0.07015432731898813,0.20624425527572401,0.20767900403139805,0.12267397306827744,0.3106667836738559
1,7,1865.8818359375,0.3426060090136251,symbolic,0.05975373469837433,0.045723526336146146,0.24779101547473312,0.19244321212060944,0.11168250235651185,0.3426060090136251
1,8,1954.126220703125,0.26899829225043514,symbolic,0.13735608783547334,0.058004640371229696,0.20707703463512017,0.16807284165954428,0.1604911032481974,0.26899829225043514
1,9,1623.9803466796875,0.34071018270403597,symbolic,0.08100590762818646,0.0690658734405686,0.14706155387315975,0.2748912384701729,0.08726524388387635,0.34071018270403597
1,10,1664.29443359375,0.32677135669177565,symbolic,0.06851920580318177,0.03339660698699565,0.17990112880393724,0.27547598266086737,0.11593571905324229,0.32677135669177565
1,11,1434.631103515625,0.2529570309222771,symbolic,0.0761382814104712,0.04123514847651963,0.23316217539454165,0.21335710927157783,0.18315025452461256,0.2529570309222771
1,12,1988.7431640625,0.453744414976285,symbolic,0.04177983209205327,0.05504829919178894,0.13930359007951493,0.21308059326099585,0.09704327039936203,0.453744414976285
1,13,1754.61572265625,0.3564163076572867,symbolic,0.11967959508584083,0.05426507595897317,0.1917657612329979,0.18748638148321406,0.09038687858168731,0.3564163076572867
1,14,1894.6526489257812,0.324495250610391,symbolic,0.0774004204434194,0.04904994973099178,0.19951369739870728,0.264361732748504,0.08517894906798659,0.324495250610391
1,15,1392.869384765625,0.3220226730278888,symbolic,0.05069591861309512,0.042643430292366974,0.16554707264066265,0.31108851181721636,0.10800239360877012,0.3220226730278888
1,16,1425.972900390625,0.32606045249054705,symbolic,0.05522922004490835,0.052659188790547845,0.22947480518457708,0.25874159038553896,0.07783474310388074,0.32606045249054705
1,17,1334.254150390625,0.23728254077460542,reasoning,0.08883617057677758,0.05159772776552326,0.21840888692897942,0.23728254077460542,0.2040232529841604,0.19985142096995392
1,18,1648.01416015625,0.24972912178571927,symbolic,0.08415142455126953,0.07961286266348615,0.23876318355454437,0.21996022082685335,0.12778318661812735,0.24972912178571927
1,19,1585.19287109375,0.35636921584179765,symbolic,0.056249778606026535,0.042211167497054496,0.2063035292124535,0.21627642288944163,0.12258988595322619,0.35636921584179765
1,20,2327.175048828125,0.3015378863166588,symbolic,0.04999533681371038,0.04650880513430973,0.24588414798865602,0.23658284855953704,0.11949097518712805,0.3015378863166588
1,21,1685.1058959960938,0.3444809123186378,symbolic,0.10032723291779516,0.049195880657508344,0.2037080602091183,0.21684294214430014,0.08544497175264024,0.3444809123186378
1,22,1248.0189208984375,0.2577333745053562,factual,0.08438080234778342,0.06440578530172478,0.2577333745053562,0.2516650656592367,0.13863475619710183,0.2031802159887971
1,23,1588.9625854492188,0.31055326541357403,symbolic,0.0787644011693674,0.05058216579881901,0.2165743121677198,0.23176389647471612,0.11176195897580365,0.31055326541357403
1,24,1486.6718139648438,0.30152899516377435,symbolic,0.0922544561086421,0.05194232558987366,0.25245521619076994,0.18759755412995624,0.11422145281698372,0.30152899516377435
1,25,1323.865478515625,0.31453486946093473,factual,0.06145260359834196,0.08262335103040948,0.31453486946093473,0.26674953661126044,0.16071700912835707,0.11392263017069634
1,26,1883.1015625,0.32291262596613796,symbolic,0.05505437183917822,0.07049015037110486,0.26277306492364244,0.16483750420059992,0.12393228269933662,0.32291262596613796
1,27,2450.8285522460938,0.30102971344965523,symbolic,0.10209726835494265,0.06454300434261522,0.1969782620200165,0.24846348623282022,0.08688826559995019,0.30102971344965523
1,28,812.5001220703125,0.30112976245045636,factual,0.07631909911071227,0.07599247656363033,0.30112976245045636,0.1639529501272611,0.2136090424265261,0.16899666932141386
1,29,1957.27587890625,0.41502446924673336,symbolic,0.05896693053088923,0.05146605925756286,0.1316076757870336,0.2300121666428423,0.11292269853493862,0.41502446924673336
1,30,1640.5267333984375,0.256119209521106,symbolic,0.06316419993905885,0.0719532680342833,0.20673901971063,0.24847522489256238,0.15354907790235947,0.256119209521106
1,31,1933.22021484375,0.32057082997094133,symbolic,0.04148541321745236,0.051740866606806615,0.26320873855681715,0.1853963581348417,0.1375977935131408,0.32057082997094133
1,32,1724.9168090820312,0.3268050638056912,symbolic,0.06305982331787754,0.04720541571068323,0.20964280256241127,0.2534979873526934,0.09978890725064335,0.3268050638056912
1,33,1963.2538452148438,0.30634269137573455,symbolic,0.17534180786384956,0.02689079517655175,0.19849122446278675,0.20930865684648964,0.08362482427458774,0.30634269137573455
1,34,1216.0888671875,0.24974764610226657,symbolic,0.04670424203489189,0.0923040091546044,0.19192778703499228,0.24484732288048824,0.17446899279275663,0.24974764610226657
1,35,1354.0081176757812,0.3313838412601403,symbolic,0.03456773416995773,0.04169595758109119,0.23680570052319977,0.21728971362287053,0.13825705284274042,0.3313838412601403
1,36,2239.6990966796875,0.36305841385924004,symbolic,0.07687974704069167,0.05898368807062934,0.20936296079899214,0.22911522832804154,0.0625999619024053,0.36305841385924004
1,37,1591.76220703125,0.3706382869074756,symbolic,0.04261503854838556,0.07136052656361534,0.1721520622074898,0.22875076420376025,0.11448332156927345,0.3706382869074756
1,38,1665.1972045898438,0.29525428871473386,symbolic,0.14446443154904165,0.057655227833749365,0.18569434992446282,0.19640986444432643,0.12052183753368585,0.29525428871473386
1,39,1047.0072021484375,0.3056908741584989,symbolic,0.0711535611815812,0.07316450126459077,0.2032976712479056,0.19887810342980242,0.14781528871762112,0.3056908741584989
1,40,2508.5869140625,0.32167948137510494,symbolic,0.05442867525721224,0.06325889240588868,0.16493704436285836,0.2917884488940915,0.10390745770484426,0.32167948137510494
1,41,1889.874755859375,0.2643534165869282,symbolic,0.12413991244201114,0.059537959730146015,0.2520419066088596,0.17157731884049546,0.12834948579155958,0.2643534165869282
1,42,1760.284423828125,0.315447235658189,reasoning,0.09393519529827846,0.0627568870165219,0.19339366515837103,0.315447235658189,0.08072585426743642,0.25374116260120316
1,43,1774.9115600585938,0.3568215309473462,symbolic,0.020317088449781435,0.08375829960442778,0.2182631376295123,0.17792507336017616,0.14291487000875613,0.3568215309473462
1,44,1985.2738037109375,0.35007286008435035,symbolic,0.09050083921757142,0.0861012571631095,0.18800023094854368,0.21061634054408057,0.0747084720423445,0.35007286008435035
1,45,1137.2974853515625,0.29988748211418564,symbolic,0.1012272424445415,0.05680537861898275,0.1985561260101574,0.20639341589510754,0.13713035491702516,0.29988748211418564
1,46,1622.512939453125,0.2913867723933851,symbolic,0.04000007222592631,0.06726325281797728,0.1849278636037457,0.2079410750799037,0.2084809638790619,0.2913867723933851
1,47,1577.745849609375,0.26271441761920833,factual,0.05086865702728394,0.05355966555702507,0.26271441761920833,0.2569099599578921,0.12770797191837704,0.2482393279202135
1,48,1276.7393798828125,0.35289049702319975,factual,0.09443114761198652,0.06336006265961656,0.35289049702319975,0.18294493122653885,0.15534146555771944,0.15103189592093888
1,49,1094.3966064453125,0.34465718202085216,symbolic,0.04914460725617902,0.03723769552754359,0.20031249383037728,0.23233485739513146,0.13631316396991644,0.34465718202085216
1,50,2770.2095947265625,0.3324153194671069,symbolic,0.09228584130729264,0.044214796296587616,0.1447069756407072,0.296279688547723,0.09009737874058263,0.3324153194671069
1,51,2784.1580810546875,0.34752777588637024,symbolic,0.08409040178889497,0.05378864962254398,0.22167284444464516,0.20169163010428484,0.09122869815326083,0.34752777588637024
1,52,2176.3575439453125,0.31610282083611047,reasoning,0.07487435582171037,0.053639461854835244,0.15311771382815403,0.31610282083611047,0.09958022227169296,0.30268542538749693
1,53,1836.19287109375,0.3428025170966911,symbolic,0.07816020537568844,0.04661625523896543,0.15171925553972146,0.30651507782295173,0.07418668892598183,0.3428025170966911
1,54,1179.318115234375,0.30350242118444787,factual,0.06482555485606317,0.05180067765424066,0.30350242118444787,0.176182856925192,0.1341428928387552,0.2695455965413011
1,55,1609.199462890625,0.35336917057549205,factual,0.08744764485082641,0.030766553572818395,0.35336917057549205,0.1963496928745717,0.12792088518149963,0.20414605294479177
1,56,1332.7001953125,0.3011662031897471,factual,0.07691207128384939,0.08483468712560041,0.3011662031897471,0.1228838523175678,0.23498252343947504,0.17922066264376027
1,57,1857.0255126953125,0.336482226458288,symbolic,0.08256243955318278,0.040617763267437525,0.1245489228675441,0.3004295146315726,0.11535913322197501,0.336482226458288
1,58,1304.1770629882812,0.2774460273730783,symbolic,0.07817036577324858,0.07040011022276352,0.21564691500515476,0.2638824311738355,0.09445415045191942,0.2774460273730783
1,59,1711.95068359375,0.28958514863486945,symbolic,0.05476387413275529,0.048050312671577194,0.2345558067069301,0.21038796945302082,0.1626568884008471,0.28958514863486945
1,60,1004.1630859375,0.22991455007133388,factual,0.06414701297236212,0.11304136198618447,0.22991455007133388,0.17288828344499413,0.21390539190849034,0.20610339961663504
1,61,1706.578857421875,0.2869280145324555,symbolic,0.06547215673719022,0.06225305419185033,0.22006461380568965,0.25082247912669076,0.11445968160612359,0.2869280145324555
1,62,1485.8211669921875,0.2897961172203364,factual,0.07456033583070835,0.08661955740981628,0.2897961172203364,0.22949327246719417,0.09786542666860666,0.22166529040333813
1,63,1025.925048828125,0.3497224898737301,symbolic,0.05667641317418136,0.0378402780074861,0.17095232984523068,0.12801066301396724,0.2567978260854045,0.3497224898737301
1,64,2386.9521484375,0.4035725945785171,symbolic,0.0934762312523448,0.04485486075625174,0.1853116143715897,0.19247831329096704,0.08030638575032965,0.4035725945785171
1,65,1231.441650390625,0.2984763039541156,symbolic,0.04703503281631488,0.06817129709941644,0.2756189798343968,0.18049002921301313,0.13020835708274311,0.2984763039541156
1,66,1952.6790161132812,0.28482560064574747,reasoning,0.059924933484030246,0.04897255757744432,0.22107748166120308,0.28482560064574747,0.11885926577046828,0.2663401608611066
1,67,1661.4510498046875,0.28785512652007367,symbolic,0.07718744652608073,0.0655255860374192,0.22086663732190637,0.2031308375886542,0.14543436600586587,0.28785512652007367
1,68,2764.9632568359375,0.3681219363090012,symbolic,0.07452520308642,0.04077900172000018,0.19252655748888362,0.24015355192465498,0.08389374947104002,0.3681219363090012
1,69,1651.3160400390625,0.34016517809059876,symbolic,0.04158245291600915,0.08796177232278261,0.19216310735821873,0.23034399128713404,0.10778349802525669,0.34016517809059876
1,70,1352.718994140625,0.3544055601267485,symbolic,0.0901531691542118,0.0482302264121181,0.2200580897451007,0.21294567852615998,0.07420727603566096,0.3544055601267485
1,71,2450.4894409179688,0.3879638900461804,symbolic,0.07427306890396951,0.067657282770883,0.16035149128545972,0.20425173652056863,0.1055025304729387,0.3879638900461804
1,72,2622.6826171875,0.27024611012623867,symbolic,0.07525886878557596,0.057382922125820156,0.2108146905731883,0.22191731204668408,0.16438009634249284,0.27024611012623867
1,73,2023.2998046875,0.33058451371449504,symbolic,0.0733301590503987,0.03818509126344988,0.15967851818101522,0.30499686513416213,0.09322485265647903,0.33058451371449504
1,74,1948.1346435546875,0.30068599024795795,symbolic,0.055138507332390965,0.06027513172876272,0.23643573307524055,0.2588769467788291,0.08858769083681875,0.30068599024795795
1,75,1269.561767578125,0.29598894257349584,symbolic,0.0664513833802072,0.0900366818105334,0.25552289608422873,0.17066032066536863,0.1213397754861662,0.29598894257349584
1,76,2373.47607421875,0.31930891511596976,symbolic,0.07095707381319305,0.0636265580772531,0.1755617142496244,0.273760928836122,0.09678480990783765,0.31930891511596976
1,77,1844.34716796875,0.29458804788597337,symbolic,0.07085694966910876,0.03015429589409998,0.1991194986369616,0.2866176421143258,0.1186635657995305,0.29458804788597337
1,78,1312.28662109375,0.3194285120013931,symbolic,0.066012871140137,0.04543800461607784,0.19599633571380468,0.24956531251546477,0.12355896401312266,0.3194285120013931
1,79,1522.6370849609375,0.38314745976712283,symbolic,0.08886560029977289,0.04127128331768542,0.20176393959550704,0.18928278262866155,0.09566893439125028,0.38314745976712283
1,80,2689.314697265625,0.3134791433073943,symbolic,0.07977757206639086,0.09470794293787634,0.21817013457392007,0.18111866324274317,0.1127465438716753,0.3134791433073943
1,81,2638.98046875,0.35369993738704136,reasoning,0.043653897249618476,0.04397214278418956,0.2259736185553429,0.35369993738704136,0.08778396012901526,0.24491644389479247
1,82,1369.2066040039062,0.30741787095584416,symbolic,0.04246095308976952,0.07123560067384413,0.20501267748286559,0.23751993763139356,0.136352960166283,0.30741787095584416
1,83,3018.921142578125,0.35080547888840086,symbolic,0.07664505465649957,0.03507480206422692,0.19010321538933198,0.2946172581280775,0.0527541908734632,0.35080547888840086
1,84,1812.4071655273438,0.3675265021487664,symbolic,0.09046506591343124,0.0283088987686903,0.18298027724278307,0.2532513872359909,0.07746786869033803,0.3675265021487664
1,85,2396.9668579101562,0.36272918260522374,symbolic,0.06889281281363865,0.06158214122793381,0.15691668127634756,0.2380507388169736,0.1118284432598826,0.36272918260522374
1,86,1472.2877197265625,0.40492692924398105,symbolic,0.060092955954412,0.08312209429730467,0.18629802998611805,0.14265746708331603,0.1229025234348682,0.40492692924398105
1,87,1373.3380126953125,0.27021955248642604,factual,0.10708104655973996,0.06637479517367628,0.27021955248642604,0.23322366301242134,0.07822345635282704,0.24487748641490936
1,88,1520.3155517578125,0.31181736611686206,symbolic,0.10782199900838457,0.06029607950587843,0.2612579063264663,0.1581620990130014,0.10064455002940721,0.31181736611686206
1,89,1074.3543701171875,0.28385257270360525,factual,0.07701050469650934,0.06524767157237307,0.28385257270360525,0.23880348742334917,0.1398062131019595,0.19527955050220364
1,90,1629.4075927734375,0.36462009182275806,symbolic,0.06180689141913531,0.043601088903467734,0.1354407782316998,0.3192695413664275,0.07526160825651158,0.36462009182275806
1,91,1907.7164306640625,0.2598279768515678,symbolic,0.08959245170835217,0.04550770465829533,0.23029236026358565,0.25500452296782705,0.11977498355037201,0.2598279768515678
1,92,2316.6588134765625,0.34099770635252724,reasoning,0.08559121583971478,0.05982431616198677,0.1783986031455571,0.34099770635252724,0.07455995654773939,0.2606282019524747
1,93,1355.0257568359375,0.23989828808424513,symbolic,0.03300232037289565,0.10103545187813993,0.22403656598504681,0.17811674943116765,0.22391062424850486,0.23989828808424513
1,94,1982.8470458984375,0.3758971521070943,symbolic,0.04158178390681358,0.02748708512823266,0.2647028349769566,0.21359692376321016,0.07673422011769274,0.3758971521070943
1,95,2423.85791015625,0.34333285791612955,symbolic,0.06565274882802609,0.04872442139611097,0.18260437371740598,0.2717275734524616,0.08795802468986581,0.34333285791612955
1,96,1462.6168212890625,0.2840087643239635,social_ethical,0.0636023581516467,0.042780870952398714,0.15191261181477808,0.17581136055421587,0.2840087643239635,0.2818840342029971
1,97,2338.369873046875,0.3050486309040868,symbolic,0.0772495153719011,0.01768732036237768,0.21662074702105238,0.273581867042084,0.10981191929849803,0.3050486309040868
1,98,2001.6417236328125,0.30114916045782486,symbolic,0.1079530114714795,0.06953691394313835,0.17464497069025797,0.2524453651296613,0.09427057830763798,0.30114916045782486
1,99,1793.9681396484375,0.27679111595409067,symbolic,0.06618410612222068,0.03649790248314069,0.2720453271314525,0.1890057604737882,0.15947578783530722,0.27679111595409067
1,100,2118.7186279296875,0.4334727831458142,symbolic,0.08167853471742616,0.05168068318673828,0.1379713114529777,0.2218680298259855,0.07332865767105812,0.4334727831458142
1,101,2149.7276611328125,0.43541653878418124,symbolic,0.03508029751906369,0.06543008349133977,0.17620696980319034,0.2076228201371574,0.08024329026506753,0.43541653878418124
1,102,1696.6526489257812,0.3179827208164974,symbolic,0.07997285555913336,0.04121720168140414,0.21653177605821897,0.2359983505262635,0.10829709535848264,0.3179827208164974
1,103,1279.0272216796875,0.35345923582556665,symbolic,0.03124895314289052,0.07777106834828067,0.1983158473002563,0.24016531728873003,0.09903957809427578,0.35345923582556665
1,104,1487.8657836914062,0.3015497313410941,symbolic,0.0572723857090519,0.06711068005245723,0.22970314916897938,0.22267830426579466,0.1216857494626227,0.3015497313410941
1,105,1504.809326171875,0.2586237582334893,symbolic,0.05905155329616193,0.05232994018689102,0.229159470636058,0.24392365688201192,0.1569116207653878,0.2586237582334893
1,106,1608.9609375,0.2898422439996698,symbolic,0.07473615784643622,0.06349100132558377,0.27394259809562654,0.21384931560061568,0.08413868313206796,0.2898422439996698
1,107,1963.9527587890625,0.38156989802967933,symbolic,0.056931010154269136,0.08343346053854814,0.2204879063884648,0.18970823063962716,0.06786949424941144,0.38156989802967933
1,108,1452.8626708984375,0.310000604107714,symbolic,0.09032309344151594,0.041819461527454846,0.2005608203295437,0.27454301015867194,0.08275301043509956,0.310000604107714
1,109,2679.6138916015625,0.3477734925025501,symbolic,0.08989295760994163,0.0299363179482381,0.2000569257619458,0.26736822262382665,0.06497208355349776,0.3477734925025501
1,110,1681.381591796875,0.27912386039719533,symbolic,0.06106079928978607,0.042968799346124596,0.2270873896225885,0.26274887871084673,0.1270102726334588,0.27912386039719533
1,111,1869.2437744140625,0.3490075815434689,symbolic,0.05867740449276408,0.058155816244466654,0.19648739342689095,0.19368425658328026,0.14398754770912917,0.3490075815434689
1,112,1305.522705078125,0.27370839139091535,reasoning,0.10125563332305423,0.06989958336925407,0.1943653772538201,0.27370839139091535,0.1385602517550049,0.22221076290795133
1,113,2020.412109375,0.36229845589592935,symbolic,0.06589823974262676,0.05342658811292173,0.19992192718649796,0.18590893865441668,0.13254585040760752,0.36229845589592935
1,114,1328.2799072265625,0.34034752748048047,symbolic,0.04213653756744733,0.07027378883841581,0.20317143156740267,0.17826523726230828,0.16580547728394546,0.34034752748048047
1,115,1478.3199462890625,0.29794605412192515,symbolic,0.03562558684079473,0.05010488095476969,0.2784354633460819,0.1734101697904701,0.1644778449459584,0.29794605412192515
1,116,1880.9967041015625,0.3512523910345331,symbolic,0.12560674275794376,0.039484980490456144,0.19964313353289043,0.1939099072789662,0.09010284490521038,0.3512523910345331
1,117,2325.5848999023438,0.32530059865284544,symbolic,0.11575349499793754,0.04077493000897083,0.14548021838949024,0.28021816903158,0.092472588919176,0.32530059865284544
1,118,1490.5751953125,0.3029741232182155,reasoning,0.06447116616186731,0.05374966668828689,0.2190114285789161,0.3029741232182155,0.0839366521025008,0.2758569632502134
1,119,1501.4150390625,0.2779923919427571,factual,0.0778814451731407,0.05964384834879076,0.2779923919427571,0.23509706663440544,0.12860044463263498,0.22078480326827102
1,120,1772.1363525390625,0.3323389593176877,symbolic,0.09184546949747892,0.05778034696574256,0.22118761280044327,0.22159402331322245,0.0752535881054251,0.3323389593176877
1,121,1202.9783935546875,0.2607093254768565,factual,0.08053923778658499,0.0793830498217163,0.2607093254768565,0.15699985357387808,0.22565959995734058,0.19670893338362355
1,122,1988.8443603515625,0.2909047185985452,symbolic,0.06358740614534943,0.07022047353607429,0.2240462901807095,0.22858046158710085,0.12266064995222067,0.2909047185985452
1,123,2018.623046875,0.37381771057583923,symbolic,0.1175739089629282,0.03738177710479084,0.1742093276957239,0.2053076335102343,0.09170964215048354,0.37381771057583923
1,124,2481.55078125,0.32082451828100184,symbolic,0.12575655973693364,0.03728127651402459,0.18037535201179958,0.24029439126554245,0.09546790219069791,0.32082451828100184
1,125,1191.3104248046875,0.3903192008783493,symbolic,0.09039845930231069,0.03611755658626232,0.1711452201842054,0.23979469660213448,0.07222486644673777,0.3903192008783493
1,126,1357.2359619140625,0.2564201014221642,symbolic,0.05322239727617371,0.09313604732015006,0.1966259407650886,0.22751776165026918,0.17307775156615424,0.2564201014221642
1,127,1808.7999267578125,0.3987314756032469,reasoning,0.04809602900965191,0.034182118412662055,0.15589468776136414,0.3987314756032469,0.10249857450780618,0.2605971147052688
3,0,1775.34375,0.36479641651704775,symbolic,0.06184734250409252,0.04070445754343349,0.22939171386263224,0.19613939201915123,0.10712067755364278,0.36479641651704775
3,1,1913.144287109375,0.2848150751910451,symbolic,0.045008836509453067,0.058211790120234974,0.24544331789778234,0.22056831089506077,0.14595266938642376,0.2848150751910451
3,2,1969.6510009765625,0.30586287364395054,symbolic,0.08678976963729583,0.07175107919670444,0.20428082857169594,0.23759823210868092,0.09371721684167235,0.30586287364395054
3,3,1490.7803955078125,0.32830770639165385,symbolic,0.04656403334525284,0.03255573216006291,0.2065756051210922,0.2709547853248069,0.11504213765713137,0.32830770639165385
3,4,2415.1036376953125,0.3431868405863996,symbolic,0.05798601523442888,0.07552805527996143,0.2136388488197015,0.23314954831626267,0.07651069176324592,0.3431868405863996
3,5,2676.7410888671875,0.3738421751358078,symbolic,0.059781748910051107,0.05507166840653829,0.186783591269245,0.21651494265537868,0.10800587362297913,0.3738421751358078
3,6,1621.200439453125,0.33832283929506446,symbolic,0.06438506983802421,0.10305692230797461,0.19067126154498568,0.2386505586906404,0.06491334832331065,0.33832283929506446
3,7,2006.5914306640625,0.46900732491921004,symbolic,0.04240200311509973,0.07067187078815017,0.1510674323641743,0.18735895863711374,0.07949241017625201,0.46900732491921004
3,8,1235.4053955078125,0.27243802913331544,factual,0.05655138941079742,0.08096633338408869,0.27243802913331544,0.15843341214083456,0.18250301543183742,0.24910782049912647
3,9,1301.752685546875,0.25517242284712677,factual,0.13728795631040558,0.05674056480717572,0.25517242284712677,0.2302969497816852,0.14966647468041416,0.17083563157319262
3,10,2192.958984375,0.34222375856679094,symbolic,0.05123631206052752,0.06646555025628009,0.15725928375170892,0.26463062046054714,0.11818447490414546,0.34222375856679094
3,11,1626.3505859375,0.2931014217150049,symbolic,0.07903482262038222,0.0218841551763168,0.23624190351408655,0.25088943504287003,0.11884826193133952,0.2931014217150049
3,12,2156.748046875,0.3428387238454886,symbolic,0.09797408660137377,0.048796983033810123,0.16434649378993077,0.25788648228896405,0.0881572304404327,0.3428387238454886
3,13,1070.6982421875,0.3005437137163157,symbolic,0.04462625239991062,0.11499904231595365,0.18576801700117201,0.16464207698867653,0.18942089757797145,0.3005437137163157
3,14,1863.5460205078125,0.36527867600574837,symbolic,0.05691185522707105,0.022906467234838027,0.2097053294772251,0.19802479587380437,0.14717287618131308,0.36527867600574837
3,15,1408.646240234375,0.30604785422062925,symbolic,0.029855116671851697,0.034372679193353683,0.2172423205943345,0.29767228238687027,0.11480974693296059,0.30604785422062925
3,16,1586.244873046875,0.26176469184928597,reasoning,0.05840239707236544,0.059836309434486146,0.20789659147034156,0.26176469184928597,0.16336211931831562,0.24873789085520526
3,17,1516.322998046875,0.42748056267257073,factual,0.112679341134616,0.025292073125472662,0.42748056267257073,0.14171453578321452,0.147381545773298,0.14545194151082805
3,18,1561.2557373046875,0.3222494287834054,symbolic,0.0576082187948575,0.07074860472875001,0.23270319872692372,0.21111804110882987,0.1055725078572335,0.3222494287834054
3,19,1371.6722412109375,0.48327775522774,symbolic,0.0350234173811459,0.03353063553402816,0.16379672073899731,0.21266472416952997,0.07170674694855865,0.48327775522774
3,20,1685.228271484375,0.3134551794625143,reasoning,0.09407992095840828,0.036844377449677265,0.2289849834014106,0.3134551794625143,0.10984093893761784,0.21679459979037174
3,21,1540.3067626953125,0.40277684768334104,reasoning,0.051708196252823205,0.06380826478086046,0.19309714156377225,0.40277684768334104,0.07248636948254002,0.21612318023666305
3,22,1521.9130859375,0.3400576634696642,symbolic,0.041619931867721484,0.080066736651226,0.18416593463074268,0.2015432589918502,0.15254647438879546,0.3400576634696642
3,23,1282.5807495117188,0.3201643224693788,factual,0.02346333978671067,0.03548905450384207,0.3201643224693788,0.18743204169183464,0.2411038592110148,0.19234738233721901
3,24,1808.7254638671875,0.4690292870814821,symbolic,0.043250629898106095,0.08614228215966184,0.15589307447169581,0.1391218876541051,0.10656283873494904,0.4690292870814821
3,25,863.93798828125,0.31990694296476946,symbolic,0.07804879771892989,0.04925523286866044,0.2529348431199116,0.16118422354034967,0.13866995978737895,0.31990694296476946
3,26,1150.544189453125,0.29306890060728313,symbolic,0.03442579502863476,0.07941077050622912,0.21991546544402285,0.26537215214692267,0.1078069162669075,0.29306890060728313
3,27,1524.8382568359375,0.25030766983082464,factual,0.06323480613778597,0.08072929738081372,0.25030766983082464,0.22314002149465936,0.15618099543888933,0.22640720971702702
3,28,1553.544677734375,0.27497081318726907,factual,0.04217783204016646,0.04063861956315564,0.27497081318726907,0.17764770240184408,0.23476616526689925,0.2297988675406655
3,29,1640.6160888671875,0.31138770322189996,reasoning,0.1084999940847893,0.05105846185027642,0.16528519834966365,0.31138770322189996,0.08695434134426475,0.27681430114910593
3,30,1316.068603515625,0.31083324970035897,symbolic,0.04863877363203507,0.041719435827104766,0.23563768303331512,0.225402862047146,0.1377679957600401,0.31083324970035897
3,31,2127.8404541015625,0.31130504612142695,reasoning,0.09885229813159328,0.03155260813197249,0.18896662084670943,0.31130504612142695,0.07932658259131908,0.28999684417697874
3,32,1103.68310546875,0.33248106592672,symbolic,0.1077282297421232,0.07481342433427139,0.1461240617021399,0.18012045074574964,0.15873276754899587,0.33248106592672
3,33,1773.7354736328125,0.26432432436152486,symbolic,0.06320751035704973,0.07024122667715316,0.24927061745751558,0.20493197694412715,0.1480243442026295,0.26432432436152486
3,34,2165.8092041015625,0.3024588287804028,reasoning,0.11249437714110379,0.018288149530030166,0.177664643311082,0.3024588287804028,0.12334803773285653,0.2657459635045247
3,35,2064.2791748046875,0.24995802922136,symbolic,0.0911247547762273,0.0881230827455601,0.23476298115232627,0.219827829627319,0.11620332247720731,0.24995802922136
3,36,1339.226806640625,0.39039523118608005,symbolic,0.0847549518519187,0.13770453341033673,0.16929159983104466,0.11482874858740531,0.10302493513321459,0.39039523118608005
3,37,2360.1396484375,0.3547105801389699,symbolic,0.08512669528046167,0.03279659365362964,0.2098229340408303,0.25059412657238983,0.06694907031371869,0.3547105801389699
3,38,1326.3621826171875,0.3062618315357728,factual,0.07258669342276822,0.041210489032363636,0.3062618315357728,0.25633637441018914,0.07999984170165567,0.24360476989725058
3,39,1423.4642333984375,0.35347802794935845,symbolic,0.036092729117412466,0.03356704932905092,0.19943805940115525,0.20519741885336093,0.17222671534966197,0.35347802794935845
3,40,2342.1107177734375,0.3522850956536215,symbolic,0.07527718214995269,0.0880936984519016,0.17645159210574937,0.19907590574678508,0.10881652589198977,0.3522850956536215
3,41,1757.7030029296875,0.340974920451642,reasoning,0.03804424483941812,0.04488717109669957,0.2399549471935856,0.340974920451642,0.09629801245258125,0.23984070396607343
3,42,1692.753173828125,0.24496449637319703,symbolic,0.04936023089003748,0.04662965418560307,0.2297865570964923,0.20803648422582652,0.22122257722884361,0.24496449637319703
3,43,1493.0084228515625,0.26475364297701076,factual,0.15262848277595972,0.041790081945264894,0.26475364297701076,0.21324753847380265,0.07780470904218678,0.24977554478577516
3,44,1855.9364013671875,0.26982778222146775,reasoning,0.038972874665602376,0.10292616380700365,0.2051202095050912,0.26982778222146775,0.13560483538655488,0.2475481344142802
3,45,1328.4737548828125,0.2669540728137841,symbolic,0.08325543559012123,0.035181386652420404,0.1896232763142987,0.1937652952712693,0.23122053335810624,0.2669540728137841
3,46,1360.96337890625,0.32107571504990756,factual,0.06715572644463921,0.03999959817067198,0.32107571504990756,0.20068998042158354,0.08356785336673779,0.2875111265464599
3,47,747.787353515625,0.28992140550066814,symbolic,0.036205772433451945,0.027248193482268816,0.25163217526184833,0.18555801180370343,0.2094344415180593,0.28992140550066814
3,48,2085.51416015625,0.3927662168328638,symbolic,0.06157265531183412,0.057553054423732534,0.1680621394838325,0.19791264987533752,0.12213328407239953,0.3927662168328638
3,49,725.6455078125,0.2633572479244638,factual,0.062069096615217326,0.1067843016925932,0.2633572479244638,0.14518071194693302,0.1773493360572012,0.24525930576359142
3,50,1064.355712890625,0.2527711825004169,reasoning,0.0805565692823724,0.07448915623241668,0.22443063023428061,0.2527711825004169,0.16339247559581713,0.20435998615469628
3,51,1658.6805419921875,0.33251733838998504,factual,0.1798513399153115,0.053850367433227964,0.33251733838998504,0.1721990230875077,0.0900349582801948,0.171546972893773
3,52,2192.54296875,0.34199417058174814,symbolic,0.06183974756409777,0.04099694944333688,0.23373604333580977,0.17623857321781394,0.1451945158571935,0.34199417058174814
3,53,1863.69775390625,0.26221746030040977,factual,0.08251070973914898,0.13468084833238272,0.26221746030040977,0.20766676107253804,0.08751090230616689,0.2254133182493536
3,54,1958.4886474609375,0.3586917776239364,symbolic,0.08992342840495716,0.04139962137726901,0.09719527106155165,0.33982770689915986,0.07296219463312595,0.3586917776239364
3,55,2041.8033447265625,0.3933900391194714,symbolic,0.046903608314327015,0.08514823794381271,0.1583488143003182,0.1796319877262681,0.13657731259580258,0.3933900391194714
3,56,1298.8363037109375,0.31896218322685377,symbolic,0.055697299650462724,0.02495773757815623,0.22699358942006662,0.2172603800333212,0.15612881009113946,0.31896218322685377
3,57,1492.4765625,0.35211748902045154,reasoning,0.0656023931227982,0.05409382410213728,0.20110763883436192,0.35211748902045154,0.11191303909713825,0.2151656158231128
3,58,845.351806640625,0.4559272746386273,factual,0.04988287570962649,0.06509141644002805,0.4559272746386273,0.20586929732068257,0.11485039541541651,0.10837874047561906
3,59,1840.3165283203125,0.35566955227070435,symbolic,0.07323456492370292,0.013757810244222672,0.21770792311662482,0.20126675251244155,0.13836339693230368,0.35566955227070435
3,60,1378.87060546875,0.4426757490544196,symbolic,0.0195285678418741,0.037515488183653474,0.16444201638356798,0.25317757859888024,0.08266059993760462,0.4426757490544196
3,61,1600.5020751953125,0.3738446332567913,reasoning,0.022846834638147986,0.020033462705070042,0.16496433271023275,0.3738446332567913,0.11131821809150616,0.3069925185982518
3,62,1962.4542236328125,0.27127449044174934,factual,0.07494638888932086,0.06341733314465126,0.27127449044174934,0.23022500338228183,0.09013228998362509,0.27000449415837163
3,63,1101.8489990234375,0.3383541536792237,symbolic,0.05716332421077984,0.041615063103601045,0.1822025011890192,0.30728854097898073,0.07337641683839542,0.3383541536792237
3,64,2306.753662109375,0.30311067524950885,symbolic,0.19100995579916014,0.06383736698762539,0.1858091628236254,0.1758978682564561,0.08033497088362414,0.30311067524950885
3,65,1357.0843505859375,0.27745064307806755,symbolic,0.05519726802572762,0.040359675764702285,0.2275752918778815,0.25458065787041473,0.14483646338320635,0.27745064307806755
3,66,1586.931640625,0.35883856363437205,reasoning,0.07418194752304282,0.07336064892819649,0.16264465993607455,0.35883856363437205,0.04189307441517571,0.2890811055631384
3,67,1054.336181640625,0.3222637123801192,reasoning,0.03760442425150415,0.06928117954105546,0.18962612777728508,0.3222637123801192,0.10290997394734033,0.2783145821026958
3,68,1884.9195556640625,0.3606796102986667,reasoning,0.08098703855857368,0.06423957214375173,0.18959455448619125,0.3606796102986667,0.10103481833510877,0.2034644061777079
3,69,879.2911376953125,0.40019280445660393,factual,0.0600698055421008,0.05013457301267931,0.40019280445660393,0.22412837822547987,0.10416702241365691,0.16130741634947918
3,70,2260.6688232421875,0.43957106815399355,symbolic,0.06355325029716137,0.05287072220864187,0.14144141502648114,0.2635367378822607,0.03902680643146141,0.43957106815399355
3,71,1897.958251953125,0.26572050017256155,symbolic,0.07007678250052064,0.05297472857409863,0.2212142803024992,0.25014609526556153,0.13986761318475846,0.26572050017256155
3,72,1997.6781005859375,0.267653627908719,reasoning,0.053438443153517035,0.06653732950100333,0.2115816341713607,0.267653627908719,0.14226171631506523,0.25852724895033474
3,73,1492.1754150390625,0.2716515783300274,symbolic,0.12253085164874944,0.07950358891159214,0.23521263792957747,0.1738240517491102,0.11727729143094336,0.2716515783300274
3,74,2223.8623046875,0.3518100349766274,symbolic,0.07510511651191028,0.03042988536536633,0.20278506609989747,0.24673798488078744,0.09313191216541113,0.3518100349766274
3,75,2477.4007568359375,0.3549803997237331,symbolic,0.0920623919338816,0.07070526749448518,0.2305604170749185,0.1561834822568682,0.0955080415161134,0.3549803997237331
3,76,1927.14013671875,0.414536471855686,symbolic,0.10176325883637383,0.03948038187050061,0.19568772846138235,0.16512099854489087,0.08341116043116635,0.414536471855686
3,77,1082.3927001953125,0.2802656964432346,factual,0.04306311937088705,0.05143160097354663,0.2802656964432346,0.2498314811579751,0.19540539312172456,0.18000270893263204
3,78,2088.1458740234375,0.2771996828498106,reasoning,0.0724437862513417,0.1273790721679196,0.18742768292300094,0.2771996828498106,0.0807301913686768,0.25481958443925035
3,79,1773.4210205078125,0.28352817155170423,symbolic,0.05640760015322279,0.049295818759329056,0.17472670622971787,0.2817963272648803,0.15424537604114574,0.28352817155170423
3,80,1219.5281982421875,0.3278291355429601,factual,0.04827656619496265,0.0409219874128849,0.3278291355429601,0.2599431953255008,0.15415437358457515,0.1688747419391164
3,81,2571.013671875,0.5294337448978584,symbolic,0.044364037470021475,0.042935285890855004,0.10137308667316439,0.16720172840387768,0.11469211666422306,0.5294337448978584
3,82,2185.1217041015625,0.44637453767396773,symbolic,0.0887129684578384,0.02557546242938123,0.12539688099511315,0.2402485917026866,0.0736915587410129,0.44637453767396773
3,83,1543.6805419921875,0.30157504081779996,symbolic,0.12564504460007414,0.04050987238402917,0.19873482414876492,0.22398670360215947,0.10954851444717235,0.30157504081779996
3,84,1865.6551513671875,0.3296817792478359,reasoning,0.11524383210148863,0.024464507254155426,0.17017077364811747,0.3296817792478359,0.06541639461307387,0.2950227131353287
3,85,2755.26806640625,0.3526001503866262,symbolic,0.13522329117746562,0.044510879283276406,0.16540380120539683,0.26078123778861834,0.0414806401586166,0.3526001503866262
3,86,1796.9552001953125,0.39178889909601183,symbolic,0.06180002699607769,0.03575295586331507,0.19394304208025498,0.18316200153294787,0.13355307443139255,0.39178889909601183
3,87,1706.7969970703125,0.4513499099311469,symbolic,0.06159498003194231,0.053167050026387344,0.15133834512902622,0.1714948583118636,0.11105485656963367,0.4513499099311469
3,88,2460.165283203125,0.49339931766287376,symbolic,0.04655592821437918,0.0410134648402073,0.13113921560902495,0.23736600085919818,0.05052607281431663,0.49339931766287376
3,89,1143.05224609375,0.31790120424388,factual,0.12451307598428174,0.04438756396384235,0.31790120424388,0.20233772652459173,0.14079734434984456,0.17006308493355962
3,90,1540.12548828125,0.2748971443263964,symbolic,0.051080123277799566,0.11539095618286482,0.20707113139180205,0.19761589156220466,0.15394475325893253,0.2748971443263964
3,91,1540.5587158203125,0.2575605235297506,symbolic,0.08735519411371734,0.06156998229116887,0.2407862217068955,0.2373698095054641,0.11535826885300354,0.2575605235297506
3,92,1077.2303466796875,0.2938929961241615,symbolic,0.05580389342560193,0.0902738470363371,0.20940361402708385,0.2050590894550063,0.14556655993180936,0.2938929961241615
3,93,1116.9852294921875,0.2642351221150945,factual,0.08706733725719353,0.035835377974355716,0.2642351221150945,0.23872198014872228,0.1259991018915903,0.24814108061304369
3,94,1852.2205810546875,0.34864296319787713,symbolic,0.04118268619058192,0.04220309092410523,0.2673064972753948,0.2277827019682021,0.07288206044383883,0.34864296319787713
3,95,2173.7755126953125,0.3732974444743131,symbolic,0.0852703701442909,0.04949479628578162,0.1462927365324262,0.2839139918536887,0.061730660709499424,0.3732974444743131
3,96,4828.7032470703125,0.4988707486160954,symbolic,0.04856485002794846,0.07041862426620274,0.12537052790779987,0.21110527898193424,0.045669970200019276,0.4988707486160954
3,97,2428.606201171875,0.29973493026589104,symbolic,0.053146441478025136,0.05207582836051133,0.17936946617420474,0.2855666976390518,0.13010663608231599,0.29973493026589104
3,98,1662.60986328125,0.24358712491097717,reasoning,0.24279138919684878,0.023578167561177966,0.19796411186408322,0.24358712491097717,0.19863723467522265,0.09344197179169023
3,99,1208.5145263671875,0.304987267365922,reasoning,0.07587177205681005,0.03173951589223235,0.1628502433952775,0.304987267365922,0.1870680558306636,0.23748314545909452
3,100,3518.951416015625,0.3942555394635284,symbolic,0.057207676764172787,0.0771720160611921,0.1399256259268574,0.23256679010311423,0.09887235168113503,0.3942555394635284
3,101,1062.6661376953125,0.34455457964350933,factual,0.06232343495002677,0.07409618050302566,0.34455457964350933,0.21850064575150877,0.19252251572335713,0.10800264342857235
3,102,1396.998291015625,0.2544583680306461,symbolic,0.0650037005612445,0.1148812368874741,0.21653115418189633,0.2430738338426156,0.10605170649612337,0.2544583680306461
3,103,964.248046875,0.2528156300955043,reasoning,0.04248460588014868,0.05400449670343026,0.23894876897679743,0.2528156300955043,0.21971536069840691,0.19203113764571245
3,104,1581.0013427734375,0.27163177139315153,symbolic,0.08276429647911994,0.0500543447922077,0.21489143819938952,0.22405928921474574,0.15659885992138556,0.27163177139315153
3,105,1720.3607177734375,0.3111408023517733,symbolic,0.036841539480579104,0.06537885837810375,0.22000461925063833,0.24129191428913033,0.12534226624977515,0.3111408023517733
3,106,1671.333740234375,0.30087551708840315,reasoning,0.05549248347486328,0.10599890472718752,0.2008453963556835,0.30087551708840315,0.12282013613344156,0.21396756222042096
3,107,1551.29443359375,0.30395923767040567,factual,0.08773922735266132,0.046629248318645185,0.30395923767040567,0.2359474241993597,0.08206202859192377,0.24366283386700432
3,108,1713.954833984375,0.37761516184571187,symbolic,0.028293638544695507,0.08199096370997551,0.16052498169965382,0.22036024083668657,0.13121501336327673,0.37761516184571187
3,109,1831.3511962890625,0.2842536365277916,symbolic,0.11667543969046612,0.08811726421101543,0.14023282496454406,0.2344469018983526,0.13627393270783017,0.2842536365277916
3,110,1893.59228515625,0.3087016451710474,symbolic,0.05894603175749218,0.07855188280170816,0.1812194548999414,0.24326992475910098,0.1293110606107099,0.3087016451710474
3,111,2276.8004150390625,0.31899806284185833,factual,0.06077634624341389,0.06166560214382194,0.31899806284185833,0.18716740362958595,0.12141184627614575,0.24998073886517413
3,112,2820.332275390625,0.272084960276854,reasoning,0.17037570979635616,0.04896788725771573,0.19697550597160807,0.272084960276854,0.05725834159230705,0.25433759510515896
3,113,1702.5101318359375,0.2856492843639149,symbolic,0.06454243837887862,0.028946875387853257,0.21134027529864388,0.274962513344303,0.13455861322640636,0.2856492843639149
3,114,1855.1239013671875,0.3710977862661975,symbolic,0.05199479508527078,0.036576929593822534,0.23947707386405698,0.19964519721592994,0.10120821797472228,0.3710977862661975
3,115,3180.298095703125,0.37492589145772914,symbolic,0.16819274799886785,0.04820446411511426,0.1368248849019395,0.22681305593881274,0.04503895558753652,0.37492589145772914
3,116,2252.381103515625,0.30058381142438995,symbolic,0.07228591530685896,0.03575128230725449,0.20808236465901483,0.1805225004398015,0.20277412586268026,0.30058381142438995
3,117,3575.119384765625,0.4105627004233701,symbolic,0.12182169397342432,0.033601574029604155,0.13563443610418113,0.26467483705779327,0.03370475841162702,0.4105627004233701
3,118,1847.5684814453125,0.34041502103594906,symbolic,0.05906814680216377,0.035313450738047085,0.17914209851802554,0.24822472737704704,0.13783655552876753,0.34041502103594906
3,119,2010.4898681640625,0.28905484922130525,symbolic,0.057628103283723135,0.0606235010184923,0.21815243571421936,0.18421750713861434,0.1903236036236456,0.28905484922130525
3,120,2085.73583984375,0.2860237892848723,symbolic,0.0794198971014754,0.05305463753869463,0.22677531793218772,0.25068832731254215,0.10403803083022774,0.2860237892848723
3,121,1457.6885986328125,0.36771078061715623,factual,0.054729916169690536,0.030131596962998847,0.36771078061715623,0.16401581558588052,0.13716558003950127,0.2462463106247726
3,122,2338.1982421875,0.3615939736417305,symbolic,0.06519307192244964,0.0385307488780716,0.22038949553421333,0.22892836782127665,0.08536434220225826,0.3615939736417305
3,123,1522.3343505859375,0.32948826806718934,symbolic,0.08499872864669714,0.03095614989796698,0.19732261253601666,0.17325863287382057,0.18397560797830928,0.32948826806718934
3,124,1688.672119140625,0.26044706216067226,symbolic,0.060378200847472696,0.045637788335966295,0.25888955024150617,0.24110235353019407,0.1335450448841885,0.26044706216067226
3,125,2091.419189453125,0.31734038580495333,symbolic,0.10664542255703732,0.05106891965671206,0.2126039797335023,0.24715357686547745,0.06518771538231752,0.31734038580495333
3,126,1834.5950927734375,0.3625893879986583,reasoning,0.0663483798625897,0.043667301150981205,0.21230230641380535,0.3625893879986583,0.05261333702574948,0.2624792875482159
3,127,1152.6832275390625,0.2581594341751651,factual,0.049490504968822215,0.06988566186169096,0.2581594341751651,0.23072027191989308,0.22318700391335985,0.16855712316106874
6,0,936.8008422851562,0.34910748869029606,social_ethical,0.05735918290626245,0.062210457082414,0.26857288427013765,0.18530030045193208,0.34910748869029606,0.07744968659895775
6,1,2071.7635498046875,0.47272121243795695,symbolic,0.04101435509204133,0.03065322082335335,0.12408708589681278,0.22687824871801232,0.10464587703182328,0.47272121243795695
6,2,1053.7474365234375,0.26822147842654664,symbolic,0.10867464159895296,0.13157039625249312,0.1868005267194753,0.1650489632020392,0.1396839938004928,0.26822147842654664
6,3,1848.6787109375,0.31615168561583523,symbolic,0.11285304855082838,0.028334742877487985,0.19041933454372764,0.2446526023918054,0.1075885860203154,0.31615168561583523
6,4,2085.5238037109375,0.30280730418737656,symbolic,0.03762532257831332,0.025064310799935687,0.21722876804160188,0.21090330941687815,0.2063709849758944,0.30280730418737656
6,5,2639.21240234375,0.31162236936290066,reasoning,0.0816062013203439,0.05200063569509355,0.13366414392906562,0.31162236936290066,0.12176868099003406,0.29933796870256224
6,6,183.930419921875,0.6217282403677299,reasoning,0.060938783799389155,0.0026069216158135546,0.07950978192914854,0.6217282403677299,0.156143189550014,0.07907308273790482
6,7,1690.44189453125,0.38208728995313435,symbolic,0.06667824466894376,0.02385316397195283,0.18251196915100265,0.20845625031592782,0.13641308193903856,0.38208728995313435
6,8,2416.94580078125,0.3664210727276584,reasoning,0.04323557724845224,0.0505397578337362,0.14859805390204459,0.3664210727276584,0.093279012425491,0.2979265258626176
6,9,1887.372314453125,0.3070101751761198,symbolic,0.09957950642615129,0.04573687401504422,0.13211016318493193,0.23933046226093782,0.17623281893681497,0.3070101751761198
6,10,1244.5794677734375,0.33569987823172653,reasoning,0.03815402632215187,0.09215548479514928,0.10686987860934061,0.33569987823172653,0.1237050902865404,0.3034156417550913
6,11,1903.0731201171875,0.32021096890790396,symbolic,0.08045625474062659,0.06537925814505796,0.12436607499370589,0.31771314578759746,0.09187429742510812,0.32021096890790396
6,12,1154.356201171875,0.27228454628918186,reasoning,0.11561133808055127,0.07313435455834229,0.1796471754941529,0.27228454628918186,0.13005095127302044,0.22927163430475125
6,13,1137.399169921875,0.46577091848157043,symbolic,0.04636840018657217,0.06487429023906867,0.15818881610170202,0.17659371420071363,0.08820386079037312,0.46577091848157043
6,14,2248.7242431640625,0.39282510933255393,symbolic,0.09563560588743107,0.028247841698871252,0.20092561163016204,0.2152954672812802,0.06707036416970147,0.39282510933255393
6,15,3451.939453125,0.4112120224534102,symbolic,0.07423603578830515,0.07086436774390302,0.1774888918310755,0.20713711523130396,0.05906156695200219,0.4112120224534102
6,16,3124.0877685546875,0.6687716691673316,factual,0.011305761248195616,0.06900924633194683,0.6687716691673316,0.04600507015192364,0.11213210793916521,0.09277614516143716
6,17,1136.8236083984375,0.45231534161528697,factual,0.07936993355101801,0.02700201946577308,0.45231534161528697,0.22327762076071375,0.09953227038012709,0.11850281422708107
6,18,2472.9579467773438,0.340579742158731,reasoning,0.098994092422027,0.0822918945291603,0.11775718123650147,0.340579742158731,0.054106747392072496,0.30627034226150773
6,19,1544.8526611328125,0.28101440701396785,symbolic,0.08323452860127346,0.06067575878280893,0.25538517725944265,0.18253488442473678,0.13715524391777034,0.28101440701396785
6,20,1547.6298828125,0.4551163636684875,symbolic,0.07173274973765958,0.07119111065117843,0.1601564545837164,0.2179595279576318,0.023843793401326245,0.4551163636684875
6,21,2602.4423828125,0.4159956598762956,symbolic,0.024760441382250222,0.050375651853483486,0.24253729313021385,0.1942918798859695,0.07203907387178736,0.4159956598762956
6,22,2106.2254638671875,0.44379243568478605,symbolic,0.02777915103448152,0.11156959531995661,0.11394501709409982,0.2020290828916486,0.10088471797502742,0.44379243568478605
6,23,3202.89892578125,0.3434445906776652,symbolic,0.19355710624088254,0.047360812203666204,0.19588981661358112,0.18014853792272228,0.03959913634148264,0.3434445906776652
6,24,2801.939208984375,0.2736999948504554,reasoning,0.06696869486403939,0.0600632513945812,0.24258441615360735,0.2736999948504554,0.09417070679373059,0.2625129359435861
6,25,1040.501708984375,0.3644636951403073,creative,0.030478695509861223,0.3644636951403073,0.08882433753060552,0.1099268048602793,0.0935572087064557,0.31274925825249095
6,26,1319.28271484375,0.34523015547259306,symbolic,0.05427541303479674,0.046856812506500076,0.2041079747480561,0.18716974518957277,0.16235989904848122,0.34523015547259306
6,27,2795.5703125,0.3506603464465267,symbolic,0.07559994816017528,0.06832276683536734,0.18052769203790595,0.22763822439517875,0.09725102212484595,0.3506603464465267
6,28,1241.7572021484375,0.30277685617315353,factual,0.038376304684946384,0.1257302672161888,0.30277685617315353,0.10395641178769179,0.24902720331089534,0.18013295682712419
6,29,2849.7763671875,0.3919066514607951,symbolic,0.14215770768745217,0.048895181262509975,0.16431392300177064,0.20578848874860314,0.046938047838868936,0.3919066514607951
6,30,2006.580322265625,0.39782360356605034,factual,0.057144869912262544,0.030689127921768138,0.39782360356605034,0.20478155794296427,0.190202693700767,0.11935814695618772
6,31,331.9798583984375,0.33298683362388076,social_ethical,0.04671164176514085,0.08073823191015962,0.1794009293350184,0.11142754080686754,0.33298683362388076,0.24873482255893284
6,32,1103.008056640625,0.28327786165362345,factual,0.07634728451427106,0.0504119040594114,0.28327786165362345,0.19295578652216364,0.13489323961175947,0.262113923638771
6,33,1952.712890625,0.4667524222610971,symbolic,0.05129501074726767,0.03697586440738996,0.15314662643817845,0.18432664292165646,0.10750343322441035,0.4667524222610971
6,34,1982.70849609375,0.2563322741268689,reasoning,0.0653157412955319,0.041652536936162186,0.24695493533324123,0.2563322741268689,0.15790888115437496,0.23183563115382086
6,35,1132.5072021484375,0.30334759400135747,reasoning,0.13366738169413978,0.027913126156090127,0.2076817254305282,0.30334759400135747,0.0531826519194451,0.2742075207984393
6,36,2079.08642578125,0.3256726974761911,symbolic,0.07570575314193222,0.056342413483987316,0.2113338542389576,0.262070837058701,0.06887444460023076,0.3256726974761911
6,37,2340.035888671875,0.35092616038311547,symbolic,0.1284070266767535,0.059842435726532056,0.19459436083451828,0.19482326524313998,0.07140675113594074,0.35092616038311547
6,38,3114.7786865234375,0.419367731181054,symbolic,0.05307516181736145,0.03995419862944685,0.17248298898894576,0.20796392356295693,0.107155995820235,0.419367731181054
6,39,1155.1241455078125,0.3033865217366953,factual,0.0982685103960497,0.10934020742536783,0.3033865217366953,0.16075439588188542,0.1738596397230961,0.1543907248369057
6,40,1413.4722900390625,0.29210931876348595,factual,0.07641112290912168,0.04739530009288234,0.29210931876348595,0.28292065965032887,0.12641809664168357,0.17474550194249758
6,41,1195.8338623046875,0.34698815498264596,social_ethical,0.043816774770726534,0.05120336095234605,0.2475679776519045,0.14986039075480864,0.34698815498264596,0.16056334088756835
6,42,2277.6363525390625,0.30969573645581666,factual,0.12733237480154377,0.02205296628643929,0.30969573645581666,0.18557773210635403,0.14985333413154409,0.20548785621830215
6,43,1251.35693359375,0.2568223791438903,symbolic,0.052275088878128,0.08611598971272981,0.24190653973674672,0.17600064227153414,0.18687936025697105,0.2568223791438903
6,44,1550.3582763671875,0.25722522712625884,reasoning,0.06339299879886949,0.042612378139975995,0.24981451568772498,0.25722522712625884,0.17409109143827406,0.21286378880889664
6,45,2974.642333984375,0.34245147480719806,symbolic,0.10157311126313029,0.034401334194015414,0.1464880354657922,0.30686314621431887,0.06822289805554518,0.34245147480719806
6,46,2002.701904296875,0.21615518927250016,factual,0.10527525863192388,0.06812159403306105,0.21615518927250016,0.209668834839457,0.21202703817974425,0.18875208504331367
6,47,2602.852783203125,0.32845796730881877,reasoning,0.03081439057299378,0.06712324077257104,0.22742835408677284,0.32845796730881877,0.08734308293981448,0.2588329643190291
6,48,1157.13037109375,0.3404914881110371,symbolic,0.10312228484814982,0.01854510691395023,0.2294968189338945,0.21198038402348213,0.09636391716948624,0.3404914881110371
6,49,1211.1800537109375,0.5805700007468262,factual,0.03641085197954805,0.035072108036424555,0.5805700007468262,0.11894835177671569,0.1397628317795619,0.08923585568092358
6,50,1754.5263061523438,0.32808209263714155,factual,0.028134819681474663,0.011051493870885498,0.32808209263714155,0.19597581715178017,0.2722952656040064,0.16446051105471168
6,51,479.3983154296875,0.31416843063216804,reasoning,0.03908148005554041,0.04438343453695492,0.31389393697493223,0.31416843063216804,0.15762760071918358,0.13084511708122085
6,52,2475.01708984375,0.6029728724647774,symbolic,0.030707993059549188,0.07230300453654538,0.048504587346007516,0.20283339268293404,0.042678149910186466,0.6029728724647774
6,53,1169.42431640625,0.2677054640516981,reasoning,0.08138937219126165,0.03873809437319127,0.21646664420302292,0.2677054640516981,0.1771287538398008,0.21857167134102526
6,54,1161.05419921875,0.31014021554865573,factual,0.08652940758394492,0.04727506782418826,0.31014021554865573,0.17172062532408627,0.15979845565658565,0.22453622806253914
6,55,813.989501953125,0.4398726973178077,reasoning,0.034706507091416844,0.04694998741789766,0.1624002992110917,0.4398726973178077,0.07975493243905929,0.2363155765227268
6,56,2005.353515625,0.35310700312931886,symbolic,0.073466860191616,0.03640542015951442,0.2052553905999663,0.2667850266035933,0.06498029931599109,0.35310700312931886
6,57,1319.3880615234375,0.294028539027927,factual,0.06919249211749313,0.02599693738968677,0.294028539027927,0.23348013545356786,0.11455061869779941,0.2627512773135258
6,58,2275.936767578125,0.3534719724460985,symbolic,0.08221916048690889,0.06603951390637247,0.20642084083466233,0.21496777007492945,0.07688074225102838,0.3534719724460985
6,59,2760.954833984375,0.29696372874003074,symbolic,0.05754517847095435,0.08391102878439413,0.250298858303362,0.1856922764438643,0.12558892925739448,0.29696372874003074
6,60,2510.3128662109375,0.35341379600936235,symbolic,0.03758917741817287,0.02400060337038378,0.12289873759529962,0.23336234613824233,0.22873533946853902,0.35341379600936235
6,61,554.7890625,0.3987863577795615,reasoning,0.06961357427513272,0.020416376226888036,0.3153100048582654,0.3987863577795615,0.10916113070846183,0.08671255615169053
6,62,1448.15673828125,0.34044321563140106,reasoning,0.07750794466969561,0.06397933121475474,0.20200618714860114,0.34044321563140106,0.04742955164246036,0.2686337696930871
6,63,1076.47705078125,0.39614560299370644,symbolic,0.010624029029880366,0.05397550603844191,0.09317933888983387,0.3829384816011793,0.0631370414469581,0.39614560299370644
6,64,1554.66064453125,0.29301102877091156,symbolic,0.0576786816355182,0.06685095062885822,0.18841076086427372,0.19887615835072528,0.195172419749713,0.29301102877091156
6,65,972.932373046875,0.39215197693626636,symbolic,0.011699489928938347,0.040104955144510936,0.19365925486514746,0.3244932224310819,0.03789110069405498,0.39215197693626636
6,66,1695.1046142578125,0.32639205397954546,reasoning,0.10581640303386856,0.09542968870678771,0.1580382444650291,0.32639205397954546,0.09053896802005604,0.22378464179471316
6,67,2002.205810546875,0.3739637740846125,symbolic,0.05619345606987411,0.04930780078368157,0.18322906803836345,0.2502585344410797,0.08704736658238868,0.3739637740846125
6,68,1665.51123046875,0.49531305931719655,symbolic,0.050515953393861626,0.08390340627745739,0.10032411629898501,0.24802731893917473,0.02191614577332469,0.49531305931719655
6,69,1730.650146484375,0.3326511484476162,symbolic,0.07903241801825796,0.12374958437624273,0.15067311651727253,0.1366261973385126,0.177267535302098,0.3326511484476162
6,70,1614.059814453125,0.3133822826726025,symbolic,0.05145292321850124,0.02969692743619945,0.24313977410114881,0.2997599221562112,0.06256817041533679,0.3133822826726025
6,71,1175.2928466796875,0.43680966315015196,factual,0.03999159119148226,0.0878420323890769,0.43680966315015196,0.2503566940544967,0.08697923628783094,0.09802078292696124
6,72,476.4056396484375,0.2672096220195428,reasoning,0.15144200896042884,0.11383357483187986,0.18453179389220067,0.2672096220195428,0.09909460465342716,0.18388839564252066
6,73,1705.4921875,0.23336901577165683,symbolic,0.11669152221911747,0.047846914609510634,0.21450382324109152,0.20679686032715996,0.18079186383146362,0.23336901577165683
6,74,1168.506591796875,0.4298753103451734,reasoning,0.016244400832977623,0.014842663380554481,0.09258393344369222,0.4298753103451734,0.05355894850260217,0.3928947434950001
6,75,2351.4970703125,0.5597826019245552,symbolic,0.08791726140220679,0.01801160995758603,0.0796033880510795,0.24300016860934254,0.011684970055229942,0.5597826019245552
6,76,2140.13916015625,0.3467031180662582,symbolic,0.06667389154244634,0.03957849694444793,0.15928957416201897,0.24357889165081947,0.14417602763400908,0.3467031180662582
6,77,711.33349609375,0.32928190410423863,social_ethical,0.028333291003431467,0.044350296641087965,0.22415690848023526,0.21302694721552762,0.32928190410423863,0.16085065255547906
6,78,1348.1875,0.40158245590144176,social_ethical,0.04660101380325437,0.03516910725047517,0.2744833739453433,0.15312641248667191,0.40158245590144176,0.0890376366128135
6,79,2068.47216796875,0.28345284995081715,reasoning,0.19327788073879823,0.10161633064863554,0.12492696928000385,0.28345284995081715,0.08971801821005512,0.20700795117169013
6,80,2255.483642578125,0.35125520365350893,symbolic,0.02234993469150327,0.07707420099516575,0.16532602129294047,0.1951952819847375,0.18879935738214407,0.35125520365350893
6,81,1112.719482421875,0.3496210478138201,factual,0.11971600142966879,0.09277861482296221,0.3496210478138201,0.08353480561134029,0.23440622120943047,0.11994330911277817
6,82,1157.981201171875,0.27320833608294676,symbolic,0.04784664683852787,0.047606508076695135,0.22048153830487335,0.20057595352903834,0.21028101716791855,0.27320833608294676
6,83,3191.4749755859375,0.3048984983990744,symbolic,0.07189502459842224,0.06777282909643584,0.2116626313470988,0.21634804146468234,0.12742297509428632,0.3048984983990744
6,84,1052.0714111328125,0.3190947360286841,symbolic,0.047007339617516554,0.08770110212031719,0.20842740830873432,0.14254268893130634,0.19522672499344149,0.3190947360286841
6,85,1545.4976806640625,0.2435388137970385,factual,0.08450129641156974,0.03423779237779345,0.2435388137970385,0.1885233671995038,0.23116257949688,0.21803615071721452
6,86,3131.3841552734375,0.35953841797961267,symbolic,0.0641960005222144,0.031129061765575086,0.20353774139308137,0.258452468529234,0.0831463098102825,0.35953841797961267
6,87,1951.567138671875,0.38607932151882646,symbolic,0.08745431825059463,0.044673695356258536,0.11237969935770019,0.2892878056860103,0.08012515983060989,0.38607932151882646
6,88,719.1103515625,0.286952601209448,factual,0.06709815323567396,0.15270978273121222,0.286952601209448,0.15419239538872495,0.17579908985848128,0.16324797757645962
6,89,1300.6939697265625,0.4099727975366215,reasoning,0.11655699495602417,0.026179027590533713,0.17100443582691593,0.4099727975366215,0.10275792716947506,0.17352881692042962
6,90,1474.5186767578125,0.35136921087116535,reasoning,0.08156892431380507,0.04381262854163961,0.2161746372314125,0.35136921087116535,0.11415760091866578,0.19291699812331173
6,91,3079.5577392578125,0.3615315555255709,symbolic,0.07720232694672534,0.053140398601745374,0.19203894507065775,0.24419812209077651,0.07188865176452411,0.3615315555255709
6,92,2678.8756103515625,0.35938207225594815,symbolic,0.034685618351296216,0.09989929984708833,0.17613923569864393,0.27034676003557745,0.05954701381144588,0.35938207225594815
6,93,3088.351806640625,0.548412401089053,symbolic,0.04394481248017275,0.012919125219201529,0.08866915749221199,0.28552321684403714,0.02053128687532357,0.548412401089053
6,94,1714.5081787109375,0.3893859212626389,symbolic,0.03561132513758565,0.009665615801383684,0.10011234402290141,0.19332762369287668,0.2718971700826137,0.3893859212626389
6,95,1247.4774169921875,0.34295440946010675,symbolic,0.11428454004101049,0.03604882313770906,0.2477213047620026,0.14996621600133472,0.10902470659783636,0.34295440946010675
6,96,1411.723876953125,0.29617118850391555,symbolic,0.0719322408382233,0.22651636745231798,0.137977674057285,0.15532395513920552,0.1120785740090526,0.29617118850391555
6,97,2073.650146484375,0.32774056117784645,symbolic,0.07277336266026786,0.1095843010636979,0.10886594265306486,0.27204856416030243,0.10898726828482054,0.32774056117784645
6,98,1712.3582763671875,0.3390861427215228,symbolic,0.04189486199352578,0.05133679302696626,0.21295144535726931,0.2057608554083834,0.14896990149233238,0.3390861427215228
6,99,1007.326904296875,0.25284796865543985,reasoning,0.07780493071879838,0.10226329983124136,0.25064111559566854,0.25284796865543985,0.08796959096812879,0.2284730942307231
6,100,1386.8831787109375,0.32707028488787465,factual,0.06877221512554806,0.04286234721992031,0.32707028488787465,0.25617279359568895,0.07866840085070899,0.22645395832025902
6,101,874.8709716796875,0.2789666389142484,social_ethical,0.02178920636036871,0.06253265862446514,0.2324942447567952,0.1711894457650912,0.2789666389142484,0.23302780557903138
6,102,834.244873046875,0.32296601149465315,symbolic,0.05257549822698823,0.037137112032043854,0.17411072127061014,0.25895409718334467,0.15425655979235994,0.32296601149465315
6,103,1515.346435546875,0.3326988739392984,factual,0.09049971974552669,0.04328050629150751,0.3326988739392984,0.23780514427667843,0.10030927075997699,0.19540648498701194
6,104,2356.9124755859375,0.3041012331423935,factual,0.10631533004723939,0.005484097200580884,0.3041012331423935,0.21490414224241805,0.09012598880236497,0.2790692085650032
6,105,2222.0623779296875,0.336578452008404,symbolic,0.08178014391477073,0.049569758176270184,0.13291721453474908,0.33047708540314624,0.06867734596265973,0.336578452008404
6,106,2540.98486328125,0.4252171480938374,computational,0.4252171480938374,0.02605902031481165,0.0645741387722411,0.3072599649073384,0.06105079673331941,0.11583893117845201
6,107,1478.533447265625,0.37097843767735295,symbolic,0.041297388588281546,0.07291342095777247,0.1663511982104575,0.2311838050829308,0.11727574948320471,0.37097843767735295
6,108,1385.301025390625,0.30401459731806796,factual,0.09622249366561905,0.05618508217820578,0.30401459731806796,0.2031771742695393,0.16406156787405715,0.17633908469451073
6,109,1929.7723388671875,0.3603012139838235,symbolic,0.08447692867754106,0.049595048800675834,0.1348368097429927,0.31204903377540016,0.058740965019566764,0.3603012139838235
6,110,2297.8687744140625,0.2744322835235881,factual,0.14337217299849167,0.03364875985576181,0.2744322835235881,0.23973077974713428,0.07523222440800885,0.23358377946701525
6,111,3668.901123046875,0.8065597542797128,symbolic,0.015657228770189473,0.026719179942212505,0.028623448286141856,0.11175507237610462,0.010685316345638712,0.8065597542797128
6,112,860.481689453125,0.2934859738864695,symbolic,0.060781243926500333,0.04888420678711194,0.1681724926394504,0.22184229797252572,0.20683378478794212,0.2934859738864695
6,113,2122.1279296875,0.6041930407780001,factual,0.059699368493906516,0.007183824737386329,0.6041930407780001,0.13518817252545834,0.013200976135484587,0.18053461732976417
6,114,532.0787353515625,0.3162025048700453,reasoning,0.059798719323188164,0.03286555050037981,0.21320325439015286,0.3162025048700453,0.16995569182174222,0.20797427909449162
6,115,2367.935791015625,0.4172100094184336,symbolic,0.08885464732940752,0.01206322465103595,0.11721196837014702,0.3200503347487619,0.04460981548221401,0.4172100094184336
6,116,1226.2747802734375,0.356604251216174,symbolic,0.096043827159695,0.0453041184123306,0.20574730756408524,0.2090630734140164,0.08723742223369872,0.356604251216174
6,117,3200.83984375,0.30934355607354025,symbolic,0.0762934532562865,0.04168038326122905,0.23676365150747788,0.24829981602728776,0.08761913987417853,0.30934355607354025
6,118,1737.0965576171875,0.6434245389853127,reasoning,0.01144923559209419,0.013518623471965972,0.1428612688633651,0.6434245389853127,0.06422150770591896,0.12452482538134312
6,119,1652.1397705078125,0.2983474097607646,reasoning,0.025175093645203983,0.06395595969331025,0.22007814351195393,0.2983474097607646,0.10185750619775831,0.29058588719100886
6,120,2046.997802734375,0.3191531447958215,symbolic,0.06166358339903987,0.23046470375167138,0.1288113916829656,0.15543968437962274,0.10446749199087889,0.3191531447958215
6,121,516.015869140625,0.33633405737412125,factual,0.05342848531960384,0.05717209634174095,0.33633405737412125,0.14490294052661784,0.20353676024945105,0.2046256601884651
6,122,1062.00048828125,0.376251220127845,factual,0.03686625191898581,0.012768410884344984,0.376251220127845,0.17264263024390603,0.19040442726520787,0.21106705955971028
6,123,1923.17041015625,0.31194732056873253,reasoning,0.042659825579963506,0.013555332241758793,0.23269205233362777,0.31194732056873253,0.14965046425770434,0.2494950050182131
6,124,1769.207763671875,0.3121414993773006,factual,0.18769911718132798,0.05305371083979894,0.3121414993773006,0.1692539681992086,0.13022703515750328,0.14762466924486056
6,125,1852.059326171875,0.3145396112725554,symbolic,0.1058333503602343,0.042774123768213566,0.14924456583709408,0.2586900798638551,0.12891826889804753,0.3145396112725554
6,126,2178.9227294921875,0.3285723849681802,symbolic,0.033130912027545506,0.08363328643254368,0.2385940743658099,0.17839665406797356,0.13767268813794714,0.3285723849681802
6,127,2379.933349609375,0.4400547710979055,symbolic,0.054903635099254666,0.05598809093815919,0.18384498810909533,0.16740052811763229,0.09780798663795301,0.4400547710979055
8,0,1668.031982421875,0.3475073178578271,symbolic,0.07172678904590707,0.0458268634136967,0.15300356734134346,0.24451253970319334,0.13742292263803232,0.3475073178578271
8,1,2359.71826171875,0.48791939003907336,symbolic,0.04638542861003459,0.04821577076017293,0.10926359430736794,0.1820682959412155,0.12614752034213567,0.48791939003907336
8,2,4364.0867919921875,0.345554517841785,factual,0.0741315690962269,0.004752535754715606,0.345554517841785,0.13057632964415505,0.33067031967772065,0.11431472798539684
8,3,1434.0546875,0.33666763819807255,reasoning,0.045420001198524726,0.06168061086626098,0.13973232039834604,0.33666763819807255,0.1151239179228477,0.301375511415948
8,4,2114.87939453125,0.9311044351164196,symbolic,0.015802167168866982,0.001646513623131121,0.009853223290242845,0.024517041525666933,0.017076619275672535,0.9311044351164196
8,5,2969.990478515625,0.30342083213420445,symbolic,0.07736906971683953,0.01748488152277819,0.2606166370778789,0.2598032022968034,0.08130537725149549,0.30342083213420445
8,6,933.1650390625,0.5059839193939476,reasoning,0.03290135323647574,0.08924731126531954,0.11798631903143808,0.5059839193939476,0.038449272207635096,0.21543182486518392
8,7,959.0233154296875,0.5013028366083404,factual,0.03440211630917736,0.0017473832210733804,0.5013028366083404,0.20278122616966038,0.25056950971568237,0.009196927976066145
8,8,849.1075439453125,0.5641369492813931,reasoning,0.18319038731066584,0.005481973619763053,0.05532405706876576,0.5641369492813931,0.039356723489980934,0.15250990922943136
8,9,1069.2943115234375,0.26320282558944363,factual,0.0930908383534108,0.057326889094655394,0.26320282558944363,0.24918641239345046,0.09142547672232447,0.24576755784671528
8,10,3391.1197509765625,0.31206369548683005,symbolic,0.21924040245711554,0.054438773028978746,0.23714245613570284,0.10887992186336001,0.0682347510280128,0.31206369548683005
8,11,1149.3040771484375,0.49310092225264973,symbolic,0.10072883991979266,0.04914297767872648,0.10136345884413961,0.20978026890635987,0.04588353239833166,0.49310092225264973
8,12,1441.7886962890625,0.38773621463749497,symbolic,0.09480411405070115,0.023173136734638413,0.0885844736487177,0.2809349450217858,0.12476711590666197,0.38773621463749497
8,13,1333.4112548828125,0.3259341380653566,reasoning,0.11041951131090819,0.2480307928781628,0.10218354243518789,0.3259341380653566,0.06860515201214284,0.14482686329824168
8,14,956.94970703125,0.3175349634382113,factual,0.062352251441832034,0.034537891748939835,0.3175349634382113,0.19475536946260216,0.26094111079872623,0.12987841310968842
8,15,936.6356201171875,0.3601813077917283,reasoning,0.09691044568566409,0.07417646400281301,0.13342041014638628,0.3601813077917283,0.06444340152685048,0.2708679708465579
8,16,591.2894287109375,0.42972842018207447,factual,0.2948766093368427,0.02913306645157574,0.42972842018207447,0.09126555092722864,0.1283282715810566,0.02666808152122189
8,17,1762.5643310546875,0.475626963139297,social_ethical,0.07030827152183815,0.008481378152268517,0.09800783673191228,0.18206311313853168,0.475626963139297,0.16551243731615237
8,18,1538.77734375,0.40440217984550436,reasoning,0.053823106819283775,0.09245938968387545,0.17265889365288492,0.40440217984550436,0.08990165055962145,0.18675477943883004
8,19,1952.7381591796875,0.32225532669564366,symbolic,0.08087201771400848,0.048987577602088814,0.09873561832340418,0.2942726593785982,0.1548768002862567,0.32225532669564366
8,20,1992.9505615234375,0.3820009872444078,symbolic,0.03752851772277665,0.05129995857591556,0.2485544293052949,0.22716740052569326,0.05344870662591185,0.3820009872444078
8,21,792.154296875,0.4619307268795783,reasoning,0.09704949418491406,0.01295357547037228,0.11322250932608122,0.4619307268795783,0.13292254606332118,0.18192114807573295
8,22,856.3642578125,0.29466443232369766,symbolic,0.07740498815737407,0.024840150208058458,0.1180978359411438,0.2624390335687414,0.2225535598009846,0.29466443232369766
8,23,2300.111572265625,0.5392130795285597,symbolic,0.06762388500812577,0.013473042928348096,0.08888782038320364,0.27655534712618496,0.014246825025577796,0.5392130795285597
8,24,1773.4417724609375,0.4684334805085478,reasoning,0.04769096440089799,0.06476760277628736,0.15739176013824305,0.4684334805085478,0.07532112911346923,0.18639506306255457
8,25,930.391357421875,0.3411214671245483,reasoning,0.20490500495554442,0.035383400644942394,0.18392745198422517,0.3411214671245483,0.06924353227322906,0.16541914301751065
8,26,1900.9635009765625,0.42480937625881404,reasoning,0.039609462538046564,0.01947794129120763,0.12131601130260514,0.42480937625881404,0.11329151611734721,0.28149569249197937
8,27,1770.398193359375,0.7365323639039427,factual,0.005340374769480349,0.011720802901337934,0.7365323639039427,0.13479805906350242,0.02025759730573501,0.09135080205600153
8,28,1694.928466796875,0.3475255843525614,factual,0.05900054836730728,0.011157481382231315,0.3475255843525614,0.22911209581317887,0.03535809595117097,0.31784619413355014
8,29,2583.8480224609375,0.38163313889910006,symbolic,0.06602313623597768,0.03192931146262773,0.17815452563327344,0.24202108548528378,0.10023880228373729,0.38163313889910006
8,30,393.26025390625,0.27568640061981853,symbolic,0.15457159636800236,0.07258966695927599,0.23826262079446534,0.22168259876806096,0.03720711649037679,0.27568640061981853
8,31,2006.9169921875,0.31262192329944827,symbolic,0.07977731313041858,0.029672402525834723,0.10989921088345336,0.30996509630024677,0.15806405386059832,0.31262192329944827
8,32,935.4234619140625,0.41716476429758675,factual,0.028558568986592568,0.008217028629429066,0.41716476429758675,0.37828685386342065,0.045787485796991226,0.12198529842597973
8,33,762.989013671875,0.37606549078571855,symbolic,0.09125039237451135,0.0346604684559691,0.22651872534360168,0.2156080740995065,0.055896848940692814,0.37606549078571855
8,34,751.6513671875,0.2734279080825942,factual,0.07823626624190747,0.04762820404551957,0.2734279080825942,0.2389465382861434,0.16441597991921433,0.19734510342462105
8,35,1146.358642578125,0.2524459134679378,social_ethical,0.07190843970324684,0.046300222447734365,0.212373801641364,0.21435208503487926,0.2524459134679378,0.20261953770483773
8,36,1155.97509765625,0.29322670465993395,social_ethical,0.04916012548591578,0.08074871686131457,0.29083741193535456,0.21056758849337912,0.29322670465993395,0.07545945256410203
8,37,1036.101318359375,0.7084228054999787,factual,0.01605821666115676,0.0,0.7084228054999787,0.033089837085057486,0.23290575985933598,0.00952338089447111
8,38,2449.040771484375,0.33966632942126673,symbolic,0.030422964348186785,0.27500323737640026,0.10142543252993563,0.16912313504440266,0.08435890127980791,0.33966632942126673
8,39,1995.21533203125,0.5604295407886201,factual,0.02420120791904265,0.007261757314434606,0.5604295407886201,0.0993020167143026,0.1662034613568936,0.1426020159067065
8,40,2068.9102783203125,0.2961554208324943,reasoning,0.03813290286882395,0.022539794494065644,0.24207403917972037,0.2961554208324943,0.16943303521671782,0.23166480740817794
8,41,3375.4317626953125,0.3873325377898523,symbolic,0.06623056794275124,0.03202722510506378,0.12100741452455246,0.2445790264750925,0.14882322816268767,0.3873325377898523
8,42,2134.16845703125,0.3361651715473015,symbolic,0.0678483482456323,0.05050863953937709,0.24230886178819006,0.2036950180711576,0.0994739608083414,0.3361651715473015
8,43,2406.9632568359375,0.29958408736695996,symbolic,0.213481565909618,0.05258496073835257,0.15471428593888287,0.18625333409947528,0.09338176594671131,0.29958408736695996
8,44,1254.8228759765625,0.3528466194251107,reasoning,0.09614389169755093,0.02939887498517682,0.16522588773452118,0.3528466194251107,0.13103933271521043,0.22534539344243
8,45,1445.625,0.38403841736921746,reasoning,0.05980632565931691,0.044176428069606574,0.2044622108733247,0.38403841736921746,0.10935203199308258,0.19816458603545178
8,46,1374.9066162109375,0.413594673288802,reasoning,0.020239655836000937,0.02122400891040629,0.26405007087217836,0.413594673288802,0.06739165080014756,0.21349994029246483
8,47,1515.989990234375,0.29710902416380075,reasoning,0.17842465450088937,0.07662764846416657,0.14374647213662303,0.29710902416380075,0.08622198745630684,0.21787021327821346
8,48,2470.1220703125,0.30272198402391076,reasoning,0.05369498953311154,0.09627422259385113,0.1605533218286514,0.30272198402391076,0.08903852882397244,0.2977169531965027
8,49,2259.093017578125,0.43487857502962474,symbolic,0.026082093362922953,0.08996724932712795,0.09929597670871138,0.3395443436329634,0.010231761938649631,0.43487857502962474
8,50,1236.887451171875,0.3711310700471015,symbolic,0.07711953379701245,0.07166159622493062,0.16052325063838616,0.21254977260485036,0.10701477668771889,0.3711310700471015
8,51,1879.3385009765625,0.2726666117156909,reasoning,0.09665642798781802,0.022292168881885996,0.10519578363631392,0.2726666117156909,0.24141373141742795,0.2617752763608632
8,52,556.4476318359375,0.30916245303470347,reasoning,0.09976967891718598,0.06298631170149124,0.2147799489252743,0.30916245303470347,0.17832630128998672,0.13497530613135827
8,53,2023.6907958984375,0.21712116756619812,factual,0.08940471073993814,0.19225995780571628,0.21712116756619812,0.17436656547880258,0.13035494169256684,0.19649265671677804
8,54,5085.1815185546875,0.29926241676620186,symbolic,0.04482276275368984,0.18692040125876044,0.2406623325130869,0.216162459055994,0.012169627652266956,0.29926241676620186
8,55,2582.51318359375,0.4775756680816194,symbolic,0.05941846709020083,0.11044279367674754,0.07914006027997422,0.22741424775670652,0.046008763114751466,0.4775756680816194
8,56,828.883056640625,0.3039820565196069,symbolic,0.09151086637968486,0.052824286730454584,0.18255105512200653,0.2287484481334156,0.1403832871148315,0.3039820565196069
8,57,750.825439453125,0.6780021727389224,reasoning,0.024058157347008387,0.0032994285911241567,0.16444369006636902,0.6780021727389224,0.05860347059437514,0.07159308066220088
8,58,1559.91943359375,0.3712482960138854,reasoning,0.10804250144379077,0.012229103378548635,0.13253514006726735,0.3712482960138854,0.03900097504785247,0.33694398404865533
8,59,1731.2879638671875,0.35704443247838863,reasoning,0.07282641520369414,0.008479478993825652,0.21567181337897953,0.35704443247838863,0.05787758066846317,0.2881002792766489
8,60,1584.5654296875,0.568697672555382,reasoning,0.09252231764549995,0.003938136133785695,0.022139381669486223,0.568697672555382,0.034259319176997344,0.27844317281884884
8,61,67.295654296875,0.6639203607564858,factual,0.0,0.0,0.6639203607564858,0.012215075296669969,0.22491048203654726,0.09895408191029702
8,62,190.774658203125,0.902461310472183,factual,0.0029868968138487585,0.0066443737178675044,0.902461310472183,0.015405425811958593,0.07250199318414206,0.0
8,63,2171.90673828125,0.35031412535563217,symbolic,0.07655148924307537,0.043547924771782785,0.15982725072587745,0.26633749731624873,0.1034217125873835,0.35031412535563217
8,64,1458.7744140625,0.24413436337893338,social_ethical,0.11248104646920407,0.06727825624169476,0.15892497916366813,0.20389145693657387,0.24413436337893338,0.2132898978099258
8,65,1421.7513427734375,0.5296577561218193,factual,0.04548026025958473,0.010981380849828372,0.5296577561218193,0.10431041092430171,0.25245739520444216,0.05711279664002372
8,66,1508.23876953125,0.4890257708879582,reasoning,0.033669723552894534,0.004693621265749676,0.3184663144130562,0.4890257708879582,0.125586904997389,0.028557664882952454
8,67,1124.84375,0.4982575704959022,symbolic,0.04797693256007779,0.11249500798722045,0.03885175024308932,0.261408702597583,0.04101003611612724,0.4982575704959022
8,68,742.2216796875,0.3042172399955265,factual,0.15007335188511056,0.009084778990441229,0.3042172399955265,0.16979546994546305,0.24235495733749104,0.12447420184596762
8,69,5420.23828125,0.6311150934612105,symbolic,0.008897048172322912,0.170945606058313,0.10756939594877704,0.07362646757198318,0.007846388787393313,0.6311150934612105
8,70,1650.844482421875,0.6978892934620494,symbolic,0.0049042726268027775,0.0012344238470515282,0.0652098779344556,0.21877800172999762,0.011984130399643057,0.6978892934620494
8,71,830.1181640625,0.38601932142096673,symbolic,0.09015094566026816,0.19881364545945432,0.06820553361543737,0.2132003044559027,0.0436102493879707,0.38601932142096673
8,72,1786.821533203125,0.3637628246407447,symbolic,0.041646325275614744,0.08009418456879872,0.16798293058403807,0.24528226609176532,0.10123146883903841,0.3637628246407447
8,73,73.78466796875,0.2536082747119667,symbolic,0.14670341669368875,0.1022857369748066,0.22622443104737577,0.1349008344859077,0.13627730608625446,0.2536082747119667
8,74,1794.8702392578125,0.33798238347036236,symbolic,0.07016918400196089,0.09547078238172929,0.16070565686159224,0.23857541603651955,0.09709657724783569,0.33798238347036236
8,75,1199.271484375,0.3306528051698052,symbolic,0.09774305527281374,0.04489083949077158,0.1476827362640405,0.2778092412874352,0.1012213225151337,0.3306528051698052
8,76,1650.8909912109375,0.36230539276590623,symbolic,0.03797206749225956,0.014900955693980058,0.16289831951097075,0.29351471029604265,0.12840855424084074,0.36230539276590623
8,77,7065.513916015625,0.5006034827850186,symbolic,0.04708299089039885,0.1423813710582925,0.15524733723803225,0.12481216101604871,0.02987265701220908,0.5006034827850186
8,78,631.96923828125,0.29593370177698214,factual,0.10394638534528651,0.20386193639209038,0.29593370177698214,0.14903965392154514,0.12460624613199843,0.1226120764320974
8,79,1674.3060302734375,0.3250994191783778,reasoning,0.20496335825936512,0.025739004652624343,0.17758749598550297,0.3250994191783778,0.08772539054084252,0.17888533138328722
8,80,1225.3052978515625,0.2793933590968689,factual,0.07086064826995743,0.03149127474508356,0.2793933590968689,0.2708865306906432,0.19262020257427473,0.15474798462317219
8,81,2425.036376953125,0.2919064620184801,symbolic,0.04774604198612114,0.005507729879615812,0.23182500987370416,0.1982581406589322,0.22475661558314655,0.2919064620184801
8,82,1161.3466796875,0.2780471889534224,symbolic,0.048939261818050334,0.013823778463008075,0.1893347650853207,0.27419381964129397,0.19566118603890453,0.2780471889534224
8,83,1941.663330078125,0.44567526458078427,symbolic,0.05251040072284191,0.017195157633175587,0.055080985880516575,0.2375954240465894,0.19194276713609226,0.44567526458078427
8,84,1563.037841796875,0.31067259191875046,symbolic,0.06742413509849657,0.04975349891279611,0.1217300513588838,0.2953394323797605,0.15508029033131251,0.31067259191875046
8,85,1484.87646484375,0.8512104627811591,factual,0.026894368251251962,0.005028071108872102,0.8512104627811591,0.032511385134035314,0.032182384437888914,0.05217332828679259
8,86,1171.538330078125,0.30014831344254944,reasoning,0.22841666387072454,0.039822065547581276,0.2899247512983418,0.30014831344254944,0.05285060020368352,0.0888376056371195
8,87,1837.8209228515625,0.3573607899183743,reasoning,0.05817290227996824,0.038376322587685814,0.1454877838419616,0.3573607899183743,0.06491186667613391,0.33569033469587617
8,88,1951.1986083984375,0.28292079831989286,computational,0.28292079831989286,0.03392808869798393,0.1072286359439895,0.26686971693768713,0.1814511550423577,0.12760160505808885
8,89,1581.4122314453125,0.25120168547430866,reasoning,0.08308219983297477,0.09323817984645072,0.1941551358560128,0.25120168547430866,0.1393969044523517,0.23892589453790136
8,90,4365.1669921875,0.48756177668066913,symbolic,0.07185782062407675,0.03315946040330377,0.14126227563691698,0.18202590822990333,0.08413275842513006,0.48756177668066913
8,91,1013.5670166015625,0.32727157108376215,reasoning,0.14303093251096183,0.041813814796111494,0.20508672561383698,0.32727157108376215,0.1088965007338789,0.17390045526144865
8,92,3070.0537109375,0.3928262083159045,symbolic,0.07526047838001612,0.07619710312733102,0.17835381321898952,0.18357713834022268,0.09378525861753614,0.3928262083159045
8,93,2094.6400146484375,0.35013847600113546,symbolic,0.0664349127245409,0.07722789945109038,0.13499258215272414,0.28919994421680945,0.08200618545369968,0.35013847600113546
8,94,1035.228759765625,0.3387753263509608,factual,0.047184902378300385,0.06550626052844884,0.3387753263509608,0.25473828837932816,0.052674376346751185,0.24112084601621064
8,95,1916.1510009765625,0.3010787527818021,symbolic,0.0795217769080918,0.11762204110323754,0.1544230214621049,0.19119737271366338,0.15615703503110032,0.3010787527818021
8,96,1295.9852294921875,0.3817590965789688,symbolic,0.05164725685760873,0.05383154914926101,0.18734295395249997,0.19417350627703817,0.13124563718462337,0.3817590965789688
8,97,962.1158447265625,0.400664936657323,reasoning,0.11066231918608951,0.052123076212566066,0.1982181910317544,0.400664936657323,0.10410912533195765,0.13422235158030935
8,98,2136.950439453125,0.32335016461309213,factual,0.1394357490258426,0.06023032922961164,0.32335016461309213,0.17256332694272525,0.11580628425916797,0.18861414592956044
8,99,2036.5567626953125,0.3136928384155985,reasoning,0.051066345718304575,0.06360504194780067,0.14854640877232217,0.3136928384155985,0.15467307076889805,0.26841629437707604
8,100,1610.320556640625,0.29372427273842294,symbolic,0.14921679055979398,0.03211129140903714,0.2163883385868709,0.13880967689947943,0.1697496298063956,0.29372427273842294
8,101,426.922119140625,0.6932330973258007,symbolic,0.0047407376908089735,0.0009058297348903998,0.08811195689531433,0.151034527324434,0.06197385102875152,0.6932330973258007
8,102,1910.9864501953125,0.40050141806337874,symbolic,0.06808352274806942,0.013035106610425774,0.24164082315706217,0.2006121955814066,0.07612693383965724,0.40050141806337874
8,103,858.75244140625,0.339312570185788,factual,0.05799371703933247,0.037711978848313406,0.339312570185788,0.28235085075836186,0.06681317431662141,0.21581770885158283
8,104,3099.445068359375,0.5610957480654102,symbolic,0.03728190695678812,0.020810885769228314,0.028207071783184476,0.0560751211843539,0.296529266241035,0.5610957480654102
8,105,1837.15966796875,0.43439500247574553,symbolic,0.08908923129097837,0.05161364655390308,0.1613390075702265,0.20538654720009525,0.05817656490905124,0.43439500247574553
8,106,2244.6011962890625,0.35169316044960963,reasoning,0.01647366432030676,0.014290365668534194,0.3408616149437999,0.35169316044960963,0.08956402713912119,0.18711716747862833
8,107,483.23828125,0.5282431957254524,factual,0.0231172550097406,0.027003391022480176,0.5282431957254524,0.19626300430849816,0.15286933448657736,0.0725038194472512
8,108,2051.9420166015625,0.34339325437762636,symbolic,0.09223684046928438,0.06034548659333238,0.26260642116316424,0.17734473981363763,0.06407325758295498,0.34339325437762636
8,109,1821.080078125,0.39578174117566306,symbolic,0.021989118322424128,0.029273198104232873,0.19758031216450575,0.2597574198862497,0.09561821034692453,0.39578174117566306
8,110,3997.6004638671875,0.39335602415059595,symbolic,0.05964313980710413,0.009155394518739467,0.19947326800626217,0.21931124881646683,0.11906092470083143,0.39335602415059595
8,111,2546.6026611328125,0.31550565055149443,symbolic,0.06515478145693206,0.06697461754082312,0.2567999866166671,0.21587459817046195,0.07969036566362134,0.31550565055149443
8,112,1086.2276611328125,0.40247766530907825,reasoning,0.042284115406663485,0.022451285217517755,0.32135601806936254,0.40247766530907825,0.13370573083158874,0.07772518516578922
8,113,2052.8983154296875,0.2938897065963393,symbolic,0.09329285844975631,0.010361089739324458,0.1352817742969267,0.2737722599818533,0.19340231093580001,0.2938897065963393
8,114,2463.0518798828125,0.4625749870361878,symbolic,0.17542596462632476,0.012616739358014873,0.19606631623692758,0.10078027702488353,0.05253571571766143,0.4625749870361878
8,115,3118.52099609375,0.37777017694967896,symbolic,0.07214156193520598,0.0733437810360261,0.1312957677409617,0.21712954561574616,0.12831916672238114,0.37777017694967896
8,116,3663.0010986328125,0.35708751585655557,symbolic,0.0639637581582218,0.08451268782718074,0.12709341941903812,0.3125308320757229,0.05481178666328083,0.35708751585655557
8,117,1506.46337890625,0.667571405373396,factual,0.04213679532561032,0.02655841350275522,0.667571405373396,0.21386801078815015,0.02993011557945143,0.019935259430636933
8,118,483.2159423828125,0.2720062245721554,reasoning,0.07888685248597639,0.09970253921619399,0.25343254587274744,0.2720062245721554,0.1227948430025982,0.17317699485032859
8,119,1877.72412109375,0.2694214577310725,reasoning,0.1517658979311048,0.06388595839534177,0.18610201480713306,0.2694214577310725,0.07476903998071552,0.25405563115463237
8,120,3780.852783203125,0.31287874830342777,symbolic,0.13849220860171713,0.005470616005439104,0.16647332464483452,0.11749000233947614,0.2591951001051053,0.31287874830342777
8,121,1753.4464111328125,0.351838765077119,symbolic,0.09963065901256266,0.013703899122215575,0.16490508055668548,0.24165912652628233,0.12826246970513497,0.351838765077119
8,122,1452.3031005859375,0.6115073318939551,factual,0.09603331588674945,0.019231307492720808,0.6115073318939551,0.1922355781373991,0.05194781288845581,0.02904465370071967
8,123,963.2828369140625,0.239845002282919,symbolic,0.11220328230906959,0.05981437834715651,0.23823865861940363,0.2386867519606935,0.11121192648075777,0.239845002282919
8,124,1101.7752685546875,0.3676693431222227,factual,0.026761010146200706,0.006892285765282703,0.3676693431222227,0.32508326461322906,0.09627971902147003,0.17731437733159475
8,125,1709.47705078125,0.36466587203860373,social_ethical,0.056379175260617725,0.030902805448372168,0.22154256101598138,0.1501357180172916,0.36466587203860373,0.1763738682191334
8,126,2926.27978515625,0.4019386466358119,factual,0.03172481791737423,0.052413090159370374,0.4019386466358119,0.19656330254808052,0.051595013599985716,0.2657651291393773
8,127,896.2169189453125,0.32218871398043725,reasoning,0.04961447512459123,0.0506112321908674,0.27391818555889974,0.32218871398043725,0.09042267375792533,0.21324471938727907
10,0,666.4576416015625,0.27157342973074505,symbolic,0.15217649723304968,0.08944247228882737,0.16729128267328447,0.22208537918657723,0.09743093888751618,0.27157342973074505
10,1,1010.72509765625,0.6379933960236043,social_ethical,0.02670190075677608,0.018091368694639766,0.12652122137330823,0.13274644740370006,0.6379933960236043,0.05794566574797158
10,2,1572.16064453125,0.28093195663685616,reasoning,0.10361468234680266,0.09522219651312122,0.24617777273948416,0.28093195663685616,0.0910844978779639,0.18296889388577187
10,3,2837.7017822265625,0.29124623872725874,factual,0.07852828128231004,0.04746526276503345,0.29124623872725874,0.2827835713259137,0.040894884049622535,0.2590817618498616
10,4,1695.9107666015625,0.28060935581416724,computational,0.28060935581416724,0.08686004456520637,0.15833525337868598,0.19846078223691366,0.11676654141564818,0.15896802258937856
10,5,3202.343505859375,0.43686302580378034,factual,0.025747974029334444,0.023063248891745616,0.43686302580378034,0.31056952233544177,0.016297802535511902,0.18745842640418597
10,6,1808.4931640625,0.36383583968222855,symbolic,0.039449278226596836,0.11388160356650505,0.13671157197187533,0.31400652952081026,0.03211517703198396,0.36383583968222855
10,7,2311.11474609375,0.7907491776640695,symbolic,0.028437537435326017,0.05998557412875914,0.008912010847714308,0.09854160949031335,0.013374090433817725,0.7907491776640695
10,8,463.2783203125,1.0,factual,0.0,0.0,1.0,0.0,0.0,0.0
10,9,859.135009765625,0.5093087075169003,factual,0.002598452920233122,0.0018758079315899865,0.5093087075169003,0.16618021453150128,0.13783849296550713,0.18219832413426817
10,10,895.94677734375,0.3120307984254174,factual,0.0623590181257933,0.2358554885037269,0.3120307984254174,0.07023520095656491,0.26324609692413586,0.05627339706436158
10,11,1017.40966796875,0.7012307699691168,social_ethical,0.004046255258188136,0.0004472909382791297,0.2658631107357024,0.021580108031319965,0.7012307699691168,0.006832465067393594
10,12,1016.1702880859375,0.26717842715936047,symbolic,0.23238508843869524,0.04001505441729783,0.16148925811105985,0.24413142607208366,0.054800745801502966,0.26717842715936047
10,13,818.16650390625,0.5255230200435067,reasoning,0.023786035491658235,0.005354185503146625,0.1451875591204371,0.5255230200435067,0.16098841910832207,0.1391607807329293
10,14,335.77685546875,0.36025875745814495,reasoning,0.04750818341910594,0.07494354131554189,0.24887846077557438,0.36025875745814495,0.14410088545249108,0.12431017157914177
10,15,1791.4298095703125,0.4684497375981686,reasoning,0.08753005796846462,0.06893866487936644,0.09645690578780411,0.4684497375981686,0.07246736084001294,0.2061572729261833
10,16,1390.3319091796875,0.3728399919962064,symbolic,0.0682557831930694,0.04056227089294364,0.19189218162992394,0.21443090314241967,0.11201886914543699,0.3728399919962064
10,17,1065.8175048828125,0.6583315170451819,reasoning,0.06079775956895617,0.009168752391573325,0.09888357549045221,0.6583315170451819,0.011448742821271405,0.161369652682565
10,18,387.236328125,0.34271398128767055,factual,0.03325977857917434,0.009268529493354853,0.34271398128767055,0.2218438705772577,0.291689468640456,0.1012243714220866
10,19,700.20263671875,0.755735469991597,symbolic,0.03798426097356025,0.004596186232361586,0.030918783973668335,0.10754420281517278,0.06322109601364002,0.755735469991597
10,20,1176.405029296875,0.3461964219563749,symbolic,0.054596243064570185,0.057322164009749814,0.2454897785746972,0.19790933173949452,0.09848606065511341,0.3461964219563749
10,21,2040.3487548828125,0.29580759550802993,creative,0.1674378416823631,0.29580759550802993,0.1145580042091504,0.13850195192364587,0.07586904740466338,0.20782555927214735
10,22,868.7470703125,0.4409176289938028,reasoning,0.05864902871749792,0.010061297418943634,0.2319325492329673,0.4409176289938028,0.12754848543778813,0.13089101019900024
10,23,3883.0303955078125,0.49668528095993103,factual,0.04725929458498383,0.11852327829314156,0.49668528095993103,0.12494394413542877,0.007683139008955892,0.2049050630175589
10,24,2124.3353271484375,0.397272699324898,symbolic,0.03413142495455409,0.011288572281483954,0.22470275198095913,0.3051581218964686,0.027446429561636208,0.397272699324898
10,25,585.08837890625,0.5802220885099323,factual,0.04356062660805951,0.005477521174435286,0.5802220885099323,0.1435939248627803,0.03751686819482567,0.18962897064996692
10,26,1023.6156005859375,0.4489885407584725,social_ethical,0.018099903654647885,0.0,0.40707133622619823,0.08620756478566051,0.4489885407584725,0.03963265457502088
10,27,920.825439453125,0.3832444565462639,factual,0.04351537940043498,0.05752523861249871,0.3832444565462639,0.16666008254631,0.12065020530524556,0.22840463758924687
10,28,2167.6236572265625,0.31167117648738346,symbolic,0.10645298100097353,0.09799352633440019,0.11152180586403027,0.21778185074842712,0.15457865956478545,0.31167117648738346
10,29,131.51953125,0.5845455017969051,factual,0.0038239923965665747,0.008253140871424753,0.5845455017969051,0.030265229142534676,0.26067933410555705,0.1124328016870118
10,30,2807.3619384765625,0.27167430743377585,factual,0.09924193542986887,0.09017358925978879,0.27167430743377585,0.19763840269130553,0.15000324594727285,0.19126851923798813
10,31,1306.1181640625,0.36439888146605703,reasoning,0.1446617294658178,0.01592808036098141,0.16636248425192435,0.36439888146605703,0.03343358517792989,0.2752152392772895
10,32,1808.3590087890625,0.37294385603639024,symbolic,0.051891994351048666,0.07733752160191958,0.13654958051048338,0.2660604504755848,0.09521659702457332,0.37294385603639024
10,33,1081.04345703125,0.2289899578902581,reasoning,0.09574873632381908,0.2196497524590364,0.1854206254175179,0.2289899578902581,0.18838542586485768,0.08180550204451086
10,34,887.968017578125,0.3636668823136567,factual,0.02357554073734774,0.00220146891067843,0.3636668823136567,0.30157374645907736,0.04379210237119125,0.26519025920804856
10,35,807.1580810546875,0.32211267620544265,reasoning,0.13148587036856957,0.016669088942489828,0.1214523552460823,0.32211267620544265,0.21576065232971767,0.19251935690769797
10,36,1419.9951171875,0.4103237453363822,social_ethical,0.15377989443460618,0.0036695149837525573,0.2712282722693121,0.1319343912796795,0.4103237453363822,0.029064181696267385
10,37,3519.684814453125,0.8400590040847968,symbolic,0.018384394854025862,0.004056565511951511,0.04469505319169967,0.0815427795221754,0.01126220283535076,0.8400590040847968
10,38,797.7550048828125,0.4090566958149311,symbolic,0.04773343897647344,0.02877888067543058,0.1921127541598134,0.12180115433186606,0.20051707604148544,0.4090566958149311
10,39,3024.0596923828125,0.7639234206365074,symbolic,0.014880093514347438,0.018781260978391195,0.065532702673388,0.09333867299675935,0.04354384920060661,0.7639234206365074
10,40,959.1988525390625,0.22843923526777427,social_ethical,0.18220772161826843,0.0775989891262863,0.18786302503373417,0.17800308663146494,0.22843923526777427,0.14588794232247193
10,41,1896.4393310546875,0.36220466358913905,reasoning,0.050007366936045274,0.186073549249464,0.17014410293344376,0.36220466358913905,0.0624314519313699,0.169138865360538
10,42,1327.4716796875,0.45140863410015664,symbolic,0.06440833763079044,0.019002546105400378,0.18489315700149558,0.2626176038065784,0.01766972135557859,0.45140863410015664
10,43,1081.9801025390625,0.34768340245325224,reasoning,0.12978027729424485,0.06183866317688077,0.1344880810588858,0.34768340245325224,0.286791422112575,0.039418153904161306
10,44,1491.901123046875,0.3303983241548157,reasoning,0.10644974894560098,0.1203161208785652,0.15233330938676548,0.3303983241548157,0.09782906634404803,0.1926734302902046
10,45,1745.09521484375,0.25250024132928367,reasoning,0.07349770772155777,0.0596987091331592,0.23835925466325122,0.25250024132928367,0.12908423581158687,0.24685985134116126
10,46,3258.79150390625,0.6416076628651013,symbolic,0.033182324556244716,0.017990471987959254,0.02096889349049034,0.26958385557098025,0.016666791529224206,0.6416076628651013
10,47,522.09130859375,0.572877026082939,factual,0.0954357428573299,0.019951498396529134,0.572877026082939,0.16273382196563363,0.08878220385824363,0.06021970683932464
10,48,11085.409423828125,0.7299072804229993,symbolic,0.013815360346732513,0.08026849059075819,0.06573353113169128,0.10639944815905497,0.003875889348763684,0.7299072804229993
10,49,3537.36669921875,0.3868185942298234,symbolic,0.09536333427979495,0.0635763383862052,0.17929835170743377,0.22887394856834684,0.04606943282839584,0.3868185942298234
10,50,888.462646484375,0.36951405866710924,reasoning,0.05427431678282497,0.05225323654497776,0.216030532463275,0.36951405866710924,0.1403422454132745,0.1675856101285385
10,51,1166.060302734375,0.35398926297422023,symbolic,0.06385245288968198,0.014575237171607537,0.3350322841482414,0.17869185498126852,0.05385890783498036,0.35398926297422023
10,52,1541.127685546875,0.40806474941064963,reasoning,0.038446665554580234,0.0573265505566056,0.17470394659196994,0.40806474941064963,0.07434012640715766,0.24711796147903695
10,53,4900.548828125,0.35544259033486764,reasoning,0.04418465366403077,0.015987377450150074,0.25045123593060564,0.35544259033486764,0.0458811662517073,0.2880529763686386
10,54,1082.7672119140625,0.3294435677718754,symbolic,0.16967295146385655,0.02827409019745031,0.17710968025019985,0.25730896708454953,0.03819074323206835,0.3294435677718754
10,55,1905.64794921875,0.2626393018081787,reasoning,0.15411501634609495,0.025415685845452726,0.18257559316249214,0.2626393018081787,0.145444501298694,0.22980990153908754
10,56,2918.8182373046875,0.3517938782798298,symbolic,0.07192484416873451,0.0689884082022808,0.1778531342051149,0.20678819281150537,0.12265154233253463,0.3517938782798298
10,57,893.5806884765625,0.38801903715096814,reasoning,0.042251229574877126,0.050739507170078246,0.09077222206512296,0.38801903715096814,0.08231987238622701,0.3458981316527265
10,58,4965.0341796875,0.439492289339807,social_ethical,0.04663570142372588,0.04065134696839913,0.12472399760434051,0.21701660734885267,0.439492289339807,0.13148005731487483
10,59,1928.1893310546875,0.5721743608255574,symbolic,0.04640976638808711,0.00849660164422948,0.12343686365306263,0.2163406597239874,0.03314174776507596,0.5721743608255574
10,60,1552.8291015625,0.23575566459153122,symbolic,0.12219097325509072,0.23005223895146018,0.12647876198747623,0.1790942628028353,0.10642809841160633,0.23575566459153122
10,61,1537.0675048828125,0.5198288835218431,factual,0.02271789963783162,0.00021808090865245138,0.5198288835218431,0.2442993801371813,0.056471360361865,0.15646439543262655
10,62,1259.7694091796875,0.30419346608551856,reasoning,0.06110679318695845,0.04208611388861138,0.18720970896308353,0.30419346608551856,0.1815923808756001,0.22381153700022802
10,63,3420.56103515625,0.3969999396172246,symbolic,0.07697654735858189,0.2828207149748855,0.0764172929416818,0.13917730110120766,0.02760820400641856,0.3969999396172246
10,64,1416.369873046875,0.3535687882221189,reasoning,0.032345183989315775,0.1033369065773373,0.1390409916415738,0.3535687882221189,0.1728896788062159,0.19881845076343832
10,65,1615.7069091796875,0.3637782507853091,symbolic,0.03792376036303164,0.06476899026894414,0.05913528471227923,0.34754123850255114,0.12685247536788474,0.3637782507853091
10,66,3893.8575439453125,0.5004487204265307,factual,0.10628675390530351,0.0026391225337657927,0.5004487204265307,0.15963537574093262,0.025164144963517227,0.2058258824299502
10,67,1063.1695556640625,0.2796202071649472,symbolic,0.025785910418354242,0.18034878066843218,0.19393821793137023,0.2735521101419889,0.046754773674907296,0.2796202071649472
10,68,238.052978515625,0.23661909718839258,symbolic,0.19135955038894842,0.143438642552035,0.12174880648982375,0.15054791219046934,0.1562859911903309,0.23661909718839258
10,69,2351.302001953125,0.3083971719043212,reasoning,0.05201578081791245,0.06462177651947117,0.2941699937067364,0.3083971719043212,0.08156229515873488,0.19923298189282387
10,70,1557.06201171875,0.31687642272496497,reasoning,0.052587081978749166,0.058355125322097565,0.29018924613569164,0.31687642272496497,0.17829528894781618,0.10369683489068048
10,71,839.2723388671875,0.32406263622095205,reasoning,0.06084794029193409,0.037069989043417476,0.15575539113166967,0.32406263622095205,0.12311588742282358,0.2991481558892031
10,72,1807.5067138671875,0.4830717976753712,social_ethical,0.06907418369369549,0.00022691824426060615,0.371571128570459,0.034388514425010445,0.4830717976753712,0.04166745739120334
10,73,811.046142578125,0.34930321533874464,reasoning,0.043454257844189347,0.055436636168384235,0.3292091166736152,0.34930321533874464,0.1776446435855023,0.04495213038956426
10,74,1013.393310546875,0.4400773430270698,social_ethical,0.07240573577661877,0.0,0.29011513038626463,0.12534947585547956,0.4400773430270698,0.07205231495456724
10,75,1428.4881591796875,0.7426559592554376,reasoning,0.01749025288034062,0.027180075498785483,0.050959842935180855,0.7426559592554376,0.09191419543802755,0.06979967399222795
10,76,2864.5399169921875,0.41748006322766285,symbolic,0.08964796384058832,0.004232365283149959,0.16965798331062773,0.24976239341582065,0.06921923092215049,0.41748006322766285
10,77,1372.0357666015625,0.27385680618115205,factual,0.07459173571718931,0.05571430312702713,0.27385680618115205,0.2617504515460665,0.0954961766386111,0.23859052678995388
10,78,1277.1490478515625,0.5299513830711008,reasoning,0.02369675041254855,0.01870315668338207,0.2587905935585556,0.5299513830711008,0.052566212070742815,0.1162919042036702
10,79,1091.0997314453125,0.41230161611467253,factual,0.031101925659373957,0.014341894740704849,0.41230161611467253,0.2525503482825404,0.10435822784427758,0.1853459873584307
10,80,3106.1591796875,0.33655442013363696,computational,0.33655442013363696,0.0012891001906179978,0.3244737333555087,0.10682004032436813,0.2051819375377864,0.025680768458081805
10,81,1298.62353515625,0.45654052273647616,reasoning,0.18461235059206696,0.0027654732079978013,0.22528191470761746,0.45654052273647616,0.08972729162977176,0.04107244712606986
10,82,1184.1068115234375,0.3173202663903013,factual,0.033450433975453914,0.0591474219663238,0.3173202663903013,0.21029209388710732,0.10150632930053113,0.2782834544802825
10,83,1741.6590576171875,0.5716032420427973,factual,0.04041318306260356,0.03561744590269848,0.5716032420427973,0.22855965770447048,0.03351058487401343,0.09029588641341674
10,84,3060.5849609375,0.33946135482040907,symbolic,0.104761938189027,0.05663761682608289,0.18094793172643991,0.2021166615986591,0.11607449683938202,0.33946135482040907
10,85,2569.4385986328125,0.5338761407338295,symbolic,0.038722227033783,0.07393765766010585,0.11139145380973708,0.19835676463136379,0.04371575613118081,0.5338761407338295
10,86,2775.0218505859375,0.40616295822909965,symbolic,0.06452511129315695,0.04175510829442987,0.18811388511818006,0.2373674827219081,0.06207545434322532,0.40616295822909965
10,87,1350.1959228515625,0.7920566360224234,symbolic,0.01381888569593262,0.008972041365886118,0.02089151738955709,0.07584782481926045,0.0884130947069404,0.7920566360224234
10,88,1333.7845458984375,0.331997024078369,factual,0.02698574081787325,0.012927082872864466,0.331997024078369,0.32804145350104147,0.05523777674236157,0.24481092198749024
10,89,1206.81640625,0.33969456537571413,symbolic,0.042733739015035035,0.07476431889171212,0.16381495897328002,0.22955016265030992,0.14944225509394876,0.33969456537571413
10,90,1904.4801025390625,0.27407170630569455,computational,0.27407170630569455,0.0316397761984568,0.07716962617891701,0.2648657972075892,0.0862720836924601,0.2659810104168823
10,91,1285.4124755859375,0.4595548436914031,symbolic,0.01771284391533261,0.012882120101624876,0.06426720204624857,0.33245784298894054,0.1131251472564503,0.4595548436914031
10,92,1376.9000244140625,0.29835476811384126,reasoning,0.06685115959702347,0.053252230914933335,0.20436036318776477,0.29835476811384126,0.2396660686826132,0.13751540950382396
10,93,2538.9649658203125,0.26421524557601994,creative,0.05899120836420591,0.26421524557601994,0.06066963822312213,0.21717411164015388,0.22697165145911133,0.1719781447373868
10,94,3067.2144775390625,0.31847453742387405,factual,0.05776900921138581,0.10812759105173751,0.31847453742387405,0.2129109202546574,0.05275034792780135,0.24996759413054387
10,95,501.906005859375,0.3360218152774069,reasoning,0.03302304155983514,0.00456268511586934,0.15997026958269916,0.3360218152774069,0.2745238244640669,0.19189836400012258
10,96,648.0682373046875,0.27109376103673494,factual,0.07847861404508404,0.005451899848840878,0.27109376103673494,0.24596310963980805,0.2035375943567261,0.19547502107280595
10,97,2081.6759033203125,0.38648610817664764,factual,0.049084479650578265,0.01149574719278132,0.38648610817664764,0.19760806971687064,0.21238492334145445,0.14294067192166768
10,98,1444.381591796875,0.283223130032908,symbolic,0.09753985125892742,0.04230207733460758,0.16446445996382467,0.2570140193337364,0.1554564620759959,0.283223130032908
10,99,2236.9698486328125,0.33266573014501244,factual,0.24278480787472723,0.023192580600643144,0.33266573014501244,0.11604028254555994,0.12646605720181714,0.15885054163224013
10,100,2299.400390625,0.3603133417084787,factual,0.1008075304958069,0.021150639645355913,0.3603133417084787,0.18441968142170215,0.16913642143459615,0.1641723852940602
10,101,1357.6865234375,0.26956147398600705,reasoning,0.10448664325156751,0.05370373833590717,0.25001240765289645,0.26956147398600705,0.09963219401109567,0.22260354276252617
10,102,1684.3245849609375,0.26145915342578596,reasoning,0.03472318099734403,0.02820570855734246,0.19881479812961123,0.26145915342578596,0.22845310696408105,0.24834405192583528
10,103,2857.906982421875,0.47005775762436774,symbolic,0.06940047003298398,0.07263552402714953,0.13065459580640232,0.2203757786507024,0.036875873858394,0.47005775762436774
10,104,1509.1424560546875,0.3408067446985516,social_ethical,0.04286115832901598,0.029184264688812776,0.18800928099769512,0.30386483101247724,0.3408067446985516,0.09527372027344728
10,105,937.207763671875,0.40055376636936046,symbolic,0.08101301369202848,0.061412372554673945,0.17311255617962162,0.20951869632278602,0.07438959488152948,0.40055376636936046
10,106,1362.431884765625,0.4096045870985881,social_ethical,0.03777711794293042,0.004246556907500213,0.19679829177239902,0.15990711261547086,0.4096045870985881,0.1916663336631114
10,107,1308.7943115234375,0.3301622708385273,reasoning,0.08913428660140987,0.01370909290674946,0.09141863798300316,0.3301622708385273,0.298240017877857,0.17733569379245326
10,108,508.561279296875,0.3672450286044568,reasoning,0.02692712236332293,0.10240141099638178,0.04476716303412228,0.3672450286044568,0.1037647852901515,0.35489448971156473
10,109,2478.0762939453125,0.31278958479687174,reasoning,0.1303343712274452,0.007319953926033284,0.21297909336864823,0.31278958479687174,0.12350445688240345,0.21307253979859805
10,110,899.5643310546875,0.3044578192758512,symbolic,0.053437597491515734,0.04337046837044462,0.218644523424493,0.24644443904662508,0.1336451523910704,0.3044578192758512
10,111,3631.88720703125,0.67031918748122,symbolic,0.027532012522006613,0.026137638551754782,0.04258628373759177,0.20382476450655107,0.02960011320087576,0.67031918748122
10,112,2000.67138671875,0.4310365782970805,reasoning,0.07480850544555966,0.0015368376094450715,0.3022153817993227,0.4310365782970805,0.030760975014490984,0.1596417218341011
10,113,1917.477783203125,0.38106916116129014,symbolic,0.04917284707172368,0.12675297864562834,0.05314025777219703,0.304171039709885,0.08569371563927579,0.38106916116129014
10,114,2872.9368896484375,0.5107729948363506,symbolic,0.060396771647317056,0.022338550604779694,0.20886799753848498,0.15021338979708562,0.047410295575982066,0.5107729948363506
10,115,1639.6810302734375,0.3901802279540751,symbolic,0.20079186930992363,0.015254610409397015,0.14643038289813626,0.17188833426256342,0.0754545751659046,0.3901802279540751
10,116,898.3653564453125,0.32033849457205055,reasoning,0.11203290916430925,0.0029314853950908287,0.31608652270854903,0.32033849457205055,0.14370732758567978,0.10490326057432058
10,117,380.8043212890625,0.5668216783900494,reasoning,0.04740813495796989,0.046099612476034196,0.16916740208280107,0.5668216783900494,0.026886899356285156,0.14361627273686037
10,118,1187.4189453125,0.37250054896839174,reasoning,0.107531599607539,0.03194461464063748,0.367781168451465,0.37250054896839174,0.10087972698794408,0.01936234134402266
10,119,1493.8900146484375,0.39313922506773397,factual,0.0960791871381695,0.0177178410725263,0.39313922506773397,0.288337414764094,0.06004389461729161,0.1446824373401846
10,120,1689.7845458984375,0.31769331377551296,reasoning,0.13056282672871616,0.04294706638112538,0.18070768631731565,0.31769331377551296,0.2892001316215786,0.03888897517575129
10,121,3137.5,0.28391348667828686,reasoning,0.06181625062250996,0.16341376680776892,0.1913817386703187,0.28391348667828686,0.04640803971613546,0.25306671750498005
10,122,588.41357421875,0.46453735920954037,factual,0.009053823384680238,0.01792466999869717,0.46453735920954037,0.13224739455185627,0.31699667488471633,0.05924007797050962
10,123,3160.7774658203125,0.5992872461064804,symbolic,0.07370213727686178,0.001866212254551784,0.17060919228292923,0.13593248762246946,0.018602724456707347,0.5992872461064804
10,124,4609.091796875,0.42631840727502324,symbolic,0.08400012924522905,0.0027131433922846955,0.176048237073888,0.21836495250767526,0.09255513050589972,0.42631840727502324
10,125,1145.262939453125,0.30033743359887033,reasoning,0.08202968366852505,0.04524986905768646,0.17266340183120987,0.30033743359887033,0.11917637124901168,0.2805432405946966
10,126,567.5604248046875,0.31941614662363654,social_ethical,0.11063404205439133,0.039588295832522304,0.15647210264428843,0.2821818901355105,0.31941614662363654,0.09170752270965092
10,127,1017.3095703125,0.23581247450142792,social_ethical,0.1966929851928292,0.036053660994984284,0.23520026878494804,0.17719263721231612,0.23581247450142792,0.11904797331349444
13,0,1575.419677734375,0.3927140570027301,symbolic,0.039767584251406224,0.07413544165051505,0.17870346737654697,0.2513284298160259,0.06335101990277578,0.3927140570027301
13,1,1375.25390625,0.4881381989121327,reasoning,0.013364897107068298,0.039884502861687474,0.03319140286594805,0.4881381989121327,0.20326786246857825,0.22215313578458523
13,2,1538.17724609375,0.4738565520078649,symbolic,0.06222360767789341,0.05718216093203356,0.12589451038938324,0.23669261539076886,0.044150553602056004,0.4738565520078649
13,3,3930.72265625,0.46608569189030724,reasoning,0.11656702011895474,0.055984569174124116,0.09576810656238664,0.46608569189030724,0.11178553860066683,0.15380907365356045
13,4,5903.1927490234375,0.6576682023008975,symbolic,0.013886238856898376,0.004496830008009892,0.0520118559220314,0.04749157627579008,0.22444529663637272,0.6576682023008975
13,5,1572.06787109375,0.35230207526101887,symbolic,0.08416858331560335,0.015089164941553207,0.2816414797513352,0.13548140371692713,0.13131729301356226,0.35230207526101887
13,6,1525.9127197265625,0.3204265793470017,symbolic,0.020996574715904295,0.037904360039381524,0.22152517100221059,0.10187270250091258,0.29727461239458935,0.3204265793470017
13,7,1424.61083984375,0.35112787791896294,symbolic,0.08335404097130418,0.06410193573286016,0.20453956552690686,0.2054861473613785,0.09139043248858737,0.35112787791896294
13,8,3019.9361572265625,0.4422478195335789,symbolic,0.012396057659958841,0.10425752659218522,0.361462606263544,0.07003111686551411,0.009604873085218965,0.4422478195335789
13,9,579.1317138671875,0.41004947676628134,social_ethical,0.05689670036151153,0.054234528682844715,0.14687494137636595,0.23356920497604783,0.41004947676628134,0.09837514783694862
13,10,1976.11376953125,0.40461705609549203,symbolic,0.06717174674784122,0.06664865368397618,0.18301079222283914,0.2570745433560633,0.02147720789378814,0.40461705609549203
13,11,1262.9537353515625,0.3188747043939287,reasoning,0.03627815150360275,0.0049892147943039885,0.2861976140420604,0.3188747043939287,0.05217232706724658,0.3014879881988576
13,12,415.8140869140625,0.39072273569149846,computational,0.39072273569149846,0.014285089402172237,0.14769156067097058,0.1789810732840352,0.144831313526594,0.12348822742472952
13,13,3258.524169921875,0.49510752110131817,symbolic,0.10668525273443338,0.00887793171680497,0.1819681551879217,0.17741361955178406,0.029947519707737704,0.49510752110131817
13,14,1277.176025390625,0.33982692299237305,factual,0.077900328273227,0.02253468679851502,0.33982692299237305,0.3103767639214094,0.034429788468019404,0.21493150954645612
13,15,717.7342529296875,0.39073731746239887,social_ethical,0.01570459883949447,0.0005687385314742523,0.2528313195329201,0.29338438373931636,0.39073731746239887,0.04677364189439594
13,16,794.52392578125,0.2845678272599612,factual,0.12054990674078239,0.04013618611282675,0.2845678272599612,0.22626514502038797,0.14567473888955465,0.182806195976487
13,17,1138.4453125,0.36209777588679737,factual,0.19378319699974608,0.019315700036370873,0.36209777588679737,0.16422950364051853,0.16498769480720005,0.09558612862936708
13,18,104.783935546875,0.47949766423187595,computational,0.47949766423187595,0.0,0.1233122473467771,0.33753655098498353,0.02505620988128939,0.03459732755507403
13,19,686.0821533203125,0.35793224129663714,social_ethical,0.104408149975491,0.037263639412602516,0.3294635509844966,0.07618410482555911,0.35793224129663714,0.09474831350521361
13,20,1738.2899169921875,0.8889406520515242,reasoning,0.017113959614386755,0.002502234714981407,0.014384408617063778,0.8889406520515242,0.00901568538527652,0.06804305961676736
13,21,1181.2275390625,0.9431309457769121,symbolic,0.005161515141243592,0.001793602226232807,0.005037711530559857,0.03603139775309881,0.00884482757195284,0.9431309457769121
13,22,856.9674072265625,0.2778349059445945,reasoning,0.09983594664427059,0.07847140504569834,0.20862082792459613,0.2778349059445945,0.13068715094860217,0.20454976349223827
13,23,1257.397705078125,0.3255735926890487,reasoning,0.14364073090097065,0.040486371573234266,0.3175321209381743,0.3255735926890487,0.10050140758763419,0.07226577631093795
13,24,2274.4522705078125,0.3275690999823801,reasoning,0.0906588462742119,0.054766576752977476,0.1095780217947176,0.3275690999823801,0.1422276450594191,0.27519981013629385
13,25,497.3515625,0.5989045000078541,social_ethical,0.029323781436044045,0.07944375284711205,0.20467667606540896,0.07322968536466597,0.5989045000078541,0.014421604278914877
13,26,1586.6627197265625,0.28162906724995906,symbolic,0.04784619348556821,0.08562294597275061,0.19050755808169925,0.23721695613174426,0.15717727907827864,0.28162906724995906
13,27,1862.750732421875,0.357914930443377,symbolic,0.09356542422259377,0.019768338128767535,0.13673488271752426,0.20780471169267664,0.18421171279506074,0.357914930443377
13,28,1163.8387451171875,0.4216599100896806,reasoning,0.039881827117146156,0.002748011441377102,0.3634634258032191,0.4216599100896806,0.07307885418831031,0.09916797136026671
13,29,2256.0264892578125,0.27649677899943453,symbolic,0.10632540262574704,0.04927059245448755,0.2564998837477895,0.24793076746641443,0.06347657470612703,0.27649677899943453
13,30,3605.0643310546875,0.45255140515998427,symbolic,0.09616571631291118,0.042968728175665154,0.14980465543145466,0.18146872311347761,0.07704077180650715,0.45255140515998427
13,31,1209.7529296875,0.2604856605695733,symbolic,0.14032376025902757,0.01532668650865726,0.2202382249733005,0.16239716755180672,0.20122850013763463,0.2604856605695733
13,32,1966.1319580078125,0.38994625355282414,symbolic,0.04372294928654195,0.010265014494411064,0.14064412168140508,0.32667473915741,0.08874692182740776,0.38994625355282414
13,33,1649.818115234375,0.5802503975121547,symbolic,0.030739213528953462,0.0025818127738098497,0.09667199642479529,0.2866158452895272,0.003140734470759457,0.5802503975121547
13,34,4811.8460693359375,0.30324326486835174,symbolic,0.25295391320294813,0.010830103918087693,0.18217090831868565,0.24609416412432056,0.00470764556760617,0.30324326486835174
13,35,7159.787841796875,0.640845012790654,symbolic,0.03784984026899093,0.03585636958748321,0.0435942540824267,0.23721249160017133,0.004642031670273815,0.640845012790654
13,36,1099.5760498046875,0.4368390605088276,reasoning,0.08364052329738679,0.054203685347035936,0.10032397740295637,0.4368390605088276,0.06431722453400286,0.26067552890979045
13,37,808.160888671875,0.3152134279612848,factual,0.12065094025273795,0.0956973645614032,0.3152134279612848,0.17780955807562443,0.1531441801423286,0.137484529006621
13,38,1693.739013671875,0.2917978307919721,reasoning,0.07433281610019668,0.026898381346165904,0.2689082825289313,0.2917978307919721,0.1878831951602546,0.15017949407247944
13,39,1369.98486328125,0.31625033992948,reasoning,0.1991469062051253,0.03933059821529449,0.2939701232727751,0.31625033992948,0.028097243176372345,0.12320478920095276
13,40,925.165771484375,0.385018890459612,reasoning,0.12641117683987693,0.11187844028163238,0.0513321224368838,0.385018890459612,0.09946710352531311,0.22589226645668178
13,41,2071.04296875,0.4604469154279528,symbolic,0.05976653048829941,0.025078592553193495,0.07570713257775087,0.3281047536058032,0.05089607534700021,0.4604469154279528
13,42,2110.5157470703125,0.5541861186759822,factual,0.0965511417581175,0.00201569232379827,0.5541861186759822,0.09614580540789718,0.22311244295258148,0.027988798881623336
13,43,929.1470947265625,0.27103858821297516,factual,0.1796903215669087,0.06439667595646786,0.27103858821297516,0.16976425240879908,0.20750244397577217,0.10760771787907703
13,44,833.1279296875,0.3213115224885509,reasoning,0.034169750434579774,0.027690614366275436,0.3126143592424539,0.3213115224885509,0.05597668800395723,0.24823706546418278
13,45,2055.21484375,0.29872115759263307,factual,0.13571772216256284,0.07147428891824342,0.29872115759263307,0.22650888080055498,0.06594291389092154,0.20163503663508414
13,46,4126.55712890625,0.40398546287392223,symbolic,0.04823256230573,0.17202570549540425,0.07879941508822014,0.2552093261670044,0.041747528069718945,0.40398546287392223
13,47,859.9661865234375,0.35306024562932065,computational,0.35306024562932065,0.04666534087416852,0.11303601797797339,0.18528163083265306,0.2153169346712198,0.08663983001466463
13,48,910.5413818359375,0.3038901859526984,symbolic,0.20228806077900244,0.05081379861391806,0.1694130233250281,0.13847466636636455,0.13512026496298843,0.3038901859526984
13,49,2026.599609375,0.3484067851494624,reasoning,0.045627055788299946,0.03705370179227636,0.25903944511424715,0.3484067851494624,0.060219237504324806,0.24965377465138938
13,50,1539.429443359375,0.36183187923310794,symbolic,0.1675937669048766,0.01914042384881904,0.061976736828132505,0.20804287937060692,0.181414313814457,0.36183187923310794
13,51,2173.16064453125,0.4538196027396552,factual,0.1283651112100234,0.005954770928090453,0.4538196027396552,0.13198987649621974,0.04472588505949603,0.23514475356651515
13,52,39.35009765625,0.5304818275447021,creative,0.03782774324039261,0.5304818275447021,0.03751752720594622,0.0,0.39417290200895905,0.0
13,53,3105.054443359375,0.6047879579531955,factual,0.08038780802753323,0.006393856161470599,0.6047879579531955,0.17086627044504288,0.03345064982332942,0.1041134575894284
13,54,1614.4405517578125,0.4034367857782585,reasoning,0.11023994032133537,0.08691726292025169,0.10540125637622541,0.4034367857782585,0.15385342418511758,0.14015133041881148
13,55,1315.958251953125,0.7609469283407836,factual,0.012359547435004309,0.00510077149771853,0.7609469283407836,0.0912745713721194,0.060796376363246765,0.06952180499112735
13,56,489.6627197265625,0.47741128412439104,reasoning,0.003904951914795066,0.0053179541781414935,0.036788167078293736,0.47741128412439104,0.08981838134458084,0.38675926135979777
13,57,1201.844482421875,0.4080246731758944,social_ethical,0.011450295616986829,0.013156657197037024,0.2480040140124788,0.15880081377196306,0.4080246731758944,0.16056354622563992
13,58,877.4091796875,0.2670852129237913,factual,0.09044322162082748,0.06859990405880238,0.2670852129237913,0.2277888336466448,0.22263129864535927,0.1234515291045748
13,59,2379.7730712890625,0.5013575974805158,symbolic,0.05048273409817164,0.0660061725250872,0.08839574619285122,0.2729230282007772,0.020834721502596985,0.5013575974805158
13,60,451.9637451171875,0.2873320014357917,reasoning,0.04622838648724493,0.10825237198672136,0.2251111212544433,0.2873320014357917,0.18422427951806447,0.14885183931773427
13,61,1296.08935546875,0.39649405456844905,factual,0.02266018834452046,0.14128212460033204,0.39649405456844905,0.2629556082732348,0.008402398139535585,0.16820562607392806
13,62,3485.002685546875,0.4220039957768258,factual,0.14354455906240546,0.006831203543700193,0.4220039957768258,0.14953114878198442,0.10678149276780367,0.1713076000672805
13,63,3667.462646484375,0.4741903618623629,symbolic,0.07783688470859963,0.04752259813271626,0.07593469865750246,0.3018645677082574,0.022650888930561306,0.4741903618623629
13,64,2843.075439453125,0.3238263420486848,symbolic,0.07530422094458017,0.170750067173386,0.1648811011746691,0.1454717495230024,0.11976651913567753,0.3238263420486848
13,65,7478.3515625,0.5490529173269928,symbolic,0.07425854993946067,0.015825823810185442,0.07657367973076452,0.24465635312971087,0.03963267606288568,0.5490529173269928
13,66,2432.3900146484375,0.3720401629236853,symbolic,0.01790728248959821,0.09821707055240356,0.14996367334384247,0.20876231968471162,0.15310949100575882,0.3720401629236853
13,67,3646.7528076171875,0.4504608140288548,factual,0.032596154293542734,0.018776001324755185,0.4504608140288548,0.20240305020395694,0.03152958176384913,0.2642343983850412
13,68,2437.28271484375,0.2939690637486715,reasoning,0.13922324806598343,0.045288492263432935,0.19312649064269552,0.2939690637486715,0.09043033683892093,0.23796236844029567
13,69,1298.560546875,0.6290059004637045,factual,0.074116396911845,0.002991781765566741,0.6290059004637045,0.22030064840425773,0.043230146661793485,0.030355125792832508
13,70,174.200927734375,0.9181054115681677,factual,0.005360694129304146,0.0,0.9181054115681677,0.017043503609534046,0.0594903906929941,0.0
13,71,1204.42578125,0.3964246853239841,symbolic,0.04303301949515621,0.026596853077679002,0.26365427151813137,0.2034071117914722,0.06688405879357708,0.3964246853239841
13,72,1843.8819580078125,0.3813839197552135,reasoning,0.03126212961055952,0.04334276658297959,0.34234990199655335,0.3813839197552135,0.018248031903966618,0.18341325015072743
13,73,1258.6591796875,0.40392346533816137,factual,0.042583718878674064,0.07781931727633651,0.40392346533816137,0.20257336482352328,0.13301808875547283,0.14008204492783197
13,74,831.3271484375,0.39563659505285576,social_ethical,0.13324847083036231,0.06391397532418866,0.15989190970292935,0.0684220449464864,0.39563659505285576,0.1788870041431775
13,75,980.359375,0.4981332578933108,social_ethical,0.021656051272651928,0.002746820362430869,0.17888399901184196,0.13873410181215434,0.4981332578933108,0.1598457696476101
13,76,1020.166259765625,0.3122181323366361,symbolic,0.07565881499573661,0.040882103842889046,0.15553794200499163,0.20517895822070592,0.2105240485990407,0.3122181323366361
13,77,2061.2373046875,0.31844649683731563,factual,0.04599004030403083,0.08500185009098847,0.31844649683731563,0.20463800754912928,0.09427581611280011,0.25164778910573565
13,78,1685.823486328125,0.47078904924785664,reasoning,0.07689149506606173,0.0055096694010093655,0.07330785663360866,0.47078904924785664,0.013919427764823647,0.35958250188664
13,79,668.434814453125,0.5566353739295207,reasoning,0.11121078165855768,0.00249241300569157,0.18402437772767466,0.5566353739295207,0.0663586700653674,0.07927838361318802
13,80,1333.096923828125,0.4339734614810548,computational,0.4339734614810548,0.06379591840472203,0.2400788225695535,0.060445409784877016,0.18617134568842925,0.015535042071363362
13,81,2508.322509765625,0.3025520316205164,reasoning,0.03692152170377344,0.04866523932194864,0.26641675967572404,0.3025520316205164,0.09558745305788183,0.24985699462015562
13,82,1019.2296142578125,0.38563420763015493,social_ethical,0.04465748906315554,0.028274888320047754,0.15447757592074954,0.1951647811511284,0.38563420763015493,0.1917910579147638
13,83,1156.927001953125,0.7314388133805945,factual,0.029688486872023623,0.0003659175064937696,0.7314388133805945,0.07897476836303406,0.08723186360688727,0.07230015027096677
13,84,776.5987548828125,0.35058018072282526,factual,0.052049255119974436,0.1484261691127662,0.35058018072282526,0.21223292360753404,0.11166575001135667,0.12504572142554335
13,85,2512.5966796875,0.3798892319519732,symbolic,0.1051333534662651,0.05199864044410604,0.15846478038974712,0.22523003234872416,0.07928396139918434,0.3798892319519732
13,86,705.9705810546875,0.24236548925001614,factual,0.1082542508953781,0.21212243298000055,0.24236548925001614,0.19647741579174974,0.15004311544027288,0.0907372956425826
13,87,2430.099365234375,0.6005258152079727,symbolic,0.01158013106098273,0.08661252860372241,0.03588439138180656,0.24494290407162692,0.020454229673888682,0.6005258152079727
13,88,458.0771484375,0.37654853956010925,reasoning,0.030709103739092802,0.01919538833140399,0.20496150902528615,0.37654853956010925,0.27808423458282433,0.09050122476128347
13,89,2613.267333984375,0.4314697864142214,symbolic,0.04902613924607035,0.004422762714637027,0.127978867226778,0.3595397509123507,0.027562693485942518,0.4314697864142214
13,90,851.478759765625,0.7612560524157048,social_ethical,0.025487598121030824,0.009799128756067468,0.07580877362653494,0.07221237638907725,0.7612560524157048,0.055436070691584634
13,91,1465.8275146484375,0.5233223787458073,factual,0.023500883864744502,0.0273809447471902,0.5233223787458073,0.3264679162552416,0.06339051132243771,0.035937365064578716
13,92,667.15673828125,0.28751343921741124,reasoning,0.08274056839564471,0.033383784527536035,0.2422134875949345,0.28751343921741124,0.19380028499557575,0.16034843526889778
13,93,1974.81884765625,0.3935936939429521,symbolic,0.06636820673573451,0.06730702900211624,0.17583038297866027,0.22526776956648267,0.07163291777405413,0.3935936939429521
13,94,942.5367431640625,0.3217321626609954,symbolic,0.056748243583528646,0.04124611251970371,0.07386125141994293,0.30244075417214883,0.20397147564368048,0.3217321626609954
13,95,1709.9757080078125,0.38156466523954213,symbolic,0.3086291159249695,0.019456142618985088,0.14280387783629225,0.09804998115021993,0.04949621722999109,0.38156466523954213
13,96,3245.230712890625,0.38024760644470385,reasoning,0.08193739836817325,0.2478548561158521,0.048254067247873136,0.38024760644470385,0.007669683538756732,0.23403638828464096
13,97,1277.613037109375,0.3455154618588627,reasoning,0.11118126281863744,0.04720621780232493,0.0987177206334368,0.3455154618588627,0.12021290236404672,0.2771664345226914
13,98,1348.18310546875,0.7662806822984782,reasoning,0.024917251552744418,0.013315265517574832,0.0628058813239317,0.7662806822984782,0.05977536318229214,0.07290555612497868
13,99,1360.5955810546875,0.27679959418621874,social_ethical,0.05291961716486786,0.05206011592141718,0.2302899901570061,0.24830524388168346,0.27679959418621874,0.13962543868880664
13,100,873.759521484375,0.4813602934293847,symbolic,0.00041940038318833144,0.02729315751488089,0.1776254226485707,0.1902700228756225,0.12303170314835289,0.4813602934293847
13,101,1198.598388671875,0.308982924595154,factual,0.07679501957343976,0.06411806270303917,0.308982924595154,0.2689355385186026,0.08184934429638785,0.19931911031337668
13,102,1003.0625,0.2822836995295657,symbolic,0.1161250798336345,0.06470248341018132,0.19324607452177706,0.253197604796249,0.09044505790859243,0.2822836995295657
13,103,1014.0723876953125,0.5239882941241545,reasoning,0.006140637351739997,0.022057517977302078,0.258380690384736,0.5239882941241545,0.11362803304715466,0.0758048271149128
13,104,6643.1304931640625,0.5977875994397335,symbolic,0.004658977472194545,0.1319248757706766,0.07348523374223237,0.056264378191867866,0.13587893538329518,0.5977875994397335
13,105,1213.9825439453125,0.2604042556293675,reasoning,0.11030729682265714,0.07592812227719711,0.18398794563469179,0.2604042556293675,0.16648437975272865,0.20288799988335782
13,106,540.677734375,0.295721244676278,social_ethical,0.0684249549357541,0.05670215513660156,0.23190363476106016,0.2506935739649673,0.295721244676278,0.09655443652533893
13,107,1140.8377685546875,0.5696007262343936,social_ethical,0.03675170609763183,0.00038798413352475025,0.1980233139302033,0.08348934910793074,0.5696007262343936,0.11174692049631581
13,108,1541.902099609375,0.46716741367568815,social_ethical,0.1463012959433507,0.01029715003932307,0.2121558400102856,0.09697954171166745,0.46716741367568815,0.06709875861968503
13,109,2892.3768310546875,0.369919733188725,symbolic,0.04954088001819505,0.15244612523888076,0.1510891351276091,0.1925773784645969,0.08442674796199313,0.369919733188725
13,110,61.300048828125,0.4893243323973953,reasoning,0.01942370113706514,0.0,0.4663918593305056,0.4893243323973953,0.006169225561064978,0.018690881573968976
13,111,1591.990966796875,0.4076316614768598,factual,0.03325499421466248,0.019689700412296354,0.4076316614768598,0.34312319280087783,0.04096080309226099,0.15533964800304256
13,112,2070.6927490234375,0.432819797543081,symbolic,0.030221689825247307,0.006623665523696562,0.11080382347228089,0.28730813886482526,0.13222288477086902,0.432819797543081
13,113,2482.2601318359375,0.33141601722181446,symbolic,0.12166715229036117,0.0562379285629104,0.17531123561109288,0.28644342729844463,0.028924239015376444,0.33141601722181446
13,114,1881.1103515625,0.6124935561557985,factual,0.012912736981617717,0.017016810321779492,0.6124935561557985,0.16582327799457705,0.01702213152242925,0.17473148702379795
13,115,229.1029052734375,0.5334889874366678,social_ethical,0.02929437220902904,0.04868684166919311,0.20114012545749146,0.08062506027511561,0.5334889874366678,0.10676461295250295
13,116,734.1715087890625,0.4115269307502594,symbolic,0.09444106270803429,0.003622679356131428,0.09711850008970238,0.3503141578625593,0.042976669233313156,0.4115269307502594
13,117,1574.0921630859375,0.3833249463375738,reasoning,0.061404131209992614,0.046247515405821636,0.26283875339541496,0.3833249463375738,0.09799927304948451,0.14818538060171246
13,118,2108.021728515625,0.47754039425988226,symbolic,0.038138472401912475,0.07503239636262014,0.1553703377062391,0.22337166077727877,0.030546738492067307,0.47754039425988226
13,119,1875.8746337890625,0.2894878137899866,symbolic,0.0560475533385631,0.10734628020197609,0.2490419020033949,0.21612821883541955,0.08194823183065972,0.2894878137899866
13,120,4755.28564453125,0.5230419994198479,symbolic,0.01541310168321127,0.35300495696349404,0.057773294006207114,0.0477247511891835,0.0030418967380561822,0.5230419994198479
13,121,2634.7178955078125,0.3831499171431432,factual,0.03714290784270601,0.0011903477310027252,0.3831499171431432,0.16768613627127882,0.36982207192504274,0.04100861908682649
13,122,923.0457763671875,0.3086051599458368,social_ethical,0.044774968654083515,0.041975954531262,0.24951680142446211,0.23500861128299586,0.3086051599458368,0.12011850416135969
13,123,1546.73681640625,0.33118394098967807,social_ethical,0.026116758536194995,0.022440767278137534,0.21535904249022245,0.18392362701592346,0.33118394098967807,0.2209758636898435
13,124,1388.834716796875,0.5658972479844575,factual,0.04894854980964785,0.008796436845398051,0.5658972479844575,0.1767857039267723,0.0409046618478459,0.1586673995858784
13,125,2285.153564453125,0.298008523300615,factual,0.1772696527741646,0.05372346057244298,0.298008523300615,0.24978309269380553,0.12098107166578935,0.10023419899318257
13,126,2039.248779296875,0.7028746056843705,social_ethical,0.01980769716559658,0.006013459258930248,0.045361277459925534,0.15672179373460016,0.7028746056843705,0.06922116669657694
13,127,511.061279296875,0.6124357296851346,factual,0.05815869339757618,0.003005770295518049,0.6124357296851346,0.16298899301440256,0.057350880687830307,0.10605993291953832
15,0,988.0284423828125,0.3261498834496819,reasoning,0.0998484172519922,0.022712331674765125,0.17348261888632827,0.3261498834496819,0.16044828166889036,0.21735846706834222
15,1,1197.991455078125,0.5475141191932379,symbolic,0.08830128064694874,0.003564519307524211,0.08839981389748833,0.24715420280486564,0.025066064149935206,0.5475141191932379
15,2,1436.31591796875,0.35074517902824165,symbolic,0.051314346905994235,0.14396921717107333,0.13411514239820505,0.2596155120981107,0.06024060239837502,0.35074517902824165
15,3,1295.9383544921875,0.488134832320067,symbolic,0.04553863120455879,0.03461084045357683,0.1529320828192274,0.19069589698960857,0.08808771621296141,0.488134832320067
15,4,1378.73681640625,0.31442177916337455,reasoning,0.07081854604655742,0.05721577686776668,0.15819525274529128,0.31442177916337455,0.13716982929559687,0.2621788158814132
15,5,520.7161865234375,0.3185814215556765,reasoning,0.06872577042914574,0.028263075733987356,0.2965770973018072,0.3185814215556765,0.10016979600333543,0.18768283897604782
15,6,864.5435791015625,0.4154535908395261,social_ethical,0.068046144629297,0.05679986320907169,0.17062691559189258,0.18848400550044117,0.4154535908395261,0.10058948022977149
15,7,2052.3184814453125,0.4710200859558071,symbolic,0.0493232661969513,0.020178089126406618,0.10071974025660409,0.2628654604319512,0.09589335803227973,0.4710200859558071
15,8,912.1241455078125,0.3245397123520885,factual,0.07358446149359733,0.04652306888499263,0.3245397123520885,0.1954885366551211,0.24226548258519903,0.1175987380290014
15,9,376.007080078125,0.3529375862348835,symbolic,0.01501436571706842,0.0685593701809918,0.17112831750669588,0.23787289992695398,0.1544874604334064,0.3529375862348835
15,10,3376.314453125,0.31373313518519697,reasoning,0.051083403281013816,0.01374218837223697,0.19613078933956857,0.31373313518519697,0.13668634843026992,0.2886241353917138
15,11,978.9111328125,0.3004805941710187,social_ethical,0.10651607883041286,0.017184172066180836,0.19839922486420158,0.15562746594440371,0.3004805941710187,0.2217924641237823
15,12,1141.0677490234375,0.24069574021299736,social_ethical,0.06792483268748314,0.19268911778358294,0.12698998366109387,0.1635088777076792,0.24069574021299736,0.2081914479471635
15,13,1271.645263671875,0.3746794520432226,social_ethical,0.06431223468458964,0.05903957237361862,0.07409258313896148,0.1373722103904287,0.3746794520432226,0.2905039473691789
15,14,1369.3062744140625,0.4024398082364678,symbolic,0.04727762520172978,0.04197013610247048,0.23796728587669982,0.18204181252321736,0.08830333205941471,0.4024398082364678
15,15,575.916015625,0.4037280114220213,factual,0.1949755654205766,0.03398415906724681,0.4037280114220213,0.16243653961589724,0.07596296999684606,0.12891275447741202
15,16,1187.451904296875,0.4023865686994313,factual,0.0820382733428965,0.0632410482085726,0.4023865686994313,0.18476827700464019,0.22081188321155276,0.04675394953290666
15,17,13606.191772460938,0.6994310693886019,symbolic,0.019538735214535998,0.1340863552120844,0.028921392285686656,0.11391464150497385,0.004107806394117209,0.6994310693886019
15,18,1472.6407470703125,0.3829586070741958,social_ethical,0.07874104775473018,0.03675129869155619,0.2087861004504938,0.18999661219908398,0.3829586070741958,0.10276633382994002
15,19,2376.411376953125,0.31185610196078994,factual,0.06862898394775883,0.03175035476964193,0.31185610196078994,0.21879154667646622,0.17993557693562245,0.18903743570972062
15,20,1252.2857666015625,0.23439140828904176,symbolic,0.11432239386473465,0.22163699680028465,0.1582580681322484,0.18129328937075515,0.0900978435429354,0.23439140828904176
15,21,2652.3758544921875,0.3192086730540771,reasoning,0.11753686891584476,0.04663456071016813,0.21317359790794138,0.3192086730540771,0.11335531054645279,0.19009098886551584
15,22,946.8353271484375,0.2659409074354007,reasoning,0.18186225057129687,0.0633139409332203,0.26342017475721896,0.2659409074354007,0.056813952214117884,0.1686487740887452
15,23,1308.926513671875,0.47176408312587675,factual,0.10137981703533225,0.03648680382208778,0.47176408312587675,0.1043811060732131,0.2282480220048521,0.05774016793863799
15,24,1638.609130859375,0.3227850053257403,reasoning,0.10457209103507092,0.03832998373149866,0.3170363495741717,0.3227850053257403,0.06098527610488066,0.15629129422863777
15,25,481.43310546875,0.3875179390958189,factual,0.07770557062805852,0.040274347726869344,0.3875179390958189,0.16061107026040214,0.048975126144172015,0.28491594614467913
15,26,2385.106689453125,0.5013793072387169,creative,0.074808813686249,0.5013793072387169,0.24304166367688815,0.07009255535423527,0.00349059414823658,0.107187065895674
15,27,2018.3958740234375,0.42731010706635786,factual,0.04549541542909248,0.052922463239276386,0.42731010706635786,0.21446698243493878,0.12666677512544983,0.1331382567048847
15,28,1193.4783935546875,0.3792798897409475,symbolic,0.02253641847299395,0.039827656304736385,0.14686608076629018,0.2681657670189399,0.1433241876960921,0.3792798897409475
15,29,2559.903564453125,0.4272128819549916,symbolic,0.10204022463691059,0.04571037822717664,0.10416246835470201,0.2901658168313645,0.030708229994854733,0.4272128819549916
15,30,1289.3519287109375,0.34686719487509005,reasoning,0.024469032568539772,0.026454098232300306,0.2625368868410322,0.34686719487509005,0.1251217174628689,0.21455107002016877
15,31,992.4254150390625,0.38315406406608454,symbolic,0.2653217135802451,0.018604790755759968,0.07835276703457796,0.10154184239040122,0.15302482217293123,0.38315406406608454
15,32,1467.8853759765625,0.32005834219063634,symbolic,0.06806084399584629,0.0036607321281302814,0.2714092745920824,0.174543907454829,0.16226689963847568,0.32005834219063634
15,33,2558.40234375,0.24633135723130434,symbolic,0.11115779081183172,0.0735562183277833,0.16837266261140146,0.2262814317406951,0.17430053927698408,0.24633135723130434
15,34,741.951171875,0.46107806696342785,social_ethical,0.10869809860508214,0.0,0.17709783904874973,0.1330403891765536,0.46107806696342785,0.1200856062061867
15,35,3123.5538330078125,0.47625993169573433,symbolic,0.05773066152918501,0.00733804428948037,0.15851065921014307,0.2191707623445897,0.0809899409308675,0.47625993169573433
15,36,1555.611572265625,0.3715266601117269,factual,0.0235338292174014,0.0,0.3715266601117269,0.18755529259069476,0.08837751116837747,0.32900670691179945
15,37,744.3709716796875,0.38300594943789545,social_ethical,0.10230592990653976,0.01697243651776427,0.2193404043072625,0.21972775159657765,0.38300594943789545,0.05864752823396038
15,38,1477.067138671875,0.532406170047373,reasoning,0.08471542546553616,0.0266461511913835,0.24253681818730272,0.532406170047373,0.01914639953574068,0.0945490355726639
15,39,2194.660888671875,0.3559871696792564,symbolic,0.1290195010062484,0.00748020069569137,0.20012790718241436,0.23002190040615925,0.07736332103023016,0.3559871696792564
15,40,2132.5155029296875,0.35912235260324427,symbolic,0.20108952900778823,0.04042481419258989,0.032448886683911514,0.3254079508667845,0.041506466645681604,0.35912235260324427
15,41,2971.495849609375,0.7407975123666457,factual,0.00812192867337258,0.06465487883041073,0.7407975123666457,0.05979559859396494,0.09042310948089378,0.036206972054712225
15,42,928.947021484375,0.5814129268401014,computational,0.5814129268401014,0.014915503866393585,0.06326086402326223,0.13452337431572994,0.06597967866738398,0.1399076522871289
15,43,910.6529541015625,0.31051053281142577,reasoning,0.14707719191337237,0.0812172112617189,0.13682983361145856,0.31051053281142577,0.08935654616599391,0.23500868423603052
15,44,2824.4029541015625,0.5749019481742828,social_ethical,0.0010039110087434217,0.0005573633704475274,0.23737931339108284,0.09381424767895281,0.5749019481742828,0.09234321637649066
15,45,1272.2254638671875,0.3795502832402504,factual,0.05628574205644924,0.008676202647247366,0.3795502832402504,0.26103909673998577,0.05380562078304782,0.2406430545330194
15,46,1760.283203125,0.5169087338352205,symbolic,0.015264794483309571,0.036873172707250365,0.1160869722001853,0.20737955817656295,0.10748676859747133,0.5169087338352205
15,47,1631.57958984375,0.3560330393015061,symbolic,0.05557425987026687,0.06127907585721874,0.1832648755414899,0.2504147120657793,0.09343403736373906,0.3560330393015061
15,48,2300.8760986328125,0.7961131377383265,factual,0.053633294085870926,0.006767760051487691,0.7961131377383265,0.057951876665525835,0.07635625377710183,0.009177677681687252
15,49,897.5169677734375,0.3129815480779968,factual,0.09551171927650327,0.026016738073615917,0.3129815480779968,0.2342220473449767,0.1441056658731453,0.18716228135376206
15,50,1485.524658203125,0.2866706526146115,factual,0.09418009965636812,0.013862618573870994,0.2866706526146115,0.2758460593596177,0.13093723956231926,0.19850333023321245
15,51,2395.8868408203125,0.3511607544770357,reasoning,0.16013375380627964,0.004276891574177649,0.18419502010102864,0.3511607544770357,0.009654505847907778,0.2905790741935706
15,52,751.947998046875,0.5362120975500158,symbolic,0.18541554991121692,0.05310295946823014,0.021578069201121177,0.2020318969707261,0.0016594268986898936,0.5362120975500158
15,53,1413.08251953125,0.31934812903832177,reasoning,0.1247758719526965,0.017283732199766897,0.08400884176292064,0.31934812903832177,0.17121059035042588,0.2833728346958683
15,54,1132.0858154296875,0.6691560868734006,symbolic,0.030606055802822652,0.025329610686682956,0.10912172431302106,0.1440900612213848,0.021696461102687963,0.6691560868734006
15,55,1679.2908935546875,0.2771701690319175,symbolic,0.10516967269379231,0.09933013979827068,0.19788306119664448,0.2249542788119084,0.09549267846746663,0.2771701690319175
15,56,1966.69091796875,0.5919670945530084,social_ethical,0.03783073715738906,0.0006072819712482028,0.2082592334294077,0.11265924703490729,0.5919670945530084,0.048676405854039304
15,57,2137.7762451171875,0.23210330718977462,symbolic,0.06888090063744161,0.11958169925384848,0.17558940065254497,0.22529206437650287,0.17855262788988746,0.23210330718977462
15,58,963.1962890625,0.29171178419021143,factual,0.26045002955451263,0.0668945862013377,0.29171178419021143,0.19590307539290266,0.054887875349914274,0.1301526493111213
15,59,725.513916015625,0.2957309019569574,factual,0.09389693795312792,0.039935996338802134,0.2957309019569574,0.25100539925732873,0.14161096071110693,0.17781980378267695
15,60,1167.916748046875,0.40173590504761186,factual,0.033674158151272206,0.06563513383852584,0.40173590504761186,0.20825603230244155,0.11158272724099129,0.17911604341915724
15,61,1455.385986328125,0.31143318502578565,social_ethical,0.036667074298541866,0.007156455655942594,0.16495939365848936,0.18380926451634982,0.31143318502578565,0.2959746268448907
15,62,1757.5732421875,0.38680570410972603,symbolic,0.08306838986417596,0.06849904570344297,0.20303235718194976,0.24233673472222608,0.01625776841847918,0.38680570410972603
15,63,1997.4046630859375,0.506471013196507,factual,0.11359088475346334,0.02454809063445918,0.506471013196507,0.1379393755532005,0.13360868250725016,0.08384195335511982
15,64,2691.7740478515625,0.39399613976917974,symbolic,0.0158665726604034,0.1270184730288808,0.23794131362581847,0.1528261762849625,0.07235132463075505,0.39399613976917974
15,65,1852.254150390625,0.4391882620851151,social_ethical,0.08129070456671446,0.18605655350526365,0.11454898242784571,0.14051119880983276,0.4391882620851151,0.038404298605228294
15,66,956.9835205078125,0.4374445205111632,reasoning,0.019448801592018172,0.025498465548473143,0.12167354264734376,0.4374445205111632,0.11768048636099071,0.27825418334001095
15,67,4498.8370361328125,0.4716316524184188,symbolic,0.1070063869859162,0.03416887822544634,0.06137157354006934,0.308698702597104,0.017122806233045306,0.4716316524184188
15,68,3273.4139404296875,0.37673924935393516,factual,0.18382680036442683,0.01220123638270517,0.37673924935393516,0.08161275922070889,0.04472705221961062,0.30089290245861333
15,69,4041.106201171875,0.5667467216630173,symbolic,0.037546614923022206,0.0016250844063367116,0.23168396841757594,0.15924778993897612,0.0031498206510716803,0.5667467216630173
15,70,2569.385498046875,0.4714387398266643,symbolic,0.06885661555559124,0.008909463262918816,0.053363375829979715,0.3877276977648569,0.009704107759989046,0.4714387398266643
15,71,1879.648681640625,0.4034662239102247,symbolic,0.03247651233445828,0.029344174164029,0.23477125267939214,0.2757040779494485,0.0242377589624474,0.4034662239102247
15,72,734.0296630859375,0.3815678948760978,symbolic,0.1762926748632294,0.0,0.06412756264539958,0.30382671638641245,0.07418515122886078,0.3815678948760978
15,73,2254.8033447265625,0.4567724858644596,social_ethical,0.02228391656721986,0.008999884090761318,0.26677591333475426,0.13355602777035938,0.4567724858644596,0.11161177237244556
15,74,1835.4964599609375,0.4552821764962554,symbolic,0.053678187452876815,0.03332143552836197,0.12461271447722115,0.21680154946796726,0.11630393657731741,0.4552821764962554
15,75,1211.368896484375,0.2626330498792063,reasoning,0.10369813818343344,0.047542538777012304,0.22303878839937466,0.2626330498792063,0.13642831273616837,0.22665917202480487
15,76,1458.4913330078125,0.515208410874458,factual,0.04866554217912161,0.00624273882380433,0.515208410874458,0.2224717673584639,0.022507438716949275,0.18490410204720287
15,77,730.0537109375,0.6200289268635254,reasoning,0.034897836337491224,0.0009758218238972679,0.023597465137277195,0.6200289268635254,0.2005353977861753,0.11996455205163362
15,78,916.100341796875,0.3703382176541775,factual,0.09984950752155917,0.022183715951643066,0.3703382176541775,0.19161234288833096,0.1960675545198778,0.11994866146441148
15,79,635.23974609375,0.6083092935968596,social_ethical,0.019056151136343548,0.0011057125792965409,0.09546888439480972,0.15619890835383726,0.6083092935968596,0.11986104993885337
15,80,842.1851806640625,0.3566098642722955,factual,0.03255719773115099,0.02384167048233696,0.3566098642722955,0.23043981597235963,0.25873389899467775,0.09781755254717915
15,81,1789.6689453125,0.3784053003867139,symbolic,0.02702195380277755,0.11736762538462672,0.171870233943625,0.2709877001300323,0.034347186352224494,0.3784053003867139
15,82,1047.3961181640625,0.3998153204753837,symbolic,0.1274124389340241,0.0037217947362722546,0.03776664810858494,0.3960500539085663,0.03523374383716874,0.3998153204753837
15,83,1489.0140380859375,0.3331876537495523,social_ethical,0.058868816477582436,0.036789628597402375,0.15272073633692335,0.23655372112959802,0.3331876537495523,0.18187944370894155
15,84,1644.2515869140625,0.2556986940103903,social_ethical,0.11902179920887675,0.027908472261724437,0.18056099059007139,0.19225463593905406,0.2556986940103903,0.22455540798988308
15,85,897.259521484375,0.32577020141898005,symbolic,0.05810675682110376,0.06778153421265654,0.1889405266415885,0.26003537246525676,0.09936560844041441,0.32577020141898005
15,86,2857.4276123046875,0.6169325018870647,symbolic,0.08830501750103287,0.02694030817692736,0.10318092748190398,0.1329694015053883,0.03167184344768276,0.6169325018870647
15,87,956.146240234375,0.6026654750885704,computational,0.6026654750885704,0.0,0.014806549423893268,0.28672279850627175,0.015954294468737033,0.07985088251252753
15,88,1217.884521484375,0.44414232462756503,symbolic,0.09383907442284234,0.0400953802329579,0.17370829244726071,0.1408259671581682,0.10738896111120577,0.44414232462756503
15,89,1562.677978515625,0.647432034694798,symbolic,0.037146237561377776,0.06187014010435374,0.08063573696058683,0.10855716591032052,0.06435868476856309,0.647432034694798
15,90,858.57763671875,0.396830127044013,reasoning,0.10771755839366867,0.017311516879013313,0.20424803240734157,0.396830127044013,0.14260617948357765,0.13128658579238578
15,91,1476.78759765625,0.4195132620324745,symbolic,0.12499334592180227,0.10330121631589893,0.04093092951107652,0.30351341941588933,0.007747826802858427,0.4195132620324745
15,92,1382.777587890625,0.4234970974726233,social_ethical,0.03293833159982676,0.0014912099652233451,0.2730111300479514,0.13016500946263299,0.4234970974726233,0.13889722145174216
15,93,1718.4019775390625,0.4798657029203854,reasoning,0.08119783345335053,0.04383131840119047,0.14475175335573987,0.4798657029203854,0.07906885122832756,0.1712845406410062
15,94,1999.29150390625,0.43026002375353184,reasoning,0.03786021366455744,0.02987740530153626,0.06282816495785006,0.43026002375353184,0.10653529851517224,0.3326388938073522
15,95,2013.458984375,0.44853274982515123,reasoning,0.04639190758285794,0.12134339372445778,0.10537844204673433,0.44853274982515123,0.014059864233949079,0.2642936425868496
15,96,994.419677734375,0.4566225639512288,reasoning,0.08653661312652171,0.02002753156469095,0.26394752160677887,0.4566225639512288,0.03755060895234957,0.13531516079843012
15,97,1401.3782958984375,0.31815523065104623,reasoning,0.06107564826794491,0.06643013544056402,0.22407818892724804,0.31815523065104623,0.15741382189392053,0.17284697481927624
15,98,1736.6759033203125,0.41948958620422555,factual,0.06783097226940414,0.01003834369789122,0.41948958620422555,0.35319676198151817,0.1030273112479088,0.046417024599052115
15,99,1942.7816162109375,0.3705437678174045,factual,0.08339194058132987,0.08310925603698638,0.3705437678174045,0.28682094997212426,0.04313996114548377,0.13299412444667125
15,100,879.89501953125,0.4692049222402575,reasoning,0.05422150081158696,0.07205865623395902,0.1873916843551005,0.4692049222402575,0.15561132614697354,0.061511910212122475
15,101,1014.706298828125,0.2950009828602171,reasoning,0.06979221829746475,0.009996061341064044,0.22416587408273397,0.2950009828602171,0.19102435688821404,0.21002050653030613
15,102,3490.74560546875,0.6325489257519219,symbolic,0.03663030191296826,0.04299562585055043,0.16990852067415418,0.08245273810621193,0.0354638877041933,0.6325489257519219
15,103,1117.9464111328125,0.35364318185515803,symbolic,0.055881401368847235,0.03107373411221857,0.08896327745892023,0.28941561441490193,0.18102279078995398,0.35364318185515803
15,104,907.071044921875,0.47896221715078713,social_ethical,0.007488635699930263,0.09544989278302013,0.2602607066927242,0.09413575470283791,0.47896221715078713,0.0637027929707003
15,105,3602.83154296875,0.2752722434163992,factual,0.06541492497423969,0.06692368022710002,0.2752722434163992,0.2649531435439167,0.056359784560727585,0.27107622327761677
15,106,1516.6566162109375,0.24945899017992826,social_ethical,0.07175335151629637,0.020220933705642204,0.21581396232316422,0.20669307641842685,0.24945899017992826,0.23605968585654208
15,107,1982.570556640625,0.5012685009215442,reasoning,0.03223834567087271,0.014674145744487882,0.1008980976673055,0.5012685009215442,0.0843260031359717,0.266594906859818
15,108,1527.251708984375,0.2618011827119377,reasoning,0.13119508640466346,0.12389933025056017,0.17120556977298665,0.2618011827119377,0.11411669149499579,0.19778213936485622
15,109,2043.4443359375,0.5153953764109407,reasoning,0.07287309311838018,0.0006927163705198646,0.1722566257281407,0.5153953764109407,0.00831313408398714,0.2304690542880314
15,110,2506.3560791015625,0.6093208141858475,reasoning,0.0559006985608708,0.04686760988383587,0.2249814180928381,0.6093208141858475,0.012356280314468065,0.05057317896213966
15,111,808.7060546875,0.24653505249874716,factual,0.10507779716585257,0.04699739770442511,0.24653505249874716,0.21472349854790698,0.1489975728008791,0.23766868128218907
15,112,2678.0355224609375,0.4060157895262235,reasoning,0.05953925586505201,0.03781494851030384,0.0822597130419368,0.4060157895262235,0.019479255318979215,0.3948910377375046
15,113,3729.7623291015625,0.5698497945275174,symbolic,0.017007540007657865,0.08349090843871515,0.15248934737739767,0.14934280912422782,0.027819600524484137,0.5698497945275174
15,114,1312.28759765625,0.5695943167886172,factual,0.06010217427299433,0.003543728244712221,0.5695943167886172,0.13543011982965994,0.07455940600506407,0.15677025485895224
15,115,1414.6279296875,0.2492172501465229,reasoning,0.13465635978431276,0.007238645596822817,0.24126385236842451,0.2492172501465229,0.1836938130402277,0.1839300790636893
15,116,1203.512451171875,0.4479721120653718,reasoning,0.036044905993138976,0.006502167422950442,0.37770537369560575,0.4479721120653718,0.07070947322767607,0.06106596759525697
15,117,1722.1500244140625,0.3239395817350805,reasoning,0.033197113692636296,0.009522781389910995,0.21689437790427785,0.3239395817350805,0.12052847446028818,0.29591767081780623
15,118,8.520751953125,0.8213518237299791,social_ethical,0.12248932695338242,0.0,0.05615884931663849,0.0,0.8213518237299791,0.0
15,119,968.16796875,0.26536205220071735,factual,0.07912541204191227,0.01621942215282569,0.26536205220071735,0.21124839117050162,0.18817555708873476,0.23986916534530828
15,120,2094.60302734375,0.3934308946425046,creative,0.055115604719812146,0.3934308946425046,0.12058962917859725,0.1513499514073907,0.13925856233479503,0.14025535771690031
15,121,3105.347900390625,0.3794083181696143,reasoning,0.07525174918363568,0.046379792295376275,0.12418541444812514,0.3794083181696143,0.06373876184647123,0.31103596405677736
15,122,1869.0772705078125,0.40707727750176487,factual,0.19262578192142224,0.11483004158774712,0.40707727750176487,0.08220720124983337,0.11728081692424136,0.08597888081499105
15,123,1601.2872314453125,0.3345920354451165,factual,0.07466489095496215,0.06508496696650225,0.3345920354451165,0.22997336813606303,0.14437672023659553,0.1513080182607605
15,124,1306.8857421875,0.346209530200239,reasoning,0.07059213854501137,0.03767576112403428,0.229690749343733,0.346209530200239,0.08002030261886597,0.23581151816811644
15,125,7139.1427001953125,0.6268599213625736,symbolic,0.056002941119290404,0.01934974979505883,0.14474763523206072,0.14758764969964275,0.005452102791373695,0.6268599213625736
15,126,1822.4803466796875,0.32931000426731605,factual,0.0801645224145949,0.07560416748857098,0.32931000426731605,0.17807849410027315,0.12686092253732964,0.2099818891919153
15,127,1224.9781494140625,0.4877646992467679,reasoning,0.03922323630413927,0.036591851676244624,0.11613707634493241,0.4877646992467679,0.054551554999237174,0.26573158142867864
17,0,1044.962890625,0.29823548982189485,social_ethical,0.04160117079516505,0.0621337760573884,0.19117310348565758,0.1370943850802118,0.29823548982189485,0.26976207475968234
17,1,865.36376953125,0.3742702135403001,factual,0.02588890487596381,0.09437753383382282,0.3742702135403001,0.15616231206958328,0.11259489974693401,0.23670613593339596
17,2,119.803955078125,0.5856226705005125,creative,0.024849353089458893,0.5856226705005125,0.07953464012862811,0.10781570640511741,0.1564832683603788,0.04569436151590428
17,3,3764.615234375,0.34343525986999623,computational,0.34343525986999623,0.08275783106777077,0.1621931944406254,0.17563355292887148,0.050518182261529675,0.1854619794312064
17,4,116.791259765625,0.4530673506460386,creative,0.018069430595534484,0.4530673506460386,0.10306097492145316,0.20657556696914778,0.08013345123197813,0.1390932256358479
17,5,536.075927734375,0.44346007568198265,reasoning,0.044948758224347116,0.05361361200892444,0.29566251792653775,0.44346007568198265,0.0508100358553526,0.11150500030285544
17,6,2778.96484375,0.3282293474975928,reasoning,0.07273751959123718,0.009557624593240232,0.3007116978135125,0.3282293474975928,0.006338907318513104,0.28242490318590413
17,7,428.5859375,0.288913965803241,reasoning,0.26965550319911047,0.01824051203995698,0.1862929282342004,0.288913965803241,0.0906522858601141,0.14624480486337701
17,8,1668.720458984375,0.39913218267118783,reasoning,0.016787223673640057,0.024146977672094207,0.2488757628112272,0.39913218267118783,0.105953566886352,0.20510428628549868
17,9,3584.5712890625,0.25871928057557875,factual,0.07549029436868786,0.027162888311750583,0.25871928057557875,0.24488615760743268,0.16402416116597798,0.22971721797057212
17,10,256.68603515625,0.49859613881105513,creative,0.008823590955177261,0.49859613881105513,0.05639793567728693,0.025814496293464054,0.007781157443603016,0.4025866808194136
17,11,1520.0526123046875,0.2717557303402729,symbolic,0.07758938108558672,0.04216018106255477,0.16282756775852372,0.2641232270001191,0.18154391275294282,0.2717557303402729
17,12,3187.9422607421875,0.357469549931855,symbolic,0.05193906344872569,0.048089988127030324,0.23349578909145685,0.23380418686546364,0.07520142253546852,0.357469549931855
17,13,98.80419921875,0.45646179163928025,social_ethical,0.0546747977524203,0.01926355688877248,0.35147590078625757,0.08909518608754095,0.45646179163928025,0.02902876684572846
17,14,4770.5665283203125,0.4750300795939538,symbolic,0.01814210014457089,0.054052302989822464,0.20571330736691804,0.23160607977163844,0.015456130133096366,0.4750300795939538
17,15,2625.724609375,0.4380229676183137,factual,0.0463266371410868,0.020911824191387644,0.4380229676183137,0.19271326516266715,0.12972860542216397,0.17229670046438075
17,16,967.477294921875,0.2869213005897112,factual,0.06567600024931948,0.08375746665162674,0.2869213005897112,0.1426561659761173,0.22377559026008714,0.19721347627313807
17,17,1296.42333984375,0.2538788923100101,social_ethical,0.10009962053802623,0.04190427765694001,0.144881218044688,0.23240793574569457,0.2538788923100101,0.22682805570464112
17,18,488.0576171875,0.31551700678910943,factual,0.12442698756030261,0.05041559034037589,0.31551700678910943,0.20996616450334252,0.08400697519463915,0.2156672756122304
17,19,1965.5023193359375,0.25547525540488886,factual,0.23314085518677108,0.05155255181305719,0.25547525540488886,0.16811021653713856,0.13879014830702557,0.15293097275111878
17,20,5.257080078125,0.35192495239864396,computational,0.35192495239864396,0.0,0.26396693447266983,0.0,0.08043468165141875,0.30367343147726744
17,21,7591.6697998046875,0.4558230883688415,symbolic,0.04997909744405131,0.09322274641238447,0.08322293277387795,0.29435410378540716,0.0233980312154376,0.4558230883688415
17,22,1032.214599609375,0.28138145404239545,social_ethical,0.043754409641928206,0.025278911699780814,0.223465929477423,0.17574293079555559,0.28138145404239545,0.25037636434291693
17,23,543.993896484375,0.673043116884982,reasoning,0.04389688712722697,0.03577642750939211,0.07188092266444783,0.673043116884982,0.009094789109949335,0.16630785670400175
17,24,1179.953125,0.2998626344068223,creative,0.057766070057073245,0.2998626344068223,0.24970484708741078,0.19133667750307878,0.03818273120621847,0.16314703973939643
17,25,50.9619140625,0.7016863083261473,factual,0.03969052409696273,0.0,0.7016863083261473,0.20327680367921816,0.020757880617035547,0.0345884832806362
17,26,3432.787109375,0.3935397294700063,reasoning,0.06327496163774539,0.030199820833904666,0.13438282144781452,0.3935397294700063,0.07534854604636926,0.30325412056415985
17,27,3771.2684326171875,0.4521415341265494,symbolic,0.04684732240138944,0.06765204804741701,0.14456763788682747,0.24347458268179584,0.04531687485602085,0.4521415341265494
17,28,603.006103515625,0.5328738299689099,creative,0.06251434767135522,0.5328738299689099,0.22451276623913474,0.03547574347760427,0.07212318814468364,0.0725001244983123
17,29,647.832275390625,0.4922689513291962,social_ethical,0.011214533444431003,0.0014527866936044599,0.4854704372040018,0.0032036678812792513,0.4922689513291962,0.006389623447487319
17,30,6823.239501953125,0.5134521843414208,symbolic,0.04816119327941627,0.07849387660772301,0.09277102191502938,0.18709038421333285,0.08003133964307772,0.5134521843414208
17,31,2018.264404296875,0.3049632439885223,symbolic,0.05760734096860325,0.08255075627106995,0.20673546304614923,0.22354406070248853,0.12459913502316673,0.3049632439885223
17,32,3206.52978515625,0.27891153199503027,factual,0.04968221279423564,0.1149537237323802,0.27891153199503027,0.11093661417520675,0.21812089070565693,0.2273950265974902
17,33,1736.291259765625,0.8714481986330137,symbolic,0.00375036084146331,0.010545499489654518,0.01248704802365742,0.07995164126797405,0.021817251744236977,0.8714481986330137
17,34,3413.96142578125,0.4923522120863704,factual,0.026794736343023887,0.03503943838154248,0.4923522120863704,0.09685012127790396,0.2839814479633479,0.06498204394781139
17,35,4207.960205078125,0.5914275544426268,symbolic,0.0664445902004577,0.014808649784561846,0.08310386431037019,0.23871040546118966,0.005504935800793755,0.5914275544426268
17,36,2961.6555786132812,0.44766711733930786,computational,0.44766711733930786,0.00905259515620851,0.10645528021166535,0.3227092126919665,0.06643952710594489,0.047676267494906874
17,37,724.73779296875,0.4492118310568949,factual,0.03583428273830177,0.04205959455972425,0.4492118310568949,0.12235971657314101,0.1370094114048521,0.21352516366708596
17,38,3305.9700927734375,0.3465980826664238,symbolic,0.10680543717758478,0.0018065166566743618,0.07638812758360959,0.3439840706032126,0.12441776531249489,0.3465980826664238
17,39,698.807861328125,0.25663614477362223,social_ethical,0.05735877612437756,0.061572145922341934,0.21795000344126803,0.15482212487296132,0.25663614477362223,0.25166080486542897
17,40,730.895751953125,0.27233445422445235,factual,0.12254634573573135,0.09136838125039874,0.27233445422445235,0.1453054347575565,0.15255220127004634,0.2158931827618147
17,41,527.369140625,0.315221396747564,symbolic,0.10671013988215382,0.03934903134293534,0.20709188076129667,0.26980737964468376,0.06182017162136638,0.315221396747564
17,42,525.096435546875,0.534678572341855,social_ethical,0.039470986309713386,0.03201885814315172,0.17176950848407216,0.08170234727159027,0.534678572341855,0.14035972744961747
17,43,909.3720703125,0.6115926597701667,social_ethical,0.0277213092396131,0.015745057168354278,0.21045385670271705,0.04143752610886848,0.6115926597701667,0.09304959101028032
17,44,2211.901123046875,0.42613367385040996,symbolic,0.0628686900707035,0.09712043569349799,0.13230678943265342,0.23547328698501216,0.04609712396772299,0.42613367385040996
17,45,2389.52294921875,0.24608995609291293,reasoning,0.1761039045164407,0.05415808513033889,0.23626771982100409,0.24608995609291293,0.09585929420486528,0.19152104023443814
17,46,580.918701171875,0.4411368542974133,factual,0.04727030653812678,0.038637613928974135,0.4411368542974133,0.08298286615817231,0.33340365791489857,0.0565687011624149
17,47,293.398681640625,0.5901606059773948,symbolic,0.056107662006006184,0.001659231744082226,0.013768960716814741,0.33636138966067297,0.0019421498950290448,0.5901606059773948
17,48,248.02685546875,0.5343511976360297,factual,0.23305325823540876,0.027036630909187554,0.5343511976360297,0.09690644323656043,0.09727359885345077,0.011378871129362802
17,49,2474.5731201171875,0.2860204196953754,social_ethical,0.02632033431034383,0.02435345466535298,0.24233652199817649,0.17597110612759076,0.2860204196953754,0.2449981632031606
17,50,2180.0615234375,0.5121435255509471,social_ethical,0.03301718387928953,0.018992148748669023,0.09466050404433289,0.17075726924994503,0.5121435255509471,0.17042936852681642
17,51,1219.4735107421875,0.3564392412477088,symbolic,0.038299679266925575,0.01368998992685332,0.20894386915940427,0.16157265213249306,0.22105456826661496,0.3564392412477088
17,52,1243.9989013671875,0.25572438147634363,computational,0.25572438147634363,0.015187071447208616,0.21452600713248438,0.21599919300069406,0.13653753140443098,0.16202581553883835
17,53,2407.921142578125,0.3911721212287124,factual,0.07591212271915457,0.030503571738174938,0.3911721212287124,0.22413958649862184,0.12885997904255822,0.14941261877277803
17,54,817.229736328125,0.47858484847670096,social_ethical,0.009597078066890065,0.0823042427599195,0.23523431658198832,0.09237154030937096,0.47858484847670096,0.10190797380513017
17,55,399.320068359375,0.3004735221919584,symbolic,0.13785823681000725,0.07966238998786389,0.1795495883811288,0.28931258272882066,0.013143679900221018,0.3004735221919584
17,56,3188.5633544921875,0.39137606170061756,reasoning,0.04933897090320397,0.19858368326957104,0.1364107967811443,0.39137606170061756,0.01661252635887285,0.2076779609865903
17,57,2242.2723388671875,0.43999391355782214,symbolic,0.09046701466816233,0.015748478593607222,0.22938864192584177,0.16889855267344794,0.05550339858111858,0.43999391355782214
17,58,2109.615234375,0.45687539752417083,reasoning,0.04992301802665067,0.008077205096086278,0.04118142100483001,0.45687539752417083,0.09936634531437623,0.344576613033886
17,59,4023.77392578125,0.5254584295075326,symbolic,0.03992894283475568,0.08041372511448983,0.12302439152842681,0.19162754473564042,0.03954696627915457,0.5254584295075326
17,60,2410.417236328125,0.6896811923425229,factual,0.08989636353194735,0.039524488282214984,0.6896811923425229,0.07617388271063436,0.055913617133638994,0.048810455999041436
17,61,2997.77099609375,0.5633560742967391,symbolic,0.07328907301730533,0.018859797359203248,0.03649969419010055,0.3006529102433693,0.007342450893282526,0.5633560742967391
17,62,4887.8580322265625,0.49262822993430316,symbolic,0.02518490081236806,0.012512620396528756,0.2164447172625347,0.21360345321171,0.039626078382555344,0.49262822993430316
17,63,114.10888671875,0.9769036564753204,creative,0.00692355420526755,0.9769036564753204,0.0,0.012321615781253343,0.003851173538158711,0.0
17,64,4117.917236328125,0.37121403233262323,factual,0.13916476141651601,0.0062232802784183945,0.37121403233262323,0.18060597537592513,0.10953490276183853,0.19325704783467873
17,65,958.0083618164062,0.3366742463004449,reasoning,0.03916091026706216,0.02648622334505542,0.21389494616115473,0.3366742463004449,0.0718638731667394,0.3119198007595434
17,66,1521.586181640625,0.2879294662086956,factual,0.07202622995219993,0.02944836650050855,0.2879294662086956,0.19788093447534078,0.22201924229396075,0.19069576056929438
17,67,776.1455078125,0.5880090919042292,reasoning,0.07820534920033771,0.0,0.07113288951688092,0.5880090919042292,0.060905440924641376,0.20174722845391074
17,68,1112.43408203125,0.26490597011322214,symbolic,0.1110781669384378,0.09409397063116011,0.26316078243751273,0.13023967800058378,0.13652143187908342,0.26490597011322214
17,69,776.272705078125,0.39591201822360145,factual,0.06997958556591635,0.026163561414549508,0.39591201822360145,0.26140413943457896,0.07780097766614993,0.1687397176952038
17,70,270.76904296875,0.6502619311675548,social_ethical,0.008078840830605822,0.0,0.06958172162262076,0.07350933665142867,0.6502619311675548,0.19856816972778996
17,71,501.216552734375,0.4103808945324925,social_ethical,0.036103075378607616,0.008277223922458199,0.33397061738942796,0.02678590129582174,0.4103808945324925,0.184482287481192
17,72,493.791748046875,0.35911322766913994,factual,0.04254436556244503,0.018099241015519355,0.35911322766913994,0.24959445181405251,0.20514187141020018,0.125506842528643
17,73,2169.661865234375,0.5927213375590122,factual,0.024445886011318863,0.004134833888174044,0.5927213375590122,0.03852216765397744,0.2132549636066878,0.12692081128082966
17,74,5492.11279296875,0.5053334873776288,symbolic,0.07084907004869465,0.03154296995682818,0.09333439546252718,0.2673664568872603,0.031573620267060884,0.5053334873776288
17,75,2398.1219482421875,0.38593570051841614,reasoning,0.1348437281676157,0.024893340252674735,0.16563803818855444,0.38593570051841614,0.017821766554689734,0.2708674263180493
17,76,896.02734375,0.47731822977291255,reasoning,0.08950260045426209,0.0889018039697798,0.1308136936913372,0.47731822977291255,0.09390762393028254,0.11955604818142583
17,77,1635.375244140625,0.3158996712247539,social_ethical,0.06534055326142565,0.08714902761022361,0.1758905766472688,0.15314286174943423,0.3158996712247539,0.20257730950689387
17,78,544.4765625,0.46235095346734967,symbolic,0.05740219605986254,0.0,0.07445421347911554,0.3988685197939535,0.006924117199718766,0.46235095346734967
17,79,681.351806640625,0.48054637763780284,computational,0.48054637763780284,0.02518115662904447,0.3663386026385822,0.03521047779198708,0.08538180754954552,0.00734157775303791
17,80,2581.71875,0.4165817156388065,symbolic,0.01300918605882709,0.10783675596138716,0.10760072134297646,0.1557475753495128,0.19922404564848997,0.4165817156388065
17,81,1689.9541015625,0.29166105657686475,factual,0.23190623242934322,0.0009007444613244743,0.29166105657686475,0.2747784905400884,0.009489238162325275,0.19126423783005386
17,82,149.970703125,0.4711613596405548,social_ethical,0.017679234225434656,0.0,0.33560102884677995,0.09647717653187471,0.4711613596405548,0.07908120075535587
17,83,2085.3516845703125,0.3603306546589249,reasoning,0.05218471643575463,0.00853270999972429,0.08950014695723595,0.3603306546589249,0.15340953958218953,0.3360422323661707
17,84,1663.20458984375,0.6942132431538208,factual,0.010745416577736821,0.024379206063689526,0.6942132431538208,0.09053347045410443,0.006324269877398647,0.1738043938732498
17,85,823.36083984375,0.3063941555279992,reasoning,0.13664222772162732,0.021293787431586077,0.2060325824925589,0.3063941555279992,0.09154018726838303,0.23809705955784546
17,86,2108.48974609375,0.5239410660075629,symbolic,0.06483531167131021,0.05693685799155988,0.10219914051892612,0.19911956105652673,0.05296806275411417,0.5239410660075629
17,87,1502.4483642578125,0.2658390353570836,social_ethical,0.08429397101427138,0.07402167539523094,0.1379879049958901,0.22042618099672434,0.2658390353570836,0.21743123224079966
17,88,813.360595703125,0.3478536105837417,social_ethical,0.04396605158298377,0.05690547121813584,0.2443697706005508,0.1975254575607267,0.3478536105837417,0.10937963845386121
17,89,40.4970703125,0.47964141889122,factual,0.021516072246738526,0.04912705876678965,0.47964141889122,0.057958957293399886,0.2304733656466276,0.1612831271552244
17,90,2473.078125,0.31665554099774446,factual,0.03307008835775255,0.0893718469044776,0.31665554099774446,0.18858813385709863,0.1827812158431105,0.18953317403981626
17,91,54.371826171875,0.48868692946337566,factual,0.12426641282043223,0.026402403157511887,0.48868692946337566,0.18674761008859173,0.08122780155091668,0.09266884291917182
17,92,621.006591796875,0.320561100751953,social_ethical,0.07772788870136257,0.07317496991519644,0.11227715524544915,0.20635285690641336,0.320561100751953,0.20990602847962547
17,93,604.5322265625,0.3404055627979407,social_ethical,0.04577766254577645,0.06544194972546245,0.1348327493655509,0.19926224595786063,0.3404055627979407,0.21427982960740888
17,94,513.6279296875,0.40486733655921137,symbolic,0.030070063028205835,0.009676208040611839,0.29832495175442764,0.17874105199113993,0.0783203886264034,0.40486733655921137
17,95,783.33056640625,0.520500404859309,reasoning,0.06183999985039841,0.0665262697279308,0.24371751230005592,0.520500404859309,0.03465863721676211,0.07275717604554371
17,96,374.5693359375,0.3568668705466434,social_ethical,0.027796245166975615,0.14838460315101457,0.24385687729918995,0.13382556529764653,0.3568668705466434,0.08926983853852993
17,97,1383.287841796875,0.5119816687307523,reasoning,0.1346984008145505,0.0097235290058308,0.1534218375145408,0.5119816687307523,0.0013210501263072176,0.18885351380801832
17,98,2213.8405151367188,0.2592446595146727,factual,0.04884404898680545,0.062355460116234857,0.2592446595146727,0.19943772480937752,0.2045309158582441,0.22558719071466538
17,99,370.117431640625,0.5751671667762752,symbolic,0.14582971910968395,0.000995381929167593,0.08238187177976795,0.17166941182756476,0.023956448577540517,0.5751671667762752
17,100,616.859375,0.35224383533017556,social_ethical,0.08943639339902226,0.06882693963879531,0.21989340852098585,0.17828544922617087,0.35224383533017556,0.09131397388485017
17,101,2415.5987548828125,0.4373004436648704,symbolic,0.09599685879510839,0.14873559680997908,0.07766972726953443,0.19351909194113678,0.04677828151937089,0.4373004436648704
17,102,3689.3555908203125,0.526064992255453,symbolic,0.07288754754997659,0.0333295602937624,0.05174190516749037,0.26072383927830806,0.05525215545500955,0.526064992255453
17,103,164.74951171875,0.9810407015859185,social_ethical,0.0,0.0,0.013556328114117371,0.005402970299964139,0.9810407015859185,0.0
17,104,2827.9995727539062,0.2862456887709432,reasoning,0.1023246779439998,0.25887046742944075,0.08475248546179265,0.2862456887709432,0.025313191009312935,0.24249348938451065
17,105,1338.704833984375,0.4300884407026016,symbolic,0.024969475693168482,0.1680260279556146,0.13290178331252786,0.16450937248955244,0.079504899846535,0.4300884407026016
17,106,2921.306640625,0.4432936988411516,symbolic,0.05030578307678833,0.03874115887515553,0.14359034745394994,0.17491441349888248,0.14915459825407215,0.4432936988411516
17,107,3633.6013793945312,0.3549186941511777,symbolic,0.07571343084520037,0.08388309494284045,0.13203021689258507,0.33706198712729135,0.016392576040905094,0.3549186941511777
17,108,1521.403564453125,0.2866971913944723,factual,0.05614426889489798,0.0641362691118543,0.2866971913944723,0.2566819579152872,0.19231019811867414,0.14403011456481402
17,109,1637.542724609375,0.746347267000876,symbolic,0.008134926107456345,0.13806295309267783,0.02062222553532492,0.053972828416481856,0.03285979984718314,0.746347267000876
17,110,3208.015869140625,0.34547287666629145,symbolic,0.02414849338658434,0.02116528170058629,0.07052722013711837,0.31630647350733443,0.2223796546020851,0.34547287666629145
17,111,3779.757568359375,0.29593966807792876,symbolic,0.07462953320871028,0.17838826752837042,0.25677690322891517,0.1665322192314154,0.027733408724659986,0.29593966807792876
17,112,3225.35595703125,0.5780427653863907,factual,0.020364606680252254,0.0058441950674957294,0.5780427653863907,0.17208617962316114,0.016861215808756574,0.2068010374339436
17,113,363.726318359375,0.5530683846336109,social_ethical,0.020915236239472744,0.03964632040181954,0.21860583438435305,0.10798396856539334,0.5530683846336109,0.059780255775350497
17,114,553.881103515625,0.48980317777120524,social_ethical,0.05564603823251849,0.049224731200332175,0.24278782049784525,0.09840097641950424,0.48980317777120524,0.06413725587859463
17,115,1087.604736328125,0.42139821752978623,symbolic,0.03615918815290104,0.031158771750834882,0.11617976806741628,0.36813332228913836,0.026970732209923208,0.42139821752978623
17,116,4265.002685546875,0.4997644745676324,symbolic,0.04637071880507292,0.009795671312166594,0.1783819365588535,0.2449348007559024,0.020752398000372194,0.4997644745676324
17,117,1723.6201171875,0.3671638941249992,symbolic,0.07216724542447055,0.05957508468900904,0.21799282374317772,0.26953413821178285,0.013566813806560616,0.3671638941249992
17,118,1514.011962890625,0.3986140694518151,symbolic,0.03059812529217226,0.007211121759256348,0.37945635762803614,0.12803163740791787,0.056088688460802276,0.3986140694518151
17,119,2888.9503173828125,0.2946583368971238,symbolic,0.07410712312593601,0.018970534491667704,0.23795783545374113,0.2206769622992307,0.15362920773230065,0.2946583368971238
17,120,371.7470703125,0.4605930611633729,symbolic,0.050978671759455065,0.004530839127956309,0.038517058126613934,0.38358849814405693,0.06179187167854488,0.4605930611633729
17,121,3805.83935546875,0.3364055337969421,reasoning,0.08751463718825371,0.012811797609014417,0.26466320065575627,0.3364055337969421,0.0069850836996345695,0.2916197470503989
17,122,1199.87548828125,0.3954939172155314,reasoning,0.05636327011469696,0.06839658249045209,0.13957157012955038,0.3954939172155314,0.023568729665553678,0.3166059303842155
17,123,914.041015625,0.4226643147595349,reasoning,0.04181054469228978,0.04171412148576142,0.11375107107218332,0.4226643147595349,0.08927106192666921,0.29078888606356135
17,124,4184.1451416015625,0.45592412437938196,social_ethical,0.054941784195867975,0.0002495002628184188,0.32844924121082664,0.10529103642590057,0.45592412437938196,0.05514431352520444
17,125,170.111572265625,0.848104917355194,creative,0.02738609339860529,0.848104917355194,0.020132696687749453,0.009081815272318116,0.044285330887787626,0.05100914639834553
17,126,19.254638671875,0.6830613564608772,factual,0.0,0.046889066402931515,0.6830613564608772,0.2183042337099167,0.0,0.05174534342627461
17,127,3174.5133056640625,0.5540885731091976,reasoning,0.06287930993974263,0.028614976312998273,0.1023081055616724,0.5540885731091976,0.025504109439758255,0.22660492563663084
20,0,1760.6793212890625,0.3707207377412602,factual,0.023126588338393945,0.07221742872821652,0.3707207377412602,0.1588969656085197,0.1307396929382878,0.24429858664532184
20,1,1524.5364990234375,0.3322442952411814,factual,0.1391475364366555,0.08530825078671211,0.3322442952411814,0.13932305084721333,0.25614630727528853,0.047830559412949135
20,2,396.0230712890625,0.32863698249903445,reasoning,0.10845407880659179,0.006908283991750253,0.2001965957313019,0.32863698249903445,0.10621933585905523,0.2495847231122664
20,3,1037.995361328125,0.3323623721637048,symbolic,0.04736466893042643,0.0461985276702177,0.3303997126748359,0.16457444899355048,0.0791002695672647,0.3323623721637048
20,4,548.4901123046875,0.4489123750815393,reasoning,0.19444359749142656,0.0,0.14859463045634644,0.4489123750815393,0.09421772439476181,0.11383167257592587
20,5,79.370361328125,0.37759650077975765,symbolic,0.019661582092949575,0.022294609982743824,0.14294326993765014,0.11006733292115374,0.32743670428574506,0.37759650077975765
20,6,0.9052734375,1.0,computational,1.0,0.0,0.0,0.0,0.0,0.0
20,7,1534.15283203125,0.4071866312109219,reasoning,0.1689486926091959,0.018698449527283258,0.12783291878120082,0.4071866312109219,0.0007232780968476533,0.27661002977455046
20,8,1547.900634765625,0.5126036225034506,symbolic,0.023731029978387122,0.006843395028012519,0.23758355610492474,0.10737482928380346,0.11186356710142155,0.5126036225034506
20,9,1086.9527587890625,0.2883619260185818,factual,0.0411567782234168,0.0764300058050494,0.2883619260185818,0.14499057030426926,0.23829677222857182,0.21076394742011095
20,10,814.4957275390625,0.7709127625068772,reasoning,0.0022447866560936784,0.012282930644065531,0.16252776945570444,0.7709127625068772,0.0003557967366515151,0.05167595400060758
20,11,1488.49267578125,0.7406811958799816,reasoning,0.0820148417236003,0.005654872519750311,0.029360576401055886,0.7406811958799816,0.0026870362576445015,0.1396014772179674
20,12,1244.1158447265625,0.3592667711101389,factual,0.020376779482558376,0.11405172218402701,0.3592667711101389,0.1085513182807703,0.19249353180798243,0.20525987713452298
20,13,2039.3125,0.517858502501609,symbolic,0.052238686253026446,0.037125955821508475,0.12209272953124521,0.2626863037865089,0.007997822106101934,0.517858502501609
20,14,1953.4156494140625,0.3177101582570744,symbolic,0.08537829464252851,0.045850989299654844,0.29511427080757546,0.2360774312272655,0.019868855765901337,0.3177101582570744
20,15,2771.9254150390625,0.2900004505097035,factual,0.07008799207560917,0.050274548892479363,0.2900004505097035,0.19375361029800886,0.1364614589829411,0.259421939241258
20,16,7188.0233154296875,0.45585420776174124,symbolic,0.1295527956379942,0.12344337293240895,0.16644498047501194,0.10980450523244002,0.014900137960403596,0.45585420776174124
20,17,2454.208251953125,0.3825063514449282,symbolic,0.057950126919472364,0.006475942102397657,0.2297110640932144,0.30993429752407303,0.01342221791591432,0.3825063514449282
20,18,687.317626953125,0.4191159728805901,factual,0.05989639297072057,0.050780693600184425,0.4191159728805901,0.2607765625327457,0.13732389238196355,0.07210648563379561
20,19,1567.6680908203125,0.28898112547583826,factual,0.1713319001050977,0.06899515251780108,0.28898112547583826,0.23059385530842244,0.14976526468663764,0.09033270190620289
20,20,888.82080078125,0.34914382479859146,social_ethical,0.06676298752132198,0.1052191803022021,0.2427665968065791,0.1347812591845872,0.34914382479859146,0.10132615138671816
20,21,402.8004150390625,0.4689583212743061,symbolic,0.030754534977139116,0.001860145993276442,0.3390496405626987,0.13924486800630717,0.020132489186272497,0.4689583212743061
20,22,1571.7537841796875,0.5307445972124311,symbolic,0.029294862838500142,0.06684645086711846,0.020431030070581207,0.33976309213084666,0.012919966880522517,0.5307445972124311
20,23,1585.3670654296875,0.6808613504534073,symbolic,0.013784514704218967,0.014419672346742327,0.041497838623759914,0.11241135300589566,0.13702527086597574,0.6808613504534073
20,24,1211.73828125,0.44997914685449947,reasoning,0.10414917151561065,0.012170177785657871,0.09590039248239068,0.44997914685449947,0.03913148160087684,0.2986696297609645
20,25,1222.012939453125,0.3899125238618962,symbolic,0.03275415479190828,0.05650037509752036,0.13977622011581572,0.22447943356778177,0.15657729256507766,0.3899125238618962
20,26,2450.4285888671875,0.4919433985734021,computational,0.4919433985734021,0.0440964394033629,0.212094743271503,0.14562862214543046,0.032547120488877326,0.07368967611742425
20,27,1401.0626220703125,0.5829967401451797,reasoning,0.04357549833347927,0.008513174248236006,0.031209308991806146,0.5829967401451797,0.020269300688607845,0.3134359775926911
20,28,2781.4036865234375,0.42084836516451274,symbolic,0.08583975279807002,0.021827752758921896,0.15804981633081283,0.2760259165805401,0.03740839636714246,0.42084836516451274
20,29,1529.918701171875,0.32536443116121205,factual,0.0462454043670302,0.060789299114807564,0.32536443116121205,0.245590833356871,0.12260436249819877,0.19940566950188038
20,30,4124.6348876953125,0.4655180032063089,symbolic,0.09262210087309752,0.04924015380267589,0.09378073207178109,0.2741537344288493,0.024685275617287266,0.4655180032063089
20,31,2400.881591796875,0.2793126832988086,symbolic,0.23967443192813187,0.006614493313054053,0.06511422450107082,0.23113946079580347,0.1781447061631312,0.2793126832988086
20,32,1603.3109130859375,0.4736161886684224,factual,0.06654929987636211,0.059843206231489816,0.4736161886684224,0.1480612285840694,0.07888773559170123,0.17304234104795505
20,33,1375.5260009765625,0.41709133109502056,reasoning,0.057144687814294055,0.0002504368667916366,0.06607344544775973,0.41709133109502056,0.1332207876088595,0.32621931116727454
20,34,3939.864013671875,0.5453597025050002,factual,0.00911292531895688,0.005973565102251667,0.5453597025050002,0.14654104929437517,0.15224171276632464,0.1407710450130914
20,35,883.50244140625,0.5443096739108209,reasoning,0.03412930049690148,0.002331971749954267,0.04333200877853757,0.5443096739108209,0.0011232924710942167,0.3747737525926917
20,36,672.5877685546875,0.6144489884368672,reasoning,0.08638256036156411,0.03436506946936199,0.08807825419218239,0.6144489884368672,0.07693056003995762,0.0997945675000667
20,37,976.3846435546875,0.37450708210232786,symbolic,0.08589951944997982,0.03464956055121539,0.2299807602459598,0.24322692270329735,0.031736154947219763,0.37450708210232786
20,38,2379.97998046875,0.2976234146369486,symbolic,0.06281298732366077,0.032201137048364255,0.23159600172253944,0.29244210176892654,0.08332435749956044,0.2976234146369486
20,39,762.3240966796875,0.33660573271978245,factual,0.04709430438214246,0.10008728640172017,0.33660573271978245,0.1757427070377884,0.17664567533589892,0.16382429412266758
20,40,14.399169921875,0.6488580681259432,factual,0.35114193187405685,0.0,0.6488580681259432,0.0,0.0,0.0
20,41,634.3531494140625,0.35464833783337285,reasoning,0.04567352516183112,0.012020118457743985,0.3168501224160854,0.35464833783337285,0.008222265968597672,0.26258563016236897
20,42,2033.9356689453125,0.2632396313023868,symbolic,0.07143607781562371,0.04404200912003306,0.21524719630013225,0.24708214817656055,0.15895293728526363,0.2632396313023868
20,43,2027.734619140625,0.5515249287799884,social_ethical,0.04185007201766615,0.010913237946296723,0.11002280268459802,0.1249553764983413,0.5515249287799884,0.16073358207310945
20,44,1618.499755859375,0.43857218817761856,social_ethical,0.05896694635617988,0.022083605166399546,0.08279898180446875,0.1632131988309607,0.43857218817761856,0.2343650796643726
20,45,641.841552734375,0.5109951262522427,symbolic,0.060233748183232835,0.030852995245690063,0.15774464878624167,0.17083678365360294,0.0693366978789897,0.5109951262522427
20,46,1635.4884033203125,0.6141403580451027,factual,0.05434932778003393,0.000959104028154816,0.6141403580451027,0.10825575102286392,0.2168086376983414,0.005486821425503255
20,47,3589.1683349609375,0.49365748799241915,symbolic,0.04081643897432144,0.19877304853364855,0.01608235798717162,0.2486559376123099,0.002014728900129367,0.49365748799241915
20,48,1699.5537109375,0.3528264255954142,factual,0.03044658438020551,0.058343096734379374,0.3528264255954142,0.14393240298033202,0.18683500896087726,0.2276164813487916
20,49,1751.018798828125,0.5849209158786326,social_ethical,0.04314675622018599,0.04451307853282401,0.08191283171780714,0.11021896711080449,0.5849209158786326,0.13528745053974575
20,50,2619.8836669921875,0.6301355501913677,factual,0.014037031906542919,0.013866032692906333,0.6301355501913677,0.16320919768892933,0.004645960106302803,0.17410622741395093
20,51,434.284423828125,0.3839329131692816,reasoning,0.18040491806688558,0.03409799368011203,0.2355260117751622,0.3839329131692816,0.09526098348970025,0.07077717981885837
20,52,2470.2076416015625,0.6997570313137402,symbolic,0.015347643087119101,0.02338285133367408,0.03760951862826641,0.20183331232286159,0.022069643314338583,0.6997570313137402
20,53,1027.33056640625,0.3055097427581057,reasoning,0.061714670292822196,0.02902152261459629,0.24815753339039998,0.3055097427581057,0.05984059681374238,0.2957559341303334
20,54,2564.6934814453125,0.37308270183549536,reasoning,0.058806845455126565,0.13545926697940391,0.16757130864876574,0.37308270183549536,0.035114759093647405,0.22996511798756106
20,55,1204.03857421875,0.4174855456753415,factual,0.08017025221514021,0.0036593560652605104,0.4174855456753415,0.0667636303764471,0.30410917683852884,0.12781203882928183
20,56,497.976318359375,0.35020672046186935,creative,0.09554539834319666,0.35020672046186935,0.18268176226926267,0.17028441774349407,0.0122389887587016,0.18904271242347567
20,57,202.648193359375,0.5590635229089437,social_ethical,0.05009957267480034,0.05575346938185428,0.26156591132791274,0.044232435030787415,0.5590635229089437,0.029285088675701496
20,58,6663.2138671875,0.5104736190760517,symbolic,0.031436209417641255,0.2287415410901535,0.14052890454543523,0.07665731099109778,0.012162414879620515,0.5104736190760517
20,59,1398.4822998046875,0.41353519837484254,symbolic,0.03920649539247477,0.04927425945764482,0.11722293812689485,0.37513908204930935,0.005622026598833645,0.41353519837484254
20,60,2616.669677734375,0.4520360791533474,symbolic,0.0462715151010755,0.04812295417778088,0.030601717000163932,0.4067856149523614,0.016182119615270895,0.4520360791533474
20,61,1536.675537109375,0.3642322491592688,reasoning,0.06055783215815518,0.020647902052405832,0.23826427821194132,0.3642322491592688,0.07324811974408914,0.24304961867413977
20,62,1931.0020751953125,0.32939965176809904,symbolic,0.09830139121444911,0.16537607951668046,0.12588773500643444,0.23496088728522427,0.046074255209112666,0.32939965176809904
20,63,1483.1072998046875,0.49416594682218323,factual,0.04770101768656867,0.0006676754777826293,0.49416594682218323,0.22741420201380866,0.0311336614370085,0.1989174965626483
20,64,1151.768798828125,0.34037035427633916,factual,0.05842109781469356,0.05108152478620159,0.34037035427633916,0.16932738686357282,0.159223298912911,0.22157633734628188
20,65,1854.2574462890625,0.4714459972783548,reasoning,0.11625688270046294,0.026813952292671063,0.16320977174770082,0.4714459972783548,0.045559742718881545,0.1767136532619288
20,66,2190.8125,0.4122681747104385,factual,0.03342973497275554,0.004450236516845919,0.4122681747104385,0.07214460290488689,0.11647635589321884,0.36123089500185435
20,67,2166.5078125,0.6926380908035324,reasoning,0.016905536343409792,0.002046142355389037,0.02057349231734538,0.6926380908035324,0.016928355774882532,0.2509083824054408
20,68,1124.192138671875,0.3080684458522841,factual,0.03360182040445276,0.007511036028259008,0.3080684458522841,0.22975743649248126,0.2531713854414987,0.16788987578102418
20,69,1150.3642578125,0.41982530584317296,factual,0.018636781148634138,0.17143453203086997,0.41982530584317296,0.2753792956205278,0.01559957231617363,0.09912451304062148
20,70,1201.5223388671875,0.3463289318736373,factual,0.030915370119145115,0.07442533789175942,0.3463289318736373,0.15198736222388773,0.22029751278869752,0.17604548510287293
20,71,1224.3043212890625,0.432574661491135,symbolic,0.03676314504580038,0.04946975926319764,0.17878377000012263,0.24140552954728256,0.06100313465246177,0.432574661491135
20,72,1094.1209716796875,0.38735065193847756,factual,0.03488950566878042,0.0004052197028262401,0.38735065193847756,0.14244231225592124,0.15413600230903826,0.2807763081249563
20,73,2701.2652587890625,0.2912293569026559,symbolic,0.07744191779342408,0.0719027925869338,0.28207782946766347,0.2693422339656099,0.00800586928371285,0.2912293569026559
20,74,1773.2989501953125,0.4132456658749152,social_ethical,0.03214547667373518,0.06421220270168408,0.10990437372413112,0.14008996435225357,0.4132456658749152,0.24040231667328085
20,75,2771.0452880859375,0.44402621398395437,symbolic,0.0360657473790223,0.029213974747496773,0.08601336284646577,0.22752556419372819,0.1771551368493326,0.44402621398395437
20,76,2378.466796875,0.3849651516084663,symbolic,0.2522744862556712,0.02036716552729363,0.10602122723820082,0.2219082958674632,0.014463673502904888,0.3849651516084663
20,77,818.9489135742188,0.3381101725718324,factual,0.07008435674211128,0.029157396234320756,0.3381101725718324,0.23381515359721097,0.07032329559128012,0.2585096252632445
20,78,1384.6116943359375,0.3688840058825298,symbolic,0.029221248941723864,0.16742023245002816,0.06384974563903834,0.24097160306694881,0.12965316401973104,0.3688840058825298
20,79,2080.8209228515625,0.3790526681053157,symbolic,0.07389280295152817,0.05094460106235538,0.18689798859972834,0.2998205746363461,0.009391364644726341,0.3790526681053157
20,80,3210.4549560546875,0.2779930013052828,symbolic,0.06941660598553304,0.038431414210020234,0.16646076716136668,0.2415687317973234,0.20612947954047384,0.2779930013052828
20,81,3338.010009765625,0.7858156623859781,social_ethical,0.004810133692555905,0.0,0.043813456350193444,0.08351138552753636,0.7858156623859781,0.08204936204373615
20,82,580.3580322265625,0.385705719020683,symbolic,0.13678037933295234,0.023425985735418493,0.10606098530317758,0.30795304370176596,0.04007388690600264,0.385705719020683
20,83,1200.3194580078125,0.3066786114577042,symbolic,0.029418234505238828,0.007127415726017762,0.13008326945839715,0.2789746015897257,0.24771786726291636,0.3066786114577042
20,84,1967.990966796875,0.4605417068659035,symbolic,0.048106034432173816,0.017146739733858204,0.1196751078757919,0.2849335762014398,0.06959683489083279,0.4605417068659035
20,85,4965.2818603515625,0.7095980835090059,symbolic,0.01203982565562849,0.0031622897949922743,0.05266200324720559,0.12827720822924038,0.0942605895639274,0.7095980835090059
20,86,1915.4979248046875,0.4430245837958638,symbolic,0.1168233593187354,0.019605960045651988,0.01184169346470335,0.39505698500722575,0.013647418367819695,0.4430245837958638
20,87,2551.1380615234375,0.4448188550194668,symbolic,0.017003603487127063,0.02613431323709839,0.12067129009470967,0.36193994302960014,0.02943199513199795,0.4448188550194668
20,88,241.342041015625,0.4028260955330959,symbolic,0.02440525746633662,0.019175812336816932,0.3170781670286494,0.1390575163094553,0.09745715132564588,0.4028260955330959
20,89,1271.02734375,0.4825698676636456,factual,0.04512326627389876,0.08495113835080505,0.4825698676636456,0.19549548147874965,0.03917748468727623,0.15268276154562468
20,90,2844.4849853515625,0.34333485494670185,symbolic,0.07710150977891574,0.0645082244153844,0.22484551876423078,0.17233466573564585,0.11787522635912139,0.34333485494670185
20,91,963.582275390625,0.551901613268157,social_ethical,0.04367729772199634,0.030144548806600127,0.12254508868249556,0.11038913984959586,0.551901613268157,0.14134231167115507
20,92,1303.7451171875,0.31665892654499694,creative,0.04928588014546435,0.31665892654499694,0.06719308857071163,0.22241373821660107,0.0655950967577629,0.2788532697644631
20,93,2950.3685302734375,0.6442764718506473,symbolic,0.11075508269354757,0.01957903911550377,0.044269785715577194,0.1707384856872232,0.01038113493750098,0.6442764718506473
20,94,755.4481201171875,0.3423661872876247,factual,0.17439365830665943,0.040574078499752204,0.3423661872876247,0.24700115421326624,0.1321649327613813,0.06349998893131616
20,95,1144.0220947265625,0.3128723326044468,symbolic,0.1216895869525575,0.05828616804681349,0.15562074382705873,0.24186314112218651,0.10966802744693699,0.3128723326044468
20,96,1632.05908203125,0.269761286383041,reasoning,0.0454490514014092,0.05022472989181312,0.23493219209701127,0.269761286383041,0.14669336060269436,0.25293937962403107
20,97,709.6651611328125,0.43457943362580387,factual,0.06939032543991419,0.07585484805654075,0.43457943362580387,0.08224850208400095,0.2759402687880456,0.0619866220056946
20,98,4438.4755859375,0.4152760539661285,reasoning,0.08738145486940702,0.04101285280810843,0.11580104308053753,0.4152760539661285,0.03809896327809973,0.30242963199771883
20,99,537.4854736328125,0.36822284214167306,symbolic,0.20775157213778261,0.0005555201005841137,0.17565700017783004,0.24057676885798832,0.007236296584141877,0.36822284214167306
20,100,2112.2418212890625,0.5392183135362616,computational,0.5392183135362616,0.04449462059232576,0.2564791427853984,0.03301993789112424,0.08158472122812255,0.04520326396676739
20,101,1111.3560791015625,0.5529461088907144,reasoning,0.004429809487437102,0.007028821441112696,0.08615765266888607,0.5529461088907144,0.0880584176869892,0.2613791898248605
20,102,2535.58837890625,0.3275798039047658,symbolic,0.03567785537326554,0.008583619702727868,0.2844506955189649,0.2631922813619019,0.08051574413837395,0.3275798039047658
20,103,1848.8629150390625,0.39861394695654956,factual,0.07893100997399624,0.053268462027804914,0.39861394695654956,0.2396895262310522,0.15454653194580575,0.07495052286479133
20,104,1454.3875732421875,0.4312725426823787,factual,0.0576707418948741,0.04834609847979028,0.4312725426823787,0.16134813308631454,0.2090323402641673,0.09233014359247506
20,105,4695.4727783203125,0.5780929431147486,symbolic,0.04722946099515686,0.058387877930435664,0.05984903853505625,0.25153823654054236,0.004902442884060244,0.5780929431147486
20,106,1983.042724609375,0.5085255319670207,social_ethical,0.021771383666420726,0.1506562661471906,0.13758997643964457,0.07781343847610286,0.5085255319670207,0.10364340330362055
20,107,1110.6275634765625,0.22586437122434716,symbolic,0.14026911296565356,0.06741288252777097,0.2112803754475718,0.21799825263311307,0.13717500520154347,0.22586437122434716
20,108,2020.2978515625,0.3146112331634268,symbolic,0.08997600040603543,0.08911486693880707,0.2396289972133402,0.24093024408046268,0.02573865819792777,0.3146112331634268
20,109,1211.3277587890625,0.423509882954052,factual,0.03616939177968552,0.020164670720534926,0.423509882954052,0.236895629503274,0.2069064032488723,0.07635402179358124
20,110,1806.24853515625,0.6979948621281862,social_ethical,0.005585468954478499,0.11872353648643205,0.10831242564264623,0.019260936900630056,0.6979948621281862,0.05012276988762696
20,111,746.632568359375,0.3107906037753494,factual,0.06113255250543864,0.008689732251610176,0.3107906037753494,0.17340356620725805,0.19977620873930377,0.24620733652103993
20,112,2320.582275390625,0.5252461703474081,factual,0.08322022744619864,0.014184272556694534,0.5252461703474081,0.13594810367691887,0.040615753324134765,0.20078547264864513
20,113,369.662353515625,0.3471495644053345,factual,0.025295927647234037,0.04266192557212458,0.3471495644053345,0.31091539272866325,0.12535193314739684,0.14862525649924677
20,114,724.1298828125,0.3614098075680808,symbolic,0.05448703252421751,0.21947221813895718,0.23814899751722501,0.10811062306728576,0.018371321184233774,0.3614098075680808
20,115,2607.84912109375,0.4303178786247572,symbolic,0.02696674234090856,0.09324548880099234,0.11636740234512136,0.19055557375898144,0.14254691412923912,0.4303178786247572
20,116,4296.9134521484375,0.4975982175159512,symbolic,0.0708332297594496,0.024419099658625213,0.15898053753212152,0.22431878805630007,0.023850127477552403,0.4975982175159512
20,117,1057.91552734375,0.32674427942994844,factual,0.08475910073381886,0.04992197491843252,0.32674427942994844,0.2037376575675098,0.17293644313630827,0.16190054421398212
20,118,1462.7716064453125,0.31571093275696244,symbolic,0.08399665359957106,0.03766361165064748,0.21533076998504133,0.23274048080513893,0.11455755120263873,0.31571093275696244
20,119,2717.08935546875,0.3053464409564822,symbolic,0.15951212297597725,0.017460871843595557,0.19901878823613345,0.2688246718227135,0.04983710416509797,0.3053464409564822
20,120,2198.716552734375,0.21676303081198714,social_ethical,0.180277012634879,0.09960678187725594,0.20862018558189854,0.1686470811551883,0.21676303081198714,0.1260859079387911
20,121,511.15283203125,0.4695132785208069,reasoning,0.019207310374736948,0.20260120686904698,0.03108757681443505,0.4695132785208069,0.057734412389274015,0.21985621503170014
20,122,1839.2098388671875,0.3008613570214313,symbolic,0.07064224025700999,0.08530427183410526,0.2578836378537271,0.23399164799814587,0.05131684503558053,0.3008613570214313
20,123,1278.2271728515625,0.711578679768207,factual,0.032387768512927365,0.005262702009323254,0.711578679768207,0.07929703052275486,0.00919690768148978,0.1622769115052978
20,124,2094.9171142578125,0.4556424092190681,factual,0.12104504945674814,0.006724446569866226,0.4556424092190681,0.24503662574750631,0.08585238836956614,0.08569908063724506
20,125,1771.2537841796875,0.531117025913861,symbolic,0.026514338863431162,0.0037419424289724594,0.3468542039409623,0.06079422824539385,0.030978260607379227,0.531117025913861
20,126,2442.3687744140625,0.4894158977822993,reasoning,0.0693195207789329,0.138281982328467,0.18844195675854794,0.4894158977822993,0.009245954782327068,0.10529468756942575
20,127,1485.036865234375,0.500111956658799,reasoning,0.03177275724590565,0.0049850305233965575,0.332245770019322,0.500111956658799,0.044584232260911294,0.0863002532916655
22,0,1978.0606689453125,0.2859936388383484,reasoning,0.10326800838272719,0.0500256938401371,0.1969582961234978,0.2859936388383484,0.0805101839496286,0.28324417886566094
22,1,1969.2179565429688,0.34322205222363594,symbolic,0.06390525912631072,0.12069074479351649,0.17201944217934062,0.18028443574005398,0.11987806593714223,0.34322205222363594
22,2,1397.14501953125,0.3919982959110603,creative,0.054185729618121216,0.3919982959110603,0.06982072816601098,0.21508574789618756,0.03537076690642504,0.23353873150219495
22,3,2355.4277954101562,0.24489672278454053,symbolic,0.0881214533969535,0.1291392685647079,0.2310921450774603,0.21975547926841285,0.08699493090792494,0.24489672278454053
22,4,1897.513427734375,0.280165853620879,factual,0.06497420619475915,0.0724393882567582,0.280165853620879,0.18366337652779807,0.2414042843642385,0.15735289103556707
22,5,1421.313720703125,0.3950944921424168,symbolic,0.06055249144536966,0.03953105801895357,0.26321499506759277,0.14233340049583446,0.09927356282983273,0.3950944921424168
22,6,1135.6717529296875,0.28766283119664665,reasoning,0.1283378171668643,0.05057536349792974,0.2733770140302123,0.28766283119664665,0.09897518365014683,0.16107179045820016
22,7,5796.22265625,0.5194228183023292,symbolic,0.12458515378752191,0.031766967711326005,0.12867338339287507,0.18595356165417537,0.00959811515177247,0.5194228183023292
22,8,2931.9500732421875,0.37234444149070706,symbolic,0.0590590974845052,0.059010718180771644,0.2836098454797514,0.18625857072465077,0.03971732663961395,0.37234444149070706
22,9,5306.83154296875,0.5392418482183793,symbolic,0.05255718164721899,0.0014987499069549486,0.14886481356808012,0.23603086694249406,0.021806539716872533,0.5392418482183793
22,10,2080.23046875,0.33115860997973856,reasoning,0.09346921070569479,0.06370044024944652,0.12381798563109932,0.33115860997973856,0.08749825716989741,0.3003554962641234
22,11,1074.5606689453125,0.300986129301344,social_ethical,0.10562706120472336,0.10434803649429313,0.1908565239632249,0.13551777439930768,0.300986129301344,0.16266447463710698
22,12,1590.5122680664062,0.3223976036182267,social_ethical,0.05256934152342959,0.017707772065899963,0.20611326940111524,0.21389957608811067,0.3223976036182267,0.1873124373032178
22,13,604.8677978515625,0.36687320903388587,factual,0.0294338513811188,0.06270518096893347,0.36687320903388587,0.10615899611650838,0.33157143673044837,0.1032573257691051
22,14,2386.6629638671875,0.3295315873534892,factual,0.19299668573472692,0.0010192545928472245,0.3295315873534892,0.29796113790098305,0.030262982312956068,0.14822835210499755
22,15,1547.0216064453125,0.3102773324592579,symbolic,0.05790833744371292,0.19646180945129807,0.11627867339908836,0.272475675245741,0.046598172000901744,0.3102773324592579
22,16,1975.36328125,0.4493386427140577,symbolic,0.051425469603099114,0.007605590249420102,0.07732618901191039,0.4001843756982992,0.014119732723213492,0.4493386427140577
22,17,4042.96630859375,0.5318538839697367,symbolic,0.06330643919470966,0.024633831300622765,0.13915485456211024,0.23016091797156882,0.010890073001251813,0.5318538839697367
22,18,888.6951904296875,0.6014273526614893,symbolic,0.04329982551281965,0.05678848260986559,0.03336148735658172,0.1563748808238685,0.10874797103537531,0.6014273526614893
22,19,905.6627197265625,0.41804272677242754,social_ethical,0.025481086948991327,0.02731983239677544,0.07609524437239704,0.292205118376146,0.41804272677242754,0.16085599113326268
22,20,2942.041015625,0.5732593397839112,symbolic,0.05282019152573316,0.04337352496971105,0.1173334522762352,0.20358616998323734,0.009627321461172058,0.5732593397839112
22,21,1826.2918701171875,0.2785730055304521,factual,0.07347017238105277,0.054162884885304664,0.2785730055304521,0.24913683813423224,0.14958074613145406,0.19507635293750417
22,22,957.2352905273438,0.2737770257272317,factual,0.08699739589958595,0.0695620187609236,0.2737770257272317,0.1666552214027328,0.23997166930545355,0.1630366689040723
22,23,1719.3089599609375,0.3000259361674921,factual,0.038456811524149925,0.07988169188443617,0.3000259361674921,0.19514307101405018,0.1246871489733559,0.2618053404365157
22,24,1545.0386962890625,0.2807574522059291,reasoning,0.07780685357467834,0.092057514298263,0.18600039488164494,0.2807574522059291,0.09460006856308353,0.2687777164764011
22,25,1305.986083984375,0.27499584526553755,factual,0.05415063113641194,0.06498481395482303,0.27499584526553755,0.2579021740898234,0.10699978819733877,0.24096674735606533
22,26,904.1058349609375,0.35066843899932965,factual,0.015022477075678109,0.058708001892948496,0.35066843899932965,0.241456517204296,0.17528244020233757,0.1588621246254102
22,27,1577.4735107421875,0.24134158725643468,symbolic,0.11355120844674198,0.0796332768253726,0.22040263682493305,0.17075629071190668,0.174314999934611,0.24134158725643468
22,28,261.8489990234375,0.28771875190844853,symbolic,0.07251521747339361,0.06902721453455767,0.20623365144305517,0.22976252023829558,0.13474264440224945,0.28771875190844853
22,29,1415.97900390625,0.27378535651784097,symbolic,0.17022474719173772,0.05526729139546713,0.25129063682681446,0.1897971499262912,0.0596348181418485,0.27378535651784097
22,30,1037.1134033203125,0.35968516129822,symbolic,0.11745587617185574,0.011664502715561487,0.18835308196189915,0.18581001274359457,0.13703136510886904,0.35968516129822
22,31,2559.2792358398438,0.23957293311994585,factual,0.10443027537159594,0.04276449694500979,0.23957293311994585,0.2243535611916569,0.17784562537646462,0.21103310799532693
22,32,3340.741455078125,0.4077611595187463,symbolic,0.07856009755272651,0.036248334420638545,0.17414577236805576,0.2994679719493525,0.0038166641904803806,0.4077611595187463
22,33,2266.3302612304688,0.38736349716568563,factual,0.06108082465170123,0.049352740546416654,0.38736349716568563,0.20435610628210965,0.1363624550601234,0.16148437629396345
22,34,1210.1290283203125,0.42095403009489096,reasoning,0.10503454070192227,0.0363719648713047,0.11977512809207196,0.42095403009489096,0.015232851529806643,0.30263148471000345
22,35,1479.5047607421875,0.4503756279959007,reasoning,0.02665835430606489,0.10408673919685336,0.2977631460722735,0.4503756279959007,0.0511233279123123,0.06999280451659529
22,36,2109.8818359375,0.3520894747974908,symbolic,0.05914481659267982,0.06018154665615068,0.11684553572544375,0.2657515393292075,0.1459870868990275,0.3520894747974908
22,37,1143.5078735351562,0.2968387422777181,reasoning,0.08006044013437143,0.0640879139320018,0.22400014987803996,0.2968387422777181,0.15067418697168058,0.1843385668061881
22,38,2310.0882568359375,0.27663864810867206,symbolic,0.09609425328135979,0.07453883360090018,0.1982828586591284,0.24439022475033745,0.11005518159960216,0.27663864810867206
22,39,1068.2031860351562,0.2859295414589004,factual,0.048322306717486864,0.04940941720170356,0.2859295414589004,0.26816786114926194,0.11114101975945867,0.23702985371318852
22,40,559.1722412109375,0.23957488082163161,symbolic,0.07862399494928657,0.05988837172342716,0.23925135223814323,0.21800609028368567,0.16465530998382574,0.23957488082163161
22,41,1261.802001953125,0.2864423999887004,reasoning,0.12043284295676311,0.03466692696940856,0.174187713233318,0.2864423999887004,0.12639607177622375,0.25787404507558614
22,42,2246.315185546875,0.28291928176211323,symbolic,0.09473283449120831,0.06872018160818276,0.2156494462991529,0.24161253885078937,0.09636571698855341,0.28291928176211323
22,43,261.4423828125,0.3962183014153005,factual,0.19734178255396556,0.05633374047968564,0.3962183014153005,0.15279614294198723,0.0978071060111984,0.09950292659786267
22,44,1227.1524658203125,0.29330537968749704,symbolic,0.028159325833822167,0.042537561302371185,0.1979829964349353,0.1772933062749575,0.26072143046641677,0.29330537968749704
22,45,2936.4825439453125,0.3064066613830879,factual,0.05637287516266958,0.06133806735336562,0.3064066613830879,0.2111326791423143,0.10329687414586128,0.2614528428127013
22,46,2632.701416015625,0.27621357355118376,symbolic,0.23200385402017612,0.0005984117467864233,0.15936285331029823,0.14020927255369176,0.1916120348178637,0.27621357355118376
22,47,1895.5377197265625,0.36896590696501763,factual,0.037312329886603414,0.08233985875416057,0.36896590696501763,0.1922011470066321,0.184053832226372,0.1351269251612143
22,48,2393.6658935546875,0.3760549476714949,symbolic,0.08559042365993706,0.029154245230650494,0.13300019567634327,0.3575603969032243,0.018639790858350064,0.3760549476714949
22,49,548.103515625,0.3386724554482965,factual,0.1292032808441038,0.06473293031012475,0.3386724554482965,0.2500897537317954,0.10130857822961989,0.11599300143605971
22,50,2710.0673217773438,0.4346443336695138,symbolic,0.04623998656989659,0.12316205694898058,0.18500834528049945,0.1635850646673938,0.04736021286371573,0.4346443336695138
22,51,1394.9685668945312,0.2801594737994672,reasoning,0.08784972674666755,0.038635774451858035,0.2360447189945905,0.2801594737994672,0.10504487716452714,0.25226542884288955
22,52,1430.518798828125,0.6426741281751304,symbolic,0.08194663109991543,0.021776613837070486,0.05138798222686433,0.19365549915051103,0.00855914551050832,0.6426741281751304
22,53,1821.8094482421875,0.28800852678621386,factual,0.050136613111146595,0.029961881534786676,0.28800852678621386,0.23903900648226314,0.12450973290942408,0.2683442391761657
22,54,3180.56884765625,0.3822909190557593,symbolic,0.07881560777456495,0.08497153353531461,0.1677051278016459,0.18366212221581701,0.10255468961689826,0.3822909190557593
22,55,5486.551513671875,0.6874264197590744,symbolic,0.003357508360619884,0.12292234896985994,0.02650452778377883,0.15754409252204266,0.002245102604624278,0.6874264197590744
22,56,1986.951171875,0.30087661785536296,symbolic,0.20941249745655002,0.06822337683656748,0.13210255337804563,0.2166387829186322,0.0727461715548417,0.30087661785536296
22,57,1043.36572265625,0.3591149529696796,reasoning,0.02581543167324422,0.0035817359778324074,0.08977084096736589,0.3591149529696796,0.2515798060008059,0.270137232411072
22,58,4163.1868896484375,0.4399769276061714,factual,0.1411118725217401,0.0869693606714381,0.4399769276061714,0.11938462552529587,0.08345103172638876,0.12910618194896575
22,59,1800.923095703125,0.4040388765472785,reasoning,0.09716662773715899,0.01530038103018187,0.09705932870526332,0.4040388765472785,0.007077669180342492,0.37935711679977485
22,60,1686.9468994140625,0.45742929775377045,reasoning,0.113209849090439,0.011762101713170022,0.07283195902823762,0.45742929775377045,0.010815610932663188,0.33395118148171976
22,61,1327.3941650390625,0.37079815887658035,factual,0.0711652634588537,0.032204394090755636,0.37079815887658035,0.18127484305931948,0.04607949245600497,0.2984778480584859
22,62,998.2274169921875,0.3504880905227638,factual,0.05545425430013333,0.013228526786800676,0.3504880905227638,0.2775509420446081,0.11623313248496267,0.18704505386073142
22,63,2050.179443359375,0.2784985713069371,factual,0.0841410009008596,0.11579856469785478,0.2784985713069371,0.19493678799790654,0.062433440289322996,0.264191634807119
22,64,767.662353515625,0.3796025881383881,symbolic,0.012092343556448164,0.1041612800122124,0.14005571907662803,0.10473469037271674,0.25935337884360654,0.3796025881383881
22,65,2494.8231201171875,0.459704570856712,factual,0.09864142011649024,0.035423989060158804,0.459704570856712,0.1628760454204216,0.1326429812593862,0.11071099328683111
22,66,2421.970458984375,0.2622441494493513,symbolic,0.06332764504947436,0.10157769991122326,0.20675052021639068,0.191745567286612,0.17435441808694838,0.2622441494493513
22,67,807.4937744140625,0.36092093274833864,symbolic,0.032829533049865994,0.0359430680837111,0.2038119791280076,0.15329655121119626,0.21319793577888035,0.36092093274833864
22,68,2353.96044921875,0.4467585587039462,symbolic,0.0424504310492353,0.03993290894604775,0.0990987491783192,0.2988257302406122,0.07293362188183934,0.4467585587039462
22,69,1407.5670166015625,0.29167873941670425,symbolic,0.06340754305711431,0.06943592498310393,0.2474834983104799,0.16528773529721166,0.16270655893538594,0.29167873941670425
22,70,2454.6771240234375,0.2724303865264389,factual,0.07179036552062128,0.08687352722439003,0.2724303865264389,0.18640211470499235,0.20409573659977776,0.1784078694237797
22,71,1509.3709716796875,0.3649714547795361,factual,0.020124762561235486,0.020657081528507572,0.3649714547795361,0.11848998044200913,0.33104982892115964,0.1447068917675521
22,72,2637.407958984375,0.47626976763388607,symbolic,0.01659334786842291,0.10520717593910407,0.1043017181712595,0.18358599414245702,0.11404199624487044,0.47626976763388607
22,73,1531.55859375,0.347759555472239,reasoning,0.07798747191254823,0.08397319162719757,0.12545056289676315,0.347759555472239,0.0464078189599545,0.3184213991312975
22,74,1064.3582763671875,0.30463356654600987,factual,0.0582644806767759,0.037834105171986085,0.30463356654600987,0.2614546043838998,0.17377064447141677,0.16404259874991153
22,75,959.004150390625,0.6318170373777934,social_ethical,0.016730179443855665,0.00880913606414939,0.20479351113177147,0.09760287529712346,0.6318170373777934,0.040247260685306645
22,76,1510.634521484375,0.2587863808652168,social_ethical,0.10007734875740175,0.07047682292807228,0.1448980930929305,0.22244539405604052,0.2587863808652168,0.20331596030033813
22,77,688.1077880859375,0.31888020161153696,factual,0.04743090226165469,0.04370248673979449,0.31888020161153696,0.20497965310851787,0.19149991511410633,0.19350684116438965
22,78,527.8480224609375,0.3524479253750638,symbolic,0.2688637323892361,0.040009194911069995,0.13672712505703458,0.18719021232242963,0.014761809945165861,0.3524479253750638
22,79,913.1824951171875,0.32566368984242444,reasoning,0.0628644751604476,0.09468664476791291,0.2908455803671029,0.32566368984242444,0.04868749842095575,0.17725211144115643
22,80,650.8863525390625,0.2964559107632114,symbolic,0.04697301850072608,0.042630982653799346,0.22697977386230203,0.19069099171971213,0.19626932250024898,0.2964559107632114
22,81,1557.414794921875,0.2875930116938392,reasoning,0.05625448823992961,0.06611250897647986,0.2813241720593475,0.2875930116938392,0.1565259028171529,0.1521899162132509
22,82,1692.4691162109375,0.30576902923372273,reasoning,0.07453695198896017,0.030397180409221774,0.20274377237110022,0.30576902923372273,0.11009579935587532,0.2764572666411198
22,83,1078.603759765625,0.32496269206541206,factual,0.08802907042411647,0.11189347302975286,0.32496269206541206,0.16811148853509572,0.16758545401374073,0.13941782193188215
22,84,1975.6583251953125,0.369140206367871,factual,0.055007747182768206,0.07047721249462374,0.369140206367871,0.21522536896664624,0.12933887185176668,0.16081059313632415
22,85,1100.57666015625,0.29044665860093766,factual,0.055579993797640705,0.053775852591481474,0.29044665860093766,0.18188462990593088,0.13449281515682696,0.28382004994718235
22,86,993.822021484375,0.34889852961226525,social_ethical,0.06798396833955872,0.06886809254930669,0.16371639240964994,0.21964750491009521,0.34889852961226525,0.1308855121791242
22,87,1106.143310546875,0.28384601004290005,symbolic,0.10130490162473738,0.021047889726299965,0.22645755251378188,0.2688241472793876,0.09851949881289311,0.28384601004290005
22,88,3167.1024169921875,0.4754523460735236,reasoning,0.06989430640769788,0.009116318530849777,0.10362181735657289,0.4754523460735236,0.023058556048561833,0.318856655582794
22,89,2009.7769775390625,0.4011191506267609,reasoning,0.06019863954850109,0.023919447005067332,0.2373379450662724,0.4011191506267609,0.010229412576811854,0.2671954051765864
22,90,1508.8304443359375,0.2673141893600167,reasoning,0.09820102830512982,0.03057650765080149,0.23322960640480817,0.2673141893600167,0.1274482843876693,0.2432303838915745
22,91,3143.52587890625,0.36147970290501263,symbolic,0.07431898645855872,0.06414880937865072,0.2073449803283379,0.18626005581598215,0.10644746511345786,0.36147970290501263
22,92,1606.9935913085938,0.4725606758149375,symbolic,0.037448009290750046,0.030457917801078756,0.08595816253138223,0.33363590230583534,0.03993933225601612,0.4725606758149375
22,93,2123.0471801757812,0.28680688149625094,symbolic,0.017498732535255787,0.06419312554721632,0.1580320035027594,0.20573967833778772,0.2677295785807299,0.28680688149625094
22,94,9710.128173828125,0.5756897478759606,symbolic,0.06405147150613542,0.022216478470085687,0.06150310194043978,0.26426816545073584,0.012271034756642655,0.5756897478759606
22,95,1239.6399536132812,0.2688027002705677,factual,0.1150835038505906,0.029687260050473993,0.2688027002705677,0.2411799631723098,0.14261608947319782,0.20263048318286014
22,96,1284.729736328125,0.33898389150046565,factual,0.14724168526294726,0.04607855228549444,0.33898389150046565,0.1841681690333019,0.12639377088102757,0.15713393103676315
22,97,1019.58837890625,0.3025987049576245,factual,0.05838166635298692,0.07445511913365008,0.3025987049576245,0.26094933856675656,0.18495682952631487,0.11865834146266709
22,98,1966.703369140625,0.26634148569873667,reasoning,0.04170984047528575,0.03951975373208533,0.21954376679030296,0.26634148569873667,0.2381668592238186,0.19471829407977068
22,99,1590.6458740234375,0.36943231420940803,factual,0.04359118261202828,0.07587119551399552,0.36943231420940803,0.18539325713355156,0.22402425803136333,0.10168779249965332
22,100,1777.218017578125,0.5212014311451978,symbolic,0.01615368394879583,0.05383540181757363,0.0454599466857889,0.22694874706109017,0.1364007893415537,0.5212014311451978
22,101,3981.4061279296875,0.3487433451868348,factual,0.16022128498382635,0.0223418620228633,0.3487433451868348,0.15386771497229906,0.02434304679047154,0.29048274604370494
22,102,1236.726318359375,0.44285470062860877,reasoning,0.04456986701163192,0.0324751250140407,0.2588732775837798,0.44285470062860877,0.02997415326935578,0.19125287649258305
22,103,1972.0035400390625,0.365550903507491,symbolic,0.047184238497725704,0.0619835040715514,0.2925617158102994,0.20372025322982795,0.028999384883104575,0.365550903507491
22,104,2038.2130126953125,0.39237377449094124,social_ethical,0.032160189341332995,0.0008145155779398278,0.2091886819946121,0.1984424665424251,0.39237377449094124,0.16702037205274875
22,105,1147.5289306640625,0.3302501117752916,factual,0.07295429409129693,0.03946681031772904,0.3302501117752916,0.2868328972421528,0.1361748032589984,0.13432108331453124
22,106,1294.391357421875,0.44506016510912183,social_ethical,0.024161671061692508,0.03565025792052438,0.3093427982467176,0.08796703475990446,0.44506016510912183,0.09781807290203924
22,107,573.44482421875,0.2667487642783854,reasoning,0.1098159509202454,0.026726497873409315,0.23373168769131866,0.2667487642783854,0.24009890030355538,0.12287819893308584
22,108,1113.7667846679688,0.40957723755894837,symbolic,0.14086345565845598,0.0933390070284588,0.11131669274721469,0.22743359461375262,0.017470012393169535,0.40957723755894837
22,109,1152.5045166015625,0.2679052085635934,factual,0.07893464439336165,0.042535803002907324,0.2679052085635934,0.19731431536511274,0.158018950110456,0.2552910785645689
22,110,935.9351806640625,0.2554331246386384,symbolic,0.0459404832101916,0.06464135906012913,0.20599813673369652,0.2311202774526909,0.19686661890465348,0.2554331246386384
22,111,838.072998046875,0.24406939981303602,symbolic,0.14275331097805927,0.003139176874963404,0.23235560325302157,0.2304368775211223,0.14724563155979745,0.24406939981303602
22,112,1473.7408447265625,0.29122624791008944,symbolic,0.1707190948973671,0.09976505201532195,0.09339482650584346,0.2881640966512975,0.05673068202008054,0.29122624791008944
22,113,1065.724853515625,0.40883311658158866,social_ethical,0.04766770617397701,0.0283635903802086,0.3112715794364027,0.11319984907939117,0.40883311658158866,0.09066415834843189
22,114,982.7784423828125,0.30683657186550456,reasoning,0.077751228710355,0.2020303018747793,0.11399012609861654,0.30683657186550456,0.005163260203397847,0.2942285112473467
22,115,1536.09033203125,0.28566548089537125,symbolic,0.1398795039786542,0.04855069100766614,0.12910949857799628,0.2679223805617002,0.12887244497861194,0.28566548089537125
22,116,1008.544189453125,0.27433619535429343,factual,0.027801642073329996,0.1157095974652124,0.27433619535429343,0.14372498939118086,0.1706874877904777,0.26774008792550563
22,117,1942.16796875,0.3797768606884623,symbolic,0.06260603234143546,0.02806161314977021,0.17370580204949768,0.25422734037952915,0.10162235139130522,0.3797768606884623
22,118,1932.1436767578125,0.35811888220970767,symbolic,0.02699284393896155,0.09464749479739257,0.1717141282910334,0.17511889124426078,0.17340775951864407,0.35811888220970767
22,119,927.3314208984375,0.335546663096695,factual,0.04396080455471515,0.026802035989579157,0.335546663096695,0.19722658486271472,0.1996798872773556,0.19678402421894037
22,120,1162.4271240234375,0.6047363310220956,reasoning,0.026461042217133277,0.0013053153638768727,0.07350931252725751,0.6047363310220956,0.004562197962048822,0.28942580090758796
22,121,402.13995361328125,0.48208247472437876,reasoning,0.0505255923775711,0.06886012195801242,0.056627590947538504,0.48208247472437876,0.08428935712430796,0.2576148628681913
22,122,1307.8316650390625,0.259390986747226,factual,0.08481441197518294,0.05921834889479013,0.259390986747226,0.17914658695357755,0.24607548967183035,0.17135417575739303
22,123,993.5233154296875,0.44793826421932187,factual,0.014039292325797096,0.020377953255109417,0.44793826421932187,0.18473344757421203,0.22317848890206013,0.10973255372349948
22,124,1374.8814697265625,0.39030424231350197,reasoning,0.006414260320203384,0.013577786224291885,0.20649223224054558,0.39030424231350197,0.0786331101518073,0.30457836874964983
22,125,674.8372802734375,0.322771494213286,symbolic,0.07266798076142125,0.026138751981407554,0.24367618278929,0.24732452321857826,0.08742106703601689,0.322771494213286
22,126,1394.5904541015625,0.2819401487244283,reasoning,0.09149287692180436,0.05357904535740561,0.20811196303378227,0.2819401487244283,0.13205514296705717,0.23282082299552234
22,127,1461.6947631835938,0.5687657638355653,social_ethical,0.015983526586966723,0.05136425149280284,0.26184255178225424,0.05388245656590019,0.5687657638355653,0.04816144973651066
24,0,1663.7694702148438,0.3365460225005144,factual,0.1032843261461938,0.05758195609489479,0.3365460225005144,0.20162907207948408,0.11680185466931732,0.18415676850959561
24,1,1122.9893798828125,0.4537708397897327,social_ethical,0.010735875717115517,0.0632888922900292,0.22608287880825204,0.1467334903776052,0.4537708397897327,0.09938802301726533
24,2,666.8155517578125,0.3402398109455414,symbolic,0.09827913797815784,0.08752885326696144,0.21019915047048512,0.1894271780978601,0.07432586924099409,0.3402398109455414
24,3,1681.66357421875,0.441687715063122,social_ethical,0.09850003498790812,0.03724833023474999,0.29567874654439963,0.06513478184240808,0.441687715063122,0.061750391327412196
24,4,3205.1314697265625,0.35969206332146286,symbolic,0.03620689280879961,0.05644094055869043,0.14623530222322245,0.35738603832652543,0.044038762761299255,0.35969206332146286
24,5,1528.866943359375,0.6627043458417987,reasoning,0.08285103778377031,0.023966188451127465,0.06373686791577261,0.6627043458417987,0.009243658697791637,0.15749790130973923
24,6,1553.3876953125,0.3363350577650033,computational,0.3363350577650033,0.030363639449816397,0.05548640226219283,0.27163052149755856,0.011537598331268165,0.2946467806941608
24,7,536.547607421875,0.3451739751440029,factual,0.07815856493541654,0.07553923444475336,0.3451739751440029,0.1518886344308297,0.15189978245428515,0.19733980859071237
24,8,955.159423828125,0.42598942881395835,symbolic,0.023575063779080155,0.0012133425247799715,0.31775375460115485,0.11172016799183505,0.11974824228919165,0.42598942881395835
24,9,1618.512451171875,0.4679712138017358,symbolic,0.058815339545936623,0.02216149299177742,0.0775046621676353,0.2613575803761019,0.11218971111681296,0.4679712138017358
24,10,1336.4669189453125,0.42569305274399205,reasoning,0.010599052623243146,0.013554935329447751,0.14309707492562568,0.42569305274399205,0.0008996800153301821,0.40615620436236116
24,11,1680.1595458984375,0.34996066149142535,symbolic,0.08749517849889134,0.03768403167510991,0.22366148989960452,0.2488974937058023,0.052301144729166596,0.34996066149142535
24,12,2775.8575439453125,0.4431293996325829,factual,0.06722087790913078,0.078470304850631,0.4431293996325829,0.15832967052297017,0.04401507047657579,0.20883467660810934
24,13,910.01953125,0.3108533604833344,symbolic,0.07283718852617346,0.07233194900521538,0.24079421801558173,0.22715409235292855,0.07602919161676647,0.3108533604833344
24,14,655.8597412109375,0.7116998334016713,symbolic,0.07468652768396683,0.03576587490738075,0.04607055200051072,0.12025771278046114,0.011519499226009217,0.7116998334016713
24,15,1513.445068359375,0.2528140910146053,reasoning,0.03581133366596382,0.035535647196168585,0.21848951238016148,0.2528140910146053,0.21349416710987823,0.2438552486332226
24,16,3185.4097900390625,0.39807721645900074,reasoning,0.1624410032666565,0.14841284747193864,0.07608094876247165,0.39807721645900074,0.018076843205660637,0.1969111408342718
24,17,2618.06884765625,0.4132090312870386,creative,0.044163112981542595,0.4132090312870386,0.13964616393173568,0.15561075048421194,0.00865305620029076,0.23871788511518044
24,18,399.376220703125,0.46650110493353586,reasoning,0.02531474559019956,0.01232635121298167,0.0406545241144485,0.46650110493353586,0.07658518991713763,0.3786180842316968
24,19,745.8118896484375,0.3076050818281972,reasoning,0.008615492993017159,0.10666513249197054,0.11676498860580674,0.3076050818281972,0.2667179076650521,0.19363139641595623
24,20,7662.687927246094,0.884604032615145,symbolic,0.010878065947719232,0.01788722316316942,0.04216180496631026,0.042818618741340735,0.0016502545663153669,0.884604032615145
24,21,2562.297119140625,0.5701498470391473,factual,0.07870597414867736,0.04063536280359087,0.5701498470391473,0.2259130843914948,0.03867531813923149,0.04592041347785824
24,22,2331.3011474609375,0.3050952562147938,factual,0.060093196053475496,0.06493715395298329,0.3050952562147938,0.2169239123701783,0.10928410951942188,0.24366637188914725
24,23,898.40966796875,0.4918403722289223,social_ethical,0.042640723109357195,0.0269127902331757,0.1275523209142892,0.1675413314434197,0.4918403722289223,0.1435124620708359
24,24,4817.7374267578125,0.44791325795625475,symbolic,0.06772233596731236,0.02151896633394486,0.12364443069452748,0.3292330878238362,0.009967921224124364,0.44791325795625475
24,25,1707.9591064453125,0.25401428328323544,symbolic,0.033187553018414404,0.08136327643991563,0.2112016702020019,0.17216135594489865,0.24807186111153398,0.25401428328323544
24,26,1776.5616455078125,0.881150792110237,reasoning,0.008675795729618109,0.02038342009426813,0.042996324000540626,0.881150792110237,0.02490024284724741,0.021893425218088756
24,27,525.47265625,0.4567846284223281,computational,0.4567846284223281,0.008182969573523836,0.0811541506530579,0.16193312754142475,0.2244900424469042,0.06745508136276121
24,28,345.8353271484375,0.39421788913349876,factual,0.10885385285217553,0.01433491359060077,0.39421788913349876,0.17688221629934597,0.09548325975624435,0.21022786836813465
24,29,863.8983154296875,0.4029253693803425,symbolic,0.056178594062078084,0.0517056883124407,0.23038919437534397,0.23789302188551595,0.020908131984278773,0.4029253693803425
24,30,2658.176025390625,0.24264487817610925,creative,0.1629449473630747,0.24264487817610925,0.17227930960721588,0.18874788308367213,0.07780456799293232,0.15557841377699572
24,31,2879.109619140625,0.45424610863225146,factual,0.0126252953806774,0.000570346412944201,0.45424610863225146,0.07612458346522842,0.19261355604713473,0.26382011006176376
24,32,3742.4058837890625,0.5624366780004911,symbolic,0.015982300615350963,0.019550855412306476,0.18300726122160996,0.21366752834002478,0.005355376410216666,0.5624366780004911
24,33,2249.6234130859375,0.285576280535235,reasoning,0.07382735228850966,0.04074727133963123,0.17228431516451184,0.285576280535235,0.20867555143642477,0.21888922923568752
24,34,1151.9224853515625,0.36558502477971555,reasoning,0.1202488324916238,0.03143299526129732,0.24301648833699693,0.36558502477971555,0.08255465001029508,0.15716200912007133
24,35,5735.526611328125,0.5340051770086874,symbolic,0.09000176522792148,0.022499483563352848,0.07324631714586269,0.27553690362847344,0.004710353425702102,0.5340051770086874
24,36,3166.4619140625,0.478759317394186,social_ethical,0.031872974722563785,0.0,0.39830512787062405,0.06634058678341764,0.478759317394186,0.02472199322920859
24,37,1326.1717529296875,0.3800390629638313,symbolic,0.10652817622682034,0.018430966350420318,0.13955211151989244,0.21256684578118978,0.14288283715784583,0.3800390629638313
24,38,3143.5233154296875,0.2629323770433714,factual,0.07581727574712127,0.04140282853863523,0.2629323770433714,0.22152418964417284,0.16494429134369662,0.23337903768300267
24,39,3143.0579833984375,0.5000840261689377,factual,0.01602990935465844,0.025099958517055217,0.5000840261689377,0.02369937996183072,0.421660326804511,0.013426399193007003
24,40,1461.4227294921875,0.4090890600757185,reasoning,0.12134622733508882,0.023221899477738634,0.17298632848798967,0.4090890600757185,0.015501869992210976,0.2578546146312534
24,41,2513.2218017578125,0.6075371498383573,symbolic,0.028398732815068432,0.061197340452323605,0.06787355525438145,0.21497225149044508,0.020020970149424094,0.6075371498383573
24,42,3387.0953369140625,0.4033501176790283,reasoning,0.11459283020180318,0.08283612494789994,0.16305532635229972,0.4033501176790283,0.0325142623089957,0.20365133850997322
24,43,827.1715087890625,0.34501030003738087,computational,0.34501030003738087,0.10092280483912122,0.1521387611827238,0.16462424528005343,0.16367518674582424,0.07362870191489641
24,44,200.509765625,0.38546283398759024,reasoning,0.09775133692444063,0.05203533961290071,0.15377188026611857,0.38546283398759024,0.0665594773088125,0.24441913190013734
24,45,1749.6626586914062,0.4431351565293714,factual,0.1118795814190326,0.06492403163793467,0.4431351565293714,0.16630472817496592,0.028611751435204464,0.18514475080349088
24,46,3631.2894287109375,0.3482326578922218,symbolic,0.10953940602046093,0.07048059093861361,0.2151675956347693,0.20166210141261173,0.05491764810132259,0.3482326578922218
24,47,1475.2957763671875,0.26351657667958034,factual,0.07301601249683198,0.07959060116305133,0.26351657667958034,0.16694530352303724,0.25139829365850647,0.1655332124789926
24,48,1980.6566162109375,0.3771719386332867,symbolic,0.04655531011943578,0.024829498730365752,0.03945021487421774,0.29589691904842114,0.21609611859427288,0.3771719386332867
24,49,1595.8040771484375,0.26275862137546835,symbolic,0.07273124627136884,0.023289300776335523,0.201366009050682,0.1982422011704125,0.24161262135573278,0.26275862137546835
24,50,4262.665710449219,0.4639979816583778,symbolic,0.06533710894183616,0.07351906725010905,0.040303114934288994,0.29745588868994866,0.059386838525439356,0.4639979816583778
24,51,579.2777099609375,0.4676178809860323,reasoning,0.03934511488179291,0.016513105309662345,0.21321086355899754,0.4676178809860323,0.1274260379905522,0.13588699727296272
24,52,461.4552001953125,0.5072192487198568,social_ethical,0.03201330285555868,0.01695764899645287,0.12288475787654808,0.22368309322077615,0.5072192487198568,0.09724194833080747
24,53,803.818115234375,0.24299083445433614,factual,0.13111602067646508,0.027041047685317784,0.24299083445433614,0.21416008011082363,0.1683007642662476,0.2163912528068098
24,54,43.5057373046875,0.21581149217590398,factual,0.12181852362099782,0.04896758969581845,0.21581149217590398,0.21357523449841329,0.20292425062921052,0.19690290937965596
24,55,2017.4632568359375,0.35387990083414117,symbolic,0.1724968731581342,0.0,0.1540389006900744,0.3111138527429472,0.008470472574703097,0.35387990083414117
24,56,683.798828125,0.2974405892517959,factual,0.06511082389568844,0.023685037345939075,0.2974405892517959,0.27325605889661675,0.18556272403993088,0.15494476657002898
24,57,1168.3868408203125,0.31424547546472964,reasoning,0.0423389411712467,0.010249570988645892,0.28105574666259203,0.31424547546472964,0.048887913764146924,0.3032223519486388
24,58,1612.5001220703125,0.3180638082861095,factual,0.04423154037733615,0.07596277889089913,0.3180638082861095,0.20772376092207478,0.10021915120676242,0.25379896031681803
24,59,1789.5045166015625,0.4132518842062834,reasoning,0.017744251369117933,0.01943972494241154,0.021617339220434142,0.4132518842062834,0.16407797991503328,0.36386882034671975
24,60,1498.1412353515625,0.3651043655741046,reasoning,0.0025616052704633256,0.3278998153066141,0.08268872894495807,0.3651043655741046,0.0012523657041485245,0.22049311919971143
24,61,1448.9811401367188,0.2899494092423425,reasoning,0.04065516638151631,0.012822857116861352,0.10833321012411612,0.2899494092423425,0.2726817111649918,0.2755576459701719
24,62,918.7030029296875,0.3384497639188867,factual,0.13630799300825205,0.05612585146322456,0.3384497639188867,0.19719904889905215,0.05820596956025201,0.21371137315033253
24,63,2634.9993896484375,0.36358083500282473,symbolic,0.04056962607329826,0.0473094144955171,0.22269544747118666,0.2420351882234318,0.08380948873374143,0.36358083500282473
24,64,23.24853515625,0.5342238464284964,factual,0.3219078823010522,0.0,0.5342238464284964,0.04215235334887531,0.07493751706466721,0.026778400856908826
24,65,2554.5736083984375,0.408869957744198,reasoning,0.07080208612128971,0.002873312347114863,0.23582822189081729,0.408869957744198,0.04935397779344807,0.23227244410313208
24,66,1.2646484375,0.3496138996138996,reasoning,0.0,0.0,0.0,0.3496138996138996,0.3061776061776062,0.3442084942084942
24,67,3586.2508544921875,0.32453271121086336,symbolic,0.18763505381321016,0.0009479699945882317,0.12259376027428431,0.30710943117137063,0.057181073535683344,0.32453271121086336
24,68,676.0087890625,0.4017460522685281,factual,0.2919557071101782,0.042753848776351314,0.4017460522685281,0.18191309862430713,0.049136454055209736,0.03249483916542551
24,69,1984.0152587890625,0.4382697822987472,reasoning,0.08500039961722884,0.018038518670922935,0.09754155111658099,0.4382697822987472,0.05521996390462764,0.3059297843918924
24,70,1411.3143310546875,0.44191365695433465,symbolic,0.10270841458369499,0.07709804110837992,0.13348706788322298,0.21845260908047553,0.02634021038989189,0.44191365695433465
24,71,1090.3125,0.3705080923975351,reasoning,0.09302954374462596,0.11321071582115219,0.1261358241974778,0.3705080923975351,0.07495454464029808,0.22216127919891085
24,72,1935.6153564453125,0.42193297777494126,factual,0.09945536109626797,0.02303778227826324,0.42193297777494126,0.09670703502480771,0.07756555787853368,0.2813012859471862
24,73,1732.8211669921875,0.5697007827465922,factual,0.016546496364880953,0.059251915655572904,0.5697007827465922,0.21276747728169473,0.04642299537641796,0.0953103325748413
24,74,2978.141357421875,0.3341087449759056,factual,0.07240569655187,0.04326424787639299,0.3341087449759056,0.19836443382598815,0.12051047070094956,0.23134640606889373
24,75,4759.57666015625,0.4533148782168517,symbolic,0.05612733086551549,0.07593746284346742,0.20887211053618973,0.1762995720080393,0.029448645529936406,0.4533148782168517
24,76,1984.374267578125,0.4661960382121204,reasoning,0.21874023821613123,0.0011337356546760537,0.16044592536143898,0.4661960382121204,0.012380540986912273,0.14110352156872105
24,77,2053.4051513671875,0.44507298548672397,symbolic,0.03965158863703851,0.08728516698426626,0.16880901489433608,0.19150985093774364,0.06767139305989153,0.44507298548672397
24,78,2954.03173828125,0.28409508274327805,factual,0.18069542800763722,0.040343432910893595,0.28409508274327805,0.20508668634647068,0.050466110190703684,0.23931325980101678
24,79,5490.1875,0.6186260795182883,symbolic,0.07225971068411825,0.006162605977425634,0.07077659592255502,0.18041147007302802,0.051763537824584774,0.6186260795182883
24,80,546.717041015625,0.6629004002495363,reasoning,0.019425700191081977,0.0011648453816794405,0.0909686860445852,0.6629004002495363,0.05818064414141049,0.16735972399170654
24,81,1183.9296875,0.2701151653326119,social_ethical,0.1067537349135229,0.14298293223705483,0.16422102555050383,0.16207239859313857,0.2701151653326119,0.153854743373168
24,82,932.449462890625,0.2845236172055027,computational,0.2845236172055027,0.07291265471041519,0.19049977050846578,0.1963070321809184,0.10153488336776798,0.15422204202692996
24,83,1399.0867919921875,0.3385423614856196,social_ethical,0.04414256334720288,0.0341281836758928,0.19023534725802502,0.19603485427811582,0.3385423614856196,0.19691668995514391
24,84,885.5032958984375,0.3235100756915833,factual,0.08796280915346104,0.020214106809126994,0.3235100756915833,0.18467384326230213,0.1573260594126613,0.2263131056708652
24,85,696.1513671875,0.364230514028721,social_ethical,0.036728862229417035,0.03400988133698249,0.08880262436190046,0.15625916205027923,0.364230514028721,0.3199689559926998
24,86,1147.1134033203125,0.277090731629037,reasoning,0.07287579546698877,0.06202782906695251,0.2740700295078733,0.277090731629037,0.1742550110655855,0.1396806032635629
24,87,6303.671142578125,0.6956758286274232,symbolic,0.006614352367909991,0.16302800439832366,0.044947185375337574,0.07319134121567072,0.016543288015334875,0.6956758286274232
24,88,2929.51708984375,0.49960364361193677,factual,0.04203152816722173,0.05371137421159997,0.49960364361193677,0.20260678496132525,0.007466850988499164,0.19457981805941713
24,89,294.0882568359375,0.31970582411958304,symbolic,0.10385896227374479,0.04573523423617502,0.1943627081680794,0.21274538004981797,0.12359189115259979,0.31970582411958304
24,90,989.9483642578125,0.3778011819735409,reasoning,0.10410551272390435,0.003238854614936242,0.1906541793321222,0.3778011819735409,0.019171834271165845,0.3050284370843305
24,91,804.382568359375,0.40930187137055274,reasoning,0.009105392182899406,0.05285498054329447,0.25687790974188945,0.40930187137055274,0.05636844787360259,0.21549139828776134
24,92,2398.6187133789062,0.2386866434078716,symbolic,0.07239953292413345,0.08775889260606302,0.21658199226549685,0.19838988651330777,0.18618305228312731,0.2386866434078716
24,93,772.539794921875,0.6299164149803923,factual,0.09399767343599247,0.001200256737381108,0.6299164149803923,0.09800959004501121,0.04517269570773907,0.13170336909348382
24,94,1636.8419189453125,0.33227623309075266,factual,0.07060037024361755,0.02059615292972061,0.33227623309075266,0.3296508340027216,0.10619584191493943,0.14068056781824817
24,95,552.3082275390625,0.3812104252638242,reasoning,0.15505417272901878,0.004954791779616307,0.10348371502852574,0.3812104252638242,0.029956841725809365,0.3253400534732056
24,96,930.4560546875,0.3707788309454264,symbolic,0.1674412801602037,0.016052905843593583,0.1518710372832543,0.262047288638489,0.03180865712903304,0.3707788309454264
24,97,1576.6717529296875,0.35532690027442504,reasoning,0.0858315148657547,0.04762685625957381,0.18425530317019193,0.35532690027442504,0.019386587045078254,0.3075728383849763
24,98,737.7916259765625,0.42573472585737665,symbolic,0.08180110850631925,0.03945258669398637,0.09229500583141366,0.1425361627891778,0.21818041032172628,0.42573472585737665
24,99,1977.8287353515625,0.31807853084236487,symbolic,0.08992756801735154,0.031030022577557003,0.25293640629060943,0.2454891021210288,0.06253837015108836,0.31807853084236487
24,100,1563.8596801757812,0.5522725009959107,social_ethical,0.019439802325140736,0.004526763956224499,0.23586139514454552,0.12849732285698107,0.5522725009959107,0.05940221472119749
24,101,782.0938720703125,0.3564724540508042,symbolic,0.060151277221963215,0.08284957201697604,0.16447015902978548,0.30589240091132813,0.030164136769142955,0.3564724540508042
24,102,2035.8052368164062,0.428163188004497,reasoning,0.045507561123517684,0.0036620999547499144,0.12277700672047569,0.428163188004497,0.09693696824666007,0.30295317595009963
24,103,1351.0831298828125,0.29094432246697327,symbolic,0.07570549995468949,0.004355681427110212,0.22914377236218084,0.2759975471791702,0.12385317660987599,0.29094432246697327
24,104,1521.6572265625,0.23084749036855248,reasoning,0.13167286194058828,0.15635258382070844,0.22689768235572724,0.23084749036855248,0.10230039655315154,0.15192898496127205
24,105,1111.5982666015625,0.21222779436413358,reasoning,0.18409848309061078,0.15714677440556243,0.11592195350580972,0.21222779436413358,0.13739273394988674,0.19321226068399674
24,106,2034.2313232421875,0.4214097001738374,symbolic,0.04118102378942253,0.032244500754691596,0.2379654549095399,0.2407706825492848,0.02642863782322376,0.4214097001738374
24,107,1007.8505249023438,0.30208192847375004,symbolic,0.0451606022858997,0.08335925794466452,0.15486152623965313,0.21542307360859628,0.1991136114474363,0.30208192847375004
24,108,2024.3851318359375,0.6527330980308872,factual,0.03568273376796328,0.0010407770540377355,0.6527330980308872,0.04798187238927618,0.2545245008626812,0.008037017895154435
24,109,351.202880859375,0.5212109331281234,symbolic,0.047689754867305235,0.062234494034522816,0.07503404524211224,0.27767952912944976,0.016151243598486506,0.5212109331281234
24,110,307.477294921875,0.4133228841369925,factual,0.3946318444816571,0.001472098025530658,0.4133228841369925,0.10521451421956175,0.06593157046815734,0.019427088668100653
24,111,2084.160888671875,0.5976786408555133,social_ethical,0.01621318859707642,0.06823068992633356,0.09652427518147186,0.12207359896766007,0.5976786408555133,0.0992796064719448
24,112,1325.6671142578125,0.3224965503714825,factual,0.03386635100896742,0.024026725930755125,0.3224965503714825,0.1935708224733917,0.12085058147592075,0.3051889687394825
24,113,2430.9222412109375,0.2953928407062026,factual,0.09939085919710718,0.0639125564957318,0.2953928407062026,0.18798565740933001,0.06523458361067012,0.2880835025809583
24,114,1263.9224853515625,0.38214561969114896,symbolic,0.06634696577272688,0.03510876368896315,0.1304933440074143,0.22940311393036136,0.15650219290938533,0.38214561969114896
24,115,1137.23779296875,0.3392293381501488,reasoning,0.09967291567467261,0.02226066877538306,0.15235923201733917,0.3392293381501488,0.09043400715223246,0.2960438382302239
24,116,1602.4611206054688,0.2933175109103227,reasoning,0.049361937659749826,0.13093705083081622,0.20717346741765283,0.2933175109103227,0.10285296097010813,0.2163570722113503
24,117,1915.5611572265625,0.5529045274946396,social_ethical,0.054782871854734655,0.0012775711262298008,0.12198089544302589,0.17202551293225324,0.5529045274946396,0.09702862114911685
24,118,657.8026123046875,0.5991735698224383,reasoning,0.06810746672817788,0.0005426150445031556,0.18812300288807043,0.5991735698224383,0.04509105039620734,0.09896229512060288
24,119,408.828857421875,0.31030185188613385,reasoning,0.04622698578673959,0.04011255473816154,0.18752922404233224,0.31030185188613385,0.10616351848213534,0.30966586506449745
24,120,1600.309814453125,0.31740825026404035,reasoning,0.06405620005525664,0.036596002147411336,0.2401934348344719,0.31740825026404035,0.0326915000131963,0.30905461268562345
24,121,2125.930908203125,0.3876548566212894,factual,0.03791497359899667,0.259487944906488,0.3876548566212894,0.016095315781356354,0.2723889454217724,0.026457963670097187
24,122,1955.337646484375,0.32277739605744143,symbolic,0.07708061479851014,0.05369086246418588,0.22114440852818862,0.1692464524252088,0.15606026572646514,0.32277739605744143
24,123,622.182861328125,0.4839654206990023,factual,0.3207655522293651,0.029643773241968388,0.4839654206990023,0.09889105621000283,0.05821395736485667,0.008520240254804762
24,124,1019.865234375,0.3388603781136831,symbolic,0.04965423204275994,0.1013635858751252,0.20063231202039178,0.20649868529657908,0.10299080665146092,0.3388603781136831
24,125,2505.17724609375,0.39558737052935106,symbolic,0.06362585450482136,0.009132503528337702,0.10800012201294858,0.2608121793871013,0.16284197003744005,0.39558737052935106
24,126,1623.588623046875,0.3832142971532216,symbolic,0.08004518347440889,0.027110159830826625,0.14356752762578195,0.292303080545167,0.07375975137059396,0.3832142971532216
24,127,1519.6868896484375,0.40591873823977703,social_ethical,0.016939299678093704,0.011547821057852766,0.3026433266194216,0.13194447066194617,0.40591873823977703,0.13100634374290873
27,0,4971.581298828125,0.6592469395264501,symbolic,0.0074978403864503895,0.07919268879658146,0.0372036924517805,0.21217096370547894,0.004687875133258628,0.6592469395264501
27,1,777.2586669921875,0.3321257053418064,symbolic,0.17027664617185645,0.04571417443146651,0.17878888439893625,0.2644067668838753,0.008687822772059066,0.3321257053418064
27,2,1540.572021484375,0.5834536019002935,factual,0.05933813646925929,0.022216233665489575,0.5834536019002935,0.10113906363729863,0.11179905558998844,0.12205390873767052
27,3,1054.34765625,0.3800589217636794,symbolic,0.025041402229607317,0.02385849792340495,0.07943392871036223,0.23174805400258602,0.25985919537036006,0.3800589217636794
27,4,1641.247314453125,0.3165644460159383,symbolic,0.03047846880699568,0.03261024947531063,0.2583120628797202,0.1928685830330132,0.16916618978902198,0.3165644460159383
27,5,3284.4808349609375,0.45913002996640173,symbolic,0.07812225960398293,0.018270700497393433,0.17796074824688057,0.2466164361155257,0.019899825569815614,0.45913002996640173
27,6,1981.1014404296875,0.31304952319534507,symbolic,0.06025109212213579,0.12076122377817787,0.16074672397248832,0.25106396298569067,0.09412747394616229,0.31304952319534507
27,7,1536.891845703125,0.42958596904358604,factual,0.08257037328503763,0.11024693933020063,0.42958596904358604,0.10893187075871125,0.056944605724857184,0.21172024185760724
27,8,2059.3812255859375,0.6077672138107036,factual,0.019107491554315886,0.0,0.6077672138107036,0.05691371262096075,0.04672678875034224,0.2694847932636774
27,9,1339.6126708984375,0.3583510712990132,symbolic,0.00749974462614589,0.14033961943327142,0.13878669125424056,0.13107645114085364,0.22394642224647526,0.3583510712990132
27,10,1677.0380859375,0.2604250192309148,symbolic,0.12331310957341435,0.05096680112293402,0.18520229874214386,0.2598124978527177,0.12028027347787527,0.2604250192309148
27,11,5470.7708740234375,0.4845233865030456,symbolic,0.10169358175790175,0.030878901780826303,0.07285006623110589,0.29909708588712364,0.01095697783999685,0.4845233865030456
27,12,1189.2578125,0.3463732755789128,reasoning,0.032196789292166204,0.022631589752011825,0.2720709476104451,0.3463732755789128,0.04611912875677451,0.2806082690096896
27,13,3509.7626953125,0.5117029521727481,symbolic,0.07529232077823103,0.025367369533140956,0.09856209534955093,0.26692697573203317,0.022148286434295856,0.5117029521727481
27,14,2623.9298095703125,0.49380906920152945,symbolic,0.07145682021683598,0.023759454014757597,0.059957712484437826,0.311335262102067,0.03968168198037211,0.49380906920152945
27,15,786.6842041015625,0.3186812913985641,factual,0.14543122471397002,0.007078265136083899,0.3186812913985641,0.21283860373089247,0.14408527435027327,0.17188534067021624
27,16,1809.832763671875,0.49913740249491606,symbolic,0.10690610846376167,0.0029833098950165756,0.13681609858257202,0.24577391972966683,0.008383160834066835,0.49913740249491606
27,17,1288.9644775390625,0.5135504148658274,creative,0.04879566126098415,0.5135504148658274,0.09088191081196799,0.1355034857290758,0.016918710769388997,0.19434981656275568
27,18,2622.8360595703125,0.3402192646439892,symbolic,0.06362015413282704,0.04272197416462129,0.1980343449978505,0.25146818156876255,0.10393608049194944,0.3402192646439892
27,19,1078.8487548828125,0.26780301131633893,symbolic,0.08038319837147367,0.05133815852107434,0.2383480337984159,0.20990947087264447,0.15221812712005267,0.26780301131633893
27,20,1661.807373046875,0.7161148404902594,social_ethical,0.0007578492155522383,0.09489422505234867,0.08609268458443463,0.042912174259629725,0.7161148404902594,0.05922822639777527
27,21,710.345947265625,0.5561980315351682,symbolic,0.043664422697869826,0.027202235926390674,0.06279830367094598,0.2631640269358742,0.04697297923375116,0.5561980315351682
27,22,750.550537109375,0.7062953463522057,social_ethical,0.016517497735223655,0.0,0.033730448515168716,0.21100364153266402,0.7062953463522057,0.03245306586473796
27,23,1310.5626220703125,0.35547495750097635,factual,0.05532608633894023,0.05780463330870931,0.35547495750097635,0.2940781542397637,0.16931139705940568,0.0680047715522047
27,24,1457.11376953125,0.32253820075203515,social_ethical,0.04715073107454705,0.02887386739826062,0.14912945614005105,0.23301905823698324,0.32253820075203515,0.2192886863981229
27,25,2182.8978271484375,0.3037144161385513,factual,0.10485704326943644,0.09055273038438738,0.3037144161385513,0.16645851856072869,0.0652172296190775,0.2692000620278187
27,26,59.3123779296875,0.36987406536910844,symbolic,0.03333285311193755,0.004696565250768183,0.32436554178234855,0.25611510495238604,0.011615869533451194,0.36987406536910844
27,27,571.33203125,0.31464107827787313,factual,0.028570927998577883,0.037670029946465566,0.31464107827787313,0.1544048396359932,0.2314372936052673,0.23327583053582296
27,28,1723.645263671875,0.3017744489381167,social_ethical,0.1358522056002145,0.024510304528961618,0.22096865872498656,0.14737818466183886,0.3017744489381167,0.16951619754588176
27,29,1969.7857666015625,0.6326019576134455,symbolic,0.022359330424190894,0.0007726589774662821,0.08031185230240663,0.10771453634419144,0.1562396643382992,0.6326019576134455
27,30,1618.98828125,0.30317177008210666,symbolic,0.08592628437898861,0.040914133054738566,0.2091243959021476,0.23419325039026592,0.12667016619175267,0.30317177008210666
27,31,1428.925537109375,0.31041817197997773,factual,0.04903825963256715,0.04592005062807552,0.31041817197997773,0.2552443848574351,0.09654556330311971,0.2428335695988248
27,32,4218.6083984375,0.3740656515091363,symbolic,0.0743158335175602,0.10606600221535213,0.2148129682593513,0.19061574404696455,0.04012380045163553,0.3740656515091363
27,33,255.0654296875,0.5891980649879205,creative,0.011886119906427196,0.5891980649879205,0.09501525726778132,0.04260357521622439,0.10151586794136003,0.15978111468028655
27,34,2781.414306640625,0.29605176941355205,reasoning,0.07025050223068809,0.05364373224791057,0.049512480521472,0.29605176941355205,0.23934268981476076,0.29119882577161654
27,35,2223.6304931640625,0.5095116205929288,factual,0.03386586755882102,0.013600475318897182,0.5095116205929288,0.29723131573314665,0.0076840220683146295,0.13810669872789175
27,36,3187.3499755859375,0.5911856068899689,symbolic,0.03609452972491697,0.010283916932211614,0.11120675065473938,0.15965147103469293,0.09157772476347022,0.5911856068899689
27,37,3699.490966796875,0.730904635779508,symbolic,0.015930717875499528,0.06943443641785864,0.06464796182171124,0.09960691250610848,0.019475335599314067,0.730904635779508
27,38,1807.063720703125,0.3472802247797914,factual,0.03553377296911413,0.06396684398099742,0.3472802247797914,0.22333742651889768,0.12698154607846568,0.20290018567273366
27,39,3548.2763671875,0.5348156771760056,symbolic,0.07403256147419728,0.030042576790282473,0.04915885381188875,0.308150482945202,0.003799847802423877,0.5348156771760056
27,40,1084.746826171875,0.3540857410429556,social_ethical,0.026336430479192225,0.021693074893492707,0.26975080365769755,0.08882322186444085,0.3540857410429556,0.2393107280622211
27,41,1352.705078125,0.3517960791816167,factual,0.07778242020834988,0.027550679699964626,0.3517960791816167,0.2587558747301775,0.08745857909137507,0.19665636708851622
27,42,697.8837890625,0.6439452138370324,reasoning,0.0012579883660564233,0.02412881856841204,0.14702878960249527,0.6439452138370324,0.04382126909896408,0.13981792052703976
27,43,1116.5386962890625,0.2800802695184102,reasoning,0.12285259632314877,0.2243355926218078,0.09757141521764442,0.2800802695184102,0.03468600919349469,0.2404741171254941
27,44,1320.8271484375,0.3953482998860651,symbolic,0.035026472669307154,0.21481354900863348,0.1377422594890897,0.1774544981357119,0.03961492081119268,0.3953482998860651
27,45,842.46630859375,0.2932969199088196,reasoning,0.04347369348389419,0.06431660205254407,0.22752034200180715,0.2932969199088196,0.21310126923426903,0.15829117331866596
27,46,826.09326171875,0.3616103541767272,symbolic,0.08763924936119809,0.006370878080006431,0.23041184769945602,0.20793438382730273,0.10603328685530952,0.3616103541767272
27,47,481.01806640625,0.29886841771348815,reasoning,0.12162948864357315,0.11793427230046949,0.10807156452226875,0.29886841771348815,0.06706585458698135,0.28643040223321914
27,48,1384.26318359375,0.3300482615166081,factual,0.09284398323651283,0.035888021429496104,0.3300482615166081,0.2876107021906044,0.05596512274728736,0.19764390887949118
27,49,870.22119140625,0.37859980821596523,factual,0.034204946322353165,0.003519500755521366,0.37859980821596523,0.17316027882189167,0.03666284557457498,0.37385262030969363
27,50,816.4293212890625,0.2695213906185965,factual,0.09365958408172975,0.06568504568277003,0.2695213906185965,0.264298601609494,0.08497696461628103,0.22185841339112874
27,51,1571.68115234375,0.5590000382129631,factual,0.008400094693586404,0.05717785462484035,0.5590000382129631,0.25317734574001577,0.006997710018289407,0.11524695671030505
27,52,883.9437255859375,0.305014992542051,reasoning,0.05508386861028602,0.0750075919034611,0.29473046636728073,0.305014992542051,0.08986673188545595,0.18029634869146519
27,53,1757.815673828125,0.36986294330301905,symbolic,0.050733102843008755,0.036326114966736864,0.09115330763986121,0.2897202407828986,0.16220429046447554,0.36986294330301905
27,54,1334.4495849609375,0.31139405904474565,symbolic,0.06582038419800708,0.011344414937287153,0.17574361649684578,0.2708261238691375,0.16487140145397683,0.31139405904474565
27,55,1502.3369140625,0.5019360300001365,social_ethical,0.019367287812672055,0.0014191757242785167,0.055654341900931686,0.15105080431333215,0.5019360300001365,0.27057236024864906
27,56,2190.2713623046875,0.38222613393310917,symbolic,0.11921431235862288,0.036180278969116304,0.24678294011777377,0.18878415364730722,0.026812180974070628,0.38222613393310917
27,57,432.547607421875,0.672625394039109,social_ethical,0.07313845624155127,0.004226413390415501,0.09012200043460715,0.10450128829975476,0.672625394039109,0.05538644759456233
27,58,1152.75634765625,0.28247576609222547,social_ethical,0.07208531267406373,0.048003045519718575,0.2509612024508174,0.1774021589727407,0.28247576609222547,0.16907251429043416
27,59,2147.0047607421875,0.327030531667624,factual,0.08338782516499782,0.09683986417533101,0.327030531667624,0.14907629025106117,0.06138252538070416,0.2822829633602818
27,60,2546.16796875,0.4616957986036001,reasoning,0.0411723768408101,0.006538433215355796,0.05938765209360267,0.4616957986036001,0.0528175287157938,0.37838821053083754
27,61,1561.3924560546875,0.379180805269235,symbolic,0.15596578731158423,0.01821697520437729,0.09629458443473253,0.2803183068748653,0.0700235409052057,0.379180805269235
27,62,1620.634765625,0.23208250227474045,factual,0.08971011370689291,0.04756534982796334,0.23208250227474045,0.19116218146101607,0.21366019294619562,0.22581965978319163
27,63,573.154052734375,0.6519861017814068,reasoning,0.0027751285440393517,0.0011300715314407368,0.23393055746645885,0.6519861017814068,0.03431021549735713,0.07586792517929716
27,64,4144.8759765625,0.4061770427671779,symbolic,0.10711452958790185,0.060248758762525174,0.13464048584083368,0.18986774898317835,0.10195143405838299,0.4061770427671779
27,65,2578.2528076171875,0.3034868962698677,symbolic,0.07597970877106613,0.07647745871689031,0.2450273416843398,0.22258465690644977,0.07644393765138631,0.3034868962698677
27,66,1122.733154296875,0.46430122327650225,social_ethical,0.04735899050060723,0.04318445478791358,0.13836234687298518,0.17615235995272593,0.46430122327650225,0.13064062460926584
27,67,1367.986572265625,0.507068279557323,reasoning,0.032705616877849786,0.01227380854011575,0.18312279269634016,0.507068279557323,0.012164675895677402,0.2526648264326939
27,68,2520.649658203125,0.35266598228054,symbolic,0.06341274285125953,0.06518618043676543,0.23323963461568079,0.20851650057275933,0.07697895924299494,0.35266598228054
27,69,3375.359619140625,0.5514256184942099,symbolic,0.07634212587157055,0.008271832724999716,0.09373234463659941,0.25715662675700135,0.013071451515619031,0.5514256184942099
27,70,1099.4853515625,0.33782262741890073,computational,0.33782262741890073,0.13165805557109905,0.09048722635679157,0.23945396150365095,0.07120496716770008,0.12937316198185764
27,71,1382.962158203125,0.4292596864075269,reasoning,0.02492738691945946,0.028506360452161515,0.151519353572786,0.4292596864075269,0.14650418307481905,0.2192830295732471
27,72,2104.646728515625,0.48042133332900266,factual,0.006383811954412164,0.009895039030196506,0.48042133332900266,0.25545728486527614,0.005563744564929281,0.24227878625618327
27,73,3610.2510986328125,0.36875032058134427,symbolic,0.04433714800760111,0.055641695736935066,0.05614005285581215,0.28395099714872374,0.19117978566958366,0.36875032058134427
27,74,776.0198974609375,0.39486106599571663,reasoning,0.20577144965004,0.0331038019365581,0.008200209055780455,0.39486106599571663,0.19558528933146982,0.16247818403043499
27,75,2274.5531005859375,0.28249985147430073,factual,0.06723907335205302,0.07784544515017035,0.28249985147430073,0.19074397502213664,0.12934562448119988,0.2523260305201394
27,76,1406.950439453125,0.36896891114477876,factual,0.036115518155974045,0.05669112034300971,0.36896891114477876,0.22644025050716926,0.08754155265372161,0.22424264719534662
27,77,1274.476806640625,0.457262832078957,reasoning,0.11154843525903035,0.02224852148083897,0.03894453855432788,0.457262832078957,0.014691996964900388,0.3553036756619454
27,78,660.72509765625,0.39220678926812325,factual,0.023462031607379735,0.03789005775348904,0.39220678926812325,0.09365894033617482,0.32567055754471924,0.12711162349011393
27,79,1721.91015625,0.27785241170212044,reasoning,0.09931058576390228,0.02288540785238051,0.2589218062698357,0.27785241170212044,0.09830313412384956,0.24272665428791154
27,80,212.4713134765625,0.7228480407224092,factual,0.013510555480547984,0.004804187146127838,0.7228480407224092,0.11871949625552622,0.044231614447033,0.09588610594835585
27,81,1140.7481689453125,0.3948665003960938,factual,0.01821549877587063,0.013916091466578576,0.3948665003960938,0.37182650118368,0.004980626556913963,0.19619478162086307
27,82,986.9954833984375,0.40263227838293075,factual,0.015056025830047911,0.04290389163668592,0.40263227838293075,0.27226936922752887,0.11620231707086306,0.1509361178519435
27,83,491.552001953125,0.25860821288598324,symbolic,0.02848668196088501,0.04151441568652382,0.2164741975874604,0.2583968785093054,0.1965196133698421,0.25860821288598324
27,84,351.021240234375,0.37176472388392406,factual,0.18241695721816156,0.03543511086165298,0.37176472388392406,0.08778932564928087,0.15674757595548147,0.16584630643149906
27,85,1499.785400390625,0.27802724380652766,symbolic,0.03873316185697791,0.1618017942345593,0.17709304439876733,0.21790202406887313,0.12644273163429467,0.27802724380652766
27,86,1058.871337890625,0.3942474032985354,factual,0.07156771852030498,0.07622562994897325,0.3942474032985354,0.22609776910436538,0.04285638198655011,0.18900509714127084
27,87,2393.8673095703125,0.3203824204723159,symbolic,0.07409624844490681,0.03801538364965694,0.24840441841515906,0.18276825430950192,0.13633327470845938,0.3203824204723159
27,88,2595.841064453125,0.29283907504915324,social_ethical,0.028846943329290723,0.07305584306326836,0.18356986296345237,0.19182882963800363,0.29283907504915324,0.22985944595683167
27,89,1936.564453125,0.5455884822409207,symbolic,0.05929129337653968,0.14137093415066349,0.051028735145296975,0.19617335386744203,0.006547201219137063,0.5455884822409207
27,90,4199.8155517578125,0.5299017532072259,computational,0.5299017532072259,0.0011294615715807133,0.13245105949913108,0.21108857523127017,0.07076290814366527,0.05466624234712689
27,91,3539.4534912109375,0.3643105378500023,factual,0.05944397078371895,0.0727583455787497,0.3643105378500023,0.214985492600276,0.05175231916810515,0.23674933401914794
27,92,2091.73681640625,0.40846264960455214,symbolic,0.027998002743776257,0.03489496780603178,0.10616732226438808,0.3799806810513,0.042496376529951724,0.40846264960455214
27,93,1754.862060546875,0.29184735768299985,symbolic,0.05158686489753983,0.02882824852547644,0.09156834770583681,0.2734770792364684,0.26269210195167864,0.29184735768299985
27,94,1268.368408203125,0.4665265511467523,symbolic,0.06193240077401666,0.2327527117627165,0.02979209610649139,0.19972524833804503,0.009270991871978121,0.4665265511467523
27,95,1764.263427734375,0.3018868394501678,factual,0.1025669961473332,0.033017995210078345,0.3018868394501678,0.17939428677230768,0.11485578688100599,0.268278095539107
27,96,286.57958984375,0.2814794305819412,symbolic,0.029027201553887702,0.13319134798054233,0.12585766252353406,0.2283673956194679,0.20207696174062684,0.2814794305819412
27,97,293.9337158203125,0.43554500696663695,factual,0.0827765214989794,0.0030233750916252924,0.43554500696663695,0.30445594822054856,0.05461884916556094,0.11958029905664883
27,98,2067.78857421875,0.388928802589761,reasoning,0.052052844611744836,0.037917628826274294,0.2595228711606201,0.388928802589761,0.0017521950698859057,0.2598256577417139
27,99,1543.04833984375,0.40113880201749086,reasoning,0.10098640481519466,0.020504638526557015,0.1090110699986045,0.40113880201749086,0.04448409781394187,0.3238749868282111
27,100,1202.4007568359375,0.2936023683899815,reasoning,0.1035175699820113,0.05269172280757075,0.2827478229335902,0.2936023683899815,0.044547006634574164,0.22289350925227208
27,101,2860.6650390625,0.4575557356124508,symbolic,0.06918945550863152,0.042157679202791364,0.1283284163804513,0.26666299118464654,0.03610572211102846,0.4575557356124508
27,102,1405.782958984375,0.2662688146254129,symbolic,0.019140210976319044,0.2510368460914189,0.2644425136334342,0.15183558358878566,0.04727603108462932,0.2662688146254129
27,103,3288.8154296875,0.45568543302094844,factual,0.13065418809667115,0.10277590626611798,0.45568543302094844,0.10157243106444754,0.07273868850599526,0.13657335304581966
27,104,1584.7197265625,0.3216570081830075,symbolic,0.050750175781526824,0.06320301056291376,0.17179324271777652,0.19092962699807056,0.2016669357567048,0.3216570081830075
27,105,3133.1580810546875,0.4487036985594365,symbolic,0.035928159576848424,0.04336246262734967,0.21085068896896544,0.20996168167390825,0.051193308593491735,0.4487036985594365
27,106,1354.5458984375,0.24575494482915242,factual,0.11756293009289466,0.03855452739797629,0.24575494482915242,0.2410297356629694,0.16070054900490607,0.19639731301210117
27,107,1733.180419921875,0.3975611298716867,computational,0.3975611298716867,0.0303915689677589,0.2774365141981942,0.06393790092190468,0.16921431103940257,0.06145857500105295
27,108,1565.97998046875,0.41943139451602635,factual,0.029667284769203092,0.046747914878331916,0.41943139451602635,0.16248530226585975,0.20399410438064972,0.13767399918992917
27,109,2432.59033203125,0.31912320388924403,factual,0.04191455345251704,0.05550783880592821,0.31912320388924403,0.17435188465549098,0.2845285827121737,0.12457393648464606
27,110,2859.2508544921875,0.6339993928185833,factual,0.018987760867179043,0.011247243786156528,0.6339993928185833,0.05520872384187787,0.2670332382515071,0.013523640434696128
27,111,1109.3797607421875,0.3725096250137131,symbolic,0.02663842001558312,0.044243648162161274,0.19421626601734435,0.2701710457008382,0.09222099509035998,0.3725096250137131
27,112,1559.088623046875,0.26840216929868915,factual,0.03173804307435593,0.09266363891038983,0.26840216929868915,0.15201384209618907,0.21904346787133847,0.23613883874903754
27,113,944.271728515625,0.2743321223754356,factual,0.05956868318605944,0.0719674062636627,0.2743321223754356,0.21213076276903006,0.2684119938868646,0.11358903151894764
27,114,1221.213623046875,0.43640359601614603,reasoning,0.0909318722910079,0.021215727582724903,0.1342796442527735,0.43640359601614603,0.10487024326426689,0.21229891659308078
27,115,1303.1080322265625,0.3544637356170611,symbolic,0.03944230388941103,0.017158684151781428,0.051386029550557134,0.3094840394823037,0.22806520730888563,0.3544637356170611
27,116,1193.312744140625,0.5037392009384982,social_ethical,0.02685835309849464,0.014468445882398432,0.32147000834116063,0.05357032158989846,0.5037392009384982,0.07989367014954962
27,117,1967.8837890625,0.2564483356516483,factual,0.08010940329400883,0.21374855901381212,0.2564483356516483,0.12131925107921987,0.14669748048868725,0.18167697047262363
27,118,3610.7994384765625,0.3804087868596501,symbolic,0.09351977535651261,0.02269907077053499,0.11546643743714644,0.32621345424791603,0.061692475328239814,0.3804087868596501
27,119,1467.2410888671875,0.32226292320426597,factual,0.042543873405848545,0.0856129705725771,0.32226292320426597,0.15473218455229812,0.24407247172731228,0.15077557653769802
27,120,2541.5924072265625,0.33229558528821646,factual,0.08281945033134053,0.059853391272398054,0.33229558528821646,0.21417097627484152,0.13657017226825674,0.1742904245649467
27,121,1754.151611328125,0.2911821216547518,reasoning,0.04114457818748908,0.06570872254090289,0.27737106654762245,0.2911821216547518,0.06707406605840914,0.25751944501082463
27,122,2366.698486328125,0.3493677066332907,reasoning,0.14080590286958,0.029706322376621325,0.17876527091972486,0.3493677066332907,0.020923257970886518,0.2804315392298966
27,123,1383.9998779296875,0.5042161449115858,social_ethical,0.020217279883348753,0.11053282549491622,0.05563478464422366,0.1832348759147226,0.5042161449115858,0.1261640891512029
27,124,1283.6533203125,0.5600080565341992,reasoning,0.02150282511234643,0.03357393258529542,0.057580540617028574,0.5600080565341992,0.013512572834036157,0.31382207231709425
27,125,3527.2974853515625,0.395789002077512,symbolic,0.08098327424767926,0.05069882388061499,0.06889081913138326,0.3938667384930056,0.009771342169804898,0.395789002077512
27,126,1191.77490234375,0.2984273308873689,symbolic,0.016464167849702244,0.07544479064879515,0.2207815819285426,0.17609202890089337,0.21279009978469776,0.2984273308873689
27,127,1363.6053466796875,0.43091815117376736,symbolic,0.03360178968914535,0.04213862123572879,0.13701658497196448,0.2953389931029112,0.06098585982648287,0.43091815117376736
29,0,1032.0499267578125,0.30673496280643103,symbolic,0.05635921851811681,0.0750206427235124,0.30132143000345496,0.15714183824975725,0.10342190769872754,0.30673496280643103
29,1,817.06396484375,0.4432982220663138,factual,0.05255873408205232,0.025573894715202525,0.4432982220663138,0.2400192548228192,0.06742863255499308,0.1711212617586191
29,2,462.1268310546875,0.3584511679741599,symbolic,0.055952292588271314,0.05896385465151755,0.1937635491896835,0.19271725523893196,0.14015188035743578,0.3584511679741599
29,3,406.3070068359375,0.6365666236138138,social_ethical,0.032315176926795426,0.02086456017139422,0.06681153816456645,0.10062740594994633,0.6365666236138138,0.14281469517348377
29,4,857.1802978515625,0.2896153400851407,reasoning,0.035806927948520806,0.015687221670228558,0.27674368960161183,0.2896153400851407,0.2567226728601353,0.1254241478343628
29,5,1325.570068359375,0.2716681078582236,symbolic,0.03892276226233002,0.06781123982072129,0.23102401955231894,0.1286239981876901,0.2619498723187161,0.2716681078582236
29,6,2098.5396728515625,0.320568380274206,reasoning,0.06888718944425,0.05118130824442709,0.27318307577284867,0.320568380274206,0.15796088437382372,0.12821916189044452
29,7,2280.09521484375,0.26610827184565816,symbolic,0.11362745696398112,0.15685278399703617,0.1668032405102326,0.2329174550045132,0.06369079167857873,0.26610827184565816
29,8,522.7386474609375,0.5147385443485063,reasoning,0.04788389349119335,0.002379109235161217,0.08911408071644161,0.5147385443485063,0.11649812307710271,0.22938624913159478
29,9,978.1270751953125,0.5219547632249681,reasoning,0.14063992725654412,0.008872285489609959,0.22672313619542292,0.5219547632249681,0.02497548614925313,0.07683440168420169
29,10,1381.0665283203125,0.3117474332218726,factual,0.04263646091989206,0.04567384118560008,0.3117474332218726,0.2439200908421005,0.056929755145466596,0.2990924186850682
29,11,998.0701904296875,0.32867382868135053,reasoning,0.04417240252826775,0.04500995634764403,0.17774817148963373,0.32867382868135053,0.24792657118699893,0.15646906976610503
29,12,950.97265625,0.2874989987636014,symbolic,0.03100713599152184,0.09166216538166104,0.09619109135794356,0.22342461870864125,0.2702159897966309,0.2874989987636014
29,13,3001.36962890625,0.48011304246677744,symbolic,0.027610929580489375,0.008794406199643555,0.138692011540955,0.12271798113003422,0.22207162908210037,0.48011304246677744
29,14,1578.919189453125,0.5433888236628441,factual,0.058512168922415744,0.03423509177698785,0.5433888236628441,0.1574772163699178,0.05567788982431954,0.1507088094435149
29,15,745.2166748046875,0.45377247303972357,symbolic,0.024589770533587012,0.20885874510529803,0.12848825066771066,0.1732681498128936,0.011022610840787149,0.45377247303972357
29,16,1306.1966552734375,0.5869723298172221,reasoning,0.03091652124325128,0.0034948347079440203,0.12694335696835707,0.5869723298172221,0.029681049138239515,0.22199190812498604
29,17,1661.1260986328125,0.42299810882539574,symbolic,0.041131192108727656,0.03489512927925561,0.12913786762071716,0.36301932437263673,0.008818377793267095,0.42299810882539574
29,18,3717.77587890625,0.37652766185470066,factual,0.2149102870302817,0.05088238712740535,0.37652766185470066,0.15927878954636884,0.11952287265374793,0.07887800178749554
29,19,3626.9276733398438,0.2671949199024233,factual,0.08834255248459184,0.05781585065309845,0.2671949199024233,0.2535902202329334,0.0717171665666811,0.2613392901602719
29,20,1266.37548828125,0.24251591552385796,factual,0.10798004809647983,0.03081583181577899,0.24251591552385796,0.22295334518073195,0.16694787851493925,0.22878698086821203
29,21,1206.1932373046875,0.3751011396970085,factual,0.018552625786410166,0.0715889419585908,0.3751011396970085,0.17437622297438501,0.2243172469559418,0.13606382262766373
29,22,1362.2772216796875,0.5182864349863685,reasoning,0.05259631130555947,0.02789079528933155,0.09874114845505398,0.5182864349863685,0.04184591535223604,0.2606393946114505
29,23,968.0953369140625,0.3038097696313676,factual,0.08695921903877331,0.09948633382160853,0.3038097696313676,0.20219359428504924,0.19503666603325812,0.11251441718994326
29,24,2235.4588623046875,0.2900600173244196,symbolic,0.0292905883340353,0.05608435462277668,0.22150575013355356,0.2161258751286458,0.18693341445656905,0.2900600173244196
29,25,1652.97509765625,0.4563177397052486,symbolic,0.03674881317510774,0.04370714735770286,0.13722608353250368,0.2330206720659039,0.09297954416353325,0.4563177397052486
29,26,1236.986572265625,0.2436177849198403,factual,0.09042616915911884,0.05437161527519802,0.2436177849198403,0.23560595788538372,0.13773943853362458,0.23823903422683457
29,27,1272.7486572265625,0.27737952959024903,factual,0.09309982384067608,0.02041643116574658,0.27737952959024903,0.26217901420409834,0.16184205087165152,0.18508315032757847
29,28,483.8896484375,0.3627838782005356,symbolic,0.033772752132681334,0.1334280518987776,0.2271996839575139,0.23407350712306485,0.008742126687426716,0.3627838782005356
29,29,1268.542724609375,0.28755217283611795,factual,0.04960805057630451,0.05423761694442461,0.28755217283611795,0.22317974130241028,0.1636310658048931,0.22179135253584956
29,30,1297.8751220703125,0.27122908698139697,factual,0.056457590640049515,0.0704891267492981,0.27122908698139697,0.16917591695335102,0.25104924261626926,0.18159903605963512
29,31,1351.987060546875,0.4972666642469065,symbolic,0.14601293054800885,0.010172924364980004,0.041902660995760184,0.28862022930297004,0.016024590541374378,0.4972666642469065
29,32,1610.7779541015625,0.40555665483661735,reasoning,0.06985195627022045,0.041641490772644875,0.10417708531238659,0.40555665483661735,0.08511921456818627,0.2936535982399445
29,33,4627.9827880859375,0.4562946431691871,symbolic,0.09474619606997019,0.0032653138739308094,0.04410996022808875,0.3987691637321633,0.002814722926659815,0.4562946431691871
29,34,1925.53515625,0.8678482874079243,factual,0.02026691544761298,0.008044638564360152,0.8678482874079243,0.0339949628451506,0.005513572221196623,0.0643316235137553
29,35,1227.3096923828125,0.3277342693607925,symbolic,0.06345079793648793,0.02593205313522684,0.3121631418599398,0.22632490697098234,0.044394830736570606,0.3277342693607925
29,36,1445.045166015625,0.39045127434888716,symbolic,0.025786357442804032,0.1389120960718241,0.13832516318474447,0.14828874597581818,0.15823636297592206,0.39045127434888716
29,37,1175.9630126953125,0.2591899985560787,factual,0.07856551245348388,0.037070681245393027,0.2591899985560787,0.2067491850564214,0.2535517505651379,0.16487287212348506
29,38,2950.2020263671875,0.39011753324791754,symbolic,0.15558935131519686,0.04739570478468375,0.07792641981326176,0.29564327787238154,0.033327712966558544,0.39011753324791754
29,39,883.22900390625,0.3525641663529319,social_ethical,0.0647041246580015,0.0418574643710683,0.22464138876956835,0.1688060057948324,0.3525641663529319,0.1474268500535975
29,40,3325.6334228515625,0.6911991294539056,symbolic,0.01197940550343789,0.01588520513945501,0.15122948742179307,0.12825769761832775,0.0014490748630806316,0.6911991294539056
29,41,1695.458740234375,0.3912537642562227,reasoning,0.01619863148325771,0.07529225229563291,0.139057993125305,0.3912537642562227,0.0492558317622083,0.32894152707737334
29,42,2656.949951171875,0.3212665950066283,symbolic,0.08184272581848147,0.024926244159742098,0.20806445121492342,0.29720603495384074,0.06669394884638395,0.3212665950066283
29,43,3960.5850830078125,0.27579669702491094,symbolic,0.11011889525550428,0.060471356657010256,0.22785191101045016,0.23373464595423046,0.09202649409789387,0.27579669702491094
29,44,5503.7255859375,0.46306290660711896,symbolic,0.024545096849346547,0.40051776007551704,0.049757177976920815,0.04903443423888115,0.013082624252215519,0.46306290660711896
29,45,3148.5283203125,0.4360227822212325,factual,0.3354973786426136,0.00457624826579134,0.4360227822212325,0.05833834507875548,0.06290994087329367,0.10265530491831346
29,46,627.7564697265625,0.668112957287401,symbolic,0.025834692735029356,0.015264319609161235,0.0790443553538583,0.14346239757818108,0.06828127743636901,0.668112957287401
29,47,5715.9036865234375,0.6052433713219159,symbolic,0.06614408900536498,0.03867315022719962,0.0950699014876406,0.18897086820641157,0.005898619751467405,0.6052433713219159
29,48,1372.880615234375,0.26428786985052777,symbolic,0.034066713981547196,0.07886383468553003,0.21967809402240918,0.14656219929902609,0.2565412881609597,0.26428786985052777
29,49,898.5709228515625,0.5003142875657188,social_ethical,0.03507563346910574,0.01569291408218861,0.16680158775334045,0.18106074736455577,0.5003142875657188,0.10105482976509059
29,50,2911.546844482422,0.2680799119405684,symbolic,0.09838832570430613,0.0517547995915165,0.25344204494901224,0.23443706382458793,0.09389785399000879,0.2680799119405684
29,51,2060.54931640625,0.25375005479851326,factual,0.08371755483702034,0.05546308594421097,0.25375005479851326,0.21742752674463656,0.14430030296172636,0.24534147471389253
29,52,2122.52783203125,0.2820638417349964,symbolic,0.10258395739344739,0.07027373527612661,0.22830679395629613,0.2128647137053056,0.10390695793382788,0.2820638417349964
29,53,835.936279296875,0.48057079522604446,social_ethical,0.022976084953395082,0.08270105534616727,0.1733042834466756,0.08296565853630043,0.48057079522604446,0.1574821224914172
29,54,1367.143798828125,0.29157423067630195,factual,0.03975412785515823,0.042809493374877515,0.29157423067630195,0.2382704732883426,0.16465222727655043,0.22293944752876924
29,55,1076.846923828125,0.32548775552540204,factual,0.2542978372232481,0.018842763103452575,0.32548775552540204,0.09066363771363925,0.191927477433053,0.118780529001205
29,56,1209.1209716796875,0.3264473652461924,reasoning,0.07868517278792915,0.028639029980356622,0.16185237148589532,0.3264473652461924,0.13683672048765896,0.26753934001196755
29,57,1796.7242431640625,0.5819895215393411,symbolic,0.07317658784551558,0.04829868538562848,0.051931598880748484,0.17210078427096295,0.0725028220778034,0.5819895215393411
29,58,795.215087890625,0.2651520431192303,factual,0.07348425841696597,0.031857106761295974,0.2651520431192303,0.24039228773416194,0.2007964813961435,0.18831782257220234
29,59,1176.5435791015625,0.2817677907129358,reasoning,0.11958919907099269,0.05158013725527832,0.15611638840888564,0.2817677907129358,0.12064675674876495,0.2702997278031426
29,60,4243.756378173828,0.2808234141136038,symbolic,0.0683866850030982,0.06534963772210481,0.21211954093663665,0.17182397920301817,0.20149674302153836,0.2808234141136038
29,61,1673.22314453125,0.3214054029446466,symbolic,0.10790072607923343,0.08225099445219552,0.189328931898081,0.27419712083801584,0.02491682378782763,0.3214054029446466
29,62,14.572021484375,0.5940322013168696,factual,0.02911856853251127,0.03258666041181497,0.5940322013168696,0.0,0.3442625697388041,0.0
29,63,1703.3798828125,0.30750472549692964,symbolic,0.08870060157281508,0.045544216146551464,0.2007805884555121,0.20888982497458808,0.1485800433536036,0.30750472549692964
29,64,2891.8833923339844,0.33638128502651954,symbolic,0.03341539396357593,0.026903659497472778,0.09395177257873433,0.2618461336009392,0.24750175533275817,0.33638128502651954
29,65,1195.2264404296875,0.4365469531864784,factual,0.07496179003900914,0.01591944681474718,0.4365469531864784,0.16230059455873813,0.2275800085688359,0.08269120683219125
29,66,2101.6298217773438,0.3029735803944245,symbolic,0.09329702292587455,0.054259443303730136,0.2035955196951027,0.1636679970434265,0.1822064366374416,0.3029735803944245
29,67,605.44775390625,0.4969071508124879,factual,0.013551477994801433,0.021759222295611863,0.4969071508124879,0.2601279721796804,0.0017512704069576606,0.20590290631046076
29,68,2119.7510986328125,0.38014285170498985,reasoning,0.04388056182663047,0.015697090947475328,0.1316520511573826,0.38014285170498985,0.05903259089936131,0.3695948534641605
29,69,862.3062744140625,0.31455845282277933,factual,0.03929098091976897,0.04490082337051192,0.31455845282277933,0.11344967796633443,0.305280582014784,0.18251948290582137
29,70,1270.3433837890625,0.3512577002423354,factual,0.05828655956915254,0.04281587941867573,0.3512577002423354,0.17675846403257608,0.17996333691533675,0.19091805982192353
29,71,1059.1573486328125,0.2910104249156094,symbolic,0.01766010877280857,0.0251878122544766,0.1634648619387026,0.246489962620224,0.25618682949817884,0.2910104249156094
29,72,1632.95263671875,0.3387892546303592,symbolic,0.10236172912193242,0.07104929989561302,0.15740335682912382,0.2586039266366792,0.07179243288629235,0.3387892546303592
29,73,2090.82470703125,0.45269994761804566,symbolic,0.04457749855266535,0.043732626437730515,0.13275059674092232,0.27821759599290896,0.04802173465772725,0.45269994761804566
29,74,2837.539306640625,0.2724892560254147,symbolic,0.07898590508580682,0.05324510665076312,0.2133466969973313,0.2263300231334557,0.15560301210722835,0.2724892560254147
29,75,2651.52587890625,0.4045505563663317,symbolic,0.02154037741755788,0.02242490090372123,0.15362648644418153,0.2756271033501678,0.1222305755180399,0.4045505563663317
29,76,1987.1766357421875,0.32782235169821444,reasoning,0.14426083105723458,0.08215811940216541,0.20806322225553722,0.32782235169821444,0.06806077369481608,0.16963470189203222
29,77,261.6519775390625,0.37434877275125694,symbolic,0.04340613020206181,0.06702922807264726,0.08686171331958294,0.3471184112737718,0.08123574438067921,0.37434877275125694
29,78,1208.242919921875,0.3629317899527638,social_ethical,0.030181777475402422,0.010744675197612106,0.2480666151676624,0.253250832548152,0.3629317899527638,0.09482430965840723
29,79,891.15576171875,0.35194048283725654,symbolic,0.07672182202821017,0.03078236818299621,0.17845642426908964,0.2704591616728408,0.09163974100960666,0.35194048283725654
29,80,3163.130615234375,0.4326376834905774,factual,0.08210527745710292,0.02615145216766389,0.4326376834905774,0.18935881810252295,0.009930625401015098,0.25981614338111775
29,81,736.282958984375,0.33485558630088386,factual,0.0880002586365543,0.17500692184368072,0.33485558630088386,0.10288512392172597,0.1979355497601809,0.10131655953697426
29,82,818.7177734375,0.29339000700170687,factual,0.05700978807610509,0.06196793886209739,0.29339000700170687,0.21833412455404375,0.25366038978156347,0.11563775172448343
29,83,2908.7403564453125,0.3768118557346756,reasoning,0.15645598712225803,0.05446353702038169,0.07280442359518795,0.3768118557346756,0.01554325865172405,0.3239209378757727
29,84,1399.535888671875,0.396936658863787,factual,0.13042828267392634,0.009546534591632724,0.396936658863787,0.1840289025780903,0.05897898979136324,0.22008063150120044
29,85,946.9443359375,0.2668185910478915,reasoning,0.06754404328890933,0.043819243846624265,0.232123575934518,0.2668185910478915,0.15001350973680763,0.23968103614524927
29,86,1073.2913818359375,0.3971085037844603,symbolic,0.104057104752819,0.04843692901701617,0.14080644392664896,0.23181273651810547,0.07777828200095013,0.3971085037844603
29,87,1345.9361572265625,0.33962768965352425,reasoning,0.029872185594856625,0.07441826338309158,0.3199095874997699,0.33962768965352425,0.08689242764474113,0.14927984622401655
29,88,2771.9859619140625,0.3564956025180256,symbolic,0.07078198365174308,0.009853308349013122,0.24556144239046943,0.18148913236236447,0.1358185307283843,0.3564956025180256
29,89,1732.9036865234375,0.6765031596694465,factual,0.00726136833280654,0.014575850417023958,0.6765031596694465,0.07499133379407517,0.054698499508345585,0.17196978827830225
29,90,1286.3475341796875,0.36602725494101734,factual,0.04278243599991231,0.04559185686444338,0.36602725494101734,0.2325224936345574,0.12259153013463299,0.19048442842543656
29,91,1102.2420654296875,0.30663607679083615,factual,0.07041733008902863,0.024941063065371794,0.30663607679083615,0.27083867919690946,0.17664058531267335,0.15052626554518062
29,92,931.944580078125,0.28668097017613486,factual,0.09380456323867083,0.03512035512522775,0.28668097017613486,0.25128659543728527,0.07183990024219038,0.2612676157804909
29,93,1557.927001953125,0.2545186545184038,factual,0.06151879822022861,0.02441787048939639,0.2545186545184038,0.19751980366287647,0.2359172603442983,0.22610761276479646
29,94,8681.199188232422,0.4896411510800421,symbolic,0.06970104831855993,0.01733942215530609,0.14044457090381793,0.21298880020737837,0.0698850073348956,0.4896411510800421
29,95,3678.1491088867188,0.42251125258959527,symbolic,0.044454385164179655,0.0391211360176706,0.09170221029409605,0.3316144646128677,0.0705965513215907,0.42251125258959527
29,96,1437.16796875,0.3914314447630567,factual,0.049527064675264666,0.07733036163244228,0.3914314447630567,0.18594733158474103,0.22712684995175517,0.06863694739274018
29,97,2631.708984375,0.32021683791797007,symbolic,0.08604422476779956,0.07642084775889003,0.2113474861496102,0.20267471158163475,0.10329589182409542,0.32021683791797007
29,98,2504.7945556640625,0.48206123441873705,symbolic,0.07116137668983172,0.04913735508322247,0.038531620777866586,0.3068786975291576,0.05222971550118457,0.48206123441873705
29,99,1383.34619140625,0.2958182099916946,symbolic,0.09049914704529644,0.07529615159121145,0.15930927788110028,0.14999745860795957,0.2290797548827377,0.2958182099916946
29,100,634.693115234375,0.41628755284738295,reasoning,0.042970293145024645,0.019582236893983657,0.127629963884336,0.41628755284738295,0.14674984027021548,0.24678011295905725
29,101,1117.2332763671875,0.2841259235990658,factual,0.0494832215681722,0.06812177167128751,0.2841259235990658,0.2586787582458105,0.1148924732651361,0.22469785165052786
29,102,2652.0516967773438,0.25556304927261525,factual,0.09439243528633204,0.07873225179088778,0.25556304927261525,0.2028155714402923,0.20444961090271008,0.16404708130716253
29,103,1466.73779296875,0.4196920049043254,reasoning,0.14782103406961467,0.009919008055917033,0.07201879636296935,0.4196920049043254,0.028353505583946625,0.32219565102322695
29,104,1475.1898193359375,0.2467669390070382,reasoning,0.09893787668843927,0.07045579327011595,0.18328373227260297,0.2467669390070382,0.20405643308449364,0.19649922567730996
29,105,2852.9573974609375,0.42850999213697993,symbolic,0.09433309313975564,0.03370624309760803,0.19120762288070814,0.18304586194073644,0.06919718680421183,0.42850999213697993
29,106,1131.875732421875,0.27890714800148314,reasoning,0.08360146094949639,0.024229950500014776,0.24890205542816332,0.27890714800148314,0.0998384871282567,0.26452089799258566
29,107,1497.2618408203125,0.4063815547407544,symbolic,0.04646054333068445,0.1751166211693889,0.05272311459827098,0.2929213475542798,0.026396818606621512,0.4063815547407544
29,108,831.5574951171875,0.27882146509771777,factual,0.08115066692170234,0.04942676427114676,0.27882146509771777,0.23623163365173158,0.17859068521850543,0.17577878483919615
29,109,978.56396484375,0.40011321795979143,symbolic,0.08275277319134434,0.050003517790288804,0.11843426896575468,0.3230859603243153,0.02561026176850545,0.40011321795979143
29,110,960.81640625,0.3210891159048498,symbolic,0.1952198498591286,0.13730490427655517,0.04713678349710736,0.19291404607897744,0.10633530038338164,0.3210891159048498
29,111,1231.1466064453125,0.5214156328363948,symbolic,0.1091386858013636,0.036847855541485924,0.08218111589914802,0.22556581676780638,0.024850893153801283,0.5214156328363948
29,112,966.60791015625,0.30087509528377515,symbolic,0.04942304379694415,0.024844249860957672,0.10852727275482632,0.2265124547070564,0.28981788359644034,0.30087509528377515
29,113,1668.516845703125,0.5465561301943375,reasoning,0.08085362757700375,0.002314520477389968,0.08691706252848705,0.5465561301943375,0.011330878538887616,0.2720277806838941
29,114,3092.516815185547,0.4550141716743923,reasoning,0.054721050573435744,0.010894987527136444,0.1556245722196459,0.4550141716743923,0.05281278716773853,0.2709324308376511
29,115,1268.172607421875,0.27742497499728075,symbolic,0.08082467101811842,0.07286567258999295,0.21900803456006285,0.15715693814630466,0.1927197086882404,0.27742497499728075
29,116,4743.733642578125,0.4504889339776112,symbolic,0.016796572657812914,0.00910501636796446,0.08581718594323628,0.2690783014372425,0.16871398961613268,0.4504889339776112
29,117,742.200927734375,0.380684066571164,reasoning,0.010088139852732927,0.02880128813458967,0.031809292923976704,0.380684066571164,0.18463909370060738,0.3639781188169293
29,118,1593.6487731933594,0.3619531747602765,symbolic,0.0450672772701958,0.05116830815866579,0.21458836530345649,0.15062755881611123,0.1765953156912942,0.3619531747602765
29,119,514.293212890625,0.3530864519865467,factual,0.029862642383618673,0.03315405082730253,0.3530864519865467,0.1683412886978441,0.23653114459933208,0.1790244215053559
29,120,586.849853515625,0.5386758201916433,factual,0.015057387725861855,0.15418533724779374,0.5386758201916433,0.06674274265445845,0.1739337539839009,0.05140495819634178
29,121,2352.9482421875,0.6310161287845742,symbolic,0.0391339156867278,0.04486148942960938,0.06353336634267431,0.21650400988786092,0.004951089868553373,0.6310161287845742
29,122,1799.5556640625,0.4065415996244733,reasoning,0.03202552442144735,0.16354738447262102,0.21507709965296337,0.4065415996244733,0.06130901182746392,0.12149938000103107
29,123,1285.4752197265625,0.25031952081042197,symbolic,0.16941283475140526,0.13010695578690434,0.2451582828084177,0.18097085136449323,0.024031554478357527,0.25031952081042197
29,124,1258.9068603515625,0.29973223025579937,symbolic,0.07894829469507557,0.12018638674716728,0.13932530557410017,0.19455151840426105,0.16725626432359655,0.29973223025579937
29,125,2705.3646240234375,0.3364377428076548,symbolic,0.09268115872384816,0.09644804316077174,0.07615817945635452,0.09496020435019811,0.3033146715011727,0.3364377428076548
29,126,2275.3177490234375,0.5197278582366613,factual,0.02744358282290479,0.037999822204606015,0.5197278582366613,0.15144540841785545,0.09348271508481254,0.1699006132331599
29,127,1054.1732177734375,0.31524040599889736,factual,0.10140523382524372,0.10425755058571963,0.31524040599889736,0.30993608341660117,0.08103025236727121,0.08813047380626687
31,0,1040.5599365234375,0.3823812651574616,reasoning,0.03259447410551546,0.03907151195522149,0.18995146444849745,0.3823812651574616,0.07388670486271723,0.2821145794705867
31,1,2627.251220703125,0.4788053325919057,symbolic,0.040178851451893795,0.17007475266979463,0.12977611927122396,0.09861724798700816,0.08254769602817376,0.4788053325919057
31,2,2246.88134765625,0.3406705974622377,symbolic,0.06673198072067338,0.062479993428391306,0.22032839354374217,0.26822404448179366,0.04156499036316179,0.3406705974622377
31,3,1624.02978515625,0.39027553410043797,symbolic,0.05561493596086365,0.016437999490681487,0.08098014048652245,0.3084097235939848,0.1482816663675097,0.39027553410043797
31,4,3011.0341796875,0.45696030453095854,symbolic,0.00963079642940889,0.3550968864842495,0.038839648700953106,0.1368776187453763,0.0025947451090536466,0.45696030453095854
31,5,2023.5733642578125,0.42517813566210233,factual,0.09014947295105004,0.011697573636615737,0.42517813566210233,0.10919699950166233,0.2609787964888699,0.10279902175969965
31,6,2140.828125,0.36170661041288055,reasoning,0.06330369882784845,0.04298257738316802,0.2231952898630057,0.36170661041288055,0.0994139812463051,0.2093978422667922
31,7,2091.2012939453125,0.3149618171513703,factual,0.03153599814046028,0.05640804241590495,0.3149618171513703,0.21140478781277652,0.13705460372383102,0.2486347507556569
31,8,1775.7298583984375,0.25624401113126144,reasoning,0.11188249989911857,0.04676011094964734,0.20896667227844734,0.25624401113126144,0.14569170260990422,0.2304550031316211
31,9,1746.9969482421875,0.32712643956052095,symbolic,0.05967103565486505,0.027934585570565114,0.176600275067448,0.19648896659229473,0.21217869755430618,0.32712643956052095
31,10,2869.3896484375,0.26677373134734733,factual,0.06986634073625332,0.07499247002047134,0.26677373134734733,0.231889888726472,0.17113176017738418,0.18534580899207181
31,11,1114.656005859375,0.29281396153127576,symbolic,0.027182880088206865,0.039111570777401856,0.26490095235466904,0.24164534978845204,0.13434528545999447,0.29281396153127576
31,12,833.552734375,0.36131551693030817,reasoning,0.04966944249834224,0.01326096176241099,0.07638159914147603,0.36131551693030817,0.20398174465004135,0.2953907350174212
31,13,2076.169189453125,0.45689240661059183,social_ethical,0.02430159540422736,0.0006636885348746336,0.26812511163878505,0.10887490564722038,0.45689240661059183,0.14114229216430077
31,14,260.572021484375,0.3276220529690257,symbolic,0.032930667298789566,0.056771132471285096,0.26988774509206853,0.29848412306533384,0.01430427910349732,0.3276220529690257
31,15,175.9066162109375,0.37816571098251456,factual,0.17409389275842854,0.007348925453860337,0.37816571098251456,0.3303574464600594,0.016554859832605497,0.09347916451253169
31,16,461.11767578125,0.2927939184788997,reasoning,0.2500209134353203,0.11401978463926707,0.22368798636973472,0.2927939184788997,0.0738207205022613,0.045656676574516955
31,17,1032.7049560546875,0.6232868187035834,reasoning,0.0,0.0031898650566276106,0.043313062453671246,0.6232868187035834,0.01623774412024512,0.3139725096658727
31,18,887.6121826171875,0.42368104053748706,symbolic,0.04795306051075465,0.03931721328688784,0.1714371216556446,0.3052297664288969,0.01238179758032896,0.42368104053748706
31,19,2252.5410766601562,0.2742755828087273,reasoning,0.12154697360156375,0.043903054040557984,0.23107854565182503,0.2742755828087273,0.069955743612364,0.2592401002849619
31,20,536.7061767578125,0.318895980323411,computational,0.318895980323411,0.19185447621248405,0.1297071415201002,0.24951162201989358,0.030048011041015562,0.07998276888309565
31,21,3690.0985717773438,0.48703503183791547,symbolic,0.0694722626194878,0.03426448605512121,0.1438485111499899,0.19193621417640094,0.07344349416108467,0.48703503183791547
31,22,2518.049560546875,0.33302733943052365,symbolic,0.07976468913743945,0.08829048788478418,0.21903825999999418,0.17621976528638789,0.10365945826087065,0.33302733943052365
31,23,5540.88037109375,0.4277926285299703,symbolic,0.08621500542443625,0.012513611761584241,0.36452991494416986,0.06599568477305975,0.04295315456677961,0.4277926285299703
31,24,897.516845703125,0.37141810262635977,reasoning,0.10428825298968046,0.02143337643003197,0.18812144183618593,0.37141810262635977,0.07677065275313372,0.23796817336460813
31,25,2636.0174560546875,0.3287717033998163,symbolic,0.11271687770659372,0.05336400815865146,0.15596699214675386,0.30277886410066013,0.046401554487524574,0.3287717033998163
31,26,2740.598876953125,0.5757054500858002,factual,0.023492153084056087,0.0010869010385557232,0.5757054500858002,0.1314144064764015,0.16314615313554603,0.10515493617964039
31,27,2001.3533935546875,0.3255977842630539,social_ethical,0.03020276745100529,0.12553248421310603,0.28180625086039496,0.0979460493256303,0.3255977842630539,0.1389146638868095
31,28,1292.6011352539062,0.36617822372741266,factual,0.06907043104258731,0.05090571209894127,0.36617822372741266,0.15068011453596347,0.1669546151646118,0.19621090343048347
31,29,2892.6591186523438,0.555921132103682,factual,0.024701241168403307,0.07861853631841462,0.555921132103682,0.09387646492933488,0.18702588657681704,0.059856738903348146
31,30,640.8023681640625,0.4713693026682971,factual,0.008648139148974188,0.004849648144292367,0.4713693026682971,0.125606039334003,0.19156472112427714,0.19796214958015626
31,31,1794.8736572265625,0.4346407564675466,symbolic,0.03800129288021543,0.02000543404151567,0.1724358074091354,0.3264466775324827,0.008470031669104278,0.4346407564675466
31,32,525.7161865234375,0.24661669917827406,symbolic,0.09154503935409912,0.1315725130361832,0.21588527740826027,0.14627181530403907,0.1681086557191443,0.24661669917827406
31,33,3239.12890625,0.3792961839301413,symbolic,0.1097229751078427,0.05895618245887385,0.0954514921908258,0.2751976412688114,0.0813755250435049,0.3792961839301413
31,34,673.3878173828125,0.404217756059077,symbolic,0.02787836182084924,0.02191812657292546,0.21849621664011248,0.17185631988148778,0.15563321902554803,0.404217756059077
31,35,3092.7972412109375,0.5783697986220898,computational,0.5783697986220898,0.07216865042284368,0.03799974700226297,0.14454640880368974,0.0783602668040722,0.08855512834504155
31,36,991.483642578125,0.2788809088731007,symbolic,0.09632115991733309,0.05361911513507244,0.21999760164506466,0.18005982098028694,0.1711213934491422,0.2788809088731007
31,37,2960.824462890625,0.3983596999126863,symbolic,0.08211593170154831,0.006679221015775915,0.12032344242693302,0.3264738751157799,0.06604782982727656,0.3983596999126863
31,38,1647.018798828125,0.32700165975189843,factual,0.09489268681918044,0.038112555103333154,0.32700165975189843,0.2287243212427046,0.081457619998491,0.2298111570843924
31,39,1779.7781982421875,0.32843235395364717,factual,0.043270333772909814,0.09516717589362318,0.32843235395364717,0.13700005548718538,0.16375770467689757,0.23237237621573692
31,40,605.6236572265625,0.4664151449961693,factual,0.02119941490775848,0.03617985640367414,0.4664151449961693,0.09148143348002295,0.0568652899086907,0.3278588603036844
31,41,1294.8216552734375,0.4283756312587918,factual,0.0630970779318422,0.06423451513357133,0.4283756312587918,0.17994812758415787,0.022125015520149137,0.24221963257148768
31,42,1191.9798583984375,0.29746682411818326,factual,0.06716981240281958,0.07827880818446119,0.29746682411818326,0.2033995108297757,0.1868189690230083,0.16686607544175197
31,43,2465.215576171875,0.2887507163885638,factual,0.11202336454197727,0.0483155621433098,0.2887507163885638,0.23253163176751368,0.11520795743669017,0.20317076772194528
31,44,2287.2857666015625,0.26364485659597664,factual,0.0638303141116625,0.11887730691137452,0.26364485659597664,0.182287766555152,0.15285621919103698,0.21850353663479732
31,45,399.0570068359375,0.5293029373752514,factual,0.08565725778698867,0.10882650290984452,0.5293029373752514,0.0769887506404717,0.16709191437944984,0.03213263690799385
31,46,1427.3338623046875,0.34084322046907994,symbolic,0.06757367554971602,0.06099376885735473,0.2569640987694992,0.2176009703132351,0.05602426604111499,0.34084322046907994
31,47,1658.678466796875,0.2964849446131976,factual,0.0761344620439341,0.02984715659395047,0.2964849446131976,0.2800851993693798,0.03530576555866568,0.2821424718208723
31,48,721.3096923828125,0.3170546333886673,factual,0.0555372688535005,0.06343407792459226,0.3170546333886673,0.2133253702972549,0.23090017903292437,0.11974847050306069
31,49,1469.71533203125,0.2645443802394503,social_ethical,0.08127994001283066,0.06692758781877735,0.21746777467070347,0.17534452921068833,0.2645443802394503,0.19443578804754985
31,50,1401.6026611328125,0.5077764372171262,factual,0.12137716580550184,0.014816499910424458,0.5077764372171262,0.09363722768186426,0.07960613586793648,0.18278653351714683
31,51,2397.1522827148438,0.3602577093491899,symbolic,0.054290390695156454,0.039016937593009365,0.1476732378707717,0.2499103308692262,0.14885139362264638,0.3602577093491899
31,52,2605.8682250976562,0.3503548287023553,symbolic,0.07498512983333117,0.044391291674381356,0.10681748687098082,0.263834501573913,0.15961676134503835,0.3503548287023553
31,53,4197.532958984375,0.5021006979836964,symbolic,0.06702897296850858,0.005824896564580141,0.13479012940951005,0.2822188791488676,0.008036423924837267,0.5021006979836964
31,54,1892.2286376953125,0.4782000184889663,symbolic,0.06454242679101539,0.04622422213286677,0.155327444690025,0.24461347577277717,0.01109241212434933,0.4782000184889663
31,55,457.6856689453125,0.45450144704657675,factual,0.09756995925439028,0.11112560246932744,0.45450144704657675,0.05187337255601688,0.21558500235106728,0.06934461632262137
31,56,1182.9923095703125,0.2527483798749633,symbolic,0.17369696833364065,0.07075903772471841,0.2329159010565703,0.2526063935335128,0.017273319476594592,0.2527483798749633
31,57,1651.572265625,0.28039251482666255,reasoning,0.08971838210512001,0.0803368594083526,0.1943377818248473,0.28039251482666255,0.10058138847334157,0.25463307336167595
31,58,6094.7734375,0.4342594585076096,symbolic,0.10059588549871752,0.05037058679888378,0.10962611968374542,0.28819406612479187,0.016953883386251797,0.4342594585076096
31,59,2884.7808837890625,0.29512893994932743,symbolic,0.06095588103058866,0.04947638013932306,0.14816242720449388,0.2515070058236405,0.19476936585262647,0.29512893994932743
31,60,673.627197265625,0.514065607244479,social_ethical,0.0737234327482434,0.05288932170716123,0.17088610118162045,0.1421325996846161,0.514065607244479,0.04630293743387974
31,61,5428.9420166015625,0.4661892090265181,symbolic,0.057701222602662645,0.038040901883718614,0.1366419395756517,0.2812947362174928,0.020131990693956114,0.4661892090265181
31,62,1947.942626953125,0.33529334648322495,reasoning,0.09216699108998339,0.013427377868752501,0.26833912933730536,0.33529334648322495,0.03469480833707138,0.25607834688366243
31,63,2202.15771484375,0.7449505755962447,reasoning,0.04097050367193575,0.016292059966931404,0.18347932680549683,0.7449505755962447,0.010102230167988205,0.004205303791403096
31,64,871.0877685546875,0.3421806007356272,reasoning,0.11434915962847839,0.05573272574321208,0.15898595716254219,0.3421806007356272,0.05077739463177368,0.27797416209836645
31,65,1039.8826904296875,0.37724697809611984,social_ethical,0.10288917852555061,0.0038893171614182835,0.3069982705146161,0.1410944532857581,0.37724697809611984,0.06788180241653705
31,66,942.9442138671875,0.34513959883225004,factual,0.04214859567467515,0.10242421645447226,0.34513959883225004,0.15073805125677073,0.15053622848254,0.2090133092992918
31,67,3056.8641357421875,0.3968322444153545,factual,0.07761193660319807,0.09890359055613784,0.3968322444153545,0.09379633621838594,0.057039559128084526,0.2758163330788392
31,68,1318.92236328125,0.2761617909092895,factual,0.06278920520237098,0.08288081052794861,0.2761617909092895,0.2554426757758631,0.0764113510045525,0.2463141665799753
31,69,1861.6644287109375,0.3748098372834656,reasoning,0.09382919075153984,0.04664214984766328,0.07667233523848492,0.3748098372834656,0.03409660702043932,0.373949879858407
31,70,1678.07763671875,0.3041841992165165,reasoning,0.07013524299306632,0.03601227688281472,0.21215828077084345,0.3041841992165165,0.09117357537151159,0.2863364247652474
31,71,734.312744140625,0.3526931305679172,reasoning,0.030961068840609826,0.008638199049453992,0.10660528070032532,0.3526931305679172,0.23759810090283584,0.26350421993885786
31,72,502.7388916015625,0.407253285651814,reasoning,0.025431492578373786,0.03484671490665026,0.13319834684857387,0.407253285651814,0.3463947609250791,0.05287539908950896
31,73,2301.560791015625,0.3573982732718,symbolic,0.06941875487220851,0.09278408747969835,0.21294689734261302,0.2152957937744565,0.05215619325922361,0.3573982732718
31,74,1262.2503662109375,0.43372959632430413,creative,0.027566268276089167,0.43372959632430413,0.03449668797637992,0.25823417087711203,0.039893988165783476,0.20607928838033124
31,75,7581.3826904296875,0.8026524422402374,symbolic,0.009027482016550006,0.0025522533507543236,0.015182133286227294,0.1643206632483874,0.006265025857843617,0.8026524422402374
31,76,1522.36669921875,0.2911143152863535,social_ethical,0.07685570338382074,0.038440641130127684,0.23160975005829418,0.14899631375514905,0.2911143152863535,0.21298327638625483
31,77,1936.1077880859375,0.31537284698335716,reasoning,0.04420231397371915,0.043779505119448545,0.2731454273941173,0.31537284698335716,0.09004246057603765,0.23345744595332016
31,78,1432.2689208984375,0.2783009536998045,factual,0.04211052669842115,0.0790931878719324,0.2783009536998045,0.17846056134811913,0.2589766411347271,0.16305812924699573
31,79,1519.484130859375,0.41601498889666727,symbolic,0.11554808817175725,0.0483039560834711,0.0883049554717876,0.15264170306052227,0.1791863083157945,0.41601498889666727
31,80,1974.5082397460938,0.3439529528326794,reasoning,0.116850569405091,0.009656342747277826,0.17654403231520605,0.3439529528326794,0.05724090777028237,0.29575519492946334
31,81,1488.7991943359375,0.3235872719164418,factual,0.04502386513617349,0.06251941684008756,0.3235872719164418,0.244310235537288,0.14016447524044906,0.1843947353295601
31,82,975.567138671875,0.30607158846654453,reasoning,0.1943515928610236,0.05996649585089603,0.11382038642886762,0.30607158846654453,0.08933605577484852,0.23645388061781972
31,83,2283.778564453125,0.3724626396020592,factual,0.1281937390244995,0.06183268395679147,0.3724626396020592,0.20475592282826066,0.054672918726535666,0.17808209586185347
31,84,97.1851806640625,0.5695950842878335,symbolic,0.09115219540257316,0.0,0.13498739544879612,0.14091599352376025,0.06334933133703703,0.5695950842878335
31,85,3338.3511962890625,0.53169353131606,symbolic,0.06255244257000378,0.01034351133454267,0.08679697611940833,0.23959534109047928,0.06901819756950593,0.53169353131606
31,86,1397.1334228515625,0.3692305770124148,symbolic,0.08961936135102243,0.026320546648030806,0.218705082611517,0.2001638748843741,0.09596055749264087,0.3692305770124148
31,87,677.2845458984375,0.3330245308710843,factual,0.08140092983184985,0.023575085408813305,0.3330245308710843,0.3010166149542699,0.06614674905804735,0.19483608987593531
31,88,1226.2181396484375,0.29285067991322006,factual,0.1167790041372085,0.04784155663129547,0.29285067991322006,0.2590793553803272,0.11411275000674453,0.1693366539312042
31,89,1430.23779296875,0.33974824239440626,factual,0.05133893136077746,0.04447127079160446,0.33974824239440626,0.13495394702926844,0.21539719855096756,0.2140904098729758
31,90,1243.352294921875,0.27027084076625474,factual,0.04464003977402479,0.07944015154029113,0.27027084076625474,0.1768024715817774,0.2051059236710231,0.22374057266662883
31,91,1523.3228759765625,0.1760453771321416,reasoning,0.1540889975615954,0.17258678357289864,0.17331736738845976,0.1760453771321416,0.15170484381797636,0.17225663052692827
31,92,1222.464599609375,0.5028354085055265,social_ethical,0.022310306228112833,0.062331954988950944,0.2148114271106793,0.0740501456398417,0.5028354085055265,0.1236607575268887
31,93,1992.008056640625,0.40940538148963174,symbolic,0.01359068494527387,0.13650935470290523,0.07575608832413214,0.0886671777421128,0.27607131279594427,0.40940538148963174
31,94,991.3214721679688,0.3347261583083315,symbolic,0.151342975238414,0.08800484133204112,0.1354042354020743,0.2847981669039247,0.005723622815214387,0.3347261583083315
31,95,1517.896484375,0.38729600482781606,symbolic,0.054123861403592294,0.06533434749209625,0.18057899372461117,0.22272821145628394,0.08993858109560028,0.38729600482781606
31,96,2136.470458984375,0.34778024365948373,symbolic,0.10250294166952444,0.04467606667730928,0.19640222132759258,0.21600584757163852,0.09263267909445144,0.34778024365948373
31,97,2108.1082763671875,0.30241372379698156,reasoning,0.10522256334142326,0.03459843912052973,0.15214970239940964,0.30241372379698156,0.12871722793253795,0.27689834340911784
31,98,3408.519287109375,0.4526509539408773,symbolic,0.0673860125439653,0.016216117487668588,0.07179061827717272,0.3880994922032662,0.0038568055470498976,0.4526509539408773
31,99,1010.50244140625,0.29939070088605557,symbolic,0.1040975178170281,0.05789718720720712,0.1794544019861716,0.29678754719114536,0.062372644912392264,0.29939070088605557
31,100,926.017578125,0.40183452641836154,reasoning,0.04299218975746698,0.04357932890549037,0.16813244931146268,0.40183452641836154,0.19742019969585822,0.1460413059113602
31,101,1477.793701171875,0.2602625654567463,creative,0.04440939871069807,0.2602625654567463,0.22236964118708558,0.14296742977044768,0.09199480327498087,0.2379961616000415
31,102,1949.3038330078125,0.25786361905420335,factual,0.03754119700561668,0.15893106369292373,0.25786361905420335,0.18955754498942526,0.10130369434650804,0.25480288091132297
31,103,1239.9090576171875,0.5860279295701087,symbolic,0.051714647592109544,0.054445285106772594,0.052176875135062493,0.20818383956027836,0.047451423035668315,0.5860279295701087
31,104,1390.53564453125,0.31229394304479535,reasoning,0.0967895760155937,0.05388109559006074,0.24117227335885696,0.31229394304479535,0.10752797669232257,0.18833513529837065
31,105,2091.3118896484375,0.48404955233843605,reasoning,0.024450930412379106,0.055330522185144816,0.10347000970754949,0.48404955233843605,0.014530913358938788,0.3181680719975517
31,106,554.252197265625,0.4519241993166292,reasoning,0.11402191949051567,0.04864777243761279,0.11110832136311198,0.4519241993166292,0.05630254728953223,0.21799524010259813
31,107,1436.7674560546875,0.43648576350771146,symbolic,0.07188318367741578,0.02115862541704549,0.10173000014698387,0.31905525225618114,0.04968717499466228,0.43648576350771146
31,108,1239.216796875,0.2399911975022026,social_ethical,0.06600819333658009,0.04863636148714142,0.17486197336712483,0.23158695953687986,0.2399911975022026,0.2389153147700712
31,109,841.8980712890625,0.4104877763389523,reasoning,0.122417998184383,0.004435081687540752,0.2937245508044349,0.4104877763389523,0.10794772496171791,0.06098686802297114
31,110,1601.49365234375,0.5164338619434555,reasoning,0.027328766267086482,0.007813216970607578,0.03106467381677078,0.5164338619434555,0.006881164708604851,0.4104783162934748
31,111,2809.0228271484375,0.43202514045685386,symbolic,0.05566652173922491,0.04784122210119586,0.14324306765547595,0.23706652951793916,0.08415751852931022,0.43202514045685386
31,112,2004.138671875,0.5271830679482594,symbolic,0.10000009745458373,0.06829885227736744,0.0636532531801867,0.15360054486857763,0.0872641842710251,0.5271830679482594
31,113,585.2764892578125,0.40735058404429164,reasoning,0.10053278855208532,0.0023184488334235392,0.1226617110761411,0.40735058404429164,0.06710215795527663,0.3000343095387818
31,114,1229.05859375,0.4792004686323056,reasoning,0.021170690855234094,0.013233618527900228,0.16010550980647664,0.4792004686323056,0.07084299387552083,0.2554467183025626
31,115,791.4041748046875,0.3854965994327169,social_ethical,0.023269125674842125,0.01957094223624414,0.20824138390046987,0.21065532162211062,0.3854965994327169,0.1527666271336163
31,116,3485.570068359375,0.5186855405184391,social_ethical,0.015157917740517108,0.005373297205029525,0.12539235597095866,0.13733399314066538,0.5186855405184391,0.19805689542439026
31,117,260.87890625,0.277482780564498,reasoning,0.0419246462529011,0.10478494422400239,0.25255250056150336,0.277482780564498,0.18062345586583814,0.14263167253125703
31,118,2500.922119140625,0.278606709224537,factual,0.08192212696547377,0.08296773738826997,0.278606709224537,0.23881982202463017,0.13016107242475114,0.18752253197233792
31,119,1243.15234375,0.3658915087966265,factual,0.03633449411934755,0.03018773546961951,0.3658915087966265,0.1986069389499351,0.16196352597196517,0.20701579669250614
31,120,1026.31201171875,0.41589581171585344,symbolic,0.08851308371953392,0.011502045542885987,0.14309689341054016,0.2567390635176867,0.08425310209349979,0.41589581171585344
31,121,2066.610595703125,0.5819575734299431,factual,0.12092802259511908,0.013248571709059489,0.5819575734299431,0.10292791225631397,0.16141444897285087,0.019523471036713407
31,122,1141.5657958984375,0.4112151931192883,symbolic,0.05923218082003638,0.06897425250812499,0.23793912704921144,0.1080597371153737,0.11457950938796521,0.4112151931192883
31,123,399.569580078125,0.25392863536630295,social_ethical,0.07595422809089615,0.09659136387604582,0.2049263214750736,0.11987539081665635,0.25392863536630295,0.24872406037502512
31,124,1385.9073486328125,0.3020672395194618,reasoning,0.03107223037987104,0.00048390990749604986,0.23952756511666642,0.3020672395194618,0.2852675328601163,0.14158152221638842
31,125,3354.323974609375,0.41959924336817184,symbolic,0.043224947743012734,0.04808396141553241,0.14021933123138416,0.2531431525205303,0.09572936372136856,0.41959924336817184
31,126,877.42431640625,0.293872306917497,reasoning,0.07030326133230197,0.0788862053518015,0.21116062360702628,0.293872306917497,0.061235332908543015,0.2845422698828302
31,127,1148.3690185546875,0.34038403012764684,reasoning,0.03754560619526738,0.034471336991927344,0.32371690106095824,0.34038403012764684,0.18231678143222613,0.08156534419197403
34,0,898.937744140625,0.3227375572677061,reasoning,0.11049757892955797,0.030110680221800416,0.21523423506857187,0.3227375572677061,0.15185091235885237,0.16956903615351127
34,1,3629.522216796875,0.34436549151405477,factual,0.18042123904829663,0.046908312051176994,0.34436549151405477,0.19147913738807656,0.07526178111721214,0.1615640388811829
34,2,1734.5679931640625,0.4389242019170023,symbolic,0.11005004299563795,0.023503015324660172,0.08495964800088053,0.23100448915418406,0.11155860260763495,0.4389242019170023
34,3,569.9107666015625,0.39732975432823076,symbolic,0.044373080438296755,0.10514855391501163,0.12788588879709573,0.2976169643471032,0.02764575817426188,0.39732975432823076
34,4,6892.8778076171875,0.7480396458392864,symbolic,0.010315646696786614,0.13380680618253793,0.04119525477560084,0.045633217102083,0.021009429403705263,0.7480396458392864
34,5,2592.2596435546875,0.27514143457147416,reasoning,0.03945527623623721,0.03617661334112772,0.18789834576917808,0.27514143457147416,0.22530166170876328,0.23602666837321953
34,6,972.7554931640625,0.4795632674527561,symbolic,0.010726566177421907,0.05528715506311919,0.20590205843705958,0.16074740365974205,0.08777354920990114,0.4795632674527561
34,7,1575.6134033203125,0.37294704404635315,factual,0.09600869267107885,0.029533388727805896,0.37294704404635315,0.16682498639349058,0.13345535612254186,0.20123053203872965
34,8,775.7943725585938,0.3294975105453198,reasoning,0.0439084969531372,0.009606458853485846,0.2670055697540992,0.3294975105453198,0.1947394362900615,0.15524252760389642
34,9,1572.7452392578125,0.3593546658010922,symbolic,0.055811856771331166,0.059735271748237666,0.12878198878618471,0.32491734470129413,0.07139887219186011,0.3593546658010922
34,10,1627.0445556640625,0.34934448836871335,symbolic,0.03800326647309511,0.08972680031711903,0.1674884867289496,0.20332170708593883,0.1521152510261841,0.34934448836871335
34,11,1048.08642578125,0.38184358491875775,social_ethical,0.06709039120309009,0.030538588508353906,0.23235414149950548,0.13400235082444242,0.38184358491875775,0.15417094304585038
34,12,988.8853759765625,0.42806194681635445,social_ethical,0.057478944750794014,0.07402490745220097,0.2302506780378447,0.07652263950803788,0.42806194681635445,0.13366088343476795
34,13,868.451904296875,0.2983428722591694,factual,0.05276807830024859,0.0831793958077454,0.2983428722591694,0.10587828163834319,0.17865308436825922,0.28117828762623415
34,14,1081.093994140625,0.23417204117013812,factual,0.08997730660651228,0.08294673567650318,0.23417204117013812,0.21390888903994232,0.19947705153448575,0.17951797597241834
34,15,1082.3077392578125,0.23937554314020618,symbolic,0.08621668763566169,0.03780441933553757,0.21526787209721343,0.21472593025360737,0.2066095475377738,0.23937554314020618
34,16,1319.0804443359375,0.37523106574950166,social_ethical,0.013506409040906978,0.057251279323429306,0.22147803048832457,0.18221885492814255,0.37523106574950166,0.15031436046969496
34,17,1462.3414306640625,0.3932787350658429,reasoning,0.05553319791867792,0.038949785971886475,0.12278917126848606,0.3932787350658429,0.022785590151042184,0.36666351962406446
34,18,2800.9920654296875,0.2633855532230467,factual,0.05209131094429913,0.20045300809165906,0.2633855532230467,0.15185219452841917,0.1552566192389546,0.17696131397362133
34,19,1296.5142822265625,0.620727621434614,reasoning,0.03841731204415385,0.008117280361772311,0.042260342555746636,0.620727621434614,0.033540390799587046,0.25693705280412615
34,20,1955.05126953125,0.3077471094133411,factual,0.09484333576010659,0.06730168621197344,0.3077471094133411,0.1966550489579652,0.1538533870969756,0.17959943255963806
34,21,2301.5911865234375,0.47978006468966383,symbolic,0.02190209463084276,0.05872163529020848,0.00669973192268108,0.41044003238460997,0.0224564410819939,0.47978006468966383
34,22,1096.0595703125,0.6316452312750308,symbolic,0.0210833819657598,0.05096180832438645,0.10973591478707907,0.12918001274095325,0.05739365090679057,0.6316452312750308
34,23,4021.476806640625,0.37146916072996494,creative,0.05566347289750242,0.37146916072996494,0.14486094528225496,0.10808707811434079,0.00660072878961829,0.31331861418631857
34,24,1357.6650390625,0.4754747171190197,factual,0.04834062099667038,0.08362818459139335,0.4754747171190197,0.08404079053464523,0.1643281167618175,0.14418756999645388
34,25,1515.3341064453125,0.36817770356536694,factual,0.044507736947257195,0.06291373416788999,0.36817770356536694,0.20524718943721237,0.09620612590190272,0.22294750998037074
34,26,1305.72900390625,0.34755638556496626,reasoning,0.12516823209615976,0.001486463089158243,0.1483359279437485,0.34755638556496626,0.15085936264202265,0.22659362866394453
34,27,5149.958740234375,0.47560513109010705,symbolic,0.10847520348098966,0.016701414713814408,0.1835139427457678,0.16557335036294996,0.050130957606371145,0.47560513109010705
34,28,2066.642822265625,0.28130829539954605,social_ethical,0.09427346987330963,0.029556457914966965,0.23035695700716682,0.22501405498354454,0.28130829539954605,0.13949076482146597
34,29,607.4583740234375,0.29915405002794243,factual,0.019395739685256052,0.17130843624950992,0.29915405002794243,0.13447805286619635,0.10187470648367392,0.27378901468742134
34,30,212.9228515625,0.9176214151068874,social_ethical,0.0019045282136190393,0.0,0.01368714827571973,0.022971293336329822,0.9176214151068874,0.04381561506744392
34,31,922.3482666015625,0.42615979587809594,social_ethical,0.043795710279561195,0.06661251897033263,0.1880137805313665,0.137454725639393,0.42615979587809594,0.1379634687012507
34,32,2086.180908203125,0.41731138115086525,reasoning,0.07964525909137242,0.010539910078376857,0.10876487142125386,0.41731138115086525,0.12302385828807196,0.2607147199700597
34,33,2371.01513671875,0.5198245349567809,symbolic,0.08285200559573742,0.10853356134748289,0.08572813060729567,0.14881599245774005,0.05424577503496306,0.5198245349567809
34,34,903.1019287109375,0.32451521050156584,factual,0.046583964690923255,0.08537969517225177,0.32451521050156584,0.2207543147931304,0.21897334369079227,0.10379347115133646
34,35,2212.547607421875,0.4697981648744096,computational,0.4697981648744096,0.014357697767582023,0.12697180001975153,0.1299704996195902,0.1265646318742038,0.13233720584446287
34,36,1260.1901245117188,0.6787076350967975,reasoning,0.002926339501393789,0.02958760747044782,0.11730800013851922,0.6787076350967975,0.10852496167110356,0.06294545612173805
34,37,1157.955322265625,0.26263492294409535,symbolic,0.05061369580548958,0.07566311088902875,0.24078064763013166,0.18910844120316636,0.18119918152808834,0.26263492294409535
34,38,103.03466796875,0.400011847498993,reasoning,0.026118996279885315,0.06031324787337393,0.254590905859773,0.400011847498993,0.23190531478804824,0.027059687699926546
34,39,340.41064453125,0.4434305705568728,symbolic,0.07128841114175923,0.049919602502148,0.2547983894681429,0.0881446323015774,0.09241839402949964,0.4434305705568728
34,40,2205.845947265625,0.30946321282060224,factual,0.08246049177960066,0.0869542768821087,0.30946321282060224,0.24009443124598442,0.16204117366129708,0.11898641361040692
34,41,605.627197265625,0.3558631229166238,symbolic,0.012165969470086255,0.12196788017974329,0.15838335048610264,0.09695184606931492,0.25466783087812905,0.3558631229166238
34,42,812.2015380859375,0.29934087867313036,social_ethical,0.1302691568642628,0.04946558644213507,0.21626994892204243,0.17796456180192394,0.29934087867313036,0.12668986729650542
34,43,2239.29296875,0.3182025925454289,reasoning,0.04984123668359328,0.040447358872691054,0.1811772144004717,0.3182025925454289,0.10527037080970382,0.3050612266881113
34,44,318.84423828125,0.3773903395595359,factual,0.07793536837301472,0.03367608841136122,0.3773903395595359,0.21506202976142164,0.1302605847229603,0.16567558917170627
34,45,813.61669921875,0.2904786210298706,reasoning,0.02045160887650207,0.0892688354407134,0.19260502542479177,0.2904786210298706,0.16485380369648206,0.2423421055316401
34,46,1452.3436279296875,0.29810998000520944,symbolic,0.07545547635283388,0.11095927842247835,0.23598315929121497,0.19676633915800995,0.0827257667702534,0.29810998000520944
34,47,1594.144775390625,0.30081236005113315,symbolic,0.07662095648182735,0.1639356489055943,0.2711090864900652,0.16181079227158346,0.025711155799796527,0.30081236005113315
34,48,981.841064453125,0.3693988070979339,symbolic,0.1362070170212459,0.05013562938924379,0.17223651855806402,0.20373140581869847,0.0682906221148139,0.3693988070979339
34,49,1338.732177734375,0.27436592347842514,factual,0.049447181672404236,0.04259136634310499,0.27436592347842514,0.19919897101221185,0.18780941987767913,0.24658713761617465
34,50,2632.6163330078125,0.32234495587648804,factual,0.08424167175289814,0.07099884528673849,0.32234495587648804,0.21795026177998333,0.12697334227378682,0.17749092303010522
34,51,743.4324951171875,0.2829610329646043,reasoning,0.25090329560659674,0.06553184879508864,0.16440431585240484,0.2829610329646043,0.07672228772820067,0.15947721905310483
34,52,1317.6600341796875,0.5288434022084493,reasoning,0.04186618994464749,0.0543686553728362,0.1404633068782505,0.5288434022084493,0.10788176431738651,0.12657668127843003
34,53,3066.205810546875,0.4371992787108138,symbolic,0.07709851097750896,0.007290643759436823,0.05339433413601319,0.3881330937316842,0.036884138684542996,0.4371992787108138
34,54,3267.9722900390625,0.4862782354893008,reasoning,0.0659399312597864,0.011218312016979124,0.2041515912474545,0.4862782354893008,0.012698483136504492,0.21971344684997465
34,55,5689.187744140625,0.35577863162429524,factual,0.039546686716806605,0.026143448246148452,0.35577863162429524,0.23461693394297958,0.010947408163091027,0.3329668913066791
34,56,757.2431640625,0.371930844951813,factual,0.04310003520686289,0.0665174351349016,0.371930844951813,0.18475671799818677,0.21394037014922293,0.11975459655901276
34,57,402.2740478515625,0.5042815366375668,symbolic,0.0008690825989575257,0.016919800123140264,0.08244116319908576,0.13788675161868152,0.25760166582256816,0.5042815366375668
34,58,4126.8848876953125,0.32669062411437766,social_ethical,0.022086557808383072,0.0019706904169410513,0.1498707044996396,0.20762606669933995,0.32669062411437766,0.29175535646131867
34,59,2265.5569458007812,0.3764856083365651,symbolic,0.055359367610314805,0.07685403265750035,0.17656815391949407,0.22856769539278995,0.08616514208333574,0.3764856083365651
34,60,841.8790283203125,0.23034802432999216,social_ethical,0.09500783928714614,0.06668606732550608,0.17599080020177846,0.21167902262438715,0.23034802432999216,0.22028824623119003
34,61,1408.72607421875,0.3014384221393512,factual,0.05993803965309692,0.06343344756506859,0.3014384221393512,0.28494697357534704,0.1465558386604697,0.1436872784066666
34,62,1575.503173828125,0.4790279674105851,symbolic,0.03151019306363093,0.06463298168166451,0.20690593484441433,0.14017207734198261,0.0777508456577225,0.4790279674105851
34,63,1985.2265625,0.23444681957349012,symbolic,0.2051072325261994,0.05171993121062221,0.13404760604701133,0.17305830126048272,0.20162010938219427,0.23444681957349012
34,64,1289.92333984375,0.40340853816182604,symbolic,0.06611162697032247,0.024502576499103063,0.179942144696553,0.2755307724424939,0.05050434122970153,0.40340853816182604
34,65,1283.466796875,0.4556130970044207,symbolic,0.035958650049076675,0.04723335007266391,0.08598404437444361,0.19053343300843814,0.18467742549095695,0.4556130970044207
34,66,2969.44140625,0.3414634437111357,symbolic,0.11346017111804224,0.02306288535433195,0.14976183178391347,0.3388118408607469,0.033439827171829715,0.3414634437111357
34,67,1489.7808837890625,0.5520833051669967,factual,0.05459975738029717,0.0546536728698158,0.5520833051669967,0.11839931630570738,0.1073500823686107,0.11291386590857228
34,68,1868.7889404296875,0.30422279688334775,symbolic,0.07524051514656069,0.09737261824145466,0.1802191229946021,0.21705977986061772,0.12588516687341708,0.30422279688334775
34,69,547.265869140625,0.28595209406134275,reasoning,0.1880526463005682,0.09134542677309655,0.18036015330114502,0.28595209406134275,0.022064363818538626,0.23222531574530883
34,70,2860.7042236328125,0.3562411155435812,symbolic,0.11099570388406789,0.02070007671041241,0.20181456801438233,0.29561671915749205,0.014631816690064118,0.3562411155435812
34,71,1351.9002685546875,0.368590327904867,social_ethical,0.009301143762211882,0.020971366711371897,0.16412191786969424,0.15721901869357613,0.368590327904867,0.2797962250582789
34,72,865.3829345703125,0.42017404743006176,social_ethical,0.020980173127723413,0.024100122763910315,0.3550341314139488,0.08664313703473882,0.42017404743006176,0.0930683882296169
34,73,1844.748046875,0.27053972902380174,symbolic,0.08217704717044058,0.12499305196022069,0.22771604830436068,0.21678347314112806,0.07779065040004828,0.27053972902380174
34,74,2121.4356689453125,0.48203733963004697,reasoning,0.02393743964270032,0.0332419365409616,0.05170356689163999,0.48203733963004697,0.010586173349933635,0.3984935439447175
34,75,642.3741455078125,0.6293308533160887,reasoning,0.027680139345145467,0.046753063139913904,0.1335878087439991,0.6293308533160887,0.043175369688972315,0.11947276576588046
34,76,1432.84716796875,0.35571752114776395,symbolic,0.10404413606404697,0.04097833987795415,0.1764976549435997,0.21793629925121086,0.10482604871542435,0.35571752114776395
34,77,581.0103149414062,0.5713358572655706,symbolic,0.032198467256900815,0.0012000916456540325,0.17848726473124576,0.1921638343600399,0.02461448474058891,0.5713358572655706
34,78,2990.9563064575195,0.3713479119137695,reasoning,0.08018154193948496,0.013359122772615022,0.1287150079155168,0.3713479119137695,0.10619067770534509,0.30020573775326864
34,79,1795.2230224609375,0.8243546189577687,factual,0.00468630569123094,0.01474052197580833,0.8243546189577687,0.06622712307449505,0.030896339685119477,0.05909509061557749
34,80,4652.0008544921875,0.5646141897895445,symbolic,0.09382618486968143,0.014161833033926121,0.08022429549868954,0.241879603269458,0.005293893538700415,0.5646141897895445
34,81,1308.2186889648438,0.30639975869949665,symbolic,0.07764557518934415,0.04850615999781654,0.2640607114305849,0.20139288989311535,0.10199490478964236,0.30639975869949665
34,82,1389.318359375,0.3324060809946424,factual,0.05860334359109894,0.25570620428464386,0.3324060809946424,0.19311025739072246,0.00626053482837104,0.15391357891052126
34,83,613.1414794921875,0.29392148489255615,symbolic,0.05457672976822942,0.014260017460189473,0.2759074271504951,0.15671167095207805,0.20462266977645183,0.29392148489255615
34,84,2217.6077880859375,0.26780319291792104,reasoning,0.19281096678125947,0.00798914802255981,0.20993983313262665,0.26780319291792104,0.06620760918789453,0.25524924995773846
34,85,1907.5006103515625,0.46172391383854533,symbolic,0.04072430708721129,0.03935718401957732,0.2697906630799658,0.1400959091579583,0.048308022816741965,0.46172391383854533
34,86,4045.29443359375,0.4362039384832131,symbolic,0.06201607698373508,0.0019749508827228974,0.14420575458827248,0.2681137348165542,0.08748554424550226,0.4362039384832131
34,87,448.7359619140625,0.31177610720216975,reasoning,0.02103537905547946,0.004434657355935523,0.13334058750640973,0.31177610720216975,0.22952956234213673,0.29988370653786883
34,88,1545.37548828125,0.2573777326442394,symbolic,0.032829804396875883,0.02973289448199312,0.25266459373970157,0.23743700095641956,0.18995797378077045,0.2573777326442394
34,89,3256.4964599609375,0.5826957824951694,symbolic,0.07474092408207918,0.03272863636948064,0.0754585775976124,0.2093891420991071,0.024986937356551296,0.5826957824951694
34,90,551.50830078125,0.3167620490327927,factual,0.10539854748474753,0.08092420554781853,0.3167620490327927,0.17345056038615692,0.09698058148419329,0.22648405606429103
34,91,1181.03857421875,0.4652182289571505,social_ethical,0.021200471149143345,0.04792193708612694,0.21010312278942123,0.11198991056186892,0.4652182289571505,0.14356632945628908
34,92,798.984619140625,0.3168123237470899,reasoning,0.18676536778705638,0.12577869066604005,0.20274069169212267,0.3168123237470899,0.028720229319378447,0.13918269678831255
34,93,2479.787841796875,0.43170615437643267,symbolic,0.10012433531212456,0.059743910016243636,0.14452033141774845,0.22413342599656538,0.03977184288088531,0.43170615437643267
34,94,2408.904296875,0.29432149317433126,symbolic,0.0850846144553208,0.06423555509790742,0.2525237481544303,0.23015445016414524,0.07368013895386502,0.29432149317433126
34,95,4009.342529296875,0.49637111611935186,symbolic,0.05948216528205272,0.0527393690530059,0.12352499810166283,0.24031377641101562,0.02756857503291111,0.49637111611935186
34,96,1675.0723876953125,0.3908598283087842,reasoning,0.00929224650899459,0.0648559599766597,0.14715228098016112,0.3908598283087842,0.013002003396978894,0.3748376808284215
34,97,1198.8026123046875,0.4337944630827208,factual,0.1567097132952589,0.0202169095525921,0.4337944630827208,0.10849683079154808,0.22209722408763383,0.05868485919024629
34,98,5390.380126953125,0.5599943693094392,symbolic,0.15949857233098044,0.019477832258412826,0.08860871261497975,0.1285889481302072,0.043831565355980616,0.5599943693094392
34,99,879.6458740234375,0.360357166101471,reasoning,0.07178986461254341,0.048487390958081245,0.17570117036232982,0.360357166101471,0.15144699758911218,0.19221741037646237
34,100,1733.7100830078125,0.2754168211870077,factual,0.07680675439127035,0.04207630839328676,0.2754168211870077,0.19924410773189863,0.20189208236012215,0.2045639259364144
34,101,1268.617431640625,0.282619585597864,factual,0.07180928502958957,0.02296220144615634,0.282619585597864,0.27964128795015336,0.08885896136392023,0.2541086786123165
34,102,1888.6297607421875,0.5910045176162473,factual,0.034736619967288565,0.001115847011841978,0.5910045176162473,0.05925778463907061,0.20204936058876702,0.11183587017678458
34,103,802.02783203125,0.4798729477831157,factual,0.029209407550319533,0.01687768979144052,0.4798729477831157,0.21713454603900148,0.04476735301691939,0.2121380558192034
34,104,517.7894287109375,0.4490864696511872,reasoning,0.004646923626227123,0.036160708918128,0.19440082362601493,0.4490864696511872,0.256990365489938,0.058714708688504764
34,105,502.9571533203125,0.2839293970596266,symbolic,0.07412483541554163,0.007612448349301313,0.2446905205419607,0.11579222008506818,0.2738505785485016,0.2839293970596266
34,106,256.6446533203125,0.4356043688431451,social_ethical,0.06030774821361727,0.04737416126934842,0.33241344670674405,0.10332838192703406,0.4356043688431451,0.02097189304011115
34,107,440.7889404296875,0.2894689835868359,reasoning,0.03827255096521878,0.23696773945199356,0.18686088370821693,0.2894689835868359,0.04850228873731876,0.19992755355041605
34,108,1268.1427001953125,0.2823697072519222,factual,0.06715498923100988,0.08092947815519379,0.2823697072519222,0.22189250261704507,0.17066512652059343,0.17698819622423564
34,109,2997.9647216796875,0.3553556251765368,reasoning,0.083126422804664,0.0479626335037601,0.13137269600262255,0.3553556251765368,0.09482503327554538,0.2873575892368712
34,110,1596.5911865234375,0.3163767104828058,factual,0.04975306352989749,0.08980031385531691,0.3163767104828058,0.13035699608732135,0.24188305544458696,0.1718298606000715
34,111,2930.218017578125,0.4012947072167682,symbolic,0.07284955815917668,0.012709240235080764,0.08668805223854047,0.3366795329479087,0.08977890920252524,0.4012947072167682
34,112,1549.324951171875,0.30259311522864274,symbolic,0.04781686517644482,0.037033911725983235,0.2741890014788762,0.22757280727257256,0.11079429911748044,0.30259311522864274
34,113,1794.6019287109375,0.4535457524086686,social_ethical,0.04039144899264212,0.0015941361691308006,0.41303778373443745,0.05870632952187683,0.4535457524086686,0.03272454917324422
34,114,389.43017578125,0.3005768895609445,reasoning,0.2019445729625492,0.029879205519883944,0.13296639847132416,0.3005768895609445,0.039287044246589256,0.2953458892387089
34,115,3600.2669677734375,0.2620357234657383,symbolic,0.09999550068630639,0.07430743712141301,0.2490111427351494,0.20920455829640727,0.10544563769498566,0.2620357234657383
34,116,2071.9996337890625,0.4712045095797817,factual,0.06652874447067635,0.0003104781180383604,0.4712045095797817,0.3148232210060422,0.1114822054503815,0.03565084137507989
34,117,1683.435546875,0.41471298347060453,symbolic,0.05335992999342166,0.019463690903669603,0.1709175253127034,0.1581751736532087,0.18337069666639208,0.41471298347060453
34,118,1361.8485107421875,0.5646368322439154,reasoning,0.2028106544279209,0.002722775538726543,0.13769736335545335,0.5646368322439154,0.023181776908629707,0.06895059752535414
34,119,2594.5841064453125,0.2946706756058728,reasoning,0.05789026900376023,0.04544509947455245,0.16962495071121,0.2946706756058728,0.24514353982456602,0.1872254653800385
34,120,4348.04541015625,0.29563714366537497,reasoning,0.0889769020001242,0.08549695181147869,0.2617400486501826,0.29563714366537497,0.059315529596014376,0.20883342427682516
34,121,3327.4512939453125,0.27087239380653677,symbolic,0.07864678886545438,0.07514384238798927,0.22689349417526236,0.2024400039019049,0.14600347686285234,0.27087239380653677
34,122,1288.9970703125,0.4192332110796533,reasoning,0.0879806020457099,0.029420811510887296,0.11110705997955957,0.4192332110796533,0.027090769001153845,0.32516754638303613
34,123,956.95263671875,0.45767330887894364,factual,0.018541446516780205,0.023824405984369124,0.45767330887894364,0.3814989394537,0.004904739624020137,0.11355715954218688
34,124,2404.87451171875,0.6223727118362912,symbolic,0.016193103890758984,0.013758727340689676,0.08658353405345548,0.17056300243056957,0.09052892044823511,0.6223727118362912
34,125,492.067138671875,0.3301293421456735,symbolic,0.12263886952513685,0.024271312379465813,0.16525965923214359,0.28215902996119585,0.07554178675638437,0.3301293421456735
34,126,961.1805419921875,0.27081882618357067,social_ethical,0.03707979854180682,0.2294772752470761,0.10434162294572091,0.2162716467417857,0.27081882618357067,0.14201083034003975
34,127,2486.53271484375,0.37563464436056815,symbolic,0.027370047515728774,0.012219634715839369,0.2720972095972464,0.17886980627477825,0.13380865753583907,0.37563464436056815
36,0,2549.4124145507812,0.4031935399483255,symbolic,0.08815086522431052,0.04368471758138394,0.09992199345681604,0.2991425840048688,0.06590629978429514,0.4031935399483255
36,1,2448.5364379882812,0.28219364640084516,symbolic,0.08432338145637212,0.06466359834444509,0.2572870367769171,0.21631260363327393,0.09521973338814659,0.28219364640084516
36,2,628.9193115234375,0.31393913208712476,reasoning,0.075072198616993,0.10467096277309458,0.16596122712513542,0.31393913208712476,0.026834458212921432,0.3135220211847308
36,3,1920.967529296875,0.5687444770352058,social_ethical,0.03520450395594566,0.01971433920208513,0.04130424642835038,0.08464070242516697,0.5687444770352058,0.25039173095324607
36,4,235.358642578125,0.34589364012908325,factual,0.09600541062561396,0.0762788256369881,0.34589364012908325,0.13077096228432963,0.1941974774617776,0.15685368386220747
36,5,2549.1572265625,0.764761503974391,factual,0.012886746040836873,0.005715162448373524,0.764761503974391,0.10497284450245313,0.05711025051554646,0.054553492518398965
36,6,3343.6551513671875,0.37743192408750786,factual,0.03465810927828962,0.03067340220624687,0.37743192408750786,0.15157439300903067,0.1631998322966448,0.24246233912228016
36,7,1595.9669799804688,0.22705448452659852,symbolic,0.15805518388311174,0.053563664484334236,0.22033982829415102,0.19375904144980924,0.14722779736199526,0.22705448452659852
36,8,472.2579345703125,0.3591735494038494,factual,0.0787047555830236,0.031126695869995814,0.3591735494038494,0.2847384042905992,0.05228217891265289,0.19397441593987907
36,9,1897.0467529296875,0.2848862981992917,reasoning,0.07408829011633844,0.049423101684509495,0.17228278148980924,0.2848862981992917,0.2058995507704429,0.21341997773960825
36,10,1151.7037353515625,0.3523456936940718,symbolic,0.12233690809418833,0.03714520681348762,0.17979763548759126,0.21885916086657028,0.0895153950440907,0.3523456936940718
36,11,1127.7080078125,0.31462655430980807,factual,0.18715539764092162,0.01009397517953745,0.31462655430980807,0.10084536094972778,0.1406681226526772,0.24661058926732787
36,12,4661.362243652344,0.5500787797751261,symbolic,0.0747547270712987,0.0186016142432964,0.10902717325130615,0.2368281186243203,0.01070958703465243,0.5500787797751261
36,13,1009.8480224609375,0.28733112324610843,factual,0.049841919330808955,0.14437663754468777,0.28733112324610843,0.13461667477569225,0.20505833965434397,0.1787753054483586
36,14,2608.44287109375,0.4053556931171708,symbolic,0.11122451863886257,0.14949590899892945,0.16198095464865725,0.10721794143903576,0.06472498315734419,0.4053556931171708
36,15,1573.9222412109375,0.3505875912887128,social_ethical,0.054766751584956565,0.045540758258515036,0.13548147367397287,0.15022316160511312,0.3505875912887128,0.2634002635887296
36,16,2015.0232543945312,0.3700419162806629,symbolic,0.032719433772334106,0.0509861516614956,0.26569096557744754,0.19735197714215857,0.08320955556590129,0.3700419162806629
36,17,2210.095703125,0.33576255623828505,reasoning,0.07491323993499292,0.02534428965445324,0.17615612702362826,0.33576255623828505,0.07809676210642037,0.30972702504222016
36,18,2022.0555419921875,0.3270735883261004,symbolic,0.06783421519970294,0.06053790719397581,0.22358893884994693,0.23234075347913474,0.08862459695113922,0.3270735883261004
36,19,1260.2567138671875,0.4238266419979886,symbolic,0.0859273560316555,0.0436971130343278,0.12699991079059006,0.2487197093613604,0.07082926878407768,0.4238266419979886
36,20,3944.998779296875,0.4031204678094762,symbolic,0.11665191198681331,0.03762180346642663,0.1609295510193725,0.23848038040153563,0.043195885316375714,0.4031204678094762
36,21,971.2551879882812,0.47367163229916087,reasoning,0.11415338799079623,0.05820407093676917,0.10500598722620341,0.47367163229916087,0.03912500718749931,0.20983991435957103
36,22,2395.6851806640625,0.5101929112158583,symbolic,0.07961008594298435,0.015163777366056213,0.05297238234449926,0.3265659141727837,0.015494928957818196,0.5101929112158583
36,23,2222.1640014648438,0.32470806158053184,symbolic,0.06386283649429719,0.04514493887115542,0.22611134083819914,0.12786981739008269,0.21230300482573372,0.32470806158053184
36,24,1814.2224731445312,0.47338081627101347,symbolic,0.026458018866163054,0.03651049425315469,0.14504376750529477,0.2683456700177273,0.05026123308664675,0.47338081627101347
36,25,2333.7454223632812,0.4349352712235052,symbolic,0.06528058508082091,0.020804849659686656,0.13451570682511035,0.29075447970156987,0.05370910750930698,0.4349352712235052
36,26,3848.4267578125,0.46428608585742603,symbolic,0.09414653385400741,0.027779145242234488,0.0485544265374269,0.33405499507839675,0.03117881343050846,0.46428608585742603
36,27,1450.3480834960938,0.3033691358187309,symbolic,0.056391113343573274,0.047318584241735816,0.23039698301142772,0.2600178104133222,0.10250637317121013,0.3033691358187309
36,28,1682.0314331054688,0.4536045140206419,symbolic,0.06075518962401413,0.03084097434818701,0.13894371890853036,0.2915282137357524,0.024327389362874183,0.4536045140206419
36,29,134.83935546875,0.4003317025830071,factual,0.14357724578219888,0.018482641743104315,0.4003317025830071,0.05680587794358884,0.31229472281469195,0.0685078091334089
36,30,1939.0521240234375,0.2584214447662423,factual,0.04453041807800769,0.028578227560267844,0.2584214447662423,0.17414898536108453,0.24682558044006456,0.2474953437943331
36,31,729.20263671875,0.4550896038387392,factual,0.07102752297263908,0.04028941875858356,0.4550896038387392,0.14037248385738113,0.07830735358813773,0.2149136169845193
36,32,1168.1229248046875,0.2924564828033256,factual,0.06372329823101319,0.12963579326850982,0.2924564828033256,0.2074764796411176,0.08663101850163382,0.22007692755439995
36,33,879.748046875,0.4056779784251084,symbolic,0.09588150016317705,0.04882975971902467,0.1038157065122072,0.26630688163114885,0.07948817354933387,0.4056779784251084
36,34,3405.90234375,0.36495821032765957,symbolic,0.12972704496215784,0.15732425671886235,0.12728881230423747,0.2008027840570884,0.019898891629994347,0.36495821032765957
36,35,1770.3160400390625,0.39363164611941903,symbolic,0.05857577375486548,0.25758105762834627,0.05473510678797324,0.2142725194517415,0.021203896257654495,0.39363164611941903
36,36,850.8543701171875,0.5334849119802749,reasoning,0.05390376946196228,0.0027901642406479355,0.2311939730845561,0.5334849119802749,0.10337925789493241,0.07524792333762637
36,37,3391.8601684570312,0.2832216021823991,reasoning,0.14643545841064487,0.04924642497295907,0.16621407556438658,0.2832216021823991,0.0806136344664333,0.2742688044031771
36,38,1100.2765502929688,0.5341983613295019,symbolic,0.019238993037694548,0.027714423492273866,0.17250723376042212,0.19627101252010118,0.05006997586000634,0.5341983613295019
36,39,2381.1826171875,0.4003740160790311,reasoning,0.05194311190728412,0.025924853926722828,0.13788330009338354,0.4003740160790311,0.031686633192950425,0.35218808480062797
36,40,185.033447265625,0.41023780276211674,social_ethical,0.04721617845168934,0.15598557587640538,0.21045339934054363,0.10465538193184562,0.41023780276211674,0.07145166163739927
36,41,232.4560546875,0.35373737055475035,factual,0.0723286491482345,0.02607494696158128,0.35373737055475035,0.14950847564433803,0.10369693532463713,0.2946536223664587
36,42,889.3308715820312,0.4086882824597721,symbolic,0.06755361426008474,0.08205892924045266,0.1788956362510575,0.21927263141474004,0.04353090637389293,0.4086882824597721
36,43,389.0556640625,0.40838035557853675,reasoning,0.14174477212200012,0.0063034491067865146,0.059426244939042604,0.40838035557853675,0.06819553807421315,0.31594964017942084
36,44,1604.8112182617188,0.4916708778272062,reasoning,0.03668807940539212,0.012833723300681199,0.08434548562639345,0.4916708778272062,0.046023639471868556,0.32843819436845845
36,45,3523.8154296875,0.3373713795111223,reasoning,0.05832744658485911,0.0027457559291727855,0.3163117966559574,0.3373713795111223,0.001511062976338181,0.2837325583425503
36,46,1053.99072265625,0.4532873106445786,reasoning,0.1410765352851166,0.005213166290878279,0.09872587121213876,0.4532873106445786,0.041924572391112094,0.2597725441761756
36,47,287.7022705078125,0.33377290179251434,factual,0.01639895844338456,0.2440576581438755,0.33377290179251434,0.12685623268615787,0.05160134874538421,0.2273129001886835
36,48,802.9144287109375,0.4259484072535433,symbolic,0.048241460438846216,0.05732792598983653,0.044745438029030894,0.29456577181973326,0.12917099646900976,0.4259484072535433
36,49,4791.446533203125,0.4200136657093367,creative,0.029319290228941395,0.4200136657093367,0.12119193825055992,0.12197027733695986,0.2151899046992563,0.09231492377494584
36,50,1966.0886535644531,0.30214720286334484,symbolic,0.0358995332744026,0.301363110316862,0.03816201629084008,0.3008582425713033,0.021569894683247177,0.30214720286334484
36,51,862.5772705078125,0.40885815681424603,factual,0.052876971365082355,0.0992067484896125,0.40885815681424603,0.34521491153773165,0.02486176156376389,0.06898145022956362
36,52,1367.9837036132812,0.4102174425652561,social_ethical,0.03847321950230324,0.03531077548811418,0.06948266065588143,0.12822777984874434,0.4102174425652561,0.31828812193970074
36,53,738.6137084960938,0.3792125024387579,symbolic,0.021618571729479955,0.08049996004610027,0.09147625073266032,0.18380082976853926,0.24339188528446226,0.3792125024387579
36,54,1609.092041015625,0.3367686688239028,reasoning,0.060519742472925686,0.05599164052053448,0.2747356900280253,0.3367686688239028,0.13075835086903173,0.1412259072855801
36,55,800.87890625,0.5697366174856725,reasoning,0.0330526765028655,0.006736678453847092,0.03534081209608584,0.5697366174856725,0.042898122180221925,0.31223509328130716
36,56,2762.2670288085938,0.3298516606818444,factual,0.08765869346615526,0.03579752543380985,0.3298516606818444,0.18541253622672993,0.06587367964850861,0.29540590454295196
36,57,1247.3497924804688,0.3146123918293761,factual,0.061459601433292724,0.07079404043113087,0.3146123918293761,0.238246430579208,0.16172207687010628,0.15316545885688598
36,58,1517.48193359375,0.4067889760065229,reasoning,0.07430739657565168,0.023512751612634393,0.14117312133362378,0.4067889760065229,0.11815903388985724,0.23605872058170999
36,59,679.2186279296875,0.35828792814871036,factual,0.036350506878038535,0.13653276263313108,0.35828792814871036,0.11656784071051887,0.24601489641111982,0.10624606521848136
36,60,1613.55419921875,0.3653175053010099,reasoning,0.046473296436831665,0.012278642929359106,0.07926526656053047,0.3653175053010099,0.23094602033130593,0.26571926844096294
36,61,943.7159423828125,0.24766182450965415,factual,0.07501874614939151,0.06023021060492016,0.24766182450965415,0.22014427517756294,0.20551885085877866,0.19142609269969257
36,62,1013.9861450195312,0.3442951122631838,reasoning,0.08815101820852868,0.04162642494809383,0.15490904222914031,0.3442951122631838,0.13241992833507965,0.23859847401597373
36,63,908.521240234375,0.4695395671892345,reasoning,0.1551725296220168,0.006178749755126094,0.2162080056367353,0.4695395671892345,0.04134277697892378,0.11155837081796349
36,64,1619.2994995117188,0.29417959327950444,symbolic,0.09489509152882805,0.0307339414788273,0.2768826249444839,0.2511125736569199,0.052196175111436406,0.29417959327950444
36,65,3925.4830322265625,0.43199615567811944,symbolic,0.1103224352521555,0.13353019944891958,0.12201890833933685,0.1575778284401393,0.04455447284132933,0.43199615567811944
36,66,3811.7120361328125,0.40471934116762415,symbolic,0.010571376736578977,0.05863660666291013,0.2174699272662815,0.30101428173631556,0.007588466430289688,0.40471934116762415
36,67,241.197998046875,0.921533240143449,factual,0.0015881418740074113,0.0,0.921533240143449,0.001992009692827652,0.07488660828971595,0.0
36,68,979.9234619140625,0.24510730756260984,symbolic,0.06770074940831759,0.10116557602441498,0.1897986591895667,0.17421491758426905,0.22201279023082185,0.24510730756260984
36,69,1315.392333984375,0.4799084866366844,symbolic,0.03284094741368862,0.02508627286558063,0.26755455379486465,0.14901109849630104,0.045598640792880715,0.4799084866366844
36,70,4370.0635986328125,0.34499330871683037,factual,0.09658593299510014,0.06364362959646348,0.34499330871683037,0.19196646014737442,0.12243493712115631,0.18037573142307528
36,71,2459.193115234375,0.27637387811102215,factual,0.08573090747360108,0.10701921153436637,0.27637387811102215,0.21906003809247726,0.03646821084985339,0.2753477539386798
36,72,1291.1510009765625,0.32780597231247216,reasoning,0.19460431011914503,0.012652512137295738,0.14578586644044228,0.32780597231247216,0.024418959849993038,0.29473237914065176
36,73,1735.270751953125,0.28321535513260393,symbolic,0.06175231288907798,0.039871510617615985,0.2108602693794548,0.22873736804569825,0.17556318393554907,0.28321535513260393
36,74,1621.6412353515625,0.28698673678354863,reasoning,0.03297071734433062,0.047375340481772533,0.1433771049461082,0.28698673678354863,0.20593158108876633,0.2833585193554737
36,75,2271.08935546875,0.4052536758864557,symbolic,0.08896484792819731,0.021147862988210975,0.20267440640472514,0.2381402150545957,0.04381899173781511,0.4052536758864557
36,76,1179.445556640625,0.3397022236969544,reasoning,0.16596450141160987,0.04303086580877825,0.21143999110744774,0.3397022236969544,0.0685317497856038,0.17133066818960593
36,77,1710.59228515625,0.34944008394387793,symbolic,0.04744507524777402,0.1022627139665452,0.19499699996546108,0.22630832619481156,0.07954680068153021,0.34944008394387793
36,78,1474.0594482421875,0.2974289666800409,symbolic,0.04504593807541637,0.07187846129703171,0.2711555923794428,0.16758103912096356,0.14691000244710464,0.2974289666800409
36,79,703.2205810546875,0.35148485891588,factual,0.0998475380864025,0.023457922299798484,0.35148485891588,0.27494995038000913,0.18066155243132748,0.06959817788658243
36,80,1705.224853515625,0.4105953940676067,symbolic,0.0881330229171287,0.02277545990100222,0.09478014563752461,0.36631312225279583,0.017402855223941926,0.4105953940676067
36,81,467.4659423828125,0.4409417359689211,computational,0.4409417359689211,0.01810375870777267,0.1607416253011831,0.2065149298299169,0.13539197609284392,0.03830597409936229
36,82,1261.40234375,0.45748053304389025,social_ethical,0.09604537051087114,0.011183628866681738,0.172214916898665,0.09090505281510224,0.45748053304389025,0.17217049786478963
36,83,1443.650634765625,0.2742062537109815,factual,0.05325270120559231,0.04487431747957491,0.2742062537109815,0.20855407560686756,0.20295988985984392,0.21615276213713977
36,84,2285.7073974609375,0.3241488497832921,social_ethical,0.026621891141105657,0.08612709060822137,0.2309211747273561,0.12439291484986394,0.3241488497832921,0.20778807889016085
36,85,1970.7015380859375,0.2963741856333259,social_ethical,0.032188145344765204,0.07120291908064594,0.1959101552794858,0.2111353285901432,0.2963741856333259,0.19318926607163397
36,86,2658.3723754882812,0.4952695310798658,social_ethical,0.02389680690104848,0.02129328053207854,0.1388430608971375,0.15424911065430189,0.4952695310798658,0.1664482099355678
36,87,804.3843994140625,0.5401452033586073,factual,0.04782808815881346,0.03143113524101994,0.5401452033586073,0.17719766107288287,0.04115430615020797,0.16224360601846843
36,88,1816.7227783203125,0.43642797998977734,symbolic,0.04635039068796681,0.007662979159612844,0.13938061734269022,0.34635342107386796,0.02382461174608484,0.43642797998977734
36,89,1201.8619384765625,0.349892231627501,social_ethical,0.08352041251098327,0.11260705612923795,0.2899363302769253,0.0872610480990951,0.349892231627501,0.07678292135625743
36,90,1719.1915283203125,0.41798679983984227,reasoning,0.09243861147317482,0.026420343580771898,0.29182624037560806,0.41798679983984227,0.06819995175955154,0.1031280529710514
36,91,2246.5999755859375,0.303071639234353,symbolic,0.07265639640891805,0.037362503135842155,0.23113410254764863,0.2829227564852639,0.07285260218797426,0.303071639234353
36,92,963.5770874023438,0.3244978050954673,factual,0.1001353814252732,0.04566331292593319,0.3244978050954673,0.1426628721271036,0.1422734438753001,0.24476718455092264
36,93,2434.258575439453,0.4728908767086038,reasoning,0.06380269435071692,0.009317027344493632,0.09985577149400586,0.4728908767086038,0.010665625618803852,0.34346800448337594
36,94,2609.5968017578125,0.2759569417214115,factual,0.16542530979659897,0.04967247123501899,0.2759569417214115,0.1274688617645104,0.23948146810312765,0.14199494737933252
36,95,901.0941162109375,0.40764543646280704,social_ethical,0.08095423816776562,0.04654999083552262,0.17395519200494516,0.157930564825774,0.40764543646280704,0.13296457770318554
36,96,4147.3865966796875,0.5638309504664715,symbolic,0.04026461387891018,0.0026603373011954445,0.10608369451877685,0.2695418280837445,0.017618575750901585,0.5638309504664715
36,97,1017.5113525390625,0.350985363362975,symbolic,0.04836389815886431,0.016757217634122586,0.10841654316807976,0.29968605185584996,0.17579092582010838,0.350985363362975
36,98,1204.7242431640625,0.3936164499684419,symbolic,0.05782482112605799,0.03437628209499528,0.17501882896932558,0.2512394999301355,0.08792411791104378,0.3936164499684419
36,99,2299.173828125,0.33865383030759183,reasoning,0.05805106198982821,0.008511039546304422,0.1277705582932728,0.33865383030759183,0.16149567991899264,0.3055178299440101
36,100,2203.4080810546875,0.5573738059698558,symbolic,0.0809175173026028,0.047714669197813066,0.06815175953400048,0.18608912119503263,0.059753126800695326,0.5573738059698558
36,101,1037.3399047851562,0.42340753235347817,symbolic,0.04327004290536408,0.17325397950326132,0.1667627787773398,0.19077998022685283,0.0025256862337038194,0.42340753235347817
36,102,884.322998046875,0.4394975328441077,reasoning,0.022064570382478874,0.002795272579797785,0.16983144437324743,0.4394975328441077,0.2806477136602831,0.08516346616008505
36,103,2226.762451171875,0.5990253726118235,symbolic,0.02223807971630618,0.01585789609463799,0.19157671038094276,0.13311896661911612,0.03818297457717339,0.5990253726118235
36,104,4503.24365234375,0.3387434328749362,symbolic,0.11874478389763109,0.01557303042088911,0.21516824135987916,0.27076187650329736,0.0410086349433671,0.3387434328749362
36,105,2628.0726318359375,0.2845625593293862,reasoning,0.22351780289171375,0.027040288731972076,0.234808762492527,0.2845625593293862,0.05536478854666536,0.17470579800773564
36,106,1190.52587890625,0.3527024272443941,symbolic,0.055313208899855096,0.034797434333649006,0.2564406198514722,0.2491847459413657,0.051561563729263876,0.3527024272443941
36,107,1694.4243469238281,0.31153167314018215,symbolic,0.030841042029921457,0.03278654570203712,0.2777860096168973,0.27428496751529374,0.0727697619956682,0.31153167314018215
36,108,1813.7389526367188,0.310953090087026,reasoning,0.08602127741412213,0.04155093472440831,0.1819055596391731,0.310953090087026,0.08718097768500714,0.29238816045026333
36,109,1207.6414184570312,0.2598438178273251,factual,0.06151198749297294,0.15115821558044307,0.2598438178273251,0.11072264895218573,0.16722301130440886,0.24954031884266434
36,110,1663.90869140625,0.7422039449068796,factual,0.06058533872702436,0.0,0.7422039449068796,0.04577190966888078,0.05694371692219204,0.09449508977502322
36,111,706.4188842773438,0.3447732311661162,factual,0.0770567256671805,0.04927783187907828,0.3447732311661162,0.14608914989994357,0.2176389478214341,0.1651641135662474
36,112,843.428955078125,0.4987511162378046,social_ethical,0.063842144797572,0.022634190960970392,0.08084499744549793,0.17534478541458917,0.4987511162378046,0.15858276514356592
36,113,1986.508056640625,0.2924578365996099,reasoning,0.059536212120411415,0.032388658991927596,0.18641041242945422,0.2924578365996099,0.1477237128347641,0.28148316702383275
36,114,5405.79638671875,0.535731050771872,symbolic,0.05973785192055945,0.02693316662859447,0.07411252262766628,0.23994830762082547,0.06353710043048229,0.535731050771872
36,115,1267.826171875,0.3183901224259659,symbolic,0.07797357065720575,0.050646098529255446,0.24905912094243499,0.2704607495913743,0.03347033785376359,0.3183901224259659
36,116,961.84423828125,0.5220316753957267,reasoning,0.015362028817320243,0.0040108241359652,0.07941172887168967,0.5220316753957267,0.12135525573683775,0.2578284870424604
36,117,666.2083740234375,0.3343497180709615,factual,0.0290366845812035,0.004187937545200904,0.3343497180709615,0.3303772606864692,0.08809510590684991,0.21395329320931497
36,118,1753.700439453125,0.31050539477279976,symbolic,0.03953651576876296,0.007278832969960144,0.1177792020973508,0.29067929324111946,0.2342207611500069,0.31050539477279976
36,119,647.33349609375,0.4108864942496223,factual,0.06949199653928866,0.019392957437323635,0.4108864942496223,0.20438525230079224,0.11755405852886579,0.1782892409441074
36,120,1463.4178466796875,0.3102076279418324,symbolic,0.08440766382676337,0.05047721869930221,0.25527498892880646,0.2077967728419639,0.09183572776133167,0.3102076279418324
36,121,1776.2592163085938,0.41717265593830244,symbolic,0.09812642886382147,0.08180493103776133,0.19662121436669236,0.17311731186519685,0.033157457928225505,0.41717265593830244
36,122,2624.1920776367188,0.5990898938086948,symbolic,0.06128485927460514,0.03724704797186578,0.15925344209944825,0.11213633158066251,0.03098842526472352,0.5990898938086948
36,123,1491.8766479492188,0.2989475024390511,factual,0.0844477295601542,0.036242334023526744,0.2989475024390511,0.2625951569508488,0.11615754214504846,0.2016097348813707
36,124,4478.684631347656,0.4581476012496203,factual,0.006943588819267328,0.004616239882683232,0.4581476012496203,0.03211114103045255,0.10966777052365105,0.3885136584943255
36,125,1266.0101318359375,0.33282435755708983,symbolic,0.027673195511975283,0.07665125051163539,0.161579978314855,0.15777876234614177,0.24349245575830272,0.33282435755708983
36,126,1680.4805908203125,0.40074225127859325,social_ethical,0.05161247628935669,0.08215031027864242,0.1933924076691405,0.1337348927617534,0.40074225127859325,0.13836766172251372
36,127,2158.9639892578125,0.41647788989322937,factual,0.39106360297300163,0.007766492729118744,0.41647788989322937,0.053177010616110285,0.105797938995828,0.025717064792711936
38,0,1090.2294311523438,0.5130451426827614,reasoning,0.05343382345819711,0.002892793483309754,0.21270536037342072,0.5130451426827614,0.026686456556956575,0.19123642344535444
38,1,2035.019287109375,0.5043036725480206,symbolic,0.015249226825365766,0.012295693124261362,0.03859340821761158,0.05689646340162768,0.37266153588311307,0.5043036725480206
38,2,594.8750610351562,0.5124172094549873,symbolic,0.04394818083703033,0.04588632579734555,0.09085641895860773,0.2835025901270752,0.02338927482495391,0.5124172094549873
38,3,1784.9468994140625,0.4030534215411613,symbolic,0.05390853755073164,0.046080759607681016,0.12353452281910796,0.3404091768147044,0.03301358166661367,0.4030534215411613
38,4,1475.973388671875,0.2763409078390568,symbolic,0.0376489495560977,0.14790110538480383,0.16699784487428598,0.14735723760157615,0.22375395474417953,0.2763409078390568
38,5,2907.6516723632812,0.35154483310038326,symbolic,0.047756621076885275,0.014377222511026426,0.30466123686776153,0.24171723713980772,0.0399428493041358,0.35154483310038326
38,6,891.6024169921875,0.33270176219710634,symbolic,0.1510758409733178,0.06444476299105409,0.2041434242875178,0.1411581341584147,0.1064760753925893,0.33270176219710634
38,7,1825.6906433105469,0.4409766336988101,symbolic,0.04312005280937084,0.05966278112291991,0.13297382794607088,0.24507129895242616,0.07819540547040212,0.4409766336988101
38,8,1478.8696899414062,0.2475262590889624,social_ethical,0.1288347353740132,0.1756880297943842,0.061216433432532115,0.14828330616499905,0.2475262590889624,0.23845123614510907
38,9,947.0096435546875,0.2761907438131155,reasoning,0.07600533288441477,0.02094174160207984,0.17567878845610727,0.2761907438131155,0.24811472894157094,0.2030686643027117
38,10,692.283935546875,0.3101590671446381,reasoning,0.13700510827533552,0.009909031437846378,0.24495546790003508,0.3101590671446381,0.1228530520049584,0.17511827323718654
38,11,3897.1484375,0.7221637352531398,symbolic,0.02700360590175108,0.0042809120250182926,0.12323307055439173,0.1040596777992723,0.019258998466426775,0.7221637352531398
38,12,1284.1918334960938,0.7030695859863303,reasoning,0.016871323317807024,0.006780354121175375,0.12564011395519595,0.7030695859863303,0.028693074623486213,0.11894554799600517
38,13,147.74560546875,0.42226430433963574,factual,0.009909677675216387,0.07087559446498977,0.42226430433963574,0.06927438091366667,0.3343528882984173,0.09332315430807415
38,14,1773.2694091796875,0.5329935938999725,computational,0.5329935938999725,0.03285195740262551,0.08204659816669022,0.10610800596945347,0.17324783605935115,0.07275200850190715
38,15,231.90185546875,0.24371966690178656,creative,0.1528093318032994,0.24371966690178656,0.14451240696095255,0.105850274248055,0.23130217819280532,0.12180614189310116
38,16,1046.7518920898438,0.5561782772612661,reasoning,0.06554642065825954,0.008265430933663316,0.14704860057295682,0.5561782772612661,0.07969512272985926,0.14326614784399494
38,17,2532.0193481445312,0.36707400251249833,reasoning,0.10414870769530046,0.004412335612210843,0.09779885815472993,0.36707400251249833,0.08766895574876511,0.33889714027649537
38,18,1879.7979125976562,0.38709020917145964,symbolic,0.08786370839020684,0.023755878065791866,0.1316495494975114,0.3559597123363591,0.013680942538671146,0.38709020917145964
38,19,2028.8505859375,0.24318642261556078,social_ethical,0.20279477969890394,0.06311716532461663,0.2074750679047317,0.13957051671132678,0.24318642261556078,0.14385604774486016
38,20,1206.497802734375,0.3484898766951009,symbolic,0.045474790132775104,0.03220729630712602,0.2875162263257528,0.19643956724401865,0.08987224329522656,0.3484898766951009
38,21,1753.23583984375,0.3449882847758901,social_ethical,0.01153586824808035,0.0,0.28745153701568,0.2045956040546679,0.3449882847758901,0.15142870590568167
38,22,1522.2860717773438,0.6050490484895735,symbolic,0.12330553521321304,0.011899137709651144,0.08373692696823942,0.1282791260301506,0.04773022558917227,0.6050490484895735
38,23,1441.3440551757812,0.37604527397248383,factual,0.037467741346054864,0.028811202515894467,0.37604527397248383,0.1591621860716297,0.20881312587124248,0.18970047022269465
38,24,2820.8700561523438,0.38761881280611615,symbolic,0.03277745364354584,0.02567402760902423,0.1866071317488633,0.3003929819535547,0.06692959223889582,0.38761881280611615
38,25,1308.183349609375,0.40359252593957173,reasoning,0.03204895042643038,0.10176437797003127,0.20693868730099868,0.40359252593957173,0.20921346788050507,0.04644199048246288
38,26,1324.0548706054688,0.26072354547933313,creative,0.03724686614286475,0.26072354547933313,0.23189789112452386,0.19052473077535637,0.02804771884794924,0.25155924762997267
38,27,2470.448974609375,0.24326672338528105,factual,0.1583442031932336,0.10863879377315394,0.24326672338528105,0.1811638430395854,0.10130523307782945,0.20728120353091656
38,28,1512.8379516601562,0.8614915548029546,reasoning,0.01352955057457663,0.019873852275953483,0.056059796169155615,0.8614915548029546,0.027516369199692556,0.021528876977667172
38,29,1769.9395751953125,0.3492198440688183,symbolic,0.2638253659044598,0.03940874570540945,0.11389824850708774,0.18001475239053902,0.05363304342368569,0.3492198440688183
38,30,1607.310546875,0.5169884943428645,factual,0.16125190323023586,0.009607287503508748,0.5169884943428645,0.1521605232683187,0.025133195737736393,0.1348585959173357
38,31,1391.6060791015625,0.38434848939525373,reasoning,0.09432197456902991,0.004056478062308044,0.12443924524104615,0.38434848939525373,0.2530538278077519,0.13977998492461033
38,32,1900.3385009765625,0.5675633574995923,reasoning,0.04366756462295054,0.026465653959033948,0.05323090503574321,0.5675633574995923,0.033760882316081,0.27531163656659907
38,33,1198.9651489257812,0.28809700952130296,factual,0.08628015543800106,0.05719196012796884,0.28809700952130296,0.2757102797339319,0.1383461333562752,0.15437446182252
38,34,1066.45751953125,0.5296070930655806,symbolic,0.061979392016409465,0.0970578337579924,0.08830642299706287,0.16807685527939362,0.054972402883561,0.5296070930655806
38,35,2019.3790588378906,0.29987511298942937,symbolic,0.11653078365295692,0.033257039604335514,0.23499037259713706,0.24885981419084516,0.06648687696529597,0.29987511298942937
38,36,643.768310546875,0.393396729082721,reasoning,0.09193344394406257,0.052987722209054275,0.19427390376866557,0.393396729082721,0.06192216164968002,0.20548603934581655
38,37,3097.6813354492188,0.45893985213825605,symbolic,0.08418488729530504,0.030138745526788864,0.11578675543118533,0.2635730940939929,0.04737666551447182,0.45893985213825605
38,38,26.4345703125,0.31456647825926337,symbolic,0.08447855480438879,0.0,0.14511064317115518,0.28989803834644795,0.16594628541874468,0.31456647825926337
38,39,1902.1912231445312,0.28259609880810194,factual,0.061742822616584925,0.04020163192627643,0.28259609880810194,0.2272096957465885,0.2004207152004391,0.1878290357020091
38,40,2065.0635375976562,0.35552032406690537,reasoning,0.05384518372509358,0.010944493381081357,0.24573954466691658,0.35552032406690537,0.0584278519114544,0.27552260224854874
38,41,1284.97509765625,0.3759460395063286,symbolic,0.10625500402982335,0.032034530703226025,0.15058667084152058,0.29247473713049976,0.04270301778860166,0.3759460395063286
38,42,2321.7828369140625,0.32701373734920186,symbolic,0.08449075698821953,0.07569056750391495,0.2450390101600706,0.20524104963999823,0.06252487835859484,0.32701373734920186
38,43,980.537841796875,0.3445570195128182,factual,0.03683928647458359,0.18871578521732657,0.3445570195128182,0.14658404300692954,0.19420456675986228,0.08909929902847982
38,44,1125.340576171875,0.3159264936070786,factual,0.07580582701200483,0.0530662917801577,0.3159264936070786,0.18184403810044486,0.2726868710535764,0.10067047844673759
38,45,55.92041015625,0.4622353197991705,reasoning,0.02552717747216765,0.0,0.09568216546605544,0.4622353197991705,0.1872342283344248,0.2293211089281816
38,46,1822.6973876953125,0.2604300548563755,social_ethical,0.021033467619575936,0.055747509449295136,0.2585463907700862,0.1602587195142737,0.2604300548563755,0.24398385779039358
38,47,1193.140869140625,0.5339052977171557,reasoning,0.01014281461110412,0.0019633300287184336,0.1486608636401305,0.5339052977171557,0.14449873698232388,0.1608289570205674
38,48,868.4090576171875,0.41914212341933316,reasoning,0.03521812671817725,0.028896373028589935,0.2640135158708728,0.41914212341933316,0.04984420172766206,0.20288565923536483
38,49,895.8719482421875,0.3542241479507447,social_ethical,0.14125553908491137,0.029168074105090584,0.1392608485399135,0.20935039636963323,0.3542241479507447,0.12674099394970664
38,50,2054.3603515625,0.34555638611661077,symbolic,0.08441262035542732,0.07500332752600818,0.14620757107239032,0.2317358633622749,0.11708423156728852,0.34555638611661077
38,51,918.8819580078125,0.4235543072111374,computational,0.4235543072111374,0.022620714685297777,0.1514966294833557,0.2110595828803819,0.042731957742570194,0.148536807997257
38,52,829.7709350585938,0.4693307457090554,reasoning,0.06347922727579994,0.026201461173094426,0.15411681396505045,0.4693307457090554,0.05384728039428121,0.23302447148271857
38,53,982.460205078125,0.31430620127395625,factual,0.0852605899819515,0.07943912228076588,0.31430620127395625,0.26615127093699376,0.1482850942445834,0.1065577212817492
38,54,5920.9013671875,0.4792858423457815,symbolic,0.13923286034989593,0.010076689719599347,0.20950707100095448,0.1528731306911773,0.00902440589259151,0.4792858423457815
38,55,767.31201171875,0.25444587977384014,social_ethical,0.10359030325399073,0.04026284557941526,0.25382384478079234,0.17095796570694038,0.25444587977384014,0.17691916090502113
38,56,2557.3985595703125,0.39656210589593643,symbolic,0.027958384567905743,0.013005407249159185,0.13529712281151945,0.2625893135481369,0.1645876659273423,0.39656210589593643
38,57,3694.338592529297,0.7112761872106439,symbolic,0.023407959650967407,0.04338200688743557,0.02390253205524477,0.1873475391617441,0.010683775033964215,0.7112761872106439
38,58,1379.6241455078125,0.29387506380575057,reasoning,0.16923864266488028,0.008061489941364628,0.2329076903216376,0.29387506380575057,0.10226041134214739,0.19365670192421952
38,59,140.7236328125,0.6049021172649739,computational,0.6049021172649739,0.0,0.04393793242239818,0.0,0.3511599503126279,0.0
38,60,970.2645874023438,0.5420653130831553,symbolic,0.03999002315872708,0.06954424518370504,0.1664367988178764,0.12515928505175408,0.05680433470478206,0.5420653130831553
38,61,1499.4979248046875,0.4474235231893618,reasoning,0.04783632412118412,0.04300658252554749,0.22403218134455324,0.4474235231893618,0.13271540189192557,0.10498598692742778
38,62,456.7205810546875,0.38936109080558234,reasoning,0.04623949773550664,0.010851927926435037,0.1403288292923475,0.38936109080558234,0.13178589612864514,0.2814327581114834
38,63,1330.6137084960938,0.41243928254844153,reasoning,0.059234683170667095,0.015011576423315225,0.15611211069331252,0.41243928254844153,0.062113296430975504,0.29508905073328817
38,64,3833.1429443359375,0.5246563122758697,symbolic,0.08836086574909605,0.08181603279145541,0.08558975325296653,0.1853147406554807,0.03426229527513154,0.5246563122758697
38,65,663.1064453125,0.4228611854419819,symbolic,0.05043032542439777,0.04086434734713654,0.07808631839074197,0.3641927127437885,0.04356511065195333,0.4228611854419819
38,66,1600.884765625,0.8501106565827247,factual,0.007406640370986259,0.007601234912822865,0.8501106565827247,0.0604649162511453,0.004271777203279924,0.07014477467904101
38,67,1126.3423461914062,0.35126116066045976,reasoning,0.13695377471965012,0.15399193009339496,0.1249568047413912,0.35126116066045976,0.020538969533585496,0.21229736025151846
38,68,1847.9073486328125,0.5066488387512347,social_ethical,0.051929649888357535,0.0694161740836357,0.17888920619072843,0.1138545719572862,0.5066488387512347,0.0792615591287574
38,69,430.3507080078125,0.2523647449830985,social_ethical,0.0720875988850164,0.0834150017884328,0.23782468706680854,0.10506142082405197,0.2523647449830985,0.24924654645259178
38,70,1443.1958618164062,0.2825000345734363,reasoning,0.06396910407771585,0.03989787239513475,0.2696318227187527,0.2825000345734363,0.07496239953773519,0.2690387666972252
38,71,1434.3956298828125,0.26629442369982254,symbolic,0.06659269010717694,0.0750926189191349,0.2591801299154109,0.18585499987277213,0.14698513748568262,0.26629442369982254
38,72,629.612060546875,0.684430730108407,factual,0.00971425314214521,0.011470434384392362,0.684430730108407,0.03959521747914123,0.19828096650847205,0.056508398377442086
38,73,1558.8878173828125,0.38643789717306626,factual,0.01964275380686711,0.03545947510373395,0.38643789717306626,0.17566743555355196,0.18347172749126517,0.19932071087151554
38,74,958.6590576171875,0.32326190083575956,reasoning,0.08098852271041539,0.11137141099927611,0.19855793748770426,0.32326190083575956,0.1705117634737344,0.11530846449311025
38,75,2935.4247436523438,0.41718315002252154,symbolic,0.07473406401493043,0.00915839832740879,0.09519900809246493,0.3827123629291047,0.021013016613569607,0.41718315002252154
38,76,3707.8751220703125,0.28979618805821766,symbolic,0.008966017449992368,0.04093983742439032,0.2860468769079273,0.10038823814902778,0.2738628420104446,0.28979618805821766
38,77,1940.9243774414062,0.5683713308493793,symbolic,0.03365611528641179,0.0035267808077992196,0.04905402041911497,0.2726763952508962,0.07271535738639856,0.5683713308493793
38,78,1777.954345703125,0.26482866257072946,factual,0.07996442430972546,0.04076388043063777,0.26482866257072946,0.2238938930458094,0.2509987983523792,0.13955034129071867
38,79,1830.036865234375,0.2775019207343389,symbolic,0.16326942269642952,0.00902688441081449,0.21635239641875598,0.24372781350059786,0.09012156223906329,0.2775019207343389
38,80,2213.5730590820312,0.27565450978944295,symbolic,0.04821615443450099,0.05360504859751851,0.1870923742322294,0.2375682300755606,0.19786368287074751,0.27565450978944295
38,81,1088.5384521484375,0.28332713004049315,symbolic,0.053490812865363946,0.09807445229821066,0.22845563127971258,0.21768758213662487,0.11896439137959476,0.28332713004049315
38,82,3350.1466064453125,0.23676519666069593,reasoning,0.11012348201733388,0.09797634133096947,0.22280081827983783,0.23676519666069593,0.13468084072958997,0.1976533209815729
38,83,1882.1263427734375,0.4837487780005927,social_ethical,0.03167914084872346,0.009851878722140635,0.25459524636150144,0.042379552351125886,0.4837487780005927,0.17774540371591593
38,84,3469.20068359375,0.4571264178373221,symbolic,0.10050615608360569,0.027686506947365932,0.14574450701295424,0.18651599039145111,0.08242042172730092,0.4571264178373221
38,85,1310.1041259765625,0.4267087064528972,symbolic,0.06308083030658737,0.029489657133608755,0.13172482916872158,0.3207912173756913,0.028204759562493773,0.4267087064528972
38,86,956.1123046875,0.5513609879486323,factual,0.03632595175571646,0.04112469217891874,0.5513609879486323,0.16411619473392308,0.1188919666741228,0.0881802067086866
38,87,1661.4969482421875,0.2769851376641937,factual,0.20633932170806474,0.07997284251989735,0.2769851376641937,0.15980844293171184,0.12157226263525565,0.15532199254087672
38,88,4964.7515869140625,0.47403746799489416,symbolic,0.03983740846880886,0.0831614571916842,0.1256240619140132,0.16948278814676068,0.10785681628383886,0.47403746799489416
38,89,2148.6051330566406,0.5572571873049735,factual,0.013505537131882593,0.022795153213400553,0.5572571873049735,0.1565523019631437,0.025777818216541713,0.22411200217005794
38,90,740.8650512695312,0.3929289137149228,social_ethical,0.018126706525517136,0.0572475643896077,0.17740698001941452,0.12890270846911187,0.3929289137149228,0.22538712688142598
38,91,2229.228759765625,0.4033669495114458,reasoning,0.13141390665848493,0.003908696614503619,0.06505671771774173,0.4033669495114458,0.013668719727177576,0.38258500977064636
38,92,3166.3634033203125,0.34795930999097147,creative,0.01652825844354158,0.34795930999097147,0.09054962307695302,0.08527618168408321,0.2647365347629727,0.194950092041478
38,93,2950.4301147460938,0.2865782756821717,symbolic,0.09389632532349554,0.054282463906019394,0.28021352653433096,0.2255682770365409,0.0594611315174415,0.2865782756821717
38,94,1662.982421875,0.3098932611190127,reasoning,0.08059595899686064,0.0390681980205462,0.17007987578792338,0.3098932611190127,0.12746411403176006,0.27289859204389705
38,95,1846.6552734375,0.37042610293631595,symbolic,0.08231388569388808,0.06182280305133595,0.09548182815743202,0.256031280159706,0.13392410000132207,0.37042610293631595
38,96,2369.8568115234375,0.3228534016432687,symbolic,0.06899084041319538,0.032591446103962696,0.2629245889033854,0.2443581178340204,0.06828160510216744,0.3228534016432687
38,97,3186.39404296875,0.6425549382559972,factual,0.022479651717392753,0.011366535723562174,0.6425549382559972,0.11004633960772235,0.02103169221551289,0.19252084247981263
38,98,1320.8490600585938,0.2727720996889624,social_ethical,0.066743771057167,0.061692014862118484,0.24108037455747344,0.2095450669987063,0.2727720996889624,0.14816667283557242
38,99,2523.2171630859375,0.4082608799771845,symbolic,0.09512663039705238,0.01507271702081185,0.0985830806143822,0.2477514846860419,0.13520520730452712,0.4082608799771845
38,100,3497.6346435546875,0.4778347518131237,symbolic,0.024788131962647886,0.05562639064493328,0.1461954809512553,0.22647860197651015,0.06907664265152967,0.4778347518131237
38,101,1411.1851196289062,0.39772725552517363,factual,0.12214374233619454,0.06025710898173022,0.39772725552517363,0.12607949610172323,0.19956474796760346,0.09422764908757492
38,102,919.5543518066406,0.3045759689621222,symbolic,0.03656370543738663,0.07480868235674172,0.24123899420140552,0.2893697213227803,0.05344292771956365,0.3045759689621222
38,103,2113.4970703125,0.3184250245238356,symbolic,0.05880978652364985,0.07233035581856012,0.2079585448990653,0.19213553052114363,0.1503407577137455,0.3184250245238356
38,104,403.7315673828125,0.3151928315225788,social_ethical,0.04843487376219587,0.02764251584870028,0.30321110223866765,0.20051769246189344,0.3151928315225788,0.10500098416596394
38,105,1681.130615234375,0.4904044650010725,symbolic,0.01660767907107716,0.04217321426315269,0.12366751472680956,0.26268906176684537,0.06445806517104273,0.4904044650010725
38,106,3109.65234375,0.4213171234098466,symbolic,0.06657171596503327,0.04004440244651545,0.1276128322724983,0.34120582523418136,0.0032481006719249916,0.4213171234098466
38,107,1307.9952392578125,0.3856288001872498,symbolic,0.02027121173051443,0.3738933021324959,0.0331471567639565,0.1304586416716526,0.05660088751413076,0.3856288001872498
38,108,1830.2579345703125,0.34414294806813606,symbolic,0.11325768219277815,0.01712465150669228,0.2558782078041558,0.24050978715871899,0.029086723269518677,0.34414294806813606
38,109,1182.7051391601562,0.3701080034252201,symbolic,0.062275715353745625,0.021188349896149858,0.11192649225457582,0.35355277304160027,0.08094866602870833,0.3701080034252201
38,110,2259.5643920898438,0.5326096589791933,symbolic,0.04822701502994149,0.025798483621448248,0.14130998538844602,0.23623387162583057,0.01582098535514034,0.5326096589791933
38,111,1249.6170654296875,0.49761357556509256,factual,0.031447817558953366,0.06007514216024968,0.49761357556509256,0.19126415973330893,0.07215003268091016,0.14744927230148533
38,112,1815.3948059082031,0.3570592072127798,reasoning,0.06456955693591275,0.01642514076680837,0.14891667582975512,0.3570592072127798,0.06438901285371322,0.3486404064010307
38,113,936.8297119140625,0.7561636842174528,social_ethical,0.04780227634106625,0.060030289885646106,0.06818156054022478,0.03300276278260929,0.7561636842174528,0.0348194262330007
38,114,981.9188537597656,0.5809710532390202,reasoning,0.006182464760395303,0.010670722089718093,0.055717550707887614,0.5809710532390202,0.022502326846838235,0.32395588235614053
38,115,1303.8534545898438,0.35256773194503316,symbolic,0.05431428727243534,0.04149405952111508,0.21625903722603357,0.21195140886986372,0.12341347516551912,0.35256773194503316
38,116,3338.6513671875,0.3020093942895987,factual,0.0611645634303943,0.14321041225536954,0.3020093942895987,0.1266482127098593,0.10156634137509327,0.26540107593968487
38,117,1087.66064453125,0.2791125278279205,factual,0.14999524136386103,0.05713494639127033,0.2791125278279205,0.24547312290883755,0.14078110767581478,0.1275030538322958
38,118,1549.9937744140625,0.3935429585662556,reasoning,0.022995697831132606,0.045340325128889046,0.1321389663469698,0.3935429585662556,0.14043489810513823,0.2655471540216147
38,119,3960.0558471679688,0.5175109012106753,symbolic,0.07650528721144245,0.06655860822078016,0.08409491726886016,0.2331650035206462,0.022165282567595673,0.5175109012106753
38,120,2849.5990600585938,0.5504027591258202,factual,0.026146299235875834,0.16037635160219801,0.5504027591258202,0.0844535270871761,0.04970999830769607,0.1289110646412338
38,121,1258.5940551757812,0.37856640417287296,social_ethical,0.09966778697533875,0.0035098532768240618,0.2246352167143814,0.17568974635083354,0.37856640417287296,0.11793099250974926
38,122,3295.2224731445312,0.2760831411257031,symbolic,0.08947223898234684,0.05766953129739109,0.15051996312206622,0.2384052655243645,0.18784985994812825,0.2760831411257031
38,123,1865.4463500976562,0.45649887367185005,symbolic,0.07594529587655173,0.013855493451284152,0.11896985659973917,0.24224812409244198,0.09248235630813291,0.45649887367185005
38,124,3724.60498046875,0.25271555773990817,reasoning,0.06789871015841524,0.2506870747487772,0.11003133066098268,0.25271555773990817,0.07865999710801966,0.240007329583897
38,125,439.45465087890625,0.34079728889830246,factual,0.06726643310266284,0.0648525525953035,0.34079728889830246,0.30830004062485894,0.06994059048406082,0.1488430942948115
38,126,2450.676513671875,0.6794586276449693,factual,0.12732065075701055,0.03240465627964058,0.6794586276449693,0.12320079426409979,0.012140999411135975,0.02547427164314382
38,127,2356.500732421875,0.489405450161916,symbolic,0.013916373910393944,0.007146951682756736,0.16851375335453672,0.2514776123686275,0.06953985852176912,0.489405450161916
40,0,899.141357421875,0.3380009628326504,factual,0.05445000560702037,0.11551018590598724,0.3380009628326504,0.20208203736040486,0.2552883162457238,0.03466849204821332
40,1,3867.7036743164062,0.3473237165929415,symbolic,0.06156387869756715,0.07607248508512682,0.14558443485534137,0.20512959625953966,0.16432588850948351,0.3473237165929415
40,2,2785.0328369140625,0.41453449747444543,symbolic,0.03948934623637119,0.031029337774390337,0.17619852895830895,0.3207262339683793,0.01802205558810482,0.41453449747444543
40,3,1467.4090576171875,0.2888847572355579,reasoning,0.053221379392671915,0.04526739214617068,0.2693758388954676,0.2888847572355579,0.1492044556969607,0.19404617663317117
40,4,1372.36279296875,0.3344083414247283,social_ethical,0.023001324628664565,0.07191402971395065,0.2637741100740447,0.15202079699025012,0.3344083414247283,0.1548813971683616
40,5,1088.7508544921875,0.394567379227848,symbolic,0.09197529736080548,0.022638517321413375,0.17368077553577194,0.2223281254151929,0.09480990513896832,0.394567379227848
40,6,2820.90478515625,0.2991945683844442,reasoning,0.0891300874660498,0.11297787531808157,0.25396731088156177,0.2991945683844442,0.08389741731869675,0.16083274063116593
40,7,333.83319091796875,0.43096372389329013,factual,0.07180882135425704,0.02786056480610832,0.43096372389329013,0.253047477814793,0.1720530291215523,0.04426638300999923
40,8,2814.647735595703,0.4528079289971893,reasoning,0.07292105072930581,0.01664262957528624,0.10581666602100087,0.4528079289971893,0.02507924260138284,0.32673248207583494
40,9,2363.4110107421875,0.48439101716677435,factual,0.07894793793088736,0.06142343527315623,0.48439101716677435,0.10064566186267769,0.12404654641121719,0.15054540135528716
40,10,1551.0140380859375,0.42463139388632387,symbolic,0.1384376573825072,0.018835491240412824,0.08197816968123567,0.26807523461331806,0.06804205319620237,0.42463139388632387
40,11,2522.3421020507812,0.3686497716101753,reasoning,0.10870546964647217,0.03660335043368405,0.06409203898567327,0.3686497716101753,0.05942730606283644,0.36252206326115877
40,12,2553.2003173828125,0.3128210578625736,computational,0.3128210578625736,0.03631500505096215,0.043280403533842354,0.2563588599001416,0.08857994884923692,0.2626447248032434
40,13,1390.385009765625,0.45389776711816665,social_ethical,0.02058009660023842,0.005985583537327457,0.1837221908205015,0.1912118962946028,0.45389776711816665,0.14460246562916318
40,14,2166.6302490234375,0.4211317404016613,social_ethical,0.0408781097113167,0.07795787207586215,0.20818157156149616,0.10927788468499837,0.4211317404016613,0.14257282156466536
40,15,5920.601867675781,0.6539618134633393,symbolic,0.020365979695440996,0.25553984896221044,0.02447460953867463,0.035464696962750925,0.010193051377583742,0.6539618134633393
40,16,657.0615234375,0.26618311284705964,reasoning,0.09452373627255581,0.010047842623184722,0.22916657377558405,0.26618311284705964,0.1995413781469641,0.20053735633465164
40,17,654.0897216796875,0.34764588714001426,reasoning,0.24050599602150158,0.00354067323180492,0.15920264307561555,0.34764588714001426,0.04939810234695574,0.1997066981841079
40,18,1954.7337646484375,0.32760553041966245,symbolic,0.05312124469476048,0.11292966874347686,0.11753250244689077,0.2400833713280792,0.14872768236713022,0.32760553041966245
40,19,2504.37744140625,0.2640428429517456,reasoning,0.15997004268892456,0.055704708454824704,0.23626896459617097,0.2640428429517456,0.1602158037732759,0.12379763753505824
40,20,2163.260986328125,0.31085418933930514,factual,0.00950329414651207,0.2733342008327317,0.31085418933930514,0.1375756612021352,0.09415677083468528,0.17457588364463056
40,21,3607.7161560058594,0.3091391358563967,reasoning,0.05836462159882514,0.03357329666943199,0.20285627755241237,0.3091391358563967,0.13177491620265175,0.26429175212028205
40,22,1721.69970703125,0.3029310351184232,reasoning,0.11654111509196859,0.030150032288336976,0.14826422891849528,0.3029310351184232,0.1879683900442451,0.2141451985385309
40,23,2187.7510986328125,0.3562245673027376,factual,0.030980149209435055,0.013314543079513696,0.3562245673027376,0.18255990369855424,0.19411488312976574,0.22280595357999364
40,24,965.2325439453125,0.28672049534695343,reasoning,0.15189375232778796,0.07120764216342479,0.25028578438470833,0.28672049534695343,0.1272731066744992,0.11261921910262629
40,25,3624.0419311523438,0.3630389045946495,symbolic,0.10815597596232962,0.013682933408636102,0.13021795917472329,0.2767374385030338,0.10816678835662773,0.3630389045946495
40,26,657.3109130859375,0.4312631866898212,reasoning,0.11778614594597907,0.03885719719107373,0.2204969607355371,0.4312631866898212,0.0202917864739128,0.1713047229636761
40,27,115.22802734375,0.35475259230381334,reasoning,0.30291075355845876,0.032957323920385445,0.16729735112527386,0.35475259230381334,0.0951514278328891,0.04693055125917953
40,28,1698.2265625,0.403827680415691,factual,0.09730581189936192,0.00799116035570195,0.403827680415691,0.25995811347315445,0.0816939661319483,0.14922326772414238
40,29,1665.7579345703125,0.35654899435280474,factual,0.10704527935116576,0.06411205601921575,0.35654899435280474,0.13787141314134976,0.13416319010069627,0.20025906703476776
40,30,1309.1497802734375,0.362761345342534,factual,0.09502958397807648,0.008101501647387701,0.362761345342534,0.2549037232780288,0.10418940459534218,0.17501444115863082
40,31,1091.3972778320312,0.5307007210208253,reasoning,0.050376331274645296,0.0033565504995595155,0.09549072997591415,0.5307007210208253,0.06537332285021805,0.25470234437883765
40,32,630.662353515625,0.8181607026652674,symbolic,0.0,0.0023021895770079896,0.038856562401647886,0.00694218356893968,0.13373836178713708,0.8181607026652674
40,33,1076.032470703125,0.26366856959011703,reasoning,0.10109453833516092,0.035164491589087424,0.24578524123701143,0.26366856959011703,0.17284430446865962,0.18144285477996355
40,34,2825.9463500976562,0.703184007103193,factual,0.03479631505667187,0.0011310508645677388,0.703184007103193,0.07002863156085042,0.0102808394026778,0.18057915601203922
40,35,1366.4763793945312,0.2902635205481208,factual,0.08516679814130108,0.0310800050508414,0.2902635205481208,0.16742315389133874,0.15892534103340983,0.2671411813349881
40,36,965.7379150390625,0.4602408572521038,factual,0.04588713015834895,0.11227196455713803,0.4602408572521038,0.057057698931594895,0.2668511279716103,0.05769122112920402
40,37,1226.0753173828125,0.25625843226544304,reasoning,0.11752836939911145,0.09049016184672873,0.2192128660975911,0.25625843226544304,0.16938266383472975,0.14712750655639595
40,38,3567.0651245117188,0.4213451803597005,reasoning,0.05160595074208891,0.03722641944143842,0.1748987364481798,0.4213451803597005,0.08219285200168815,0.23273086100690427
40,39,1044.8360595703125,0.31315971393445047,factual,0.03597853889168701,0.020787338025541117,0.31315971393445047,0.24054966196406083,0.24010581710156803,0.14941893008269255
40,40,654.2279052734375,0.2532520685482705,social_ethical,0.10027997354198717,0.03722220719161628,0.1728228815164285,0.20285533829592112,0.2532520685482705,0.23356753090577645
40,41,1643.6666259765625,0.2755159203729217,reasoning,0.08968863306027063,0.16941790283594024,0.13075364668048084,0.2755159203729217,0.1345308701123074,0.20009302693807915
40,42,1125.5715942382812,0.29155564135301265,symbolic,0.11070894155611583,0.06021831898018395,0.1505225345303886,0.1673940079815133,0.21960055559878566,0.29155564135301265
40,43,2842.5042724609375,0.3733173808323916,reasoning,0.08936375159190399,0.06908787095308534,0.11143944194303866,0.3733173808323916,0.05366713912924167,0.30312441555033875
40,44,4929.2589111328125,0.47402727094265745,symbolic,0.11849138330147513,0.012830156663035953,0.21009289907311424,0.16599922799349953,0.01855906202621766,0.47402727094265745
40,45,815.3694458007812,0.4625779614107719,reasoning,0.05253022809394676,0.04465629309590462,0.15841754177497994,0.4625779614107719,0.08439006684101587,0.19742790878338093
40,46,356.376220703125,0.9502321340369401,factual,0.0016126413544543224,0.0,0.9502321340369401,0.0,0.03956520339216437,0.00859002121644127
40,47,1811.3342590332031,0.34667023262756164,symbolic,0.07970104559942168,0.026304566408476518,0.1985044058088209,0.29038035828573133,0.058439391269987914,0.34667023262756164
40,48,1098.7530517578125,0.2938351191564034,factual,0.2332320296056487,0.0646577013515743,0.2938351191564034,0.12783562021267672,0.11897708972962404,0.16146243994407278
40,49,518.2613525390625,0.23129208919263886,factual,0.06566708992869554,0.16642229585144327,0.23129208919263886,0.1984837468087527,0.1862791027975571,0.15185567542091252
40,50,508.047119140625,0.30922732333763103,reasoning,0.07516623329317561,0.05072103705932019,0.30182857823861187,0.30922732333763103,0.16104242222703838,0.10201440584422293
40,51,1788.882080078125,0.4227811046992867,symbolic,0.0748735441524466,0.11644098661150462,0.09332013695158395,0.22935568966357278,0.06322853792160536,0.4227811046992867
40,52,2589.600341796875,0.4057434979513063,symbolic,0.0760959056955108,0.055220451997609506,0.2054324393044859,0.2146574296245603,0.042850275426527175,0.4057434979513063
40,53,1402.1927490234375,0.41036687185066845,social_ethical,0.1367671640826924,0.005880159623733858,0.12000204060970006,0.136103704759992,0.41036687185066845,0.19088005907321323
40,54,1307.689453125,0.7182030268678206,factual,0.010204626480687401,0.01956034543273934,0.7182030268678206,0.06192917643087686,0.03764429747721187,0.15245852731066395
40,55,696.35595703125,0.3562150761112011,factual,0.16157003149066324,0.03438764999435538,0.3562150761112011,0.20741766043514753,0.10284162741728178,0.13756795455135096
40,56,4829.331604003906,0.5603668854551153,symbolic,0.020806845032875013,0.10849872432138565,0.10120312898643642,0.19651723112431613,0.01260718507987151,0.5603668854551153
40,57,4404.1602783203125,0.4291807165527113,symbolic,0.07386775659699646,0.0023118787969061455,0.1789075719948188,0.24500305317118898,0.07072902288737835,0.4291807165527113
40,58,826.0866394042969,0.27315166639347804,factual,0.08705818386183238,0.049405510844850384,0.27315166639347804,0.22785093039482096,0.13343397905967472,0.22909972944534357
40,59,2206.308349609375,0.3045376367192838,reasoning,0.17434532483482698,0.030233630727940865,0.18361949085314339,0.3045376367192838,0.0665293687456699,0.24073454811913503
40,60,3042.79296875,0.23100580264585246,social_ethical,0.10183920284226945,0.0825992435378167,0.14557363711639312,0.22986878253557652,0.23100580264585246,0.20911333132209178
40,61,574.2142333984375,0.32221575722428086,reasoning,0.0946750644084573,0.020896422867271704,0.28545866538491055,0.32221575722428086,0.156989542647338,0.11976454746774157
40,62,2640.2413330078125,0.6201506626078299,symbolic,0.0125835128504479,0.05357319621651759,0.10677145352618495,0.15702533425598958,0.04989584054303008,0.6201506626078299
40,63,2552.2669677734375,0.45240915620978994,symbolic,0.05068162107532027,0.05333063327251341,0.16267219165177096,0.13092436445062555,0.14998203333997986,0.45240915620978994
40,64,575.7313232421875,0.4428718908165163,social_ethical,0.02056063630008623,0.005767545566090683,0.15138651566420172,0.3378053261487438,0.4428718908165163,0.04160808550436128
40,65,766.4158325195312,0.30895765590341673,symbolic,0.06363579966069804,0.10311972876868178,0.17851896761293362,0.14121000812537624,0.2045578399288936,0.30895765590341673
40,66,435.408203125,0.5336839307582235,reasoning,0.03105641257978998,0.020168416850207913,0.19569711657074673,0.5336839307582235,0.06903935782244572,0.1503547654185862
40,67,2244.0577392578125,0.3551691775387048,factual,0.06980088091808874,0.0675032003194635,0.3551691775387048,0.14381764861746144,0.14174838159002937,0.22196071101625217
40,68,1947.7296142578125,0.2827898141873291,symbolic,0.10191014540730359,0.07645557875784488,0.18012132389969016,0.2677508951133196,0.09097224263451267,0.2827898141873291
40,69,341.7041015625,0.33662422657578484,social_ethical,0.03055543647561481,0.06030065303439505,0.2928980723339192,0.007455595090095883,0.33662422657578484,0.2721660164901902
40,70,775.5885009765625,0.38293754065595037,reasoning,0.03764593449939806,0.1009979978346206,0.21026891594572605,0.38293754065595037,0.07176852380713297,0.19638108725717193
40,71,2361.5634155273438,0.7320920643375718,symbolic,0.049198675018295196,0.006826346268484672,0.060510306368097365,0.05900179766516751,0.09237081034238342,0.7320920643375718
40,72,2439.2030029296875,0.27018733055646066,symbolic,0.04975585216878972,0.04796548645324974,0.12302777641682737,0.26002450911825375,0.24903904528641874,0.27018733055646066
40,73,2813.390380859375,0.29750399331045113,symbolic,0.06103545171073012,0.0748633223492528,0.2036498948640131,0.14274977357428598,0.22019756419126688,0.29750399331045113
40,74,872.375,0.25932498947736066,social_ethical,0.05943248271600516,0.22192302353489038,0.07957704027260352,0.2408612556419258,0.25932498947736066,0.13888120835721451
40,75,733.7726745605469,0.341636090072713,reasoning,0.09851497631680373,0.052303537022532154,0.18618907138056176,0.341636090072713,0.033556944540159124,0.28779938066723026
40,76,1180.7249755859375,0.24503574515748205,factual,0.07082864521361026,0.07201634241575006,0.24503574515748205,0.2231857558217375,0.23600147180165126,0.1529320395897689
40,77,1699.9432983398438,0.3918117386081531,factual,0.060526921153699155,0.033787029962906265,0.3918117386081531,0.3033273778985979,0.08649343521661436,0.12405349716002921
40,78,492.0489501953125,0.4192395428772732,social_ethical,0.033634468036017086,0.023944240256123687,0.09773311683720491,0.4090531436800786,0.4192395428772732,0.01639548831330248
40,79,1654.2791748046875,0.3730143216555962,reasoning,0.12652954152770968,0.01114976510595782,0.26259172637251504,0.3730143216555962,0.08805953133353331,0.1386551140046879
40,80,230.4755859375,0.3157093857385586,social_ethical,0.02241353010715784,0.02101738507756126,0.20542028414411437,0.18192468867448847,0.3157093857385586,0.25351472625811944
40,81,2345.1717529296875,0.34069124838698106,symbolic,0.03585028394494236,0.1373380949587508,0.17325818031114146,0.1681787095088724,0.14468348288931188,0.34069124838698106
40,82,1062.9010009765625,0.6551774749534441,factual,0.011039951029511495,0.02788538562824118,0.6551774749534441,0.13585049760057238,0.06510950313444432,0.10493718765378646
40,83,942.8072509765625,0.3099870692953446,reasoning,0.053760501908661086,0.025063064213177562,0.2876529573403274,0.3099870692953446,0.15099080375328366,0.1725456034892057
40,84,651.2078857421875,0.7283634771997275,reasoning,0.0005211169523281087,0.01968678621739387,0.13237082907270237,0.7283634771997275,0.0954922446362913,0.023565545921556904
40,85,1047.2234497070312,0.28230610508664067,reasoning,0.06761648656006464,0.03254886768390815,0.27380561122700003,0.28230610508664067,0.1791299759192792,0.16459295352310732
40,86,2624.1375732421875,0.26578607601502263,symbolic,0.08586814818019406,0.06652878654561685,0.23288954913805154,0.11157839478046522,0.2373490453406497,0.26578607601502263
40,87,916.2728881835938,0.44985253675090586,reasoning,0.06897250006078383,0.0027044643312129487,0.08182656589983557,0.44985253675090586,0.004130503060341195,0.3925134298969206
40,88,2544.231689453125,0.4793456072555364,reasoning,0.03126471463433147,0.035128675054142175,0.05030057556860442,0.4793456072555364,0.037443529629534025,0.3665168978578515
40,89,573.8715209960938,0.33854825691258245,social_ethical,0.06516865906690388,0.025799614584116608,0.21424956056016442,0.199597737194611,0.33854825691258245,0.15663617168162167
40,90,5386.404846191406,0.5531819141427714,symbolic,0.03916499077170435,0.00632879973052273,0.10376670903037236,0.21465502595629185,0.08290256036833728,0.5531819141427714
40,91,1604.1131591796875,0.3296370604894111,reasoning,0.0823891371173729,0.1438170687765179,0.11316268792955123,0.3296370604894111,0.03059357829128077,0.3004004673958661
40,92,1569.685791015625,0.3575360377812476,factual,0.13725774885592557,0.03315914482661224,0.3575360377812476,0.17472022805121384,0.06338101664641345,0.23394582383858734
40,93,772.9663696289062,0.36553295050859974,factual,0.06422630704419777,0.0437956169797559,0.36553295050859974,0.2605571528300738,0.09006038321480707,0.1758275894225657
40,94,2187.8102416992188,0.43084135137865354,reasoning,0.04439526615128775,0.009170016428752585,0.14687149699165156,0.43084135137865354,0.08912039623398278,0.2796014728156718
40,95,1305.1171875,0.3520667781568944,social_ethical,0.04286069707581335,0.033205381461195414,0.3176734458711203,0.17260997500823083,0.3520667781568944,0.08158372242674568
40,96,1723.7078857421875,0.3560298188145488,symbolic,0.10093391824647864,0.024442703097563384,0.19582744802545782,0.2023810577655435,0.12038505405040786,0.3560298188145488
40,97,2324.0269775390625,0.2998638175450296,social_ethical,0.04217102156905909,0.10785664090246101,0.17136303630935096,0.16394666807854788,0.2998638175450296,0.2147988155955515
40,98,1311.784912109375,0.24679015036279997,factual,0.08924756438171019,0.1563122839806137,0.24679015036279997,0.14732626834821277,0.16427625840045665,0.19604747452620672
40,99,1528.9923095703125,0.403201387888153,factual,0.039218857842458245,0.10533156148195222,0.403201387888153,0.1515269843411503,0.18954253740667543,0.11117867103961078
40,100,3903.548828125,0.4005901956202714,factual,0.023225623018317168,0.022957593926199966,0.4005901956202714,0.12619513893857603,0.027447448660748906,0.3995839998358865
40,101,984.7222900390625,0.23871873080491815,symbolic,0.09952143619965427,0.10295140169421875,0.19248814127456274,0.1757901633166374,0.19053012671000868,0.23871873080491815
40,102,608.4439697265625,0.2972795174036935,reasoning,0.18367365363707733,0.05135109270514065,0.2051642202539818,0.2972795174036935,0.09774970693405169,0.16478180906605505
40,103,2190.1098022460938,0.42799239601391853,symbolic,0.0827370604361833,0.05779410663488836,0.10990629232272803,0.22958357243376964,0.09198657215851211,0.42799239601391853
40,104,924.1329345703125,0.3194882713776916,reasoning,0.10779160205730218,0.0036145579345715348,0.21764700520982969,0.3194882713776916,0.23949497635360004,0.11196358706700497
40,105,768.68212890625,0.5363306973875361,social_ethical,0.02129094222622551,0.06310675294630307,0.22735651839180415,0.10251540246502962,0.5363306973875361,0.04939968658310153
40,106,1105.0579833984375,0.4376348985682069,factual,0.26611699245578774,0.011809600188232487,0.4376348985682069,0.15224462269825306,0.06564121937977174,0.06655266670974805
40,107,2507.5584106445312,0.46592765909376965,symbolic,0.08346386925836552,0.008505485989538902,0.07064663896899406,0.346603896807399,0.024852449881932887,0.46592765909376965
40,108,1411.9892578125,0.32684937930404867,factual,0.2891864245713847,0.028158947821979325,0.32684937930404867,0.13536991735811552,0.05681897561134177,0.16361635533313
40,109,4235.8355712890625,0.36085085388414656,factual,0.05251584547707757,0.061197352792718956,0.36085085388414656,0.16935077600222365,0.04048762008837761,0.3155975517554557
40,110,587.0217895507812,0.39917506822011145,symbolic,0.06420077845528561,0.06459338526154465,0.2386886142466571,0.13470447655978285,0.09863767725661834,0.39917506822011145
40,111,3828.0258178710938,0.34812161507692124,factual,0.06679589514237255,0.031219877747151452,0.34812161507692124,0.20271413281992717,0.0719431586038382,0.2792053206097894
40,112,2816.6061401367188,0.7002223208195933,symbolic,0.02614932300986353,0.018218410512863437,0.1109014562615019,0.07713801085762918,0.06737047853854859,0.7002223208195933
40,113,782.1065063476562,0.40623338491480393,reasoning,0.04605606993520307,0.0007391896056456231,0.3401569981909677,0.40623338491480393,0.030576790304816602,0.17623756704856308
40,114,2791.2532348632812,0.5328239965924875,symbolic,0.14051178681800905,0.03683110165590565,0.049854245045137316,0.17906514388109848,0.060913726007362085,0.5328239965924875
40,115,750.672119140625,0.3267309601779395,symbolic,0.018651254263350583,0.013564016361639454,0.22830760714763104,0.22248892837896247,0.19025723367047695,0.3267309601779395
40,116,168.667724609375,0.8165439457605922,computational,0.8165439457605922,0.0,0.11105385582959285,0.049468563231784016,0.01760406911355797,0.005329566064472985
40,117,1156.863037109375,0.5645510794424662,reasoning,0.09136372164167182,0.015380781009055376,0.11658915638266958,0.5645510794424662,0.011504141279823979,0.20061112024431305
40,118,937.3873291015625,0.43798584126712103,factual,0.009954060885181904,0.07209538333838819,0.43798584126712103,0.13819994251913348,0.289762949375296,0.052001822614879366
40,119,2378.6483154296875,0.4384922790530398,reasoning,0.08159638819623659,0.003195132969825803,0.08977317789023409,0.4384922790530398,0.1062736841284156,0.2806693377622481
40,120,1092.6514892578125,0.7149592542778176,reasoning,0.005890737806866517,0.02612936810084146,0.12507818957902025,0.7149592542778176,0.04639078914190715,0.08155166109354697
40,121,1025.0452880859375,0.3168902955531095,reasoning,0.11223625194723318,0.09879446303999287,0.175478265239567,0.3168902955531095,0.13644202315279752,0.16015870106729993
40,122,1167.3206176757812,0.4299812903073669,symbolic,0.04412691177237201,0.01379799963200733,0.1148921948273867,0.3429059008027082,0.05429570265815881,0.4299812903073669
40,123,822.6092529296875,0.40640008666212085,factual,0.038886362068108415,0.010337425793704086,0.40640008666212085,0.2649258066885647,0.07787659996601777,0.2015737188214842
40,124,1674.1954956054688,0.41273708195389874,symbolic,0.12992889286733633,0.11653174574906419,0.1539188507306539,0.15472457383277788,0.03215885486626896,0.41273708195389874
40,125,5550.560852050781,0.45567869739374,symbolic,0.024445551909834034,0.014163805699137706,0.10671919382266992,0.34623425681629755,0.052758494358320814,0.45567869739374
40,126,4310.1273193359375,0.46850292378084035,symbolic,0.09900892879724389,0.11083067866568232,0.10129132131488897,0.171543939638665,0.04882220780267948,0.46850292378084035
40,127,760.0977783203125,0.34614534680452197,factual,0.03462464433527695,0.05029870456697835,0.34614534680452197,0.3151987217670424,0.07616593067201823,0.1775666518541621
43,0,1137.061279296875,0.39375656347539606,factual,0.0775743477641939,0.013890144357273785,0.39375656347539606,0.218738425684872,0.13969050992581059,0.15635000879245364
43,1,1302.2600708007812,0.3027325962802518,symbolic,0.04808216109791472,0.04519045985117614,0.15386969271842743,0.22009821885582498,0.23002687119640494,0.3027325962802518
43,2,3453.1749267578125,0.4599238507899119,reasoning,0.10119890447002516,0.060081781198794176,0.14421115022764272,0.4599238507899119,0.043271433186645454,0.19131288012698064
43,3,397.86395263671875,0.337882518693039,symbolic,0.04537751416983056,0.03357099673043442,0.1533526431967095,0.30969887259586143,0.12011745461412514,0.337882518693039
43,4,1104.6386108398438,0.3350055991140432,reasoning,0.10219677442187014,0.033997482318739905,0.17883880226090718,0.3350055991140432,0.03868220608905793,0.3112791357953817
43,5,2133.9075927734375,0.24529632821883865,social_ethical,0.06019762860998969,0.09397641584097359,0.21985486389743453,0.16893117664916898,0.24529632821883865,0.21174358678359456
43,6,4117.5867919921875,0.4677212429973362,symbolic,0.12157487335712906,0.018391302242954318,0.16130975319607732,0.21456437262621975,0.01643845558028335,0.4677212429973362
43,7,4558.652099609375,0.4139746176128101,symbolic,0.14274603061796715,0.029622826700108112,0.1254254243425226,0.25075458277928,0.03747651794731205,0.4139746176128101
43,8,909.5458374023438,0.9671754775986765,social_ethical,0.0014831567227994043,0.004623003933901753,0.017907194866943688,0.007058650319329641,0.9671754775986765,0.001752516558348984
43,9,2711.2322998046875,0.24943108897334876,factual,0.08159253215214574,0.07753006866373276,0.24943108897334876,0.24213167561254484,0.22772753233111584,0.12158710226711207
43,10,960.559326171875,0.31028509441342644,social_ethical,0.05874301141379064,0.05283151321493138,0.18616739667109847,0.1814954615014903,0.31028509441342644,0.2104775227852628
43,11,2567.7113037109375,0.42201670564117155,symbolic,0.07541104359460284,0.027405489341393224,0.10767279633439826,0.2755581244335845,0.09193584065484965,0.42201670564117155
43,12,708.9891357421875,0.4371112177449222,social_ethical,0.06755119929463284,0.11254435447144896,0.25602100812339584,0.07613585239355314,0.4371112177449222,0.05063636797204702
43,13,1660.8892211914062,0.3914496720914652,reasoning,0.08457045563964057,0.036697841750677064,0.12586744330416766,0.3914496720914652,0.02626325751986926,0.33515132969418027
43,14,1370.8050537109375,0.28595764688700925,symbolic,0.11478262650567005,0.0076764739014224415,0.2114307366178865,0.24471757096290306,0.1354349451251087,0.28595764688700925
43,15,3059.1676025390625,0.341373790781032,symbolic,0.04152102528975546,0.08406939614338801,0.12176650605264394,0.14979231825957304,0.26147696347360755,0.341373790781032
43,16,1861.5023803710938,0.44358986591463845,reasoning,0.04884983387081253,0.011819984717459065,0.13861425289572346,0.44358986591463845,0.038440459486102016,0.3186856031152645
43,17,1327.6016235351562,0.32359990207538125,factual,0.09172134699220856,0.08138694361403909,0.32359990207538125,0.1773337608915278,0.13119793300898677,0.19476011341785654
43,18,1765.846923828125,0.5462237946032502,reasoning,0.057845743669663205,0.026056597698104592,0.17530636705093344,0.5462237946032502,0.016257220988125248,0.17831027598992327
43,19,1467.15771484375,0.2769721846057178,symbolic,0.08893151784564317,0.0726221978015395,0.22171006366942353,0.23847836700625247,0.10128566907142351,0.2769721846057178
43,20,4178.801513671875,0.6408171743881924,symbolic,0.061178914619226234,0.022347932280738714,0.09656527075745203,0.12043563439937122,0.058655073555019345,0.6408171743881924
43,21,303.6329345703125,0.2419508064973279,reasoning,0.10987347634702,0.02463775865264431,0.18814478477390295,0.2419508064973279,0.20085825901427257,0.23453491471483232
43,22,207.53857421875,0.48678356574337883,symbolic,0.010913116208159723,0.08129842202715515,0.010314347624570923,0.20739861518590058,0.20329193321083477,0.48678356574337883
43,23,637.76806640625,0.5357279299681736,factual,0.14124958178584526,0.09982360358580836,0.5357279299681736,0.10404727944514752,0.09161301658539722,0.027538588629628012
43,24,1339.6848449707031,0.2967672938069163,symbolic,0.11651810107854219,0.05439429735573823,0.11867406012734792,0.2920269584632999,0.1216192891681555,0.2967672938069163
43,25,2855.3516845703125,0.30101315285625807,social_ethical,0.07874463560642726,0.07454362548464602,0.12901888376836243,0.23100463976784957,0.30101315285625807,0.18567506251645663
43,26,1051.9552612304688,0.33885334316590404,factual,0.04677487716297457,0.044240766081808575,0.33885334316590404,0.33801088293835274,0.04665210541080525,0.18546802524015482
43,27,987.2295532226562,0.46051520117536143,reasoning,0.06175704889510323,0.015465321328545712,0.28922304856409387,0.46051520117536143,0.0589249837200148,0.11411439631688094
43,28,2392.2677001953125,0.3182352689943394,social_ethical,0.025540660709193034,0.08579373333999406,0.2382019258927319,0.13864594778802167,0.3182352689943394,0.1935824632757199
43,29,923.8580322265625,0.34981286943009904,reasoning,0.08061935098559837,0.01568844560396763,0.26753434911264107,0.34981286943009904,0.11461481492737087,0.17173016994032303
43,30,832.2057495117188,0.389404686913154,social_ethical,0.02337655270215849,0.021572646992535822,0.16055076183772785,0.3765442678945195,0.389404686913154,0.02855108365990437
43,31,3245.3961181640625,0.33281009362534103,symbolic,0.0691808201108203,0.06651828188857525,0.19810364629732963,0.2731489563133774,0.06023820176455642,0.33281009362534103
43,32,1904.615234375,0.46166410128358026,symbolic,0.018845695540130214,0.012525341917197433,0.05813425550395165,0.1757250454539395,0.2731055603012009,0.46166410128358026
43,33,1669.8016357421875,0.3530631408767371,factual,0.10561199033702354,0.045431999306967646,0.3530631408767371,0.21680384150466975,0.13998127789171955,0.13910775008288243
43,34,1204.9369506835938,0.6883904602479008,factual,0.007089870283122207,0.06883393501274739,0.6883904602479008,0.05205299830759144,0.08271481560821017,0.10091792054042797
43,35,742.500244140625,0.323054166977665,reasoning,0.10300988300653573,0.035329191876712476,0.21028244348351896,0.323054166977665,0.10856938244114897,0.21975493221441886
43,36,2030.383544921875,0.3052759524465424,factual,0.25315438039615695,0.039692893038148123,0.3052759524465424,0.17600338173098115,0.0918469909820908,0.13402640140608055
43,37,2850.5550537109375,0.36555076585918816,symbolic,0.06794065557493408,0.1367805586451412,0.1328737417376096,0.2065346973825984,0.09031958080052854,0.36555076585918816
43,38,1650.138916015625,0.45950991194071167,reasoning,0.021894463489919837,0.005084651224173391,0.2050476559368744,0.45950991194071167,0.0062928976298012316,0.3021704197785195
43,39,900.947998046875,0.4917895185816372,reasoning,0.040186213360872323,0.03275006280006167,0.10945352971574267,0.4917895185816372,0.18126468891410225,0.14455598662758384
43,40,1328.7296142578125,0.3597597986872337,symbolic,0.10160163300659177,0.027287485761307375,0.18736254534126145,0.23658558746188432,0.08740294974172144,0.3597597986872337
43,41,497.2249755859375,0.4166164408078331,social_ethical,0.06771174096861315,0.2278426629042486,0.14646719696990154,0.07486177557228632,0.4166164408078331,0.06650018277711724
43,42,2757.407745361328,0.34313609921746546,symbolic,0.03744808642406872,0.003954059431327878,0.18229208060225996,0.3185130183047293,0.11465665602014867,0.34313609921746546
43,43,3946.2584838867188,0.38287307936483483,symbolic,0.08089938336103476,0.04067623080288964,0.1644874166078279,0.2918535513893412,0.039210338474071633,0.38287307936483483
43,44,836.4109497070312,0.31769025092899705,factual,0.12365878933784363,0.018159107754172815,0.31769025092899705,0.2960828187481725,0.08277175376066578,0.16163727947014822
43,45,717.3368530273438,0.39508622889415645,symbolic,0.05209631334433265,0.08213805557070555,0.1533318692909046,0.19289036945686436,0.1244571634430364,0.39508622889415645
43,46,3825.4337768554688,0.7229810012960801,symbolic,0.0812431481845169,0.013791360051638344,0.052898205366218316,0.08306333724057635,0.04602294786096993,0.7229810012960801
43,47,2868.1435546875,0.40201279103459714,symbolic,0.02074712655419055,0.033183247139322414,0.27144512269239923,0.2537476008510786,0.018864111728412087,0.40201279103459714
43,48,2489.1547241210938,0.40735479654402124,symbolic,0.09232649910398653,0.024906533619441038,0.17365197867281235,0.25409413409652043,0.04766605796321841,0.40735479654402124
43,49,2388.569061279297,0.41261273625700695,symbolic,0.05230867012353902,0.021063048873309155,0.1374344850876464,0.2325452198084313,0.14403583985006713,0.41261273625700695
43,50,2352.4437866210938,0.5528783738880666,factual,0.04232892474708204,0.06786207795516003,0.5528783738880666,0.1459949641484806,0.12306008968451633,0.06787556957669441
43,51,6694.3497314453125,0.6323961075718425,symbolic,0.013245268112412533,0.1416414477482933,0.09188188580136587,0.09406601696827284,0.026769273797812927,0.6323961075718425
43,52,2741.0440063476562,0.6325594952400134,factual,0.06306609560410308,0.0012134689801759169,0.6325594952400134,0.09835607418647355,0.1267739296111838,0.07803093637805028
43,53,2400.4200439453125,0.3078595812571662,social_ethical,0.057225600520254,0.06673962142754454,0.20844280234360432,0.16507339388283535,0.3078595812571662,0.19465900056859556
43,54,1226.011962890625,0.31039260257141693,social_ethical,0.0248379796266039,0.1302843931740859,0.1920716802625382,0.1763718587861391,0.31039260257141693,0.166041485579216
43,55,901.3510284423828,0.29837372998679673,factual,0.04441466405622352,0.01585862666382782,0.29837372998679673,0.1864034635913452,0.22252917894096186,0.2324203367608449
43,56,7440.074768066406,0.6440482440325096,symbolic,0.014187430272239083,0.027463099635158635,0.10447993954955112,0.1715638998234469,0.03825738668709464,0.6440482440325096
43,57,1883.4238891601562,0.5573316004071163,symbolic,0.016700100981861535,0.07041016277876831,0.07123085712215403,0.23237611153043308,0.051951167179666795,0.5573316004071163
43,58,890.1260986328125,0.3455463607423731,factual,0.07470906468576902,0.07190733076491725,0.3455463607423731,0.2713112457595147,0.15538281929584186,0.08114317875158412
43,59,1798.27783203125,0.3396492697413134,symbolic,0.08689228490909136,0.05654546056842036,0.19620999692359742,0.22790437655602025,0.09279861130155724,0.3396492697413134
43,60,753.677734375,0.3047137992603976,factual,0.15750078391636843,0.018940326472013536,0.3047137992603976,0.17729370042214868,0.11046337231751593,0.23108801761155584
43,61,891.158447265625,0.6468846099581254,factual,0.005635056853282779,0.0014856781231636204,0.6468846099581254,0.31484541194487403,0.014517483360432416,0.016631759760121746
43,62,1250.94970703125,0.2820636274393088,factual,0.1632247179389097,0.036922728630005716,0.2820636274393088,0.18595256728774429,0.24485956958482716,0.08697678911920435
43,63,815.575439453125,0.33542702097858557,reasoning,0.03239450912516535,0.0865758425814308,0.154611136871643,0.33542702097858557,0.09546317619275836,0.2955283142504169
43,64,1049.2508544921875,0.7171030810091323,social_ethical,0.01072670547241027,0.001964757454019638,0.027725324394974417,0.07546783692745812,0.7171030810091323,0.16701229474200519
43,65,716.8090209960938,0.45815776793291735,social_ethical,0.0667008452428301,0.05705727568138108,0.2019134723449424,0.1737105272143294,0.45815776793291735,0.0424601115835997
43,66,1486.1177978515625,0.3110223711847529,symbolic,0.04863713878039739,0.08878408138733823,0.19667356837699684,0.2586028722691294,0.09627996800138522,0.3110223711847529
43,67,889.5927734375,0.2802737108688469,symbolic,0.10577267183566919,0.04245957211373269,0.27194058794018944,0.16454610771475273,0.13500734952680904,0.2802737108688469
43,68,1071.3074035644531,0.332192951003773,factual,0.07323119838336861,0.07545802899169826,0.332192951003773,0.26784796670954897,0.16805398243950986,0.08321587247210131
43,69,1855.212158203125,0.2387878902727206,factual,0.1060176874459876,0.11896467524653738,0.2387878902727206,0.21933855589766427,0.07895493179385728,0.23793625934323287
43,70,1517.1251220703125,0.35683262595518983,social_ethical,0.0297768260779903,0.04159880736600187,0.31262907549060054,0.16556772215387008,0.35683262595518983,0.0935949429563474
43,71,251.9100341796875,0.35360214222684405,social_ethical,0.01950721223154929,0.07479476867894558,0.2845690178601282,0.11331201508785176,0.35360214222684405,0.15421484391468115
43,72,2495.4127197265625,0.5182980528578293,reasoning,0.1010092199940506,0.036158143891078263,0.0725711988809936,0.5182980528578293,0.018498249302271976,0.2534651350737762
43,73,1630.2022705078125,0.3439398524120909,reasoning,0.034500877112387425,0.052059299042421056,0.2853235701181097,0.3439398524120909,0.019405049205080162,0.26477135210991076
43,74,1203.4683227539062,0.21510450675474355,factual,0.13141582721042722,0.07363249884304017,0.21510450675474355,0.18526648113046068,0.21316208214731744,0.18141860391401093
43,75,1293.5590515136719,0.4989748000953964,reasoning,0.028353558277998223,0.014155168914456374,0.188874471325084,0.4989748000953964,0.11907752745908136,0.15056447392798364
43,76,2675.4945068359375,0.3686218472955884,symbolic,0.06864339613766092,0.0697292789268339,0.24730127329794602,0.21982898623579689,0.025875218106173877,0.3686218472955884
43,77,1613.176513671875,0.27428687485915776,reasoning,0.24871809928338265,0.02203078862111357,0.11958562382454914,0.27428687485915776,0.2331697230343798,0.10220889037741705
43,78,2109.9840698242188,0.20282407461109536,creative,0.10540145251462259,0.20282407461109536,0.14609572079867333,0.1550579478222998,0.19719589647422117,0.19342490777908775
43,79,2099.716552734375,0.2998348979627668,factual,0.04424838080939822,0.09759327401775654,0.2998348979627668,0.15127608602305068,0.16315202049569796,0.24389534069132981
43,80,2163.6014404296875,0.2941302419857841,factual,0.0710810284885267,0.035293281967847055,0.2941302419857841,0.23984007648741498,0.13931358232177513,0.22034178874865207
43,81,898.4940795898438,0.37572824048376846,symbolic,0.07538859475357768,0.05054953400692769,0.1731534977382878,0.21032337161919218,0.11485676139824619,0.37572824048376846
43,82,1046.930419921875,0.6766582086256161,factual,0.07156407531597557,0.019194879375555446,0.6766582086256161,0.05382271041155237,0.13644368639999702,0.04231643987130346
43,83,1281.0835571289062,0.5626112919680448,symbolic,0.038372077012862715,0.031078637168614653,0.08806264990693104,0.16482724294452694,0.11504810099901984,0.5626112919680448
43,84,3057.7313232421875,0.3666004961887601,reasoning,0.100518045976805,0.025153724100445786,0.15908169349315648,0.3666004961887601,0.04608714901451898,0.30255889122631363
43,85,269.637451171875,0.5125453286069348,factual,0.00842512234762571,0.02464608600777773,0.5125453286069348,0.021434489127925137,0.41491260237134825,0.018036371538388406
43,86,1327.7117309570312,0.27718091875003936,symbolic,0.06355378321075919,0.07024437613376847,0.23906607152437,0.2081682678006102,0.14178658258045276,0.27718091875003936
43,87,744.4841003417969,0.35245604114406676,factual,0.02640415113512853,0.04461031458781636,0.35245604114406676,0.3523040853641415,0.1861927657653097,0.03803264200353716
43,88,2329.8403930664062,0.2993566899179388,symbolic,0.1702358829831365,0.05671644254357992,0.207285712957145,0.18708012041777627,0.0793251511804235,0.2993566899179388
43,89,1187.535888671875,0.36768368636885357,symbolic,0.07048944038903429,0.018127330444577434,0.17148340705986065,0.30442583252520944,0.06779030321246458,0.36768368636885357
43,90,2551.0293579101562,0.37725618428433394,factual,0.06508153339315555,0.0539910635127972,0.37725618428433394,0.16613370182097287,0.1735866761619784,0.16395084082676203
43,91,4263.356140136719,0.2985643104841121,symbolic,0.041630630944426754,0.02483509608268489,0.2522233129752351,0.2609649274445956,0.12178172206894558,0.2985643104841121
43,92,1101.4630126953125,0.5748340524992007,factual,0.01639487608865384,0.22820655899219622,0.5748340524992007,0.033264750750427924,0.03518081475665189,0.11211894691286946
43,93,1437.7026977539062,0.40933674815978943,reasoning,0.03185293038460397,0.012911222903733725,0.16124019282097662,0.40933674815978943,0.056081765983999964,0.32857713974689623
43,94,1010.614501953125,0.3344400754008296,reasoning,0.11651677252947655,0.06280298211585666,0.2347240967880725,0.3344400754008296,0.12404405194182744,0.12747202122393722
43,95,1018.875732421875,0.4452335852913092,symbolic,0.027996568675022135,0.020970020235711897,0.147732557930566,0.2658882686784966,0.0921789991888942,0.4452335852913092
43,96,1354.5219116210938,0.47167160670185365,factual,0.04356465320898915,0.034707601721249176,0.47167160670185365,0.17192129029973072,0.1268027328347652,0.1513321152334121
43,97,1641.0304565429688,0.32978204084459334,factual,0.05268110265755379,0.06796207321233819,0.32978204084459334,0.16746240875069454,0.24258208806506637,0.13953028646975377
43,98,534.3719482421875,0.5699509431591692,creative,0.02355276608624638,0.5699509431591692,0.06842509837067326,0.05460466125651759,0.06292547814714768,0.2205410529802459
43,99,4028.236083984375,0.3432973901575518,symbolic,0.11687053456572274,0.012766115412716205,0.27290299403229945,0.21943530031385505,0.034727665517854764,0.3432973901575518
43,100,1209.2225341796875,0.3393630757915116,reasoning,0.07267086219182792,0.04485949910311488,0.14101856550673428,0.3393630757915116,0.07939187262283046,0.32269612478398085
43,101,255.17352294921875,0.3137621051468356,symbolic,0.030774286894521406,0.02053070217087168,0.19311522800981543,0.20657784236992147,0.23523983540803436,0.3137621051468356
43,102,1224.584716796875,0.300547219950003,reasoning,0.03642198537091756,0.1226193948482615,0.21316428022175088,0.300547219950003,0.12901465918671806,0.19823246042234902
43,103,2710.0823364257812,0.34319476093739854,computational,0.34319476093739854,0.02714711721585265,0.2143230565639751,0.16286241141134467,0.10554351517901597,0.14692913869241309
43,104,2480.5630798339844,0.2724587823560991,creative,0.11319786054888095,0.2724587823560991,0.0781639197259366,0.24275157055727617,0.025316212445710265,0.2681116543660969
43,105,4300.335205078125,0.4879569707871042,symbolic,0.08709594256852138,0.020522677959390997,0.15427511129815746,0.2107742725133902,0.03937502487343573,0.4879569707871042
43,106,968.265380859375,0.29086312079001214,factual,0.04168945402374928,0.05955915446613288,0.29086312079001214,0.16377358633288075,0.17264294260107438,0.2714717417861506
43,107,4166.55322265625,0.42569559413394964,symbolic,0.07706439312039082,0.02977973658110926,0.07877139272112213,0.3435107588671457,0.04517812457628241,0.42569559413394964
43,108,1496.7311096191406,0.4004189631599707,reasoning,0.050286507961023866,0.036038987551912906,0.23124635729087753,0.4004189631599707,0.05650065241258084,0.22550853162363416
43,109,3494.100860595703,0.5217520598355747,symbolic,0.036744269474768776,0.03924747711241159,0.13100551722495934,0.231368340142426,0.03988233620985957,0.5217520598355747
43,110,201.58642578125,0.8126724298714542,factual,0.01908082616162326,0.0,0.8126724298714542,0.030442122906922386,0.09834830652369268,0.03945631453630746
43,111,2044.0333251953125,0.33865222358736224,reasoning,0.11506002399203905,0.013726236465809135,0.14116956621731708,0.33865222358736224,0.17085402617338324,0.22053792356408924
43,112,2280.8848266601562,0.28838474973131534,symbolic,0.05388175231496416,0.28163043115554376,0.134224825212148,0.19934071745271081,0.04253752413331789,0.28838474973131534
43,113,3179.5437622070312,0.3982144271148621,factual,0.17774179556834618,0.026750940541787775,0.3982144271148621,0.29969260165995293,0.03248868456027602,0.06511155055477497
43,114,820.220947265625,0.3189631283253339,factual,0.01454611749823269,0.0527115377460282,0.3189631283253339,0.11416095546377944,0.21766789448227108,0.2819503664843547
43,115,641.2860107421875,0.4574797536459617,reasoning,0.026344197060388336,0.013623899882267058,0.26649617439322804,0.4574797536459617,0.16074267880987891,0.07531329620827595
43,116,652.336181640625,0.274358160592432,symbolic,0.08314074751615756,0.06679961481589046,0.22663661142775235,0.2358524743363415,0.11321239131142614,0.274358160592432
43,117,865.865966796875,0.3955585327527564,factual,0.018610427433473364,0.1864912661102068,0.3955585327527564,0.23444462239330377,0.1254063413642468,0.039488809946012886
43,118,2724.380828857422,0.4721057526879691,symbolic,0.07317567218424045,0.03326430461892127,0.15476027105365053,0.22840454213279607,0.038289457322422574,0.4721057526879691
43,119,1198.582763671875,0.3489818501057666,factual,0.10972665674691078,0.0352438538760886,0.3489818501057666,0.34342872186898793,0.03710263688295605,0.12551628051929006
43,120,2535.8883666992188,0.5872111999628381,symbolic,0.029352463337881888,0.0435745696031782,0.1360750380373349,0.10458357858183048,0.09920315047693637,0.5872111999628381
43,121,1286.40185546875,0.3744878633968369,reasoning,0.04521586410739439,0.040677519622888306,0.13006855817177196,0.3744878633968369,0.10807856822661623,0.3014716264744922
43,122,248.752685546875,0.35442162115476533,computational,0.35442162115476533,0.0636437067360493,0.22843856703023188,0.07054434674562833,0.2783811025909543,0.004570655742370872
43,123,999.31591796875,0.32487397384636657,symbolic,0.1052278682829416,0.11259521283847007,0.2292963839032463,0.19938199911169702,0.02862456201727842,0.32487397384636657
43,124,325.96453857421875,0.21665718271888024,social_ethical,0.07861509271518591,0.1929774596613903,0.1945800876792377,0.1637672749687629,0.21665718271888024,0.15340290225654293
43,125,247.0224609375,0.4386674691936383,computational,0.4386674691936383,0.04605338583361995,0.14046791671114167,0.2161475938027523,0.10160465860977028,0.05705897584907749
43,126,802.3260498046875,0.5084077895462336,symbolic,0.05045282309812397,0.012675851691591905,0.11975282439136087,0.1805218743414952,0.12818883693119448,0.5084077895462336
43,127,841.5777587890625,0.3871612462930824,symbolic,0.04392979321038466,0.07838510749245199,0.08393237508893339,0.33110329617410567,0.07548818174104194,0.3871612462930824
45,0,4045.980987548828,0.3808421872879208,symbolic,0.06344056536077947,0.026529992128072152,0.19041933619731766,0.2020041001305602,0.13676381889534975,0.3808421872879208
45,1,1953.8106689453125,0.6707753909143271,symbolic,0.014638798366848338,0.013365682809978522,0.1935837275126601,0.09062293568564087,0.017013464710545056,0.6707753909143271
45,2,1303.684341430664,0.28858018486964215,symbolic,0.03469434073309805,0.08144941439992157,0.273217195898554,0.19137071113236778,0.13068815296641645,0.28858018486964215
45,3,2588.4782104492188,0.4007913816360611,reasoning,0.05982330379845124,0.028888865256938005,0.15944691048567816,0.4007913816360611,0.07208669861680227,0.27896284020606926
45,4,1805.3488159179688,0.29371657132540885,computational,0.29371657132540885,0.023066763785659576,0.2469405911355197,0.1662090815949986,0.07245707953000853,0.19760991262840474
45,5,1558.5018920898438,0.31447545761136064,social_ethical,0.030684060914461006,0.09257069701202236,0.23126787900054416,0.18398493880532982,0.31447545761136064,0.14701696665628203
45,6,1444.3575439453125,0.3336424057888924,symbolic,0.06283112566689968,0.07998612596819672,0.12442021447109859,0.27872740578508926,0.12039272231982331,0.3336424057888924
45,7,2996.4243774414062,0.4235087160463897,symbolic,0.09813818826259334,0.03415227748355752,0.15336345400443405,0.27656595995344957,0.014271404249575865,0.4235087160463897
45,8,206.080810546875,0.35776862411992794,factual,0.04590057895503769,0.07527600173911601,0.35776862411992794,0.18366984280428902,0.2801078536251921,0.05727709875643728
45,9,1492.172119140625,0.46841189626136526,symbolic,0.03036124227065822,0.09119212125386764,0.14869508635314796,0.1489238190773236,0.11241583478363733,0.46841189626136526
45,10,3325.215576171875,0.303574471609314,symbolic,0.1006606934774186,0.037162181757629524,0.223386377307686,0.29626702715394615,0.038949248694005754,0.303574471609314
45,11,836.0025634765625,0.4162739669940993,factual,0.053909939544717095,0.06101379667733221,0.4162739669940993,0.21438386877890492,0.08396878572389152,0.17044964228105494
45,12,1337.5525207519531,0.2511719601767062,factual,0.0942202524219111,0.09584219515693758,0.2511719601767062,0.15694557025485523,0.15310046076653358,0.24871956122305636
45,13,2512.5414123535156,0.38583231821294145,symbolic,0.16247230066814358,0.021715088286900393,0.1894979916242198,0.17859598061030676,0.06188632059748801,0.38583231821294145
45,14,1117.0457458496094,0.44981778309665876,reasoning,0.09073179220866502,0.04971227364267565,0.12829411402315444,0.44981778309665876,0.07624230073991851,0.2052017362889276
45,15,1056.4713134765625,0.31248872711003944,reasoning,0.09780841731455814,0.12130629064523163,0.1707637302788698,0.31248872711003944,0.06751012436951254,0.23012271028178846
45,16,2437.15771484375,0.3803034039836123,symbolic,0.17411724883642515,0.053965661043347636,0.2026473594348886,0.1686919452230772,0.020274381478649146,0.3803034039836123
45,17,938.7556457519531,0.39547624121273767,reasoning,0.03694114767184382,0.07616712576856291,0.18694008301706586,0.39547624121273767,0.16273191391282738,0.14174348841696238
45,18,1416.1593627929688,0.2910689022730667,symbolic,0.05290893963134346,0.12037915978787499,0.18356796109705242,0.17349997446379903,0.1785750627468634,0.2910689022730667
45,19,784.87255859375,0.37537428013479995,factual,0.02001593859472857,0.021271367328618115,0.37537428013479995,0.3506339977317675,0.1808456600301477,0.05185875617993815
45,20,298.3021240234375,0.4007266057778991,factual,0.0278946888129473,0.09133192371703297,0.4007266057778991,0.05543745097068328,0.3782614086641887,0.04634792205724864
45,21,2883.1184692382812,0.30324061769104665,symbolic,0.0423080519507023,0.08154740859672902,0.1736203768853886,0.25174004969365865,0.1475434951824748,0.30324061769104665
45,22,1467.247314453125,0.5239621404545375,reasoning,0.06672884242438865,0.0077115133584975985,0.18073057624614278,0.5239621404545375,0.0865290202991924,0.13433790721724104
45,23,1740.0645141601562,0.3097541402136719,symbolic,0.05225923952944762,0.05801793854948735,0.16738611235797882,0.29735099354008915,0.11523157580932511,0.3097541402136719
45,24,1297.6560974121094,0.43450966503020405,symbolic,0.06144059271530149,0.03595744703367783,0.20513334459819768,0.12379338075159221,0.1391655698710267,0.43450966503020405
45,25,2747.677703857422,0.37855971744960454,symbolic,0.15600270038942132,0.017691298103602073,0.1896705806349274,0.20485715570598542,0.053218547716459286,0.37855971744960454
45,26,2324.3163452148438,0.26581473115138887,symbolic,0.07827922351684864,0.06359459853563397,0.24733943025869265,0.15213505084174642,0.1928369656956894,0.26581473115138887
45,27,1435.0967407226562,0.3832783026140212,factual,0.12162393607689485,0.10649002397648072,0.3832783026140212,0.2299123981265384,0.0890243433049266,0.06967099590113822
45,28,2776.5972290039062,0.49697924475084715,symbolic,0.07877416242045897,0.034055523318954686,0.12281267848695882,0.19158186616132689,0.07579652486145351,0.49697924475084715
45,29,1957.2817993164062,0.47905138142712206,creative,0.010552853060696914,0.47905138142712206,0.05699823859252051,0.19827833606008213,0.03144354803628091,0.22367564282329747
45,30,662.6820678710938,0.4489824113232443,social_ethical,0.022877520301162812,0.04917280711199006,0.4215685308328904,0.04339738222369055,0.4489824113232443,0.014001348207021895
45,31,2402.94384765625,0.3754036339296546,symbolic,0.0650003281700567,0.03888891372460009,0.14384094907999606,0.3258657542658551,0.051000420829837426,0.3754036339296546
45,32,2357.580810546875,0.6330045478499741,factual,9.351067984128245e-05,0.0017463611349317688,0.6330045478499741,0.0045804699786706595,0.29199605536122203,0.0685790549953602
45,33,386.27227783203125,0.373602415035667,reasoning,0.0630077180330511,0.07254745654112979,0.06704820985718202,0.373602415035667,0.11535666572123593,0.3084375348117342
45,34,975.4613037109375,0.26905188963705196,reasoning,0.05570594041105602,0.06346769275704517,0.19369891974437675,0.26905188963705196,0.19835648423053046,0.21971907321993964
45,35,875.5776062011719,0.6514004235555024,factual,0.017449418765730366,0.0738397891430974,0.6514004235555024,0.15552292890362168,0.02770213733421719,0.07408530229783095
45,36,5065.630401611328,0.4567353001008003,symbolic,0.08290771830981707,0.060117749937094324,0.1314514437768356,0.26472502713211243,0.004062760743340268,0.4567353001008003
45,37,794.3352355957031,0.3982983910461871,symbolic,0.03849554667896997,0.014490116074220467,0.11698763257297874,0.33935993227803213,0.09236838134961163,0.3982983910461871
45,38,254.60845947265625,0.3758398947142578,reasoning,0.04078240347308705,0.03514798615847278,0.3241225888498276,0.3758398947142578,0.1007185656016234,0.1233885612027314
45,39,1075.1272277832031,0.4165377297818785,social_ethical,0.006365071539356389,0.19569654288678417,0.15373932766916523,0.05502096820447503,0.4165377297818785,0.17264035991834065
45,40,1380.1261596679688,0.4481718037428555,symbolic,0.07910255741788637,0.024793575195315654,0.0717399138784221,0.26906781787907447,0.10712433188644589,0.4481718037428555
45,41,699.3222351074219,0.26944667887185514,factual,0.05319883042798615,0.060577102961062286,0.26944667887185514,0.18283903599986576,0.20326391114164274,0.23067444059758788
45,42,2621.6075439453125,0.24820046219516675,symbolic,0.0659741670422373,0.08046508580727632,0.20511050157874697,0.24380569214985753,0.1564440912267151,0.24820046219516675
45,43,3207.1011962890625,0.2879229605718481,symbolic,0.22161544664848776,0.02401066694152872,0.18899323260040043,0.26310455013294665,0.014353143104788404,0.2879229605718481
45,44,547.8952026367188,0.39280961910899476,symbolic,0.05396071948368641,0.06518241918118153,0.09708128196116285,0.2679853376207221,0.12298062264425239,0.39280961910899476
45,45,2418.2950439453125,0.35086728249969096,symbolic,0.08327819049862667,0.06656790508833293,0.13207751700308212,0.2316442505512054,0.1355648543590619,0.35086728249969096
45,46,1806.0828552246094,0.28426330203329836,symbolic,0.06012160206961193,0.0834011541029314,0.20053033940900977,0.27872341601139256,0.09296018637375597,0.28426330203329836
45,47,1189.6872177124023,0.3592926404961493,symbolic,0.04370886494828094,0.010625474513582074,0.1786734706094859,0.33156202972497145,0.07613751970753037,0.3592926404961493
45,48,2280.2867889404297,0.3783263447835139,symbolic,0.04347742209084362,0.04111298197364008,0.22194010172919557,0.2343315240893765,0.08081162533343036,0.3783263447835139
45,49,2227.8026733398438,0.38063212543430097,symbolic,0.02617818216876406,0.06385483918647396,0.2093312389954729,0.2907419521456785,0.029261662069309587,0.38063212543430097
45,50,1707.4417724609375,0.25799001570203045,symbolic,0.1270951501008446,0.09949888338495255,0.1925779004948967,0.1028095145596779,0.22002853575759776,0.25799001570203045
45,51,1480.94873046875,0.30143220387321656,social_ethical,0.1688471382793771,0.012922096826787358,0.26133133617959614,0.1366920783927902,0.30143220387321656,0.11877514644823264
45,52,1038.270263671875,0.2825067515057886,social_ethical,0.09308871543270186,0.037742945455357765,0.19824143408214204,0.26570429051285577,0.2825067515057886,0.12271586301115395
45,53,2139.311279296875,0.4696902261755304,symbolic,0.028968793462319883,0.152614817556258,0.10924901561964523,0.18567799193369014,0.053799155252556345,0.4696902261755304
45,54,2363.435546875,0.32997468553706,reasoning,0.10005865319536988,0.06405785283440173,0.17881304133862336,0.32997468553706,0.08138699002296544,0.24570877707157962
45,55,868.823486328125,0.531846592338047,symbolic,0.05735758637772603,0.006302861634062541,0.19085573640494102,0.17794020908190938,0.035697014163314084,0.531846592338047
45,56,746.0191955566406,0.4012850269682953,reasoning,0.2469197981457326,0.006629916430212656,0.047391556674286454,0.4012850269682953,0.05524815818269144,0.24252554359878156
45,57,917.2117004394531,0.3422638144429816,factual,0.01558838767064314,0.04775427660704092,0.3422638144429816,0.23365173532573888,0.16930132506552195,0.19144046088807348
45,58,1083.4133605957031,0.3705986844590347,factual,0.06539627335784906,0.07122434343158639,0.3705986844590347,0.24387413088014917,0.16344860041560744,0.08545796745577322
45,59,2098.1787109375,0.3003497732175645,factual,0.03353191826058221,0.07147922886990438,0.3003497732175645,0.1795497862497004,0.1304323061993405,0.28465698720290805
45,60,2367.66796875,0.35111973972279553,symbolic,0.08375945352675943,0.024010132844323677,0.14518324869704663,0.23259692133444862,0.1633305038746261,0.35111973972279553
45,61,1371.8278198242188,0.4362262067045924,reasoning,0.012128478044629507,0.015969459371089026,0.2952088462965452,0.4362262067045924,0.06820039858467869,0.17226661099846516
45,62,3839.7124786376953,0.3712428582874088,factual,0.046722381869322316,0.0698658485499391,0.3712428582874088,0.18184545244320388,0.05329368993838433,0.2770297689117416
45,63,1555.3143615722656,0.30341668337599664,symbolic,0.06306117816306832,0.009673784759486012,0.2936273476886606,0.13566989644819916,0.19455110956458924,0.30341668337599664
45,64,2284.967041015625,0.30750858110580737,reasoning,0.044934703461023746,0.025259196140706094,0.30334018041023697,0.30750858110580737,0.022880687236389766,0.2960766516458361
45,65,1197.9033813476562,0.34888822730999375,reasoning,0.07408563821198628,0.08359403170690735,0.23265028737496019,0.34888822730999375,0.03827814190942029,0.2225036734867321
45,66,2578.5877685546875,0.3590395303570273,factual,0.13521777412018515,0.014340891746183249,0.3590395303570273,0.12660468947074888,0.10822091545972974,0.2565761988461257
45,67,3495.2695922851562,0.31863007091214257,symbolic,0.06886665339421756,0.05122551847374216,0.20270241080050697,0.2997491535059321,0.058826192913458634,0.31863007091214257
45,68,2087.617431640625,0.36223252902244807,factual,0.0925673038836583,0.013342367879988038,0.36223252902244807,0.20696039975296113,0.04871690998857311,0.27618048947237134
45,69,896.0290222167969,0.43176342395318645,symbolic,0.05500751522108571,0.041936061001027924,0.14312985568411843,0.24519711962901636,0.08296602451156512,0.43176342395318645
45,70,896.4468994140625,0.397642303402389,factual,0.06057510846382059,0.18997812136209943,0.397642303402389,0.16414779321521203,0.046213260821224414,0.1414434127352546
45,71,1738.4703369140625,0.3379762271646153,symbolic,0.08243225508685888,0.039817017095542064,0.10656354867016221,0.31249072695673763,0.12072022502608389,0.3379762271646153
45,72,2938.448974609375,0.4143967536418379,symbolic,0.10564618129100083,0.023974759816206316,0.123184813882018,0.24097251826973784,0.09182497309919908,0.4143967536418379
45,73,1431.9199829101562,0.3829595921703034,symbolic,0.08967307155318473,0.01570191560079703,0.1575284785195181,0.26544798962105665,0.08868895253514011,0.3829595921703034
45,74,3751.311248779297,0.5744604098272376,symbolic,0.06648596433569652,0.07673176323509992,0.07368060844154535,0.19132224493084357,0.01731900922957709,0.5744604098272376
45,75,2437.8502197265625,0.3425777816678884,symbolic,0.05996353989403266,0.04252769371227662,0.22795715599556535,0.23182491457933052,0.0951489141509065,0.3425777816678884
45,76,1505.0253295898438,0.22927346878854554,factual,0.07152291507111085,0.0693976296453106,0.22927346878854554,0.226529204019655,0.2278103529698984,0.17546642950547958
45,77,1175.8710327148438,0.30083365208148816,computational,0.30083365208148816,0.048469824589287225,0.23471790541741752,0.16500463445715913,0.06202059633008713,0.18895338712456083
45,78,4843.1318359375,0.359325368539977,symbolic,0.06989561369424767,0.08645679982949436,0.2450868099699014,0.13466879946573826,0.10456660850064131,0.359325368539977
45,79,472.91729736328125,0.31297590419134474,social_ethical,0.04552418557054685,0.17582334756488444,0.30848484121050396,0.11913138882360556,0.31297590419134474,0.03806033263911448
45,80,1344.505615234375,0.4266750437390312,reasoning,0.03224585738942219,0.02478529969067176,0.20903697866116347,0.4266750437390312,0.10371720480580052,0.20353961571391088
45,81,1804.1526641845703,0.3352062137530291,social_ethical,0.03689208861436369,0.06315798963993903,0.22511307357905522,0.19310667429349856,0.3352062137530291,0.1465239601201144
45,82,1932.933120727539,0.28677417840951896,reasoning,0.06802993494344521,0.055087002776082625,0.22190088540746303,0.28677417840951896,0.18372786061967747,0.18448013784381273
45,83,2647.2080078125,0.5530766771890048,symbolic,0.027850595095584567,0.04333213224723424,0.1109743608850864,0.2121857547438136,0.05258047983927642,0.5530766771890048
45,84,1309.1553344726562,0.2984366643773817,symbolic,0.13301754223851975,0.01716893790122998,0.18170369143354104,0.2759855716770056,0.09368759237232194,0.2984366643773817
45,85,1132.6460876464844,0.40958915651051864,symbolic,0.07454047600257656,0.029415312545778883,0.12836586689310797,0.299129664710713,0.05895952333730491,0.40958915651051864
45,86,2036.020263671875,0.2753276290212205,social_ethical,0.028567646245194128,0.11765014828757321,0.22016954414386694,0.15368139653762636,0.2753276290212205,0.20460363576451887
45,87,1121.8800048828125,0.3564930126856807,reasoning,0.03709169124746027,0.05967232693186322,0.16517357545736924,0.3564930126856807,0.11299969174493367,0.2685697019326929
45,88,2438.898651123047,0.5538050701100734,symbolic,0.015998982755175126,0.027323063860429344,0.05455642308410497,0.18355095247767672,0.1647655077125404,0.5538050701100734
45,89,966.3958740234375,0.41335907633406027,symbolic,0.09579629934890924,0.061121563678874384,0.07756980010016781,0.2976908983081998,0.054462362229788494,0.41335907633406027
45,90,1693.26953125,0.33752576549620855,social_ethical,0.019487986098455052,0.006834272637302556,0.26170271865635314,0.11877774801200525,0.33752576549620855,0.2556715090996754
45,91,2612.3355102539062,0.4758645955228799,symbolic,0.06934086408559899,0.02570123880547671,0.12214743727906949,0.25395354564157596,0.05299231866539893,0.4758645955228799
45,92,811.6873474121094,0.5066960189411202,symbolic,0.025953843332861732,0.06438440851917282,0.09320804676522353,0.28297247874611364,0.0267852036955081,0.5066960189411202
45,93,612.1025390625,0.36762475809398,factual,0.17527457230696578,0.028156424848394923,0.36762475809398,0.09109686132423304,0.20316037352044455,0.13468700990598173
45,94,1671.6892395019531,0.3229208093415315,symbolic,0.05005765736274034,0.0370949510252426,0.1859904921897992,0.29494690679434976,0.1089891832863366,0.3229208093415315
45,95,651.1264038085938,0.4602655310644724,symbolic,0.02924619342513701,0.08611054217474506,0.09324783196187121,0.04502282749760851,0.2861070738761658,0.4602655310644724
45,96,1145.1911010742188,0.30848266818868453,reasoning,0.11330999390229961,0.10491253149647993,0.09210096504196519,0.30848266818868453,0.07529447479911193,0.30589936657145883
45,97,2272.2518310546875,0.3537859387254532,symbolic,0.07087335657820254,0.0354394987033347,0.21132348501986672,0.1755160431339648,0.15306167783917804,0.3537859387254532
45,98,1109.807861328125,0.4265122785497648,factual,0.04402584554926082,0.02407896302785027,0.4265122785497648,0.2316354116230617,0.10038083731853746,0.17336666393152494
45,99,1226.2618408203125,0.32827145029678356,reasoning,0.23241724160689467,0.042818417770996216,0.11553359466995144,0.32827145029678356,0.0796178442227628,0.2013414514326113
45,100,641.0877685546875,0.4686172774202172,factual,0.008857168916280179,0.02117829898409895,0.4686172774202172,0.116458175887045,0.2627301809992058,0.12215889779315285
45,101,1958.341064453125,0.3824553551671068,symbolic,0.06797720836790247,0.05321675300899535,0.16679405562519595,0.23847811438576852,0.09107851344503086,0.3824553551671068
45,102,1644.7887268066406,0.32374733788060983,reasoning,0.07407680771179735,0.03895686091457214,0.16203399493736478,0.32374733788060983,0.08396614418129347,0.3172188543743624
45,103,2999.258056640625,0.4811750318132878,symbolic,0.06111431692782745,0.02733997283345059,0.14236168515309083,0.2731204234185196,0.014888569853823712,0.4811750318132878
45,104,934.751220703125,0.3076404227917219,reasoning,0.146236452139228,0.024903486550800904,0.23774238058933733,0.3076404227917219,0.16587045193184913,0.11760680599706275
45,105,885.216552734375,0.3862256184554947,reasoning,0.03157744935183421,0.08680247677301331,0.1753011089546801,0.3862256184554947,0.0899480866125901,0.2301452598523876
45,106,1324.5985107421875,0.3516212303053577,social_ethical,0.06889294561635209,0.015998177513804807,0.18644514833550224,0.23942976898863166,0.3516212303053577,0.1376127292403515
45,107,2722.4899291992188,0.2831196758679327,factual,0.07964815820550372,0.02694699225596076,0.2831196758679327,0.27464554360442794,0.07708693646659504,0.2585526935995799
45,108,6162.901123046875,0.3587060703729707,symbolic,0.038050816212481096,0.04819576866569798,0.1917309713335961,0.27672470609263633,0.08659166732261778,0.3587060703729707
45,109,964.8133544921875,0.3815221405633857,reasoning,0.03857307751724466,0.07543380351936695,0.32319679605291207,0.3815221405633857,0.09602099053980825,0.08525319180728239
45,110,1621.3649291992188,0.30605731127131103,reasoning,0.11763627040853068,0.024617643968668945,0.14970594339207488,0.30605731127131103,0.15949734010986039,0.24248549084955404
45,111,1222.5565185546875,0.35808891360247735,factual,0.11043592513486773,0.10452250348296181,0.35808891360247735,0.21625915372689644,0.11072528579857203,0.09996821825422461
45,112,1055.499267578125,0.2738370929782054,symbolic,0.03192970688069946,0.08013346209225539,0.2539900423863577,0.1900460293871037,0.17006366627537833,0.2738370929782054
45,113,2017.7060241699219,0.2568354701498155,factual,0.06520327222117196,0.05249679310775782,0.2568354701498155,0.22980519249815828,0.1441862856255588,0.2514729863975376
45,114,1009.64697265625,0.3667437711491244,social_ethical,0.05302037425093954,0.06962217997569346,0.2062776235311983,0.11693153499178095,0.3667437711491244,0.18740451610126335
45,115,808.7737731933594,0.3662932229875301,reasoning,0.05478414961886316,0.06670314455579202,0.33820312272716757,0.3662932229875301,0.06104679517494199,0.11296956493570517
45,116,2920.301300048828,0.3717282431307813,symbolic,0.11108485453599032,0.053709157964454725,0.11125624739837058,0.31061076689313566,0.04161073007726745,0.3717282431307813
45,117,2168.9466247558594,0.44948593921804103,symbolic,0.041545674999099155,0.10300719792169194,0.1398720309756679,0.14766920376835094,0.11841995311714903,0.44948593921804103
45,118,1550.0838623046875,0.2757591634210189,symbolic,0.0770679541264109,0.05289847362876583,0.17815493538616664,0.21305625711562512,0.20306321632201257,0.2757591634210189
45,119,2346.7408447265625,0.4026876432319362,symbolic,0.030126659724483876,0.03321937979040392,0.23512334598437692,0.2568662250323168,0.04197674623648229,0.4026876432319362
45,120,2747.140380859375,0.3627457244913856,reasoning,0.10170856822261999,0.025663805055807766,0.08000711322062795,0.3627457244913856,0.10149416736348797,0.3283806216460707
45,121,2138.142822265625,0.46605130515733745,symbolic,0.06334512201819788,0.024567607078143646,0.09991703998009553,0.2865526494967419,0.059566276269483555,0.46605130515733745
45,122,1741.2965698242188,0.3372888665073013,social_ethical,0.12357167095294633,0.12352463176323739,0.19128311237357473,0.1485978518372782,0.3372888665073013,0.0757338665656621
45,123,579.2345275878906,0.4904860324808432,factual,0.01849575326744381,0.042622169856973716,0.4904860324808432,0.18951345330332828,0.11500795269551568,0.1438746383958953
45,124,927.1579437255859,0.5883820280900519,social_ethical,0.026298708656528252,0.08675837946218656,0.20647156046282245,0.03759164637541322,0.5883820280900519,0.054497676952997585
45,125,2210.5394287109375,0.2820461159664403,factual,0.12407876661097164,0.08082335274698034,0.2820461159664403,0.20850606991464177,0.06834843663051303,0.23619725813045292
45,126,2034.7632751464844,0.33066454185618827,factual,0.0828614894343727,0.05791143422412584,0.33066454185618827,0.15075685724644258,0.18069084027036592,0.19711483696850474
45,127,1088.073974609375,0.4202828473028895,symbolic,0.03628237251755819,0.04697345667280941,0.2001455769012,0.21772138492816853,0.0785943616773744,0.4202828473028895
47,0,1407.700439453125,0.2903532138119346,factual,0.173943854090772,0.08035704839851812,0.2903532138119346,0.12321024443364925,0.12089466402795311,0.21124097523717292
47,1,1171.19140625,0.42701899024430917,symbolic,0.03333475777536896,0.03491026015175519,0.11036125239723171,0.29969826148586676,0.09467647794546818,0.42701899024430917
47,2,37.7606201171875,0.3832964262046002,factual,0.1401457966282509,0.018530072575040007,0.3832964262046002,0.17428354373090663,0.12814586128307498,0.15559829957812726
47,3,1338.2841186523438,0.3882233633201038,social_ethical,0.10714366992518214,0.024991828361430376,0.20137945741961752,0.1814304889433295,0.3882233633201038,0.0968311920303367
47,4,2302.782440185547,0.3467388131675316,symbolic,0.0375158093803041,0.12072092165697082,0.15530646194235634,0.2716240483476974,0.06809394550513981,0.3467388131675316
47,5,2309.582763671875,0.3450139962247561,reasoning,0.12178317009073207,0.09226557023846911,0.19178712672902082,0.3450139962247561,0.04743515653351129,0.20171498018351064
47,6,2241.0233154296875,0.4445049675454857,symbolic,0.06678952371993233,0.07172730091838299,0.15553251925283723,0.20439404431623714,0.05705164424712461,0.4445049675454857
47,7,2413.8734130859375,0.372588346447646,symbolic,0.07135925037817738,0.06212607368973227,0.14995561697262796,0.25095508340534967,0.09301562910646673,0.372588346447646
47,8,1623.638916015625,0.47511474830555944,symbolic,0.07654811534601172,0.02225744971186052,0.21921012566866027,0.16827247882654117,0.0385970821413669,0.47511474830555944
47,9,1014.2623291015625,0.3084796945709731,factual,0.03582330475372185,0.10904576657358905,0.3084796945709731,0.18759701267457768,0.11886862144485444,0.24018559998228392
47,10,2861.5446166992188,0.41590679988440293,symbolic,0.0998082760248494,0.020791558283762106,0.12572133247512182,0.30665467781266637,0.031117355519197386,0.41590679988440293
47,11,1042.3144836425781,0.3754284530256442,symbolic,0.026746149657727997,0.06741055755335283,0.24660469212296418,0.19763342881204066,0.0861767188282701,0.3754284530256442
47,12,5880.7838134765625,0.48033378293365236,symbolic,0.124403479030088,0.014152000167886581,0.17277337152766886,0.19252972799530116,0.015807638345403018,0.48033378293365236
47,13,1440.102294921875,0.42954847873050467,social_ethical,0.011137361898695958,0.002518199475507908,0.34725019703630944,0.10280294216024354,0.42954847873050467,0.10674282069873847
47,14,2096.9804077148438,0.30687418580829423,symbolic,0.0335764604325643,0.12467861284567155,0.19446974987023724,0.17129599512785296,0.16910499591537975,0.30687418580829423
47,15,3147.3004760742188,0.28401818344330343,factual,0.07335911536445651,0.05115359298006408,0.28401818344330343,0.24818093522492063,0.09617690911212488,0.24711126387513047
47,16,2113.0487060546875,0.42198650556221673,symbolic,0.04032098032968623,0.04396879393209569,0.09273704159335926,0.22242864640546456,0.17855803217717753,0.42198650556221673
47,17,1615.7772521972656,0.30592412174649053,reasoning,0.04718033383164807,0.0448362758367809,0.2335107519126781,0.30592412174649053,0.0988590424065642,0.2696894742658382
47,18,1979.4352416992188,0.7003928054541037,reasoning,0.038806000431623175,0.02256688008445729,0.15858121473462466,0.7003928054541037,0.03280203515968192,0.046851064135509324
47,19,2599.5352172851562,0.3148846634313033,symbolic,0.08450309145511171,0.05199938202594763,0.180168444887785,0.25135256370597536,0.11709185449387702,0.3148846634313033
47,20,1237.3838500976562,0.4718240451960034,symbolic,0.03687796809764095,0.16056598983381934,0.1226452707716954,0.1653554426791064,0.04273128342173451,0.4718240451960034
47,21,1372.0260925292969,0.3216172380644563,symbolic,0.03106781622032258,0.12083049562696094,0.17073650794484013,0.07366834398199355,0.2820795981614265,0.3216172380644563
47,22,1017.790283203125,0.2915610924689646,symbolic,0.021462535762097584,0.1325159173867061,0.2194006336011038,0.1658470198991621,0.16921280088196583,0.2915610924689646
47,23,3119.5615234375,0.27916184447245845,factual,0.16230961789439183,0.060168853232391,0.27916184447245845,0.2058296141002889,0.05671741696721576,0.23581265333325402
47,24,1319.2152099609375,0.42463091783657847,symbolic,0.02927506967467693,0.05806804490159213,0.06848313562371686,0.2501722261594811,0.1693706058039545,0.42463091783657847
47,25,1310.2769775390625,0.34109996013523275,factual,0.04000022731954206,0.07604220653116993,0.34109996013523275,0.13244409779249433,0.23266276242247727,0.17775074579908362
47,26,1883.5888671875,0.4676521156991801,symbolic,0.07832999359703857,0.022177447577373437,0.08343881801850378,0.28966365658351456,0.05873796852438958,0.4676521156991801
47,27,2568.6262817382812,0.34662417330062156,reasoning,0.05735948590703727,0.05158575131914167,0.17504202807060948,0.34662417330062156,0.2158852645850278,0.1535032968175622
47,28,751.989990234375,0.33287329095229423,social_ethical,0.018847127949246645,0.0016752425449271806,0.11453821582123734,0.3275341046591547,0.33287329095229423,0.20453201807313992
47,29,1785.8153686523438,0.31921002635822476,symbolic,0.06030780689255222,0.034385485200537455,0.187119847263724,0.2680397100373122,0.1309371242476494,0.31921002635822476
47,30,775.3646240234375,0.3469403177405036,symbolic,0.038463978719689436,0.10221934394210637,0.11295813288449376,0.1261818130866164,0.27323641362659046,0.3469403177405036
47,31,1318.0324401855469,0.34689922063311673,symbolic,0.043245724339001014,0.14301352092244543,0.194774643999101,0.1635563467394125,0.10851054336692338,0.34689922063311673
47,32,2627.9616088867188,0.3264734126348289,symbolic,0.06452276696843356,0.027485870143299774,0.1294062922823564,0.30387000826796906,0.14824164970311235,0.3264734126348289
47,33,1672.21533203125,0.389489238026021,symbolic,0.08384544676507148,0.03682384164204892,0.12093734131807865,0.3302584506016153,0.0386456816471647,0.389489238026021
47,34,5090.9073486328125,0.4581655675223086,symbolic,0.132051310363891,0.021881196017342213,0.1171796458592102,0.2558468391809818,0.014875441056266231,0.4581655675223086
47,35,283.4176025390625,0.35832561288713677,factual,0.048633857892966405,0.1501126086838545,0.35832561288713677,0.06236182339495477,0.08334119375972593,0.2972249033813616
47,36,2499.9752502441406,0.40332508662897043,symbolic,0.09239827801517908,0.051456075816375575,0.17446052841172535,0.1980480055777896,0.08031202554995998,0.40332508662897043
47,37,1712.0335388183594,0.30857296307846455,symbolic,0.03772982543734692,0.0839999133688527,0.3041726890317035,0.20955336563344168,0.05597124345019061,0.30857296307846455
47,38,1411.56494140625,0.3707707155421264,symbolic,0.11016055636941628,0.043626951608244535,0.18017034575917062,0.20642182238311105,0.08884960833793112,0.3707707155421264
47,39,1191.9384155273438,0.24237964609967505,symbolic,0.16758175485038215,0.08189364596827882,0.19470488566095911,0.2281801996331659,0.08525986778753895,0.24237964609967505
47,40,2009.5792236328125,0.5721537705786974,symbolic,0.03354386670824001,0.04090800938595313,0.11606609772419976,0.1755177973564482,0.06181045824646151,0.5721537705786974
47,41,3445.8314208984375,0.33810661879122444,symbolic,0.060585510593624804,0.050850901106129456,0.15392824018746326,0.2770254345549074,0.11950329476665061,0.33810661879122444
47,42,282.9317626953125,0.5959481865597942,reasoning,0.000622147859781161,0.02448380495621451,0.12298594731072057,0.5959481865597942,0.25225895329878584,0.003700960014703744
47,43,1215.0452880859375,0.2681526607673908,symbolic,0.1303379031472974,0.08449753763719463,0.16669290494513017,0.2275019487824116,0.12281704472057539,0.2681526607673908
47,44,1107.7076416015625,0.6391224442634457,reasoning,0.009605986814910306,0.0022776309596476483,0.08067428808328891,0.6391224442634457,0.04452466575809747,0.22379498412060997
47,45,1038.1788024902344,0.27893782902711284,symbolic,0.06414266268454406,0.06224960531664574,0.16302301625592466,0.2709363693740591,0.16071051734171357,0.27893782902711284
47,46,923.044189453125,0.2915643401417006,reasoning,0.23076148920238607,0.07614336584242072,0.14295957801400713,0.2915643401417006,0.025930103478400936,0.23264112332108458
47,47,1788.4005737304688,0.28544035209533547,reasoning,0.08088507091273364,0.058666765866396735,0.21233081085028901,0.28544035209533547,0.14460361716116651,0.21807338311407862
47,48,1571.2218017578125,0.3634118427536791,reasoning,0.0177627243055541,0.03244467658614038,0.07759911102471835,0.3634118427536791,0.152119547690396,0.35666209763951207
47,49,1464.9125061035156,0.2981652132036386,reasoning,0.06673595091463727,0.06174149784177838,0.18722583708727172,0.2981652132036386,0.15245292757404533,0.2336785733786287
47,50,2126.75927734375,0.34517430766761803,factual,0.05200973321030406,0.021652972045432057,0.34517430766761803,0.24731420655188271,0.12084543747444383,0.21300334305031932
47,51,3048.6341552734375,0.3688171064374651,reasoning,0.08266729493640511,0.0341629278063855,0.13882537610196294,0.3688171064374651,0.06266366001584582,0.3128636347019355
47,52,1826.0465087890625,0.2690462105921309,symbolic,0.09859961643088734,0.03895314203722408,0.25097247651961135,0.19192724660977728,0.15050130781036908,0.2690462105921309
47,53,1038.3955078125,0.3179524544420902,reasoning,0.04284952182651081,0.024583978719422337,0.23810685101432594,0.3179524544420902,0.06960365535395371,0.306903538643697
47,54,928.3008117675781,0.2974062448253223,reasoning,0.15445941048953632,0.040543206498164064,0.1051679597861319,0.2974062448253223,0.1930265537544659,0.20939662464637956
47,55,683.9970703125,0.322661415479153,symbolic,0.04556169003145287,0.17070035821722326,0.14453900769974287,0.26172361877920597,0.054813909793221996,0.322661415479153
47,56,2246.608428955078,0.3267082345872783,factual,0.06220808234634822,0.022899345143263028,0.3267082345872783,0.15250326131111397,0.14756039937315993,0.2881206772388365
47,57,822.4683837890625,0.27931265761218915,reasoning,0.05360272652482813,0.06090318287013847,0.24850701155786853,0.27931265761218915,0.16600226695881554,0.1916721544761602
47,58,884.176513671875,0.64358070094685,factual,0.06852990139405736,0.010620206003611124,0.64358070094685,0.1226331163658363,0.037442563163607556,0.11719351212603757
47,59,753.913330078125,0.34735781302571966,reasoning,0.06035597463624856,0.02204189144596764,0.22185980118710025,0.34735781302571966,0.19413224422439038,0.15425227548057352
47,60,2004.1420288085938,0.27736944206400177,reasoning,0.06858184296846409,0.052594506195862735,0.22025624848051048,0.27736944206400177,0.10615716115029472,0.2750407991408662
47,61,5577.022521972656,0.3703533317164609,symbolic,0.09760035840416945,0.03909009633677052,0.16701448466645363,0.24003728765676366,0.08590444121938184,0.3703533317164609
47,62,1685.979736328125,0.2883117501835059,social_ethical,0.07333719194071395,0.08250155341045817,0.2448059761014444,0.15399202956714622,0.2883117501835059,0.15705149879673136
47,63,1551.4849243164062,0.28305335633874257,symbolic,0.18920854119680974,0.06256583275008754,0.18820482472354227,0.1524081740460258,0.12455927094479209,0.28305335633874257
47,64,3859.699462890625,0.47738068136857675,symbolic,0.08542490955814759,0.01148835918336572,0.21761805956470384,0.18686153599561373,0.021226454329592356,0.47738068136857675
47,65,2003.01953125,0.3942280502288537,symbolic,0.046267914847310604,0.08175961877867985,0.16932864298627268,0.2127915276350354,0.09562424552384778,0.3942280502288537
47,66,1245.7463989257812,0.6587951216221175,factual,0.049044921367922455,0.04645446573101857,0.6587951216221175,0.11676599310671877,0.04001742452796771,0.08892207364425497
47,67,2256.4483642578125,0.39291343034083365,reasoning,0.035692412560032354,0.030388602542896673,0.1342182033100124,0.39291343034083365,0.05617764842242218,0.35060970282380277
47,68,1327.4440307617188,0.2668252283581246,reasoning,0.0904094070659299,0.036313425960176365,0.24688908738731527,0.2668252283581246,0.15316584886837428,0.20639700236007957
47,69,1279.2842407226562,0.37356513969388916,social_ethical,0.08539778994954769,0.019805062006099012,0.15793113987337565,0.11177825086345079,0.37356513969388916,0.2515226176136377
47,70,2054.03076171875,0.3447041651858781,symbolic,0.14692172284154512,0.043984353363896014,0.202161396644127,0.20698886645089745,0.05523949551365634,0.3447041651858781
47,71,1231.97705078125,0.3423056023786715,factual,0.0743249643591645,0.06214009890257537,0.3423056023786715,0.09171000309541201,0.2335163365224136,0.19600299474176297
47,72,1466.6008605957031,0.3001239533986493,reasoning,0.027860455802838333,0.047859008788562106,0.1399976532316642,0.3001239533986493,0.2272139105140486,0.2569450182642375
47,73,963.0430297851562,0.26638722306693724,symbolic,0.08754800916715959,0.1011344743418844,0.20198888398559128,0.2326941533151098,0.1102472561233177,0.26638722306693724
47,74,1543.811279296875,0.44227855169590147,reasoning,0.02675762016658309,0.004643745954542859,0.10061440343255605,0.44227855169590147,0.0755985141657617,0.3501071645846548
47,75,1663.06787109375,0.35987054175280236,computational,0.35987054175280236,0.043322622706118655,0.3020501103505822,0.14375603904094084,0.14488890513490604,0.006111781014649895
47,76,222.1656494140625,0.4922765677224103,social_ethical,0.04575157652744726,0.11551659055781352,0.16829626243350893,0.127539792997839,0.4922765677224103,0.05061920976098102
47,77,3028.5777587890625,0.4521430961871228,symbolic,0.11327209404843808,0.03482447416897685,0.0796357847520944,0.2774275598708575,0.04269699097251044,0.4521430961871228
47,78,1526.0569458007812,0.2928229534177952,symbolic,0.06480123899143447,0.09813838921274666,0.10759132624405385,0.1640819749151669,0.2725641172188029,0.2928229534177952
47,79,837.1212768554688,0.3481032810210716,symbolic,0.036756506101355446,0.06777201823206695,0.07716467516976361,0.3431549000229304,0.12704861945281196,0.3481032810210716
47,80,1938.4503173828125,0.3450871658526863,symbolic,0.08859515415353546,0.040936448446877584,0.10701801063427496,0.3436861393274531,0.0746770815851726,0.3450871658526863
47,81,2071.9525146484375,0.45708414354548743,symbolic,0.12410298799270743,0.028662436330654344,0.07325382281194114,0.2761145872947933,0.04078202202441639,0.45708414354548743
47,82,1109.8945922851562,0.4851554726816165,symbolic,0.016763055463734442,0.005945718755294684,0.12087939885989799,0.36404054373081096,0.007215810508645461,0.4851554726816165
47,83,2359.9343872070312,0.3009665289156273,factual,0.07452835129502228,0.029436936322397692,0.3009665289156273,0.24411015703670216,0.07260147473830772,0.27835655169194284
47,84,2903.7509765625,0.675351596012835,factual,0.030234415278460207,0.009138065964651729,0.675351596012835,0.15856246180771705,0.046088942070819636,0.08062451886551641
47,85,248.48095703125,0.694301704300938,factual,0.0016300214781612493,0.01957008306330064,0.694301704300938,0.05369442059073786,0.20673172342102109,0.024072047145841234
47,86,1092.1263427734375,0.3882672815973802,factual,0.054664631055543506,0.13785285500272224,0.3882672815973802,0.16968459540217012,0.14574112753765384,0.10378950940453009
47,87,1170.736083984375,0.2497628424291525,social_ethical,0.06954352511346966,0.0837993591688589,0.24876239094870328,0.21940281544459356,0.2497628424291525,0.12872906689522212
47,88,1693.9998779296875,0.2898547528915497,social_ethical,0.02212902890609355,0.09163380892478169,0.16051223992770325,0.18744546378687357,0.2898547528915497,0.2484247055629982
47,89,1096.1556091308594,0.4243158330309617,reasoning,0.07206037101378616,0.010063357581248407,0.19983358587962796,0.4243158330309617,0.04732392847906754,0.2464029240153082
47,90,1235.4430541992188,0.3124152020559347,computational,0.3124152020559347,0.030256751241595298,0.07346195061936865,0.1984238420286956,0.18932337965681298,0.1961188743975928
47,91,1196.751708984375,0.5868981281728801,symbolic,0.10046645225978933,0.004509072511753108,0.0548608242322612,0.19117422955816066,0.06209129326515562,0.5868981281728801
47,92,1589.3896484375,0.35096395776434913,symbolic,0.06622922087697039,0.02980849874196254,0.20716993029335776,0.2962111029870325,0.049617289336327634,0.35096395776434913
47,93,2282.6932983398438,0.3112718149452052,social_ethical,0.06520248707160257,0.056519356987513814,0.18192000582251486,0.12421815104297643,0.3112718149452052,0.2608681841301871
47,94,1025.6805419921875,0.40936747050685074,symbolic,0.02990880554605097,0.022384861423109536,0.06687882890254243,0.33084943245213405,0.14061060116931226,0.40936747050685074
47,95,1806.1903076171875,0.31318921317617615,symbolic,0.0699816325839596,0.07018877881115097,0.18251914277822356,0.1958425312904007,0.16827870136008902,0.31318921317617615
47,96,2290.7217407226562,0.649135112573717,factual,0.03434216105886345,0.0174558303981076,0.649135112573717,0.08744578675040503,0.09075226375079817,0.12086884546810872
47,97,3633.156982421875,0.5449673085435245,factual,0.04512700442182532,0.00707029729909348,0.5449673085435245,0.08873798996613963,0.17914235417595817,0.13495504559345883
47,98,4635.5506591796875,0.31443465209524796,symbolic,0.0437180480729257,0.02493830651471776,0.16053952197466764,0.26937048773686695,0.18699898360557396,0.31443465209524796
47,99,1581.3464965820312,0.39431839730321544,factual,0.06040488743951327,0.08573602903201043,0.39431839730321544,0.08191570263379046,0.040388970828075625,0.33723601276339477
47,100,1105.697998046875,0.3103977554124708,symbolic,0.0394518451231072,0.03959470419009839,0.15593729568890197,0.19875251134978855,0.2558658882356331,0.3103977554124708
47,101,1005.7706298828125,0.25650551935832205,factual,0.08716788483644128,0.08108094002953901,0.25650551935832205,0.1867211767348891,0.23158523816360982,0.15693924087719877
47,102,1419.8213500976562,0.30625319803203055,symbolic,0.06402903438014203,0.09099475018713712,0.18206236488630365,0.25444803455609155,0.1022126179582951,0.30625319803203055
47,103,1165.6005249023438,0.21178341389226765,creative,0.10892833027503143,0.21178341389226765,0.20402033827054952,0.1941383131630979,0.1408583531019392,0.1402712512971143
47,104,2117.1981811523438,0.27761362481594953,reasoning,0.11559178307881576,0.07799640655641296,0.2333569580988334,0.27761362481594953,0.07749779283574301,0.21794343461424534
47,105,1521.0361938476562,0.32574638782597104,reasoning,0.06034166755715951,0.06473408786935272,0.17799446459216545,0.32574638782597104,0.12384143804876413,0.24734195410658716
47,106,520.3837890625,0.6244130871708643,creative,0.05458453515190299,0.6244130871708643,0.19153766469684147,0.039579083571507655,0.009524314423887117,0.08036131498499642
47,107,2538.413818359375,0.3077009674490877,symbolic,0.10118969817577433,0.03689788823933191,0.17398899411128402,0.264120939359219,0.11610151266530305,0.3077009674490877
47,108,1526.6863403320312,0.3746795745563278,reasoning,0.04314436972531615,0.03255825147564915,0.062445836161336865,0.3746795745563278,0.11419285370953107,0.372979114371839
47,109,1403.8731079101562,0.44156120738277377,symbolic,0.00845630702971607,0.0724766692243752,0.025242774712483866,0.38330899314757577,0.06895404850307532,0.44156120738277377
47,110,1948.341064453125,0.3476218625495824,reasoning,0.07040851936712485,0.04314759088041271,0.1325638235152226,0.3476218625495824,0.06211858921946944,0.344139614468188
47,111,1717.9529418945312,0.43363621645421435,symbolic,0.12329176374796821,0.011385393531751817,0.15228834280783834,0.2580854523409844,0.0213128311172429,0.43363621645421435
47,112,2684.471954345703,0.4313724799188657,symbolic,0.0747798405718689,0.037072884297768414,0.18884430298731958,0.1894657676447017,0.07846472457947572,0.4313724799188657
47,113,1315.2333374023438,0.29385731435506124,factual,0.08769729594474082,0.07749175440673378,0.29385731435506124,0.19149146381027643,0.09594281960145963,0.2535193518817281
47,114,2834.9579467773438,0.437102726016913,symbolic,0.04213232140207864,0.04008008878583255,0.21002564784827646,0.2551299195092589,0.01552929643764049,0.437102726016913
47,115,2130.3623046875,0.3640381738911598,symbolic,0.047795750704449386,0.00912924921533025,0.1703028742726878,0.2600927530757633,0.14864119884060947,0.3640381738911598
47,116,3281.3809204101562,0.46175696672816907,symbolic,0.016566563703884953,0.3893209246022457,0.07441946373233434,0.039453671351840594,0.018482409881525375,0.46175696672816907
47,117,1500.1693115234375,0.46998690821600786,symbolic,0.10077117760226771,0.05042009011515383,0.171661776132528,0.18145315140616858,0.025706896527874012,0.46998690821600786
47,118,3326.8247985839844,0.366524489949148,factual,0.02766606800934876,0.03912915472451803,0.366524489949148,0.14565085327358165,0.08567981943870293,0.33534961460470064
47,119,1148.2467651367188,0.394699481073467,factual,0.02418035520886627,0.11014658844009755,0.394699481073467,0.16324883889357686,0.17518375049002347,0.1325409858939689
47,120,690.3399658203125,0.3562688043796356,symbolic,0.10002696602192823,0.10142601628747724,0.22944804531706295,0.10633595419489626,0.10649421379899969,0.3562688043796356
47,121,1269.444580078125,0.2328666668589875,social_ethical,0.0923174562878812,0.0859393285503145,0.22099354859802928,0.15663242394432697,0.2328666668589875,0.21125057576046058
47,122,2061.0585327148438,0.3405148982111462,symbolic,0.061415673945655024,0.037337588832725574,0.23656973743753143,0.2222474200200821,0.10191468155285967,0.3405148982111462
47,123,1947.8280029296875,0.26283194165275864,reasoning,0.07816066410609725,0.0738763259632828,0.22739524135676212,0.26283194165275864,0.12708917378237114,0.23064665313872806
47,124,1532.6185302734375,0.28983288293601756,symbolic,0.06013041118942565,0.07664307672726488,0.125998917899508,0.20488679959261538,0.24250791165516852,0.28983288293601756
47,125,526.0274658203125,0.2485943502032968,social_ethical,0.09619682647682862,0.03835870878630619,0.19265959453886866,0.18733380101303787,0.2485943502032968,0.23685671898166186
47,126,1899.4506225585938,0.46169182026348526,symbolic,0.046954301875744744,0.05010134927030164,0.16260114402039627,0.19918215584475094,0.07946922872532113,0.46169182026348526
47,127,366.47979736328125,0.5690507219283176,social_ethical,0.01789919234295488,0.09678394445411327,0.20469738467008805,0.05025510437753616,0.5690507219283176,0.06131365222699002
49,0,1032.8006591796875,0.38924956945067096,social_ethical,0.023699567281820436,0.07567621744907013,0.16649302073361988,0.26524001610740855,0.38924956945067096,0.07964160897741003
49,1,829.708740234375,0.4729339850351053,factual,0.06552092151595695,0.044871438378313644,0.4729339850351053,0.17933399480415843,0.10622881594074068,0.13111084432572495
49,2,2167.7899475097656,0.33506107999532225,symbolic,0.04834773746331359,0.027198639595008265,0.15443804691042862,0.2048757653027718,0.2300787307331555,0.33506107999532225
49,3,1120.6831359863281,0.35510872135904525,factual,0.07292348610370006,0.02445876232162014,0.35510872135904525,0.1838196127201968,0.13444822519789953,0.2292411922975382
49,4,993.4087524414062,0.42583737819265155,factual,0.014728917881527345,0.051373281988231885,0.42583737819265155,0.24218553823606268,0.04576158688533534,0.22011329681619124
49,5,335.524169921875,0.8135704031195359,reasoning,0.006687006614970309,0.03371153606872409,0.05704293145563546,0.8135704031195359,0.02811489718090645,0.06087322556022781
49,6,1227.910888671875,0.5817402564815789,factual,0.026657796375521098,0.041991656067583344,0.5817402564815789,0.09309411647983318,0.11109264238378073,0.1454235322117028
49,7,1353.2479858398438,0.42169224028109814,symbolic,0.08328973780214026,0.09870512364570645,0.09458697528348747,0.18121512573621723,0.12051079725135043,0.42169224028109814
49,8,2615.303955078125,0.42126502422218975,factual,0.1490506460573071,0.0004187715319373971,0.42126502422218975,0.10777686553335726,0.23620721442717404,0.08528147822803445
49,9,1044.418701171875,0.4310213399489801,computational,0.4310213399489801,0.003453765937288961,0.3367710479275184,0.0559989284559691,0.16913308020521098,0.003621837525032498
49,10,1843.4757080078125,0.34898554492316225,symbolic,0.13582701293022076,0.1687339542634554,0.09261378463811452,0.17507848261059494,0.07876122063445218,0.34898554492316225
49,11,660.4716186523438,0.3211075108627378,social_ethical,0.039681487218522736,0.02343628926528904,0.28483868699189285,0.21111087186807115,0.3211075108627378,0.11982515379348642
49,12,1149.57080078125,0.3454552554643143,symbolic,0.03570158869584904,0.16814309199977404,0.0831097904661259,0.32373325472609726,0.04385701864783944,0.3454552554643143
49,13,1498.9111938476562,0.47021167423733395,symbolic,0.03437586389306593,0.017638128522734255,0.11918942139030687,0.33493631709638194,0.02364859486017703,0.47021167423733395
49,14,2568.5606079101562,0.40359252270562357,symbolic,0.06379742537757914,0.041626467622059175,0.1839442855439772,0.2222631938747575,0.08477610487600341,0.40359252270562357
49,15,1982.5364379882812,0.2922592188868888,symbolic,0.11387020522243835,0.044811973150443246,0.22767295744639388,0.19664325432917562,0.12474239096466008,0.2922592188868888
49,16,3856.3377685546875,0.45170789929916694,symbolic,0.07922343618154204,0.02426979557134396,0.13695709860736494,0.29816613966729066,0.00967563067329144,0.45170789929916694
49,17,1297.990234375,0.2762643118643456,factual,0.0671264808425285,0.03836205988524928,0.2762643118643456,0.2522988514395001,0.20163957274692998,0.16430872322144663
49,18,2926.1993408203125,0.3386019813173393,factual,0.06747204223361773,0.04331571861080432,0.3386019813173393,0.16729948261315294,0.1706981541564592,0.2126126210686265
49,19,171.04153442382812,0.47169789438807397,factual,0.11249865960448474,0.01917037680413668,0.47169789438807397,0.0396268196147904,0.3359836736703856,0.021022575918128554
49,20,3938.587860107422,0.3446710496581476,reasoning,0.09667089822429159,0.02659897248905384,0.13021304017668667,0.3446710496581476,0.07610434576812379,0.3257416936836965
49,21,530.2485961914062,0.2938345523322743,computational,0.2938345523322743,0.04138361454087455,0.28100372565795845,0.11052451467282134,0.10066585762017166,0.1725877351758997
49,22,2147.5822143554688,0.2752460517876051,symbolic,0.11406501116481399,0.0354346746049784,0.1299705760705249,0.2375727871439275,0.20771089922815011,0.2752460517876051
49,23,441.8408203125,0.2575904253555681,reasoning,0.0883134966681033,0.044445181182243144,0.21148813667959643,0.2575904253555681,0.23311231199372298,0.16505044812076605
49,24,5275.752716064453,0.5170952232111753,symbolic,0.03256020729093677,0.0035695670994907243,0.04139848555493851,0.30532602107298207,0.1000504957704767,0.5170952232111753
49,25,3367.966552734375,0.3365289396863008,reasoning,0.10571731119924327,0.053227425412232424,0.15950261217840334,0.3365289396863008,0.06984089600499188,0.2751828155188283
49,26,730.961181640625,0.2258571010117845,symbolic,0.09603819884790234,0.07042979381880597,0.21838853954403065,0.1963692924923272,0.19291707428514934,0.2258571010117845
49,27,1447.6558837890625,0.45232113944982955,symbolic,0.054830862494315596,0.030227931958630924,0.09256668052651457,0.26639080200792686,0.10366258356278255,0.45232113944982955
49,28,905.6397705078125,0.6934794859847033,factual,0.015154601003558296,0.009852809023748615,0.6934794859847033,0.16207377516191196,0.014130204322657457,0.10530912450342034
49,29,1174.5675048828125,0.23771564645688548,symbolic,0.22914362282410092,0.06496485107082613,0.19479561386925892,0.2021428474181768,0.07123741836075176,0.23771564645688548
49,30,3834.937255859375,0.34128148741432895,reasoning,0.09489236087083043,0.05823826388538304,0.2716237170550391,0.34128148741432895,0.04293717627362481,0.19102699450079363
49,31,1278.9001159667969,0.3108530868554916,factual,0.08762622205422059,0.07006099386882846,0.3108530868554916,0.12952196839482588,0.28158098364428336,0.1203567451823501
49,32,622.056640625,0.2953253682184538,reasoning,0.11055992596383594,0.07414252432549538,0.24381972288244955,0.2953253682184538,0.06278473938202724,0.21336771922773812
49,33,3937.8065795898438,0.35194359479357873,symbolic,0.08408974481045103,0.04987378292392691,0.1743532400743289,0.2342225089958041,0.1055171284019103,0.35194359479357873
49,34,1836.178466796875,0.4178883037558767,symbolic,0.03446130142227343,0.06915847614149578,0.15440443521575029,0.1269165203981871,0.19717096306641668,0.4178883037558767
49,35,2779.3994750976562,0.38175439807749545,symbolic,0.1294259582520243,0.02640885468014939,0.164899525735621,0.26007323473498795,0.037438028519721944,0.38175439807749545
49,36,1382.1092834472656,0.4104582933981014,symbolic,0.022080614486220118,0.23878604667358536,0.036666775081616476,0.2616410883562631,0.03036718200421352,0.4104582933981014
49,37,1630.03857421875,0.32712714093530304,factual,0.04772581649626653,0.0049217884809690145,0.32712714093530304,0.240410592876235,0.11487563051943209,0.2649390306917943
49,38,2447.3328857421875,0.2808641133217059,social_ethical,0.07367442664559648,0.05213309430691525,0.18400135251669808,0.175518819290232,0.2808641133217059,0.2338081939188523
49,39,2828.1807861328125,0.45779172950533564,factual,0.07147916669634063,0.06368451727277306,0.45779172950533564,0.15311052004887507,0.13564379794476603,0.11829026853190958
49,40,513.51025390625,0.2904427391127817,social_ethical,0.01162271589254794,0.09118339515570013,0.23252694051075007,0.23714495720611714,0.2904427391127817,0.13707925212210306
49,41,2550.0615234375,0.4588386922343709,symbolic,0.1330870827641643,0.08486712177210798,0.05105831450145006,0.24625272329903192,0.025896065428874838,0.4588386922343709
49,42,960.9428100585938,0.38278192949518125,factual,0.06951816259653545,0.1320183888719619,0.38278192949518125,0.11230031947867158,0.14953486982128592,0.1538463297363639
49,43,2159.5560913085938,0.4591422000806225,symbolic,0.052344504507030334,0.024345993279608905,0.18928232971146172,0.2310433388661582,0.04384163355511832,0.4591422000806225
49,44,1619.0277709960938,0.3026678842324316,reasoning,0.09521317284215113,0.026245119391803205,0.2568574686919335,0.3026678842324316,0.06531516766228165,0.25370118717939893
49,45,1247.1070861816406,0.4141694627495445,symbolic,0.05299315150872239,0.027733569426606326,0.18288367818049608,0.27972011886395776,0.042500019270672935,0.4141694627495445
49,46,4164.904479980469,0.38292814121558294,symbolic,0.07632520951182552,0.0528404676616529,0.10641960221604464,0.34144655465493867,0.04004002473995533,0.38292814121558294
49,47,1326.2838439941406,0.31241420637603107,symbolic,0.020335635782223745,0.07754021320318845,0.24777733580989766,0.14948383523123474,0.19244877359742432,0.31241420637603107
49,48,2107.356414794922,0.31705807011064047,symbolic,0.0724238205093691,0.08111190895859471,0.22941528753173882,0.1521291606384611,0.14786175225119583,0.31705807011064047
49,49,2375.3080139160156,0.30394652379388554,symbolic,0.1298632207354173,0.0525526005679799,0.1740753630931371,0.22331914370737255,0.11624314810220761,0.30394652379388554
49,50,2895.7879028320312,0.41162902686331626,symbolic,0.08145274480088763,0.09544011436161877,0.12888215766818004,0.1527743659029273,0.12982159040306998,0.41162902686331626
49,51,831.7899780273438,0.42716260077471113,reasoning,0.05867238350440089,0.053484993117502454,0.10101550134072769,0.42716260077471113,0.10509583654943368,0.25456868471322414
49,52,3322.8565063476562,0.22094146945976925,symbolic,0.0846283567180815,0.19130621627939814,0.21225968389918012,0.21024222231492082,0.08062205132865019,0.22094146945976925
49,53,1947.8060913085938,0.35893241140599924,reasoning,0.031728280030100725,0.04174712666729442,0.13966710280230332,0.35893241140599924,0.07708081899911494,0.3508442600951873
49,54,777.7728881835938,0.37054151402441066,reasoning,0.007289945382695844,0.001817228569874781,0.07877027058946964,0.37054151402441066,0.214016900688698,0.3275641407448511
49,55,800.0884399414062,0.3201896701940833,factual,0.0913306931934786,0.022485764932755465,0.3201896701940833,0.10721669334498163,0.17243218580343406,0.28634499253126694
49,56,4629.0006103515625,0.5147673941140387,symbolic,0.05015686257239535,0.01425274215797236,0.040469520492106004,0.3298352066821001,0.05051827398138746,0.5147673941140387
49,57,993.80810546875,0.36749276157693217,symbolic,0.11172290437027316,0.05118337715119841,0.0977580172936036,0.28240708213307103,0.08943585747492162,0.36749276157693217
49,58,1090.4105224609375,0.294203742386212,symbolic,0.023847813015699833,0.010010475063203577,0.2827149814450214,0.10433317440314138,0.28488981368672184,0.294203742386212
49,59,1027.3458251953125,0.4498825275661872,reasoning,0.0487381976533555,0.01044389525353858,0.019004595641857663,0.4498825275661872,0.040582617644427284,0.43134816624063377
49,60,3641.1138305664062,0.3650950568952744,reasoning,0.14558912246375716,0.04136803720812098,0.1452988750890124,0.3650950568952744,0.055340225659413454,0.2473086826844216
49,61,3175.5257263183594,0.4048176846793687,symbolic,0.1230385935784136,0.02155656608556114,0.2153506316385946,0.1992477927214835,0.035988731296578515,0.4048176846793687
49,62,849.2655639648438,0.33262001785636386,factual,0.1100234024300207,0.026043872495241788,0.33262001785636386,0.30526907907488715,0.06764332146766001,0.1584003066758265
49,63,1627.3776245117188,0.2958554293775765,reasoning,0.0900922647170953,0.08829013888370588,0.1706595161714071,0.2958554293775765,0.134998765140623,0.22010388570959222
49,64,1554.4603576660156,0.2601157750022248,factual,0.11248518426559534,0.0527279062069311,0.2601157750022248,0.21049977916646387,0.14816260549373214,0.21600874986505272
49,65,1999.0342407226562,0.325714165504174,reasoning,0.06773583325468716,0.05490218253278248,0.2307324181839882,0.325714165504174,0.11865168535209125,0.20226371517227695
49,66,1875.0462036132812,0.33362198724465025,symbolic,0.059417383497418375,0.05993306089430023,0.21245453033595493,0.25311326149938296,0.08145977652829323,0.33362198724465025
49,67,954.0401000976562,0.49902197512339747,factual,0.025882680646072836,0.1387295100189732,0.49902197512339747,0.07581360953843432,0.213121840691759,0.04743038398136318
49,68,2865.1890869140625,0.31557151401805134,symbolic,0.07034705601387957,0.07689749612180731,0.20632210913013324,0.18206661327170773,0.14879521144442084,0.31557151401805134
49,69,1804.4744262695312,0.2612151617332796,social_ethical,0.0691876871690986,0.0816835821626532,0.22298844875116985,0.1564841817599609,0.2612151617332796,0.20844093842383785
49,70,1057.8806762695312,0.3651537183401388,symbolic,0.05066997101426197,0.04758671330555517,0.19998324517143323,0.21897741657967598,0.11762893558893482,0.3651537183401388
49,71,1518.990966796875,0.5286598126872553,factual,0.05237136854733214,0.06042588728929486,0.5286598126872553,0.12817338491336974,0.0565654610162643,0.17380408554648366
49,72,1752.5830535888672,0.25828011272040974,symbolic,0.06297526644435773,0.11190631246257149,0.20963889595055107,0.15334254424249266,0.20385686817961732,0.25828011272040974
49,73,2008.6141357421875,0.43002814963164937,symbolic,0.027303787453051787,0.019389085109319498,0.3311617072633999,0.14060205899067413,0.05151521155190532,0.43002814963164937
49,74,424.49188232421875,0.2670585740218192,social_ethical,0.08379762396879886,0.04263167921781484,0.21320757022951528,0.14369977893204408,0.2670585740218192,0.24960477363000771
49,75,1244.0807189941406,0.4604573409968695,factual,0.048429137225185756,0.09244489475393451,0.4604573409968695,0.22703757051488718,0.062301910779308765,0.10932914572981425
49,76,678.6920776367188,0.33277723274864385,symbolic,0.07049278617544319,0.07362218968134995,0.05121680089851418,0.28515252806935015,0.18673846242669873,0.33277723274864385
49,77,2887.3358764648438,0.5705635789845418,symbolic,0.03872083249455868,0.0862844125994631,0.18563882793070857,0.10511986495782755,0.013672483032900338,0.5705635789845418
49,78,2342.7744140625,0.8522024636504946,symbolic,0.01614791948815361,0.005885262240407569,0.039918282651820486,0.04166004932886647,0.04418602264025734,0.8522024636504946
49,79,224.624755859375,0.4649230541821593,factual,0.005272465037720243,0.04380460903220758,0.4649230541821593,0.06676010229734268,0.16368498678894816,0.25555478266162207
49,80,694.2100219726562,0.28514919679966577,factual,0.06349059257142008,0.08303510033509065,0.28514919679966577,0.23226733188341028,0.05120513679651997,0.28485264161389323
49,81,1995.100830078125,0.3387060625680607,reasoning,0.06421638552347407,0.027824475555538696,0.19051881605000923,0.3387060625680607,0.07673698499485984,0.3019972753080575
49,82,703.8654174804688,0.3442453957555633,symbolic,0.0222536493905593,0.02722649439205989,0.23609951187685954,0.33147455574342677,0.0387003928415312,0.3442453957555633
49,83,2483.5440673828125,0.3401616293342609,symbolic,0.04983329477385641,0.01969664283843363,0.19595147119027084,0.2728252074089442,0.12153175445423398,0.3401616293342609
49,84,773.6707153320312,0.28067041969115847,reasoning,0.07351539596527909,0.020978838372678187,0.2523236956407005,0.28067041969115847,0.1930906881692318,0.17942096216095194
49,85,7138.3021240234375,0.33898617970482775,reasoning,0.0904018438301122,0.025765801036445612,0.2958857256816534,0.33898617970482775,0.020474128182870484,0.2284863215640906
49,86,2103.5162963867188,0.3688925238562627,factual,0.021051583345885073,0.00382683257616184,0.3688925238562627,0.23098681114046765,0.1716221887231872,0.2036200603580355
49,87,1586.0946044921875,0.26142561154848654,factual,0.08179046610761388,0.06544194706081687,0.26142561154848654,0.24524317826582295,0.15660032753836653,0.1894984694788932
49,88,1463.5489196777344,0.34920098434509955,symbolic,0.08963310506280646,0.02458139508358336,0.1784326399683587,0.3078731406142317,0.05027873492592025,0.34920098434509955
49,89,650.45263671875,0.3492716910624888,factual,0.08108085790619063,0.0938163178135418,0.3492716910624888,0.09778947502753116,0.3048145935034723,0.07322706468677535
49,90,1418.6534423828125,0.5107716582101497,factual,0.055834609476192155,0.07387591511640083,0.5107716582101497,0.07587090565514637,0.24907622515952826,0.03457068638258265
49,91,58.523681640625,0.4178872234714012,social_ethical,0.12562522683375538,0.0,0.06864875914113962,0.2859169089703103,0.4178872234714012,0.10192188158339348
49,92,3388.4867553710938,0.36676828905296643,symbolic,0.023699889801256615,0.08306503847733612,0.12025577694112864,0.15641935194334375,0.24979165378396842,0.36676828905296643
49,93,699.7396240234375,0.3012774875978387,reasoning,0.04507187121604768,0.04425055567020866,0.1524669908083486,0.3012774875978387,0.2077344792208737,0.24919861548668268
49,94,218.998291015625,0.2594850487783398,factual,0.07711559535660974,0.11786565917925747,0.2594850487783398,0.25034252416620867,0.13631179788119957,0.15887937463838478
49,95,2675.5545043945312,0.5676792410670749,symbolic,0.02139204998781261,0.015279579462538854,0.14787740338853989,0.037710107049445454,0.21006161904458828,0.5676792410670749
49,96,1644.5130615234375,0.4478006029015612,symbolic,0.0798375813390454,0.023009384530752307,0.13055203030377935,0.23348743984772397,0.0853129610771378,0.4478006029015612
49,97,947.7198791503906,0.5025439314941916,reasoning,0.13199675348982937,0.04500921513636261,0.16201715124689722,0.5025439314941916,0.05780353074886608,0.10062941788385306
49,98,1007.6488342285156,0.29743253787247487,symbolic,0.07547604100072332,0.2309576861092116,0.18107664468403104,0.17154396772949773,0.043513122604061455,0.29743253787247487
49,99,897.4527587890625,0.35627215318746785,factual,0.056283701170834935,0.03505010178955657,0.35627215318746785,0.05538897049252217,0.2113523069375088,0.2856527664221097
49,100,1368.337890625,0.2880271100459756,social_ethical,0.036515257162187814,0.07976975444947038,0.16178931227866838,0.16849866683604794,0.2880271100459756,0.2653998992276499
49,101,1647.5621948242188,0.40820260787913193,social_ethical,0.016016205880055017,0.099226933258659,0.23568864821178928,0.10573460974668161,0.40820260787913193,0.13513099502368314
49,102,423.79718017578125,0.3411059822484159,social_ethical,0.04276147466412078,0.2724049696600832,0.21227759572883562,0.07007971348138466,0.3411059822484159,0.06137026421715987
49,103,973.7155151367188,0.2559384530714699,factual,0.02738834558624189,0.03313234112824544,0.2559384530714699,0.1783918178966117,0.2508159568943335,0.2543330854230975
49,104,740.0467529296875,0.3769879502769749,symbolic,0.2828992110962162,0.03350461685291935,0.08374781008972756,0.20961843395992685,0.013241977724235183,0.3769879502769749
49,105,2065.1368408203125,0.2561847273735797,social_ethical,0.06819326806442592,0.09763975991631438,0.18748757580935974,0.1545115941675182,0.2561847273735797,0.23598307466880203
49,106,273.55645751953125,0.3366414923507608,factual,0.11519765173588543,0.07474783849615424,0.3366414923507608,0.1719441698243331,0.18779017788912813,0.11367866970373826
49,107,4822.153076171875,0.4130071712386564,symbolic,0.05112064938332147,0.03184639181787303,0.1456374108366948,0.28970231129837526,0.06868606542507903,0.4130071712386564
49,108,616.5965576171875,0.662746510256359,reasoning,0.08325712970033214,0.0046987235998708415,0.06570492039549736,0.662746510256359,0.05690347502424691,0.12668924102369378
49,109,1788.6487426757812,0.4142789095499399,factual,0.08839216738887586,0.030351861192242844,0.4142789095499399,0.20591109004091795,0.022672342242360158,0.23839362958566326
49,110,739.2955322265625,0.2762446566052029,factual,0.08007517449984801,0.017257045504118104,0.2762446566052029,0.267591036058431,0.2571917978425473,0.10164028948985265
49,111,1331.194091796875,0.4016563929199638,reasoning,0.09040698415481431,0.025620024021695453,0.05450506742599042,0.4016563929199638,0.09011299440209032,0.33769853707544567
49,112,525.7302856445312,0.34367523783706283,social_ethical,0.030191448024134027,0.24315158706064213,0.210775445474667,0.06434873365441603,0.34367523783706283,0.107857547949078
49,113,1138.0818481445312,0.49303576204500904,reasoning,0.042268739917923806,0.009230233097306586,0.06176849893220292,0.49303576204500904,0.08511936368400157,0.30857740232355607
49,114,1961.9523315429688,0.29109947363831595,factual,0.06688445941525469,0.09144893795158986,0.29109947363831595,0.11878367728454277,0.22483210024493364,0.2069513514653631
49,115,4111.0533447265625,0.5492531879134797,symbolic,0.060666257712176666,0.12440383114679072,0.0544610627034485,0.158176159576461,0.0530395009476435,0.5492531879134797
49,116,689.2308349609375,0.3346114248237613,symbolic,0.07629504838581987,0.034797692386302315,0.25277971173071206,0.23360400015656607,0.06791212251683838,0.3346114248237613
49,117,4685.703674316406,0.3094047668189095,symbolic,0.08062620976535943,0.03238044256256587,0.26459155200477935,0.24817302057511129,0.06482400827327461,0.3094047668189095
49,118,1395.43603515625,0.2670761932121771,symbolic,0.05811364335394438,0.1224924794942217,0.2293162034576306,0.1579555526473895,0.1650459278346367,0.2670761932121771
49,119,715.6068725585938,0.49013676741777457,reasoning,0.03638022012532215,0.056436336789712965,0.07570760142242276,0.49013676741777457,0.03100242287455596,0.3103366513702116
49,120,1307.55859375,0.28183651806653026,factual,0.14133194915380823,0.01724115718404111,0.28183651806653026,0.26512399734118036,0.12107600041824129,0.1733903778361988
49,121,424.58258056640625,0.8715873141143767,social_ethical,0.00717127820134694,0.006880608985071361,0.03394777815584901,0.07182577212424715,0.8715873141143767,0.008587248419108785
49,122,739.884033203125,0.31579565196588755,computational,0.31579565196588755,0.11989843478031324,0.1939373516159528,0.09109984441845002,0.127575056136397,0.15169366108299936
49,123,2647.611099243164,0.33426458469097,symbolic,0.05614369403533635,0.04172958167642661,0.30364007099583484,0.20472912013975877,0.05949294846167344,0.33426458469097
49,124,1547.1571044921875,0.31336054480594644,symbolic,0.10821112879429895,0.03829470493504539,0.2795420989748476,0.12660632992199733,0.13398519256786423,0.31336054480594644
49,125,2450.8823852539062,0.41186178935425566,reasoning,0.11037135187554646,0.09843921556771508,0.1041997315569416,0.41186178935425566,0.011264577387712896,0.2638633342578283
49,126,2086.7613220214844,0.29062234681863924,symbolic,0.08212870048762781,0.05822366941777954,0.24901774294869353,0.22235658772112693,0.09765095260613292,0.29062234681863924
49,127,4780.680358886719,0.3657845673428183,symbolic,0.040902493655194085,0.11927054166622461,0.17751697515738796,0.25940229270830584,0.037123129470069245,0.3657845673428183
51,0,2932.343994140625,0.44147702404178346,symbolic,0.062287749749581234,0.03674426547061785,0.1291595928724962,0.2262194172101114,0.10411195065540987,0.44147702404178346
51,1,707.6370849609375,0.26688871396971137,reasoning,0.09455554572282072,0.04070217456968416,0.16448681835643938,0.26688871396971137,0.23664511917705874,0.1967216282042856
51,2,1393.7606201171875,0.3860407541387323,symbolic,0.07243262142323573,0.04179178322194329,0.13168420188782545,0.31346716721171286,0.0545834721165504,0.3860407541387323
51,3,1541.941162109375,0.40531562079872496,symbolic,0.02178016973645898,0.12534740304104428,0.10374238951225587,0.31409850325952837,0.029715913651987533,0.40531562079872496
51,4,962.8492431640625,0.2735094725800209,factual,0.06651350761651648,0.10670603110351726,0.2735094725800209,0.1672480599762084,0.19269362615862928,0.1933293025651077
51,5,1913.3142700195312,0.34180855328618415,factual,0.08103614228534044,0.01259746276454179,0.34180855328618415,0.3363668533563551,0.07025756656596084,0.15793342174161767
51,6,1107.9607849121094,0.35061619457176085,reasoning,0.09570987266750894,0.025831234739465823,0.2210817051964268,0.35061619457176085,0.11567485939313207,0.1910861334317055
51,7,1007.5880737304688,0.2985543110587308,symbolic,0.09047727016245079,0.05621243296487475,0.25623165963011507,0.2159966824007502,0.08252764378307839,0.2985543110587308
51,8,1805.4747314453125,0.3381027851149076,factual,0.09268413690483636,0.012061161902522365,0.3381027851149076,0.25924466525661255,0.10452988952532813,0.19337736129579297
51,9,1254.6407318115234,0.4672524435799781,symbolic,0.02743515635646395,0.014464122973139213,0.2385328103482025,0.23811999968135877,0.014195467060857496,0.4672524435799781
51,10,2380.8773803710938,0.32804789340318513,symbolic,0.15903079075873477,0.09120144830734078,0.14119050832649824,0.23959688573930238,0.040932473464938675,0.32804789340318513
51,11,2541.6978759765625,0.42044749802716785,symbolic,0.0981921696754268,0.034231777411416586,0.11310299132309258,0.27110154753318777,0.0629240160297084,0.42044749802716785
51,12,2961.2203369140625,0.42815459951323087,symbolic,0.12037704429371585,0.04402630240177008,0.16477010750580925,0.2166045154740125,0.026067430811461487,0.42815459951323087
51,13,2109.65478515625,0.3285396693910738,symbolic,0.13187440647340062,0.11890971984502982,0.13597204005116914,0.2391637636952321,0.0455404005440945,0.3285396693910738
51,14,3381.8106079101562,0.28036150646161534,symbolic,0.03550918164002275,0.02157132457586809,0.1790800663844129,0.23970461805906176,0.2437733028790192,0.28036150646161534
51,15,1697.85888671875,0.36904268214648794,symbolic,0.06469142690342702,0.2311997173024964,0.10753120672722279,0.2107395573756584,0.016795409544707474,0.36904268214648794
51,16,2995.3169555664062,0.3142045689689795,symbolic,0.09622952072013945,0.0428715292118701,0.2550025141989531,0.20710067165596818,0.08459119524408963,0.3142045689689795
51,17,2765.4340209960938,0.3128191828041798,factual,0.11043135460161874,0.04591886652836704,0.3128191828041798,0.24947622287917967,0.06736159901225523,0.21399277417439955
51,18,1555.9208374023438,0.40467975173746235,symbolic,0.04786772679195646,0.028988074669250883,0.16826926754517568,0.2608611329729121,0.08933404628324255,0.40467975173746235
51,19,4102.389465332031,0.44772240787344825,symbolic,0.10482916175130107,0.03454249975700584,0.10797898798648468,0.26900427471847976,0.0359226679132804,0.44772240787344825
51,20,1103.2781982421875,0.48818058752685173,factual,0.05373279981146386,0.0664627511118266,0.48818058752685173,0.2182104446144663,0.08102584018353506,0.09238757675185645
51,21,2848.829345703125,0.4410135827961818,symbolic,0.06626567587683571,0.04813134249822497,0.12305947352792339,0.22395603063038588,0.09757389467044826,0.4410135827961818
51,22,2602.9395751953125,0.2539657944760002,symbolic,0.0463279079800149,0.03507429274134689,0.24919469475640263,0.2501484644881808,0.1652888455580546,0.2539657944760002
51,23,2985.968963623047,0.25182211304823887,factual,0.11985586559518262,0.05108925635073978,0.25182211304823887,0.2232250156884569,0.15921390398581597,0.19479384533156585
51,24,1805.0552978515625,0.4223196733512035,symbolic,0.031003489345684622,0.03219953887915024,0.1064820866797101,0.3277794169789396,0.08021579476531197,0.4223196733512035
51,25,1725.8003540039062,0.24766712455402665,symbolic,0.08769121182699674,0.06306509805852152,0.238102169888129,0.24606902799606148,0.11740536767626462,0.24766712455402665
51,26,1495.5745239257812,0.31281576875590755,reasoning,0.08607907452215079,0.06404286931663171,0.2470964853867977,0.31281576875590755,0.12105820994582282,0.1689075920726894
51,27,2195.6393432617188,0.4118132434408745,symbolic,0.10945301042952485,0.03928040628959962,0.20733437289905265,0.18692468356093003,0.04519428338001835,0.4118132434408745
51,28,2477.62353515625,0.4905202286165647,symbolic,0.07378941356552092,0.07029303100229338,0.07343442961050008,0.26086447978813493,0.03109841741698598,0.4905202286165647
51,29,1536.0586547851562,0.2846280921460568,symbolic,0.07907835665143562,0.05489600678036547,0.2408997811997043,0.24558869954982332,0.09490906367261452,0.2846280921460568
51,30,2413.4043579101562,0.5254992783858928,symbolic,0.024868177426101985,0.026578494030671845,0.08109912246757604,0.23308675602979037,0.10886817165996686,0.5254992783858928
51,31,1633.1435546875,0.32009602269635523,symbolic,0.08061134734046148,0.04428748447533664,0.18054488354334858,0.19642286940626272,0.17803739253823536,0.32009602269635523
51,32,1408.478515625,0.30828887831921914,symbolic,0.06533361714283337,0.07301311394026966,0.23893012947537307,0.20395309308443146,0.11048116803787332,0.30828887831921914
51,33,885.3728942871094,0.28064209102616827,symbolic,0.08929291391783764,0.039960707156742825,0.23425057422128762,0.20762294808761053,0.14823076559035311,0.28064209102616827
51,34,943.001220703125,0.2715593627290692,factual,0.08316848037285378,0.08475914639434796,0.2715593627290692,0.19080536010954469,0.16558201573941245,0.20412563465477188
51,35,1655.0912170410156,0.3604859967161945,symbolic,0.09079635223117943,0.06714669861610319,0.19644374936628808,0.19594845147868326,0.0891787515915515,0.3604859967161945
51,36,2180.8162841796875,0.25944662282027225,symbolic,0.16371595646004783,0.1015387584621696,0.2523211685794213,0.14082911923915745,0.08214837443893164,0.25944662282027225
51,37,874.4685974121094,0.23147006097139003,factual,0.16987088315040103,0.10851358632389292,0.23147006097139003,0.15790902866616086,0.11059590563981955,0.22164053524833563
51,38,1686.0631713867188,0.2917827639629069,reasoning,0.06018318765989227,0.04152718429707528,0.1748083826727611,0.2917827639629069,0.24323716167617979,0.1884613197311846
51,39,710.316162109375,0.6155907205988751,social_ethical,0.009441974527875496,0.011366046218277994,0.09219561739226075,0.14312955519160805,0.6155907205988751,0.12827608607110266
51,40,1520.2255249023438,0.41992783261985656,factual,0.10827664496961241,0.03884552266146071,0.41992783261985656,0.23020771960112216,0.051552682689364096,0.15118959745858404
51,41,687.460205078125,0.5231362823913458,factual,0.06307751478512429,0.030145565954279314,0.5231362823913458,0.0901337683963951,0.13056277760395932,0.16294409086889616
51,42,2657.6104431152344,0.34829493749978396,symbolic,0.04654711599398098,0.039220790169979466,0.21150338224635615,0.24667228396430554,0.10776149012559388,0.34829493749978396
51,43,1304.0913696289062,0.3575477249546048,reasoning,0.03808308184226953,0.03925415865304848,0.28120179163074743,0.3575477249546048,0.09166737533939652,0.19224586757993326
51,44,1379.8952026367188,0.33018258903637765,symbolic,0.06915131644916671,0.08026104507288792,0.17359183744059623,0.17991480791286243,0.16689840408810908,0.33018258903637765
51,45,1131.131103515625,0.327303478244541,factual,0.04597837350394864,0.050210840961573786,0.327303478244541,0.2522258792306598,0.16276119317616472,0.16152023488311207
51,46,1503.5341796875,0.25194082107326554,reasoning,0.04782384473041707,0.05459613709625563,0.18161246386281282,0.25194082107326554,0.21368293876601938,0.25034379447122956
51,47,1338.5280151367188,0.3744798041699386,symbolic,0.0950773771419027,0.040112185604276214,0.1861179457250362,0.221438208065382,0.08277447929346433,0.3744798041699386
51,48,1674.1087341308594,0.3851165740428398,symbolic,0.06481578214124875,0.06897596568690761,0.1975868798978876,0.15256766227292518,0.1309371359581911,0.3851165740428398
51,49,1864.4266967773438,0.4209838311203277,factual,0.0929956679212566,0.03579619407841098,0.4209838311203277,0.2239821975268283,0.10444794370546644,0.12179416564770995
51,50,2225.3355712890625,0.40786307191534105,social_ethical,0.050100469288202616,0.04068848464688519,0.24337819047107592,0.08633375770826347,0.40786307191534105,0.17163602597023173
51,51,415.07745361328125,0.4365477075723437,social_ethical,0.05079618370594838,0.08134453445409241,0.19619391088677238,0.10122945980437986,0.4365477075723437,0.1338882035764633
51,52,2011.8005981445312,0.3769846014456754,reasoning,0.0779404575802908,0.04060095734575848,0.1837360015176567,0.3769846014456754,0.07912621030800901,0.24161177180260962
51,53,1519.7709655761719,0.2838057661011262,factual,0.09207789862038755,0.095218429852858,0.2838057661011262,0.17003870794402914,0.17658368684005205,0.18227551064154704
51,54,2010.5264892578125,0.47079042536921,symbolic,0.053710229843135796,0.003164253960463097,0.2824828586213686,0.18307363957753361,0.006778592628288865,0.47079042536921
51,55,3090.2064819335938,0.39388367472584357,symbolic,0.19107552619602988,0.026972773799093554,0.225417121247796,0.14451096656379803,0.01813993746743898,0.39388367472584357
51,56,931.7771911621094,0.4323867619641054,reasoning,0.03877772764900323,0.012767127460187882,0.1296782851701344,0.4323867619641054,0.05327920517416292,0.3331108925824061
51,57,1756.9921264648438,0.40387223773428427,symbolic,0.07199589224957384,0.04061718526344187,0.2295374726795238,0.21939968580475352,0.034577526268422705,0.40387223773428427
51,58,1709.6511917114258,0.2925665597772719,symbolic,0.06499135576122818,0.1055033879392443,0.2004524698824991,0.16273748473703795,0.17374874190271858,0.2925665597772719
51,59,680.1378479003906,0.403367434750601,symbolic,0.05546450746512828,0.056997076784208664,0.08323216338743228,0.20679311933988423,0.19414569827274555,0.403367434750601
51,60,1871.2537231445312,0.43370975491689595,symbolic,0.04049288452993369,0.04054461549330611,0.03714863757244659,0.39029942018592423,0.057804687301493435,0.43370975491689595
51,61,2039.425048828125,0.2714756475890003,symbolic,0.08766263421793419,0.08079352509760897,0.24837223625828023,0.2400127611410088,0.07168319569616753,0.2714756475890003
51,62,938.6390991210938,0.24323271795474027,symbolic,0.06529176170906405,0.06764710300238713,0.21149510851495998,0.21171977043778123,0.20061353838106732,0.24323271795474027
51,63,627.2549438476562,0.41653613987425253,symbolic,0.030013004837527106,0.09222551059677754,0.09508793712528382,0.2513309159482706,0.11480649161788839,0.41653613987425253
51,64,2476.4324340820312,0.3465807512712184,symbolic,0.06612295218875971,0.0376260642040324,0.18030994283537516,0.27681271904338234,0.09254757045723197,0.3465807512712184
51,65,811.7780456542969,0.5371895392476707,symbolic,0.15471398244751958,0.03845093275676934,0.13216521305759102,0.09080258852301265,0.04667774396743681,0.5371895392476707
51,66,2852.6202392578125,0.41535922141893855,symbolic,0.027968435509687865,0.052603539825659705,0.1647599467064122,0.24271144714514073,0.09659740939416094,0.41535922141893855
51,67,2522.2007446289062,0.2713016250200218,factual,0.09006010274433796,0.06574085978719689,0.2713016250200218,0.19077950283150819,0.18710800526099564,0.19500990435593954
51,68,1032.8878173828125,0.39382735775816274,factual,0.043461632962894986,0.0468552134943828,0.39382735775816274,0.23439537372995564,0.14432641719466135,0.13713400485994248
51,69,1250.1854858398438,0.27543344520312635,symbolic,0.05776291301305436,0.0739466443431563,0.21229745254109997,0.22518855722532188,0.15537098767424112,0.27543344520312635
51,70,1667.811767578125,0.27838023250724564,factual,0.06003064252095155,0.05886729386269814,0.27838023250724564,0.23585438442171885,0.1395850048533549,0.22728244183403093
51,71,1024.1891479492188,0.4362858504146078,reasoning,0.06600209829195698,0.0368345886236343,0.0816110424625521,0.4362858504146078,0.044754344599609724,0.33451207560763907
51,72,3401.643310546875,0.3469917673206403,symbolic,0.05527027629324665,0.025391905810689643,0.16880604581985198,0.26930851005420103,0.1342314947013704,0.3469917673206403
51,73,1902.78759765625,0.25580718269274444,factual,0.08516487041396142,0.03455979469882412,0.25580718269274444,0.1937882691127763,0.18480424164382592,0.2458756414378678
51,74,1828.8423461914062,0.3031124972896419,symbolic,0.05729509250727037,0.11579991331526461,0.18477818849995192,0.160780927542688,0.17823338084518317,0.3031124972896419
51,75,1640.9323120117188,0.3193845200499088,factual,0.04478684889195792,0.07119417921531439,0.3193845200499088,0.24745171430872231,0.12739953658234032,0.18978320095175624
51,76,2564.0625610351562,0.23101242975385555,symbolic,0.07067686741418944,0.10939139840913985,0.21711827255869437,0.15966547742264917,0.2121355544414716,0.23101242975385555
51,77,184.05517578125,0.2765973815808672,reasoning,0.08904216795553728,0.06719813235352638,0.2363600790566263,0.2765973815808672,0.20893631696931914,0.12186592208412368
51,78,3472.2404174804688,0.46123911034270887,symbolic,0.0857550838263869,0.031987502299865876,0.09568502007244364,0.2741054640137501,0.051227819444844586,0.46123911034270887
51,79,3073.6907348632812,0.34365378710515104,factual,0.03618948688157188,0.09945569391693289,0.34365378710515104,0.15082176697717042,0.1742956407160863,0.1955836244030875
51,80,1985.03564453125,0.31492117658663343,symbolic,0.05536321200151623,0.07814204572149085,0.26318387972704954,0.1777048020184225,0.11068488394488744,0.31492117658663343
51,81,2959.8894653320312,0.43119446817721535,symbolic,0.057872397075572735,0.07132886271235228,0.14840679199013157,0.22476200503769175,0.06643547500703632,0.43119446817721535
51,82,680.2578735351562,0.3663927855082099,factual,0.06538909293521196,0.04458991623857315,0.3663927855082099,0.2350580444122636,0.12924041382299067,0.1593297470827507
51,83,971.4251098632812,0.2632180830794299,factual,0.08161309096748903,0.04721877823643368,0.2632180830794299,0.17686493113239657,0.19154044693493502,0.23954466964931578
51,84,2720.4353637695312,0.34073386574544656,symbolic,0.058611587603975654,0.026197111152338148,0.15714850840152453,0.2940512832685683,0.12325764382814686,0.34073386574544656
51,85,2036.1566162109375,0.2909389248746792,factual,0.15301008171667058,0.03270855046958384,0.2909389248746792,0.2215666543466668,0.03542356669091698,0.26635222190148256
51,86,1609.0567932128906,0.2354591006531119,factual,0.07306875545951867,0.09195340560831838,0.2354591006531119,0.21240391261371402,0.18548431896605466,0.20163050669928234
51,87,1282.6099853515625,0.31426565038006055,symbolic,0.05275740565392622,0.16727580794813737,0.2337937598819698,0.13879660508981465,0.09311077104609142,0.31426565038006055
51,88,1502.9093627929688,0.2983754206877473,symbolic,0.061455509449506444,0.08358214883266575,0.25634082039852146,0.23115013698000383,0.06909596365155522,0.2983754206877473
51,89,2180.807373046875,0.31670570351008054,symbolic,0.0822622270569545,0.06549309287443827,0.2386491449789406,0.2934252697454836,0.0034645618341024834,0.31670570351008054
51,90,1085.3155212402344,0.34240660378236537,symbolic,0.12370591418156852,0.07806480549687589,0.16374677728945414,0.20135976600131725,0.09071613324841885,0.34240660378236537
51,91,2109.2129821777344,0.47711202239188194,symbolic,0.026515925536005073,0.010699490792775157,0.11901455220280158,0.2915392908289209,0.0751187182476154,0.47711202239188194
51,92,1652.4942626953125,0.26349426430054057,symbolic,0.06561669581959623,0.0832216967824961,0.21218335386559425,0.22869560936123356,0.14678837987053928,0.26349426430054057
51,93,2377.1627349853516,0.2720288050810433,symbolic,0.05922171882220971,0.0688192188167055,0.22358133257520038,0.2662022081724164,0.11014671653242472,0.2720288050810433
51,94,3254.586883544922,0.386693273371136,symbolic,0.10377218608318753,0.05157204558699048,0.1355855908104006,0.24604059645649415,0.07633630769179124,0.386693273371136
51,95,969.1987609863281,0.2657525235994352,symbolic,0.12533382579673824,0.14595160602423807,0.22854042694750934,0.10998127914850432,0.12444033848357482,0.2657525235994352
51,96,1600.4002075195312,0.26559808629410436,social_ethical,0.05385116187788264,0.06483008991624524,0.25875192122087687,0.23079992846943,0.26559808629410436,0.12616881222146087
51,97,1500.080322265625,0.36213352182150405,symbolic,0.04039985489058284,0.039468304838494166,0.19060527195076957,0.2756989005634301,0.0916941459352193,0.36213352182150405
51,98,1007.8992309570312,0.3253585068775271,reasoning,0.09980197319501513,0.029024755076492024,0.19222637150715166,0.3253585068775271,0.13207124071989687,0.22151715262391725
51,99,3121.9920959472656,0.33758976425717263,symbolic,0.0830885493817648,0.07287802809651638,0.15477413088537553,0.27097094442573666,0.08069858295343398,0.33758976425717263
51,100,1232.2313842773438,0.34094087145700364,reasoning,0.03245351066792763,0.03249387942738178,0.28714972237933567,0.34094087145700364,0.028589601235412824,0.27837241483293845
51,101,979.2002258300781,0.24953100894699015,symbolic,0.11207179059136925,0.03435293041142965,0.20581421437527816,0.2420034037438814,0.15622665193105137,0.24953100894699015
51,102,2062.1744995117188,0.47249505256023033,symbolic,0.10026529103921378,0.03684548108873835,0.1403923920640056,0.19155624317722728,0.058445540070584646,0.47249505256023033
51,103,618.66015625,0.32903925443719734,reasoning,0.039067778149605055,0.020344257688932103,0.09378374069467157,0.32903925443719734,0.25362150122808236,0.2641434678015116
51,104,1391.024169921875,0.2688729622027385,reasoning,0.16394565464442704,0.04755565247686101,0.16428535699461266,0.2688729622027385,0.0987661547291113,0.25657421895224947
51,105,1435.8485717773438,0.4686499346672168,symbolic,0.025298509756219174,0.03260853809507636,0.1138755575305751,0.3074450382302733,0.05212242172063924,0.4686499346672168
51,106,1848.25244140625,0.365332103462387,symbolic,0.041647271057621206,0.0293903579209774,0.14869746046532026,0.24218387777094125,0.17274892932275288,0.365332103462387
51,107,2282.1058349609375,0.37152291592660736,factual,0.04918686595049342,0.0017861984676018645,0.37152291592660736,0.12670193133344507,0.36525520097313663,0.08554688734871566
51,108,1539.958251953125,0.28843329445473437,symbolic,0.033878917869659936,0.09389736525489845,0.24220908706528513,0.12668134615180346,0.21489998920361864,0.28843329445473437
51,109,2048.9326782226562,0.24856232759571106,symbolic,0.07490525760527056,0.08373521096233381,0.22129387880081072,0.17465916375275534,0.19684416128311852,0.24856232759571106
51,110,1582.5885009765625,0.38418280906455404,factual,0.06406647658444382,0.043519547319944785,0.38418280906455404,0.21971242382602116,0.1335485995866425,0.15497014361839367
51,111,1396.0966186523438,0.3145166138132673,symbolic,0.05354922194960865,0.05289466957324296,0.2576202649275824,0.18120573426703665,0.14021349546926207,0.3145166138132673
51,112,2602.811279296875,0.3245669894753035,symbolic,0.07487969128932574,0.09181499777462301,0.21413719390514033,0.17433668992408394,0.12026443763152353,0.3245669894753035
51,113,2360.2625427246094,0.370700886099565,symbolic,0.06830493956232808,0.07724425063972792,0.19002656065728998,0.2068132922317625,0.08691007080932653,0.370700886099565
51,114,1784.6598510742188,0.32124274026280625,symbolic,0.03705461450970348,0.07623748767393504,0.19565191592697737,0.2729520623332521,0.09686117929332579,0.32124274026280625
51,115,1359.5329895019531,0.3488450527380113,symbolic,0.06642726531176996,0.0795354760425765,0.18401821429832474,0.2575141623828427,0.06365982922647483,0.3488450527380113
51,116,551.7706909179688,0.393995449884964,social_ethical,0.012622492992696742,0.30935262462347396,0.0666833993144629,0.10080052335061648,0.393995449884964,0.11654550983378596
51,117,425.1220703125,0.4167587434675243,reasoning,0.016201688393728823,0.006411301900878654,0.21428271980704072,0.4167587434675243,0.061596508355826106,0.28474903807500146
51,118,2535.8267822265625,0.3726749035417395,symbolic,0.03759603644894963,0.06556321558439883,0.15346008492649743,0.2708578427325631,0.09984791676585156,0.3726749035417395
51,119,1854.2911376953125,0.31720408340740996,symbolic,0.09310646039627914,0.05596351184202237,0.17050637335419394,0.2927670936942677,0.07045247730582693,0.31720408340740996
51,120,1748.9739379882812,0.3496202031680894,symbolic,0.040243322073359906,0.0755180850490988,0.21084310419310096,0.190721617644888,0.133053667871463,0.3496202031680894
51,121,1638.1970825195312,0.30415736889796846,factual,0.07608111721583813,0.05010063069152821,0.30415736889796846,0.257573885103256,0.1341020254639483,0.17798497262746085
51,122,2201.6297607421875,0.4646113710485358,symbolic,0.03261566429920218,0.036488402950340136,0.08461398419173119,0.3609915661399406,0.020679011370250123,0.4646113710485358
51,123,1904.939453125,0.2760012903338258,reasoning,0.1894311432347444,0.028772342460851672,0.25459915320881465,0.2760012903338258,0.11497184539780936,0.13622422536395412
51,124,2311.3455810546875,0.51817205200041,symbolic,0.06659442480338712,0.010909373413448636,0.06716148364394113,0.3083117981775425,0.028850867961270572,0.51817205200041
51,125,1175.1260986328125,0.35092425357858764,factual,0.11970104189076285,0.05420680314706087,0.35092425357858764,0.2636721478838967,0.017348121612198158,0.1941476318874938
51,126,569.9287109375,0.28941447326711295,factual,0.04160912223465448,0.021680364526128027,0.28941447326711295,0.24578933254741633,0.18009143995873936,0.22141526746594883
51,127,657.2190551757812,0.33785991426165063,factual,0.0493742638404952,0.024733566328813007,0.33785991426165063,0.2069587161889015,0.19444510742461119,0.18662843195552847
