problem_id,category,subtype,difficulty,layer,n_tokens,unique_experts,unique_per_token,entropy,concentration,top1_expert,top6_experts,correct,truncated,n_gen_tokens
comp-easy-01,computational,gsm8k_word_problem,easy,1,102,122,1.196078431372549,4.589718293511371,0.026949798484480744,51,"51,117,83,123,80,118",True,False,103
comp-easy-01,computational,gsm8k_word_problem,easy,3,102,116,1.1372549019607843,4.477392809174388,0.03407464425596529,115,"115,117,85,98,64,112",True,False,103
comp-easy-01,computational,gsm8k_word_problem,easy,6,102,108,1.0588235294117647,4.252148954091027,0.0827559663120525,106,"106,23,42,79,37,27",True,False,103
comp-easy-01,computational,gsm8k_word_problem,easy,8,102,93,0.9117647058823529,4.041053567430088,0.08334330656040473,79,"79,120,108,10,47,25",True,False,103
comp-easy-01,computational,gsm8k_word_problem,easy,10,102,84,0.8235294117647058,3.7903050211521028,0.11854262376931977,80,"80,49,21,115,99,66",True,False,103
comp-easy-01,computational,gsm8k_word_problem,easy,13,102,86,0.8431372549019608,3.7842779118654875,0.11496307473279625,125,"125,34,63,95,65,62",True,False,103
comp-easy-01,computational,gsm8k_word_problem,easy,15,102,90,0.8823529411764706,3.934883262202996,0.09652864709866896,70,"70,7,68,33,121,21",True,False,103
comp-easy-01,computational,gsm8k_word_problem,easy,17,102,76,0.7450980392156863,3.693028852194374,0.11762118080255206,3,"3,36,45,19,104,74",True,False,103
comp-easy-01,computational,gsm8k_word_problem,easy,20,102,81,0.7941176470588235,3.724942195832334,0.1381401133383693,26,"26,14,31,1,16,120",True,False,103
comp-easy-01,computational,gsm8k_word_problem,easy,22,102,101,0.9901960784313726,4.169600909913484,0.08677640255534466,7,"7,46,94,58,56,112",True,False,103
comp-easy-01,computational,gsm8k_word_problem,easy,24,102,95,0.9313725490196079,3.8790248426134943,0.08811295599953087,72,"72,67,78,35,6,46",True,False,103
comp-easy-01,computational,gsm8k_word_problem,easy,27,102,85,0.8333333333333334,3.811017401571244,0.1448212078534698,90,"90,70,64,11,118,122",True,False,103
comp-easy-01,computational,gsm8k_word_problem,easy,29,102,94,0.9215686274509803,3.986862465107496,0.08507542029211676,18,"18,45,83,125,102,33",True,False,103
comp-easy-01,computational,gsm8k_word_problem,easy,31,102,103,1.0098039215686274,3.971045140994974,0.1585061990384657,35,"35,25,23,58,112,20",True,False,103
comp-easy-01,computational,gsm8k_word_problem,easy,34,102,89,0.8725490196078431,3.9270060626383096,0.0903632849249436,35,"35,66,80,1,98,95",True,False,103
comp-easy-01,computational,gsm8k_word_problem,easy,36,102,100,0.9803921568627451,4.0864851550775745,0.07477007741636524,127,"127,72,105,26,65,34",True,False,103
comp-easy-01,computational,gsm8k_word_problem,easy,38,102,97,0.9509803921568627,3.900520816404017,0.14290856989943757,27,"27,119,54,64,49,29",True,False,103
comp-easy-01,computational,gsm8k_word_problem,easy,40,102,103,1.0098039215686274,4.119236474366316,0.11297350343473994,12,"12,126,19,44,87,11",True,False,103
comp-easy-01,computational,gsm8k_word_problem,easy,43,102,97,0.9509803921568627,4.161957140117983,0.0548086718085799,7,"7,36,100,91,6,105",True,False,103
comp-easy-01,computational,gsm8k_word_problem,easy,45,102,97,0.9509803921568627,4.069369567487158,0.09935393565015252,99,"99,43,4,36,50,16",True,False,103
comp-easy-01,computational,gsm8k_word_problem,easy,47,102,104,1.0196078431372548,4.188617147876911,0.06100170515635068,34,"34,61,10,97,12,75",True,False,103
comp-easy-01,computational,gsm8k_word_problem,easy,49,102,99,0.9705882352941176,4.087023104652568,0.06981281921048109,104,"104,10,29,50,61,9",True,False,103
comp-easy-01,computational,gsm8k_word_problem,easy,51,102,111,1.088235294117647,4.357473568398473,0.03757848997659602,89,"89,55,12,94,36,19",True,False,103
comp-easy-02,computational,gsm8k_word_problem,easy,1,164,124,0.7560975609756098,4.629451966595338,0.02273546714415058,38,"38,95,2,51,116,26",True,False,165
comp-easy-02,computational,gsm8k_word_problem,easy,3,164,124,0.7560975609756098,4.462886650293509,0.049409023431242885,96,"96,64,78,53,117,112",True,False,165
comp-easy-02,computational,gsm8k_word_problem,easy,6,164,115,0.7012195121951219,4.297639444357143,0.08661441235334365,106,"106,18,79,89,47,23",True,False,165
comp-easy-02,computational,gsm8k_word_problem,easy,8,164,105,0.6402439024390244,4.159099354048623,0.08670432804101108,13,"13,79,10,86,77,116",True,False,165
comp-easy-02,computational,gsm8k_word_problem,easy,10,164,96,0.5853658536585366,3.9838635414489763,0.06595087640738473,80,"80,55,90,49,99,123",True,False,165
comp-easy-02,computational,gsm8k_word_problem,easy,13,164,97,0.5914634146341463,3.7658359387740146,0.15083975356550275,34,"34,35,125,62,63,46",True,False,165
comp-easy-02,computational,gsm8k_word_problem,easy,15,164,106,0.6463414634146342,4.268920813677459,0.05303404721044865,70,"70,68,122,51,124,40",True,False,165
comp-easy-02,computational,gsm8k_word_problem,easy,17,164,89,0.5426829268292683,3.994735419957766,0.07426982888314791,3,"3,36,75,64,30,19",True,False,165
comp-easy-02,computational,gsm8k_word_problem,easy,20,164,100,0.6097560975609756,3.8168201140897637,0.15564117069104116,16,"16,26,19,30,119,58",True,False,165
comp-easy-02,computational,gsm8k_word_problem,easy,22,164,106,0.6463414634146342,4.2286885336470075,0.06534902145728773,7,"7,58,101,56,94,38",True,False,165
comp-easy-02,computational,gsm8k_word_problem,easy,24,164,100,0.6097560975609756,4.064525549635213,0.07349717778887992,72,"72,79,78,30,16,35",True,False,165
comp-easy-02,computational,gsm8k_word_problem,easy,27,164,100,0.6097560975609756,3.9369762527569554,0.1404392149390244,90,"90,118,70,103,122,32",True,False,165
comp-easy-02,computational,gsm8k_word_problem,easy,29,164,104,0.6341463414634146,4.08226714926573,0.05939014743851072,18,"18,45,123,7,83,38",True,False,165
comp-easy-02,computational,gsm8k_word_problem,easy,31,164,116,0.7073170731707317,4.109625803782476,0.1380790796951094,35,"35,67,21,41,58,23",True,False,165
comp-easy-02,computational,gsm8k_word_problem,easy,34,164,105,0.6402439024390244,4.134935327666301,0.06476922163110564,98,"98,35,1,66,50,73",True,False,165
comp-easy-02,computational,gsm8k_word_problem,easy,36,164,105,0.6402439024390244,4.153970683122797,0.07048943703486689,105,"105,35,76,21,6,127",True,False,165
comp-easy-02,computational,gsm8k_word_problem,easy,38,164,107,0.6524390243902439,4.1219945734678465,0.0702586989725283,87,"87,54,29,27,93,19",True,False,165
comp-easy-02,computational,gsm8k_word_problem,easy,40,164,107,0.6524390243902439,4.177620231724928,0.08727320364184188,12,"12,51,22,44,98,90",True,False,165
comp-easy-02,computational,gsm8k_word_problem,easy,43,164,108,0.6585365853658537,4.06674522366257,0.081955357544263,107,"107,78,99,36,24,69",True,False,165
comp-easy-02,computational,gsm8k_word_problem,easy,45,164,116,0.7073170731707317,4.392058758887939,0.0415391190704417,22,"22,108,46,91,125,78",True,False,165
comp-easy-02,computational,gsm8k_word_problem,easy,47,164,118,0.7195121951219512,4.387693763655073,0.06420456761522872,75,"75,61,46,106,19,97",True,False,165
comp-easy-02,computational,gsm8k_word_problem,easy,49,164,111,0.676829268292683,4.194588332262934,0.08810362568419247,22,"22,8,52,41,60,127",True,False,165
comp-easy-02,computational,gsm8k_word_problem,easy,51,164,124,0.7560975609756098,4.453421675643044,0.05472648665965408,55,"55,89,104,123,36,13",True,False,165
comp-easy-03,computational,gsm8k_word_problem,easy,1,98,118,1.2040816326530612,4.5078383787064285,0.028053392325974202,41,"41,33,84,38,123,51",True,False,99
comp-easy-03,computational,gsm8k_word_problem,easy,3,98,113,1.153061224489796,4.360974543640483,0.05255899097260491,115,"115,64,112,75,51,85",True,False,99
comp-easy-03,computational,gsm8k_word_problem,easy,6,98,106,1.0816326530612246,4.282010397715397,0.05890448020432191,106,"106,23,29,27,45,79",True,False,99
comp-easy-03,computational,gsm8k_word_problem,easy,8,98,94,0.9591836734693877,3.789932670958736,0.1690090178069176,86,"86,10,88,43,2,77",True,False,99
comp-easy-03,computational,gsm8k_word_problem,easy,10,98,89,0.9081632653061225,4.04389841572155,0.08445429859744401,4,"4,21,76,99,60,90",True,False,99
comp-easy-03,computational,gsm8k_word_problem,easy,13,98,79,0.8061224489795918,3.7461736951132907,0.10742420958488103,34,"34,113,50,62,65,38",True,False,99
comp-easy-03,computational,gsm8k_word_problem,easy,15,98,89,0.9081632653061225,3.9484171506239476,0.0786782100570194,17,"17,42,68,51,21,108",True,False,99
comp-easy-03,computational,gsm8k_word_problem,easy,17,98,74,0.7551020408163265,3.7023084306815046,0.11612025669642857,3,"3,36,19,45,21,30",True,False,99
comp-easy-03,computational,gsm8k_word_problem,easy,20,98,85,0.8673469387755102,3.704463459220124,0.11198598518499327,16,"16,26,100,120,119,19",True,False,99
comp-easy-03,computational,gsm8k_word_problem,easy,22,98,108,1.1020408163265305,4.175618823020568,0.06605046011207712,7,"7,94,101,9,112,58",True,False,99
comp-easy-03,computational,gsm8k_word_problem,easy,24,98,78,0.7959183673469388,3.848844070069692,0.08671714587368107,65,"65,78,50,120,30,82",True,False,99
comp-easy-03,computational,gsm8k_word_problem,easy,27,98,86,0.8775510204081632,3.879990812452197,0.11983107478567963,90,"90,70,64,11,74,10",True,False,99
comp-easy-03,computational,gsm8k_word_problem,easy,29,98,95,0.9693877551020408,4.0418431133352355,0.06294904952002359,18,"18,45,94,38,47,42",True,False,99
comp-easy-03,computational,gsm8k_word_problem,easy,31,98,96,0.9795918367346939,3.9995314170321237,0.14238750790969742,35,"35,23,20,58,33,19",True,False,99
comp-easy-03,computational,gsm8k_word_problem,easy,34,98,95,0.9693877551020408,4.162504720818427,0.0521911501497039,27,"27,80,66,63,1,98",True,False,99
comp-easy-03,computational,gsm8k_word_problem,easy,36,98,95,0.9693877551020408,4.036006867359214,0.07835753408891044,45,"45,105,79,34,101,20",True,False,99
comp-easy-03,computational,gsm8k_word_problem,easy,38,98,90,0.9183673469387755,3.9265417510649767,0.10388736840689194,51,"51,14,10,54,84,19",True,False,99
comp-easy-03,computational,gsm8k_word_problem,easy,40,98,91,0.9285714285714286,3.8675396251687353,0.16642484588908,59,"59,44,12,92,25,68",True,False,99
comp-easy-03,computational,gsm8k_word_problem,easy,43,98,94,0.9591836734693877,3.880248185561877,0.11718556931146913,103,"103,13,6,36,88,7",True,False,99
comp-easy-03,computational,gsm8k_word_problem,easy,45,98,99,1.010204081632653,4.118012219340126,0.06447289423007456,43,"43,74,16,45,25,78",True,False,99
comp-easy-03,computational,gsm8k_word_problem,easy,47,98,100,1.0204081632653061,4.128178111230414,0.07260751395694709,63,"63,12,90,34,0,75",True,False,99
comp-easy-03,computational,gsm8k_word_problem,easy,49,98,100,1.0204081632653061,4.171676759129366,0.05326647537344778,61,"61,50,62,46,127,49",True,False,99
comp-easy-03,computational,gsm8k_word_problem,easy,51,98,112,1.1428571428571428,4.329072039339116,0.06551468402936332,55,"55,19,10,78,85,12",True,False,99
comp-easy-04,computational,gsm8k_word_problem,easy,1,590,128,0.21694915254237288,4.644182071336084,0.033760095941000025,124,"124,88,33,87,2,8",True,False,591
comp-easy-04,computational,gsm8k_word_problem,easy,3,590,127,0.21525423728813559,4.559906684977434,0.034864520673876034,115,"115,112,64,98,43,117",True,False,591
comp-easy-04,computational,gsm8k_word_problem,easy,6,590,126,0.2135593220338983,4.387378114017426,0.08396902594738158,106,"106,79,23,3,27,83",True,False,591
comp-easy-04,computational,gsm8k_word_problem,easy,8,590,121,0.20508474576271185,4.178235195018339,0.09095131327663539,25,"25,120,79,10,51,47",True,False,591
comp-easy-04,computational,gsm8k_word_problem,easy,10,590,119,0.2016949152542373,3.9710311275091765,0.11466067750786507,115,"115,80,100,49,99,4",True,False,591
comp-easy-04,computational,gsm8k_word_problem,easy,13,590,114,0.19322033898305085,3.9317093628938875,0.11042392576875515,50,"50,34,125,68,95,97",True,False,591
comp-easy-04,computational,gsm8k_word_problem,easy,15,590,125,0.211864406779661,4.25173016599615,0.07607234584400037,22,"22,70,122,40,108,91",True,False,591
comp-easy-04,computational,gsm8k_word_problem,easy,17,590,111,0.188135593220339,3.975005508261805,0.11208509862823623,3,"3,36,45,52,26,74",True,False,591
comp-easy-04,computational,gsm8k_word_problem,easy,20,590,118,0.2,3.876451224304064,0.1447323099280902,26,"26,86,100,16,14,30",True,False,591
comp-easy-04,computational,gsm8k_word_problem,easy,22,590,128,0.21694915254237288,4.31583913526871,0.07086791617738472,7,"7,58,112,56,14,101",True,False,591
comp-easy-04,computational,gsm8k_word_problem,easy,24,590,115,0.19491525423728814,4.2350951980163485,0.045025379530177656,72,"72,113,42,123,67,46",True,False,591
comp-easy-04,computational,gsm8k_word_problem,easy,27,590,117,0.19830508474576272,3.9383559413839526,0.16487861283922842,90,"90,70,103,11,118,74",True,False,591
comp-easy-04,computational,gsm8k_word_problem,easy,29,590,121,0.20508474576271185,4.262071006100696,0.09415942786323334,45,"45,18,38,43,94,80",True,False,591
comp-easy-04,computational,gsm8k_word_problem,easy,31,590,123,0.20847457627118643,3.9845562294966648,0.15959523097991044,35,"35,25,67,58,20,41",True,False,591
comp-easy-04,computational,gsm8k_word_problem,easy,34,590,120,0.2033898305084746,4.238348458712767,0.044606411665811,66,"66,80,1,98,35,63",True,False,591
comp-easy-04,computational,gsm8k_word_problem,easy,36,590,119,0.2016949152542373,4.002610173898301,0.14529442799595305,65,"65,72,37,105,127,34",True,False,591
comp-easy-04,computational,gsm8k_word_problem,easy,38,590,120,0.2033898305084746,4.043292325567281,0.10798391519734786,27,"27,119,54,51,99,64",True,False,591
comp-easy-04,computational,gsm8k_word_problem,easy,40,590,121,0.20508474576271185,4.018273972128956,0.10575648107917986,126,"126,12,10,108,44,60",True,False,591
comp-easy-04,computational,gsm8k_word_problem,easy,43,590,120,0.2033898305084746,4.218142712964005,0.07323657429197022,99,"99,103,2,104,113,7",True,False,591
comp-easy-04,computational,gsm8k_word_problem,easy,45,590,122,0.20677966101694914,4.1001768203096285,0.12185873847766517,99,"99,43,16,67,25,96",True,False,591
comp-easy-04,computational,gsm8k_word_problem,easy,47,590,121,0.20508474576271185,4.282853635171546,0.05632986297420091,23,"23,111,75,12,34,46",True,False,591
comp-easy-04,computational,gsm8k_word_problem,easy,49,590,119,0.2016949152542373,4.096660967788935,0.07764966944447214,104,"104,85,10,41,60,29",True,False,591
comp-easy-04,computational,gsm8k_word_problem,easy,51,590,122,0.20677966101694914,4.436571471724829,0.03977191061019529,55,"55,10,13,123,0,89",True,False,591
comp-easy-05,computational,gsm8k_word_problem,easy,1,490,128,0.2612244897959184,4.72927619308712,0.019860838803701996,80,"80,83,27,72,55,50",True,False,491
comp-easy-05,computational,gsm8k_word_problem,easy,3,490,127,0.25918367346938775,4.61667239341314,0.03197924817172893,112,"112,117,64,115,98,109",True,False,491
comp-easy-05,computational,gsm8k_word_problem,easy,6,490,127,0.25918367346938775,4.504654072832676,0.08290316428109767,106,"106,79,42,23,105,11",True,False,491
comp-easy-05,computational,gsm8k_word_problem,easy,8,490,123,0.2510204081632653,4.522297612202613,0.045367932099768075,79,"79,43,110,119,116,120",True,False,491
comp-easy-05,computational,gsm8k_word_problem,easy,10,490,117,0.23877551020408164,4.192107187142642,0.0769577932214331,99,"99,100,21,124,15,49",True,False,491
comp-easy-05,computational,gsm8k_word_problem,easy,13,490,118,0.24081632653061225,4.105652331864819,0.07539181015459358,34,"34,3,125,95,68,17",True,False,491
comp-easy-05,computational,gsm8k_word_problem,easy,15,490,122,0.24897959183673468,4.159016590220547,0.146868410668091,87,"87,86,125,51,40,122",True,False,491
comp-easy-05,computational,gsm8k_word_problem,easy,17,490,108,0.22040816326530613,4.124577003372836,0.09739316440317473,36,"36,107,6,3,104,127",True,False,491
comp-easy-05,computational,gsm8k_word_problem,easy,20,490,118,0.24081632653061225,4.227721712458988,0.06405646075737605,26,"26,1,76,16,93,54",True,False,491
comp-easy-05,computational,gsm8k_word_problem,easy,22,490,124,0.2530612244897959,4.462850580671439,0.04971610237324654,7,"7,58,48,94,56,88",True,False,491
comp-easy-05,computational,gsm8k_word_problem,easy,24,490,118,0.24081632653061225,4.24179426097142,0.062031961399987845,67,"67,16,79,42,105,35",True,False,491
comp-easy-05,computational,gsm8k_word_problem,easy,27,490,115,0.23469387755102042,4.163358982119138,0.14245932863878866,90,"90,103,11,125,89,39",True,False,491
comp-easy-05,computational,gsm8k_word_problem,easy,29,490,124,0.2530612244897959,4.448300355518145,0.05561987216358963,18,"18,43,52,38,33,19",True,False,491
comp-easy-05,computational,gsm8k_word_problem,easy,31,490,123,0.2510204081632653,4.297039183846993,0.11446263853587887,35,"35,58,57,19,25,98",True,False,491
comp-easy-05,computational,gsm8k_word_problem,easy,34,490,119,0.24285714285714285,4.231891906258479,0.06678091614944781,98,"98,1,35,84,120,116",True,False,491
comp-easy-05,computational,gsm8k_word_problem,easy,36,490,122,0.24897959183673468,4.363341756609432,0.04196077638088777,11,"11,127,14,37,104,76",True,False,491
comp-easy-05,computational,gsm8k_word_problem,easy,38,490,119,0.24285714285714285,4.251877692686508,0.06910099332254388,87,"87,126,79,109,93,54",True,False,491
comp-easy-05,computational,gsm8k_word_problem,easy,40,490,122,0.24897959183673468,4.202414886038024,0.12574201562784312,12,"12,104,126,114,124,10",True,False,491
comp-easy-05,computational,gsm8k_word_problem,easy,43,490,118,0.24081632653061225,4.203731181505825,0.06824065666611129,113,"113,72,24,99,78,107",True,False,491
comp-easy-05,computational,gsm8k_word_problem,easy,45,490,124,0.2530612244897959,4.239299772360915,0.12146148188398902,4,"4,125,22,116,108,43",True,False,491
comp-easy-05,computational,gsm8k_word_problem,easy,47,490,123,0.2510204081632653,4.3884462902474635,0.052528583822061936,70,"70,75,61,77,5,34",True,False,491
comp-easy-05,computational,gsm8k_word_problem,easy,49,490,119,0.24285714285714285,4.2807693388429655,0.04901048356932729,41,"41,60,85,30,46,125",True,False,491
comp-easy-05,computational,gsm8k_word_problem,easy,51,490,126,0.2571428571428571,4.51468102019781,0.05676520200204629,13,"13,123,36,10,17,55",True,False,491
comp-easy-06,computational,gsm8k_word_problem,easy,1,364,128,0.3516483516483517,4.662241473014445,0.028702747680754405,1,"1,21,117,98,109,120",True,False,365
comp-easy-06,computational,gsm8k_word_problem,easy,3,364,127,0.3489010989010989,4.589854325533429,0.028016930886473078,118,"118,70,51,0,9,85",True,False,365
comp-easy-06,computational,gsm8k_word_problem,easy,6,364,124,0.34065934065934067,4.286790234753885,0.09879893157279653,106,"106,86,29,23,124,11",True,False,365
comp-easy-06,computational,gsm8k_word_problem,easy,8,364,111,0.30494505494505497,3.7574361084661585,0.19803989692422644,100,"100,2,105,113,10,119",True,False,365
comp-easy-06,computational,gsm8k_word_problem,easy,10,364,103,0.28296703296703296,3.807670893187625,0.11161108094360155,48,"48,3,76,28,43,51",True,False,365
comp-easy-06,computational,gsm8k_word_problem,easy,13,364,98,0.2692307692307692,3.678382116073697,0.1368922874140295,31,"31,34,51,39,3,40",True,False,365
comp-easy-06,computational,gsm8k_word_problem,easy,15,364,110,0.3021978021978022,3.654662793968696,0.188440707500441,39,"39,87,115,38,69,116",True,False,365
comp-easy-06,computational,gsm8k_word_problem,easy,17,364,98,0.2692307692307692,3.8836644153815554,0.09302844375416937,36,"36,3,64,81,6,7",True,False,365
comp-easy-06,computational,gsm8k_word_problem,easy,20,364,106,0.29120879120879123,3.6678167169765397,0.1780637682154802,100,"100,16,84,11,7,124",True,False,365
comp-easy-06,computational,gsm8k_word_problem,easy,22,364,117,0.32142857142857145,4.1511326543038995,0.06796172571130468,14,"14,59,48,101,7,58",True,False,365
comp-easy-06,computational,gsm8k_word_problem,easy,24,364,114,0.3131868131868132,4.088728103152465,0.07466986248806044,6,"6,42,76,79,55,78",True,False,365
comp-easy-06,computational,gsm8k_word_problem,easy,27,364,102,0.2802197802197802,3.6545573680668486,0.1609430784595294,90,"90,107,14,11,103,69",True,False,365
comp-easy-06,computational,gsm8k_word_problem,easy,29,364,117,0.32142857142857145,4.265023515453352,0.04805006220886753,9,"9,18,98,45,50,40",True,False,365
comp-easy-06,computational,gsm8k_word_problem,easy,31,364,119,0.3269230769230769,4.084529652364919,0.09052641293840805,109,"109,56,35,58,83,53",True,False,365
comp-easy-06,computational,gsm8k_word_problem,easy,34,364,119,0.3269230769230769,4.2659800518411535,0.09908385770086417,98,"98,1,63,48,109,47",True,False,365
comp-easy-06,computational,gsm8k_word_problem,easy,36,364,115,0.3159340659340659,4.236383852536878,0.06697939708401467,96,"96,20,121,14,100,34",True,False,365
comp-easy-06,computational,gsm8k_word_problem,easy,38,364,114,0.3131868131868132,3.812357178859242,0.1922525130698951,30,"30,14,64,121,120,77",True,False,365
comp-easy-06,computational,gsm8k_word_problem,easy,40,364,114,0.3131868131868132,3.9224980501135214,0.12619265154808776,57,"57,106,12,19,28,44",True,False,365
comp-easy-06,computational,gsm8k_word_problem,easy,43,364,113,0.31043956043956045,4.0043648100166855,0.12364716437066918,113,"113,122,91,36,69,104",True,False,365
comp-easy-06,computational,gsm8k_word_problem,easy,45,364,113,0.31043956043956045,4.145228142703842,0.05050539331687747,10,"10,14,16,78,71,93",True,False,365
comp-easy-06,computational,gsm8k_word_problem,easy,47,364,122,0.33516483516483514,4.132243983264714,0.14799572135814415,39,"39,91,75,34,12,61",True,False,365
comp-easy-06,computational,gsm8k_word_problem,easy,49,364,113,0.31043956043956045,4.167322801828552,0.060917823823799115,46,"46,71,117,85,39,30",True,False,365
comp-easy-06,computational,gsm8k_word_problem,easy,51,364,125,0.3434065934065934,4.368319534056902,0.08681004753546917,0,"0,17,123,55,16,36",True,False,365
comp-easy-19,computational,generated_arithmetic,easy,1,54,100,1.8518518518518519,4.39516831132495,0.04477779284777793,51,"51,33,38,5,8,100",True,False,55
comp-easy-19,computational,generated_arithmetic,easy,3,54,91,1.6851851851851851,4.157027303506205,0.07177191840277777,98,"98,117,115,17,112,85",True,False,55
comp-easy-19,computational,generated_arithmetic,easy,6,54,82,1.5185185185185186,4.063377553158271,0.05604513848073567,106,"106,23,37,42,115,45",True,False,55
comp-easy-19,computational,generated_arithmetic,easy,8,54,74,1.3703703703703705,3.696234022538913,0.12063926676384312,114,"114,10,43,13,120,115",True,False,55
comp-easy-19,computational,generated_arithmetic,easy,10,54,64,1.1851851851851851,3.67354403864092,0.1400103444783634,90,"90,60,36,99,31,66",True,False,55
comp-easy-19,computational,generated_arithmetic,easy,13,54,68,1.2592592592592593,3.745761012381564,0.1058177806712963,34,"34,108,62,24,65,13",True,False,55
comp-easy-19,computational,generated_arithmetic,easy,15,54,78,1.4444444444444444,3.9737144491290266,0.0623523837425898,21,"21,68,67,55,14,33",True,False,55
comp-easy-19,computational,generated_arithmetic,easy,17,54,61,1.1296296296296295,3.711754203251328,0.08743375442955793,75,"75,19,21,3,30,59",True,False,55
comp-easy-19,computational,generated_arithmetic,easy,20,54,68,1.2592592592592593,3.6665150231094787,0.10296553769585787,16,"16,31,120,26,116,119",True,False,55
comp-easy-19,computational,generated_arithmetic,easy,22,54,85,1.5740740740740742,3.9902772726005664,0.12413940274052869,46,"46,94,38,112,65,76",True,False,55
comp-easy-19,computational,generated_arithmetic,easy,24,54,69,1.2777777777777777,3.694051738624969,0.11122454054298438,67,"67,78,35,30,3,79",True,False,55
comp-easy-19,computational,generated_arithmetic,easy,27,54,76,1.4074074074074074,3.8558114864480704,0.08711944471572064,64,"64,90,11,122,5,13",True,False,55
comp-easy-19,computational,generated_arithmetic,easy,29,54,68,1.2592592592592593,3.8039830938637147,0.0634795193011502,83,"83,18,45,94,125,76",True,False,55
comp-easy-19,computational,generated_arithmetic,easy,31,54,86,1.5925925925925926,4.074194595439148,0.08015686856063962,35,"35,58,112,33,61,53",True,False,55
comp-easy-19,computational,generated_arithmetic,easy,34,54,74,1.3703703703703705,3.619969104853517,0.19057849730133455,35,"35,84,95,89,27,80",True,False,55
comp-easy-19,computational,generated_arithmetic,easy,36,54,84,1.5555555555555556,4.028048594588666,0.08258312566234687,105,"105,104,35,26,114,12",True,False,55
comp-easy-19,computational,generated_arithmetic,easy,38,54,81,1.5,4.016464320043386,0.06357131812875755,79,"79,19,87,93,29,99",True,False,55
comp-easy-19,computational,generated_arithmetic,easy,40,54,83,1.537037037037037,4.11700550699779,0.042903025129844764,25,"25,96,92,9,57,15",True,False,55
comp-easy-19,computational,generated_arithmetic,easy,43,54,77,1.4259259259259258,3.8294031761675367,0.07862115486689254,105,"105,36,107,7,43,103",True,False,55
comp-easy-19,computational,generated_arithmetic,easy,45,54,78,1.4444444444444444,3.943649033446102,0.0846977315739551,4,"4,50,56,36,78,74",True,False,55
comp-easy-19,computational,generated_arithmetic,easy,47,54,89,1.6481481481481481,4.017799570123768,0.0691969371995703,34,"34,12,77,0,61,64",True,False,55
comp-easy-19,computational,generated_arithmetic,easy,49,54,84,1.5555555555555556,3.996448879867913,0.08984876912991387,9,"9,61,16,49,20,50",True,False,55
comp-easy-19,computational,generated_arithmetic,easy,51,54,104,1.9259259259259258,4.329787738355934,0.03337085814265757,19,"19,99,55,94,12,73",True,False,55
comp-easy-20,computational,generated_arithmetic,easy,1,62,102,1.6451612903225807,4.384558929313353,0.03752847003676297,33,"33,109,38,4,50,36",True,False,63
comp-easy-20,computational,generated_arithmetic,easy,3,62,97,1.564516129032258,4.188361895266949,0.054438045043973676,115,"115,64,117,85,98,96",True,False,63
comp-easy-20,computational,generated_arithmetic,easy,6,62,92,1.4838709677419355,4.194609316193875,0.04077669138291547,106,"106,23,115,29,37,79",True,False,63
comp-easy-20,computational,generated_arithmetic,easy,8,62,85,1.3709677419354838,3.8938624004252267,0.09025886577884183,114,"114,43,13,120,10,77",True,False,63
comp-easy-20,computational,generated_arithmetic,easy,10,62,70,1.1290322580645162,3.781276148594295,0.13087701032559773,90,"90,60,58,66,99,124",True,False,63
comp-easy-20,computational,generated_arithmetic,easy,13,62,70,1.1290322580645162,3.7630862498732545,0.09264299597717987,34,"34,108,62,65,96,35",True,False,63
comp-easy-20,computational,generated_arithmetic,easy,15,62,84,1.3548387096774193,4.115856398269677,0.060112194518802384,21,"21,68,67,33,125,29",True,False,63
comp-easy-20,computational,generated_arithmetic,easy,17,62,65,1.0483870967741935,3.7133471173371055,0.09298823707306623,75,"75,21,19,3,30,124",True,False,63
comp-easy-20,computational,generated_arithmetic,easy,20,62,76,1.2258064516129032,3.7356157786427096,0.09540505802744491,16,"16,31,120,26,119,47",True,False,63
comp-easy-20,computational,generated_arithmetic,easy,22,62,93,1.5,4.076808887156096,0.10038440970939697,46,"46,94,54,50,7,76",True,False,63
comp-easy-20,computational,generated_arithmetic,easy,24,62,75,1.2096774193548387,3.748301661918524,0.11770737596662044,67,"67,78,35,30,36,3",True,False,63
comp-easy-20,computational,generated_arithmetic,easy,27,62,80,1.2903225806451613,3.917724548115703,0.08791999798388367,64,"64,90,13,122,5,118",True,False,63
comp-easy-20,computational,generated_arithmetic,easy,29,62,73,1.1774193548387097,3.825071069585975,0.07324055471856515,83,"83,76,18,33,125,105",True,False,63
comp-easy-20,computational,generated_arithmetic,easy,31,62,92,1.4838709677419355,4.124240469318748,0.06756688644504018,35,"35,58,61,98,112,37",True,False,63
comp-easy-20,computational,generated_arithmetic,easy,34,62,82,1.3225806451612903,3.805279128128761,0.15864182849438402,35,"35,84,89,53,80,66",True,False,63
comp-easy-20,computational,generated_arithmetic,easy,36,62,86,1.3870967741935485,4.034404366033794,0.07836319576741245,104,"104,105,26,3,0,56",True,False,63
comp-easy-20,computational,generated_arithmetic,easy,38,62,86,1.3870967741935485,4.121831477631391,0.057467887885207555,29,"29,79,87,17,19,75",True,False,63
comp-easy-20,computational,generated_arithmetic,easy,40,62,85,1.3709677419354838,4.123022576895962,0.04233562615868536,44,"44,11,92,9,15,96",True,False,63
comp-easy-20,computational,generated_arithmetic,easy,43,62,83,1.3387096774193548,3.847360537449229,0.07642594774412641,7,"7,36,107,105,43,6",True,False,63
comp-easy-20,computational,generated_arithmetic,easy,45,62,79,1.2741935483870968,3.920257164848195,0.07974395241950473,4,"4,36,50,74,103,56",True,False,63
comp-easy-20,computational,generated_arithmetic,easy,47,62,92,1.4838709677419355,3.9756340667051706,0.07854672724595016,34,"34,12,10,77,61,0",True,False,63
comp-easy-20,computational,generated_arithmetic,easy,49,62,88,1.4193548387096775,4.089804376914021,0.08641202352854084,9,"9,61,77,50,16,49",True,False,63
comp-easy-20,computational,generated_arithmetic,easy,51,62,101,1.6290322580645162,4.337263081483349,0.04207512109414531,19,"19,55,12,94,119,73",True,False,63
comp-easy-21,computational,generated_arithmetic,easy,1,67,103,1.537313432835821,4.40001002766616,0.032302002295625555,33,"33,77,109,4,5,38",True,False,68
comp-easy-21,computational,generated_arithmetic,easy,3,67,100,1.492537313432836,4.272945726525764,0.05266728904261234,115,"115,117,98,85,64,125",True,False,68
comp-easy-21,computational,generated_arithmetic,easy,6,67,97,1.4477611940298507,4.226566486520585,0.04329521098471681,106,"106,23,45,46,115,15",True,False,68
comp-easy-21,computational,generated_arithmetic,easy,8,67,86,1.2835820895522387,3.910724780926764,0.10167868433825555,114,"114,43,13,10,120,90",True,False,68
comp-easy-21,computational,generated_arithmetic,easy,10,67,75,1.1194029850746268,3.7873016368622756,0.13891437570736548,90,"90,60,66,99,124,23",True,False,68
comp-easy-21,computational,generated_arithmetic,easy,13,67,73,1.0895522388059702,3.8072996049428767,0.09219346460101534,34,"34,108,65,62,63,30",True,False,68
comp-easy-21,computational,generated_arithmetic,easy,15,67,87,1.2985074626865671,4.112405419872563,0.05098979198444493,21,"21,53,17,68,125,55",True,False,68
comp-easy-21,computational,generated_arithmetic,easy,17,67,65,0.9701492537313433,3.7026715620168686,0.08655781622816032,75,"75,21,30,19,3,102",True,False,68
comp-easy-21,computational,generated_arithmetic,easy,20,67,75,1.1194029850746268,3.767250609284189,0.08753611992726822,16,"16,31,120,47,98,119",True,False,68
comp-easy-21,computational,generated_arithmetic,easy,22,67,96,1.4328358208955223,4.114193865946804,0.0881660590990119,46,"46,94,54,9,50,112",True,False,68
comp-easy-21,computational,generated_arithmetic,easy,24,67,81,1.208955223880597,3.8451742349963425,0.10446901887391977,67,"67,78,35,30,79,3",True,False,68
comp-easy-21,computational,generated_arithmetic,easy,27,67,83,1.2388059701492538,3.9805287806942937,0.07476057943384443,64,"64,90,122,13,11,5",True,False,68
comp-easy-21,computational,generated_arithmetic,easy,29,67,80,1.1940298507462686,3.896678068099482,0.06586851440554904,83,"83,76,94,18,33,47",True,False,68
comp-easy-21,computational,generated_arithmetic,easy,31,67,93,1.3880597014925373,4.147823925182168,0.05791877495603656,35,"35,58,33,98,61,53",True,False,68
comp-easy-21,computational,generated_arithmetic,easy,34,67,79,1.1791044776119404,3.808084224012121,0.15222332603179245,35,"35,84,27,89,80,53",True,False,68
comp-easy-21,computational,generated_arithmetic,easy,36,67,89,1.328358208955224,4.099273405838268,0.07664928303448838,104,"104,105,12,26,35,0",True,False,68
comp-easy-21,computational,generated_arithmetic,easy,38,67,91,1.3582089552238805,4.14198782595252,0.04775276190448427,79,"79,29,19,87,84,93",True,False,68
comp-easy-21,computational,generated_arithmetic,easy,40,67,91,1.3582089552238805,4.169277673683585,0.05097192980154748,25,"25,96,44,9,124,11",True,False,68
comp-easy-21,computational,generated_arithmetic,easy,43,67,81,1.208955223880597,3.901368459495174,0.0719840132698023,7,"7,107,36,105,43,103",True,False,68
comp-easy-21,computational,generated_arithmetic,easy,45,67,83,1.2388059701492538,3.9492335743741687,0.07552232693012637,36,"36,4,50,78,56,103",True,False,68
comp-easy-21,computational,generated_arithmetic,easy,47,67,93,1.3880597014925373,4.021628046292039,0.07907409944641863,34,"34,12,77,61,0,10",True,False,68
comp-easy-21,computational,generated_arithmetic,easy,49,67,92,1.373134328358209,4.071768437294529,0.08065648081681139,9,"9,61,33,16,56,115",True,False,68
comp-easy-21,computational,generated_arithmetic,easy,51,67,105,1.5671641791044777,4.340672925178402,0.038094821649157715,19,"19,99,55,12,94,53",True,False,68
comp-easy-22,computational,generated_arithmetic,easy,1,72,111,1.5416666666666667,4.468379699955989,0.03326284893507071,36,"36,125,51,76,38,50",True,False,73
comp-easy-22,computational,generated_arithmetic,easy,3,72,110,1.5277777777777777,4.381201172369197,0.045651491323192024,37,"37,98,115,117,96,64",True,False,73
comp-easy-22,computational,generated_arithmetic,easy,6,72,102,1.4166666666666667,4.2781143248021065,0.049929062238052484,23,"23,106,109,117,15,29",True,False,73
comp-easy-22,computational,generated_arithmetic,easy,8,72,85,1.1805555555555556,3.8500150461374627,0.1254826857059927,10,"10,114,43,77,90,98",True,False,73
comp-easy-22,computational,generated_arithmetic,easy,10,72,83,1.1527777777777777,3.9084675330531806,0.10518813095178352,90,"90,60,99,46,66,36",True,False,73
comp-easy-22,computational,generated_arithmetic,easy,13,72,73,1.0138888888888888,3.68196290268511,0.10190512618103989,34,"34,62,46,108,24,65",True,False,73
comp-easy-22,computational,generated_arithmetic,easy,15,72,86,1.1944444444444444,4.014788041158512,0.06236686751686091,68,"68,21,17,15,14,33",True,False,73
comp-easy-22,computational,generated_arithmetic,easy,17,72,78,1.0833333333333333,3.903865420585553,0.07442888125423007,19,"19,75,3,32,30,59",True,False,73
comp-easy-22,computational,generated_arithmetic,easy,20,72,76,1.0555555555555556,3.7823797919012487,0.1068833576798762,16,"16,120,31,26,98,28",True,False,73
comp-easy-22,computational,generated_arithmetic,easy,22,72,94,1.3055555555555556,4.138292544921191,0.0859677903927288,46,"46,94,58,7,38,65",True,False,73
comp-easy-22,computational,generated_arithmetic,easy,24,72,73,1.0138888888888888,3.7542037928234064,0.09446046424570245,67,"67,3,78,46,35,30",True,False,73
comp-easy-22,computational,generated_arithmetic,easy,27,72,90,1.25,3.9757517565180556,0.08910716513945628,64,"64,90,122,118,84,13",True,False,73
comp-easy-22,computational,generated_arithmetic,easy,29,72,79,1.0972222222222223,3.8730616242625855,0.09651186171823421,18,"18,76,83,45,125,102",True,False,73
comp-easy-22,computational,generated_arithmetic,easy,31,72,97,1.3472222222222223,4.217926433754618,0.06736143088786907,35,"35,75,58,33,61,53",True,False,73
comp-easy-22,computational,generated_arithmetic,easy,34,72,86,1.1944444444444444,3.776661788219141,0.16239207848812567,35,"35,84,1,4,95,89",True,False,73
comp-easy-22,computational,generated_arithmetic,easy,36,72,95,1.3194444444444444,4.026019001261457,0.1046269615266457,105,"105,104,63,82,26,20",True,False,73
comp-easy-22,computational,generated_arithmetic,easy,38,72,84,1.1666666666666667,4.072862805870411,0.05222329445927718,29,"29,79,101,99,19,41",True,False,73
comp-easy-22,computational,generated_arithmetic,easy,40,72,89,1.2361111111111112,4.075170543294884,0.05636567088264216,9,"9,15,124,96,12,44",True,False,73
comp-easy-22,computational,generated_arithmetic,easy,43,72,85,1.1805555555555556,3.8903263337913345,0.061511105324085845,105,"105,36,7,107,15,46",True,False,73
comp-easy-22,computational,generated_arithmetic,easy,45,72,91,1.2638888888888888,4.006344794514965,0.08349564339890841,4,"4,50,36,74,78,56",True,False,73
comp-easy-22,computational,generated_arithmetic,easy,47,72,95,1.3194444444444444,4.116197556147355,0.057262176757535005,34,"34,0,12,77,61,70",True,False,73
comp-easy-22,computational,generated_arithmetic,easy,49,72,91,1.2638888888888888,4.035032511414944,0.07363984388510432,9,"9,50,21,41,61,25",True,False,73
comp-easy-22,computational,generated_arithmetic,easy,51,72,109,1.5138888888888888,4.410698020763898,0.03243262671792248,94,"94,19,65,55,101,12",True,False,73
comp-easy-23,computational,generated_arithmetic,easy,1,165,123,0.7454545454545455,4.593411257650153,0.027747856307498545,51,"51,50,68,121,117,85",True,False,166
comp-easy-23,computational,generated_arithmetic,easy,3,165,121,0.7333333333333333,4.470369067582631,0.04433573924957904,98,"98,115,117,64,17,85",True,False,166
comp-easy-23,computational,generated_arithmetic,easy,6,165,119,0.7212121212121212,4.444266023873823,0.043091493740201034,106,"106,23,42,117,37,81",True,False,166
comp-easy-23,computational,generated_arithmetic,easy,8,165,108,0.6545454545454545,4.192883292191981,0.06826384376002452,10,"10,43,114,90,77,41",True,False,166
comp-easy-23,computational,generated_arithmetic,easy,10,165,97,0.5878787878787879,3.9928620248311844,0.12119266169073253,90,"90,46,66,99,49,60",True,False,166
comp-easy-23,computational,generated_arithmetic,easy,13,165,90,0.5454545454545454,3.8840739366417862,0.08438870508578902,62,"62,34,108,65,24,74",True,False,166
comp-easy-23,computational,generated_arithmetic,easy,15,165,106,0.6424242424242425,4.216503455869843,0.0493513841754074,29,"29,53,17,21,40,68",True,False,166
comp-easy-23,computational,generated_arithmetic,easy,17,165,93,0.5636363636363636,4.038020423727218,0.05667477897318559,75,"75,32,3,19,30,87",True,False,166
comp-easy-23,computational,generated_arithmetic,easy,20,165,93,0.5636363636363636,3.91411227366651,0.1045627809624255,16,"16,120,31,26,98,47",True,False,166
comp-easy-23,computational,generated_arithmetic,easy,22,165,111,0.6727272727272727,4.304719221443599,0.08133081515476322,46,"46,94,54,7,65,36",True,False,166
comp-easy-23,computational,generated_arithmetic,easy,24,165,96,0.5818181818181818,4.032008645930823,0.07535095854785814,67,"67,3,79,35,78,76",True,False,166
comp-easy-23,computational,generated_arithmetic,easy,27,165,102,0.6181818181818182,4.154757774539101,0.09286458333333333,90,"90,64,122,39,99,13",True,False,166
comp-easy-23,computational,generated_arithmetic,easy,29,165,106,0.6424242424242425,4.218983526172016,0.05984205272859578,83,"83,18,45,76,38,66",True,False,166
comp-easy-23,computational,generated_arithmetic,easy,31,165,113,0.6848484848484848,4.350441548092386,0.07784805743848096,35,"35,61,58,33,27,21",True,False,166
comp-easy-23,computational,generated_arithmetic,easy,34,165,104,0.6303030303030303,3.962908100880443,0.17361993395643285,35,"35,84,98,95,1,4",True,False,166
comp-easy-23,computational,generated_arithmetic,easy,36,165,113,0.6848484848484848,4.230174070127589,0.09594240082385998,105,"105,104,35,70,20,34",True,False,166
comp-easy-23,computational,generated_arithmetic,easy,38,165,106,0.6424242424242425,4.249161648089729,0.03867753030800276,87,"87,93,29,19,119,54",True,False,166
comp-easy-23,computational,generated_arithmetic,easy,40,165,105,0.6363636363636364,4.248062864061844,0.043289612848507665,96,"96,124,12,9,15,114",True,False,166
comp-easy-23,computational,generated_arithmetic,easy,43,165,105,0.6363636363636364,4.06578440042213,0.06273398624824478,46,"46,105,77,107,103,15",True,False,166
comp-easy-23,computational,generated_arithmetic,easy,45,165,108,0.6545454545454545,4.2259764536837086,0.06515051259864608,4,"4,56,78,50,36,23",True,False,166
comp-easy-23,computational,generated_arithmetic,easy,47,165,117,0.7090909090909091,4.341203234302251,0.04588734160770528,77,"77,34,12,0,61,41",True,False,166
comp-easy-23,computational,generated_arithmetic,easy,49,165,111,0.6727272727272727,4.276881573658128,0.06797538423294719,9,"9,21,41,50,49,20",True,False,166
comp-easy-23,computational,generated_arithmetic,easy,51,165,122,0.7393939393939394,4.515910303784343,0.032872703942954835,12,"12,19,65,94,99,31",True,False,166
comp-easy-24,computational,generated_arithmetic,easy,1,62,104,1.6774193548387097,4.450098283237441,0.02947317023228708,33,"33,4,116,109,36,51",True,False,63
comp-easy-24,computational,generated_arithmetic,easy,3,62,101,1.6290322580645162,4.255179206304141,0.04899708525070703,115,"115,85,96,117,98,64",True,False,63
comp-easy-24,computational,generated_arithmetic,easy,6,62,95,1.532258064516129,4.155868731559691,0.04916480937492617,23,"23,106,29,45,115,79",True,False,63
comp-easy-24,computational,generated_arithmetic,easy,8,62,87,1.403225806451613,3.9693916563771126,0.08476941565979458,114,"114,43,13,10,77,120",True,False,63
comp-easy-24,computational,generated_arithmetic,easy,10,62,70,1.1290322580645162,3.75828315663946,0.14957204376273867,90,"90,60,66,99,58,103",True,False,63
comp-easy-24,computational,generated_arithmetic,easy,13,62,69,1.1129032258064515,3.76608474159128,0.09314160964729898,34,"34,108,62,65,96,13",True,False,63
comp-easy-24,computational,generated_arithmetic,easy,15,62,82,1.3225806451612903,4.071597052358288,0.05289690199589999,21,"21,68,125,53,33,67",True,False,63
comp-easy-24,computational,generated_arithmetic,easy,17,62,67,1.0806451612903225,3.72620098813178,0.0837298021423098,75,"75,21,19,3,30,124",True,False,63
comp-easy-24,computational,generated_arithmetic,easy,20,62,74,1.1935483870967742,3.6982501403588914,0.10109948266588123,16,"16,31,120,119,26,47",True,False,63
comp-easy-24,computational,generated_arithmetic,easy,22,62,87,1.403225806451613,4.04547130131358,0.10408216947059537,46,"46,94,76,17,38,7",True,False,63
comp-easy-24,computational,generated_arithmetic,easy,24,62,75,1.2096774193548387,3.7248244427475323,0.11184387723760997,67,"67,78,30,35,36,79",True,False,63
comp-easy-24,computational,generated_arithmetic,easy,27,62,85,1.3709677419354838,3.969730051729634,0.07807336703995968,90,"90,64,122,13,5,11",True,False,63
comp-easy-24,computational,generated_arithmetic,easy,29,62,79,1.2741935483870968,3.893712242459029,0.06484095725704132,83,"83,18,76,94,33,125",True,False,63
comp-easy-24,computational,generated_arithmetic,easy,31,62,85,1.3709677419354838,4.0821582711438795,0.06521242630485494,35,"35,58,33,112,98,61",True,False,63
comp-easy-24,computational,generated_arithmetic,easy,34,62,82,1.3225806451612903,3.7624881355664366,0.17210665783567625,35,"35,84,27,89,53,86",True,False,63
comp-easy-24,computational,generated_arithmetic,easy,36,62,82,1.3225806451612903,4.03509167251857,0.0837367391891562,105,"105,104,35,26,114,20",True,False,63
comp-easy-24,computational,generated_arithmetic,easy,38,62,82,1.3225806451612903,4.042275663260498,0.056150334868541256,29,"29,87,79,84,108,19",True,False,63
comp-easy-24,computational,generated_arithmetic,easy,40,62,81,1.3064516129032258,4.067340472304986,0.046125833238826096,25,"25,96,92,44,22,9",True,False,63
comp-easy-24,computational,generated_arithmetic,easy,43,62,73,1.1774193548387097,3.7692783985075797,0.06826844927198382,105,"105,36,7,107,43,6",True,False,63
comp-easy-24,computational,generated_arithmetic,easy,45,62,82,1.3225806451612903,3.9883246948972984,0.07885818961341909,4,"4,36,50,56,45,7",True,False,63
comp-easy-24,computational,generated_arithmetic,easy,47,62,94,1.5161290322580645,4.02769589956851,0.06946282085207726,34,"34,12,77,10,61,0",True,False,63
comp-easy-24,computational,generated_arithmetic,easy,49,62,86,1.3870967741935485,4.07297935903191,0.07987185222053515,9,"9,61,15,49,41,16",True,False,63
comp-easy-24,computational,generated_arithmetic,easy,51,62,106,1.7096774193548387,4.3845134219329145,0.03395096365687554,19,"19,55,94,12,73,21",True,False,63
comp-hard-13,computational,gsm8k_word_problem,hard,1,199,127,0.6381909547738693,4.59225332976586,0.04045859833853059,51,"51,8,33,9,36,50",True,False,200
comp-hard-13,computational,gsm8k_word_problem,hard,3,199,124,0.6231155778894473,4.4037617530545585,0.05226695168418214,98,"98,64,117,96,115,85",True,False,200
comp-hard-13,computational,gsm8k_word_problem,hard,6,199,118,0.592964824120603,4.39496159449342,0.05796086558281927,106,"106,23,37,42,79,117",True,False,200
comp-hard-13,computational,gsm8k_word_problem,hard,8,199,112,0.5628140703517588,4.071412453158176,0.11032233844432503,114,"114,10,13,90,120,43",True,False,200
comp-hard-13,computational,gsm8k_word_problem,hard,10,199,102,0.5125628140703518,4.0001102232775585,0.12679691284080186,90,"90,66,23,4,55,127",True,False,200
comp-hard-13,computational,gsm8k_word_problem,hard,13,199,100,0.5025125628140703,3.933712768409571,0.09243805316140075,34,"34,35,108,68,65,24",True,False,200
comp-hard-13,computational,gsm8k_word_problem,hard,15,199,113,0.5678391959798995,4.26372733917253,0.05244362830134328,68,"68,51,87,17,35,125",True,False,200
comp-hard-13,computational,gsm8k_word_problem,hard,17,199,96,0.4824120603015075,4.013412461937278,0.0886184718695743,3,"3,36,21,75,19,74",True,False,200
comp-hard-13,computational,gsm8k_word_problem,hard,20,199,104,0.5226130653266332,3.952241654179433,0.10232192031061337,31,"31,86,26,16,30,76",True,False,200
comp-hard-13,computational,gsm8k_word_problem,hard,22,199,115,0.5778894472361809,4.200466494959099,0.11066955873115578,46,"46,94,101,7,56,38",True,False,200
comp-hard-13,computational,gsm8k_word_problem,hard,24,199,104,0.5226130653266332,3.961816471426617,0.15247764580831608,67,"67,41,35,78,24,16",True,False,200
comp-hard-13,computational,gsm8k_word_problem,hard,27,199,110,0.5527638190954773,4.150077328809132,0.11421471190035522,90,"90,11,101,118,64,74",True,False,200
comp-hard-13,computational,gsm8k_word_problem,hard,29,199,111,0.5577889447236181,4.206786651294285,0.07613791621092275,45,"45,18,33,83,125,38",True,False,200
comp-hard-13,computational,gsm8k_word_problem,hard,31,199,117,0.5879396984924623,4.134181341202766,0.1253413703298208,35,"35,61,121,23,58,21",True,False,200
comp-hard-13,computational,gsm8k_word_problem,hard,34,199,102,0.5125628140703518,3.7212144291382394,0.2006056006326832,35,"35,84,95,40,89,27",True,False,200
comp-hard-13,computational,gsm8k_word_problem,hard,36,199,117,0.5879396984924623,4.334318146258034,0.06276619185000852,11,"11,127,34,105,26,104",True,False,200
comp-hard-13,computational,gsm8k_word_problem,hard,38,199,109,0.5477386934673367,4.108494204478691,0.08575099968813803,79,"79,87,93,29,54,18",True,False,200
comp-hard-13,computational,gsm8k_word_problem,hard,40,199,111,0.5577889447236181,4.29729372823824,0.0561263761137544,12,"12,51,126,114,90,44",True,False,200
comp-hard-13,computational,gsm8k_word_problem,hard,43,199,107,0.5376884422110553,3.9951887572240374,0.0731742087548862,77,"77,105,107,7,56,43",True,False,200
comp-hard-13,computational,gsm8k_word_problem,hard,45,199,112,0.5628140703517588,4.057904467408573,0.12833580868754862,4,"4,56,78,74,36,25",True,False,200
comp-hard-13,computational,gsm8k_word_problem,hard,47,199,115,0.5778894472361809,4.271101483519823,0.0578556482070368,34,"34,77,12,61,70,3",True,False,200
comp-hard-13,computational,gsm8k_word_problem,hard,49,199,113,0.5678391959798995,4.151743447784637,0.1193223502992763,9,"9,8,41,16,115,20",True,False,200
comp-hard-13,computational,gsm8k_word_problem,hard,51,199,122,0.6130653266331658,4.442231271743933,0.04196834229317356,55,"55,12,19,94,81,10",True,False,200
comp-hard-14,computational,gsm8k_word_problem,hard,1,1032,128,0.12403100775193798,4.668585764768481,0.028913771237112598,124,"124,8,33,53,5,98",True,False,1033
comp-hard-14,computational,gsm8k_word_problem,hard,3,1032,128,0.12403100775193798,4.5896272935241935,0.03514451610949612,112,"112,51,68,115,64,117",True,False,1033
comp-hard-14,computational,gsm8k_word_problem,hard,6,1032,127,0.12306201550387597,4.4509203496513745,0.06890842708383309,106,"106,23,124,110,66,62",True,False,1033
comp-hard-14,computational,gsm8k_word_problem,hard,8,1032,119,0.11531007751937984,4.04554915317885,0.1479547631853967,88,"88,43,10,55,114,47",True,False,1033
comp-hard-14,computational,gsm8k_word_problem,hard,10,1032,121,0.11724806201550388,4.010030495700077,0.13124184483475998,80,"80,84,120,109,4,119",True,False,1033
comp-hard-14,computational,gsm8k_word_problem,hard,13,1032,114,0.11046511627906977,3.9074943989003175,0.09877590424196556,80,"80,47,3,113,95,34",True,False,1033
comp-hard-14,computational,gsm8k_word_problem,hard,15,1032,124,0.12015503875968993,4.303549606345754,0.06331305580952666,42,"42,67,110,58,68,40",True,False,1033
comp-hard-14,computational,gsm8k_word_problem,hard,17,1032,117,0.11337209302325581,4.059560897711912,0.09669425061596183,36,"36,3,64,81,79,107",True,False,1033
comp-hard-14,computational,gsm8k_word_problem,hard,20,1032,121,0.11724806201550388,3.9446484210872805,0.10904617375023255,100,"100,76,26,126,93,65",True,False,1033
comp-hard-14,computational,gsm8k_word_problem,hard,22,1032,128,0.12403100775193798,4.391579561330471,0.050537924983495054,101,"101,7,58,108,14,94",True,False,1033
comp-hard-14,computational,gsm8k_word_problem,hard,24,1032,123,0.11918604651162791,4.146016453795846,0.08880133891279907,43,"43,6,42,46,16,105",True,False,1033
comp-hard-14,computational,gsm8k_word_problem,hard,27,1032,120,0.11627906976744186,4.034027891431655,0.15203921170075274,90,"90,107,61,11,103,69",True,False,1033
comp-hard-14,computational,gsm8k_word_problem,hard,29,1032,125,0.12112403100775193,4.314281662366814,0.06411104938472982,45,"45,18,38,43,94,83",True,False,1033
comp-hard-14,computational,gsm8k_word_problem,hard,31,1032,124,0.12015503875968993,4.105223520345227,0.11461390215680181,35,"35,5,58,23,91,63",True,False,1033
comp-hard-14,computational,gsm8k_word_problem,hard,34,1032,122,0.1182170542635659,4.278229039690962,0.06311490220683591,98,"98,1,120,27,51,63",True,False,1033
comp-hard-14,computational,gsm8k_word_problem,hard,36,1032,125,0.12112403100775193,4.1404867904671105,0.1095307435311565,94,"94,20,127,37,104,34",True,False,1033
comp-hard-14,computational,gsm8k_word_problem,hard,38,1032,126,0.12209302325581395,3.918967367461403,0.17165710423797206,14,"14,51,50,54,67,91",True,False,1033
comp-hard-14,computational,gsm8k_word_problem,hard,40,1032,123,0.11918604651162791,4.133809195949683,0.07521394817929655,111,"111,108,44,114,17,59",True,False,1033
comp-hard-14,computational,gsm8k_word_problem,hard,43,1032,124,0.12015503875968993,4.114311664053104,0.12397189759994821,103,"103,111,104,7,36,49",True,False,1033
comp-hard-14,computational,gsm8k_word_problem,hard,45,1032,125,0.12112403100775193,4.205061891289317,0.09299260732442981,43,"43,72,16,13,68,25",True,False,1033
comp-hard-14,computational,gsm8k_word_problem,hard,47,1032,123,0.11918604651162791,4.191826880915877,0.1217922859009193,90,"90,75,12,34,77,15",True,False,1033
comp-hard-14,computational,gsm8k_word_problem,hard,49,1032,124,0.12015503875968993,4.359980460287077,0.07311503393334229,85,"85,97,60,20,117,46",True,False,1033
comp-hard-14,computational,gsm8k_word_problem,hard,51,1032,126,0.12209302325581395,4.551391951713246,0.03677557855361566,55,"55,19,49,10,94,85",True,False,1033
comp-hard-15,computational,gsm8k_word_problem,hard,1,115,118,1.0260869565217392,4.518370112757771,0.04160487091357228,51,"51,5,33,38,84,8",True,False,116
comp-hard-15,computational,gsm8k_word_problem,hard,3,115,120,1.0434782608695652,4.419164382528654,0.05621423876657818,98,"98,59,112,115,117,85",True,False,116
comp-hard-15,computational,gsm8k_word_problem,hard,6,115,115,1.0,4.36519364261344,0.048345233813980565,104,"104,23,106,37,29,45",True,False,116
comp-hard-15,computational,gsm8k_word_problem,hard,8,115,103,0.8956521739130435,4.146261960979262,0.09398838148340315,10,"10,120,114,2,110,86",True,False,116
comp-hard-15,computational,gsm8k_word_problem,hard,10,115,87,0.7565217391304347,3.58865259295992,0.17896673013004616,80,"80,66,74,109,90,36",True,False,116
comp-hard-15,computational,gsm8k_word_problem,hard,13,115,89,0.7739130434782608,3.9542837416953716,0.07612365657142081,108,"108,65,13,80,95,34",True,False,116
comp-hard-15,computational,gsm8k_word_problem,hard,15,115,97,0.8434782608695652,4.101118608227925,0.0811919451734432,48,"48,68,125,32,29,21",True,False,116
comp-hard-15,computational,gsm8k_word_problem,hard,17,115,85,0.7391304347826086,3.941047294066874,0.08341584620845555,3,"3,36,21,19,64,75",True,False,116
comp-hard-15,computational,gsm8k_word_problem,hard,20,115,94,0.8173913043478261,3.8065826977111734,0.13554051380294513,31,"31,26,120,100,119,116",True,False,116
comp-hard-15,computational,gsm8k_word_problem,hard,22,115,99,0.8608695652173913,4.065184350621524,0.10033865719196462,46,"46,94,7,101,58,88",True,False,116
comp-hard-15,computational,gsm8k_word_problem,hard,24,115,91,0.7913043478260869,3.9497172745650526,0.07646236112632568,67,"67,117,6,78,35,55",True,False,116
comp-hard-15,computational,gsm8k_word_problem,hard,27,115,93,0.808695652173913,3.9586561982489767,0.13614944534601017,90,"90,64,11,5,69,122",True,False,116
comp-hard-15,computational,gsm8k_word_problem,hard,29,115,91,0.7913043478260869,3.8413820333991313,0.11568377983567095,45,"45,88,18,94,33,47",True,False,116
comp-hard-15,computational,gsm8k_word_problem,hard,31,115,97,0.8434782608695652,4.07626415114277,0.08963083295898343,35,"35,121,58,65,50,80",True,False,116
comp-hard-15,computational,gsm8k_word_problem,hard,34,115,92,0.8,3.7654256118318243,0.18467532008481355,35,"35,80,27,26,84,95",True,False,116
comp-hard-15,computational,gsm8k_word_problem,hard,36,115,105,0.9130434782608695,4.065218970301257,0.09861829261354228,60,"60,127,105,34,104,12",True,False,116
comp-hard-15,computational,gsm8k_word_problem,hard,38,115,100,0.8695652173913043,3.9794158428294946,0.08991813465386723,29,"29,51,54,19,14,84",True,False,116
comp-hard-15,computational,gsm8k_word_problem,hard,40,115,102,0.8869565217391304,3.8253379981465176,0.18696803745254106,57,"57,59,44,25,114,48",True,False,116
comp-hard-15,computational,gsm8k_word_problem,hard,43,115,91,0.7913043478260869,3.9539162761614204,0.06700971178011371,105,"105,7,77,46,14,36",True,False,116
comp-hard-15,computational,gsm8k_word_problem,hard,45,115,98,0.8521739130434782,3.8567266388945893,0.14913493399275474,106,"106,43,66,16,74,25",True,False,116
comp-hard-15,computational,gsm8k_word_problem,hard,47,115,102,0.8869565217391304,4.125115902117822,0.06768291958009297,12,"12,34,75,64,8,61",True,False,116
comp-hard-15,computational,gsm8k_word_problem,hard,49,115,94,0.8173913043478261,3.9089032454701598,0.09430404886568623,9,"9,120,8,61,20,49",True,False,116
comp-hard-15,computational,gsm8k_word_problem,hard,51,115,116,1.008695652173913,4.406370048713888,0.04800832882026142,55,"55,19,78,85,8,67",True,False,116
comp-hard-16,computational,gsm8k_word_problem,hard,1,136,119,0.875,4.562418304945996,0.02814726998623836,33,"33,64,109,41,13,38",True,False,137
comp-hard-16,computational,gsm8k_word_problem,hard,3,136,120,0.8823529411764706,4.4258050892149905,0.05243894820515729,115,"115,112,64,34,117,95",True,False,137
comp-hard-16,computational,gsm8k_word_problem,hard,6,136,119,0.875,4.388243072466291,0.047983725616069874,106,"106,23,79,45,46,29",True,False,137
comp-hard-16,computational,gsm8k_word_problem,hard,8,136,108,0.7941176470588235,4.334186090939597,0.03382108380270161,54,"54,116,81,93,5,77",True,False,137
comp-hard-16,computational,gsm8k_word_problem,hard,10,136,102,0.75,4.151442774833103,0.07713750042185973,66,"66,55,4,0,53,21",True,False,137
comp-hard-16,computational,gsm8k_word_problem,hard,13,136,96,0.7058823529411765,4.105338446569795,0.07711979813856934,34,"34,65,13,96,62,63",True,False,137
comp-hard-16,computational,gsm8k_word_problem,hard,15,136,107,0.7867647058823529,4.3210461426060975,0.035857370428386326,29,"29,33,69,67,87,40",True,False,137
comp-hard-16,computational,gsm8k_word_problem,hard,17,136,83,0.6102941176470589,3.9369823708061165,0.07837764479313421,21,"21,36,30,19,74,121",True,False,137
comp-hard-16,computational,gsm8k_word_problem,hard,20,136,99,0.7279411764705882,3.9276377346937155,0.10475526097441795,16,"16,120,26,119,30,98",True,False,137
comp-hard-16,computational,gsm8k_word_problem,hard,22,136,112,0.8235294117647058,4.263866213595469,0.06535909227831235,94,"94,7,9,58,29,88",True,False,137
comp-hard-16,computational,gsm8k_word_problem,hard,24,136,99,0.7279411764705882,4.136303623680378,0.04907641540967562,78,"78,76,125,30,35,55",True,False,137
comp-hard-16,computational,gsm8k_word_problem,hard,27,136,100,0.7352941176470589,4.112168192808604,0.11875663309488899,90,"90,64,11,16,5,13",True,False,137
comp-hard-16,computational,gsm8k_word_problem,hard,29,136,106,0.7794117647058824,4.154489499552411,0.05904426812192583,18,"18,94,83,45,33,50",True,False,137
comp-hard-16,computational,gsm8k_word_problem,hard,31,136,109,0.8014705882352942,4.315279904864686,0.06701382182065453,35,"35,33,61,64,53,58",True,False,137
comp-hard-16,computational,gsm8k_word_problem,hard,34,136,94,0.6911764705882353,4.031148060035515,0.07113450706646272,80,"80,98,27,1,78,86",True,False,137
comp-hard-16,computational,gsm8k_word_problem,hard,36,136,110,0.8088235294117647,4.174388282784024,0.08051941430895372,127,"127,110,105,104,46,45",True,False,137
comp-hard-16,computational,gsm8k_word_problem,hard,38,136,108,0.7941176470588235,4.258822653086765,0.04967272954438481,54,"54,116,84,64,108,91",True,False,137
comp-hard-16,computational,gsm8k_word_problem,hard,40,136,105,0.7720588235294118,4.303610963405304,0.040914172794685226,25,"25,104,24,44,51,11",True,False,137
comp-hard-16,computational,gsm8k_word_problem,hard,43,136,106,0.7794117647058824,4.184633560141345,0.06246373814488657,0,"0,7,84,6,36,88",True,False,137
comp-hard-16,computational,gsm8k_word_problem,hard,45,136,107,0.7867647058823529,4.226095034409385,0.05285491430858961,36,"36,43,120,13,25,51",True,False,137
comp-hard-16,computational,gsm8k_word_problem,hard,47,136,112,0.8235294117647058,4.2255443979395055,0.061948183112998524,12,"12,8,34,10,64,61",True,False,137
comp-hard-16,computational,gsm8k_word_problem,hard,49,136,102,0.75,4.1801144757834,0.04929651293879081,61,"61,50,49,41,35,60",True,False,137
comp-hard-16,computational,gsm8k_word_problem,hard,51,136,115,0.8455882352941176,4.4412109519513665,0.029544687542633934,12,"12,78,55,19,85,11",True,False,137
comp-hard-17,computational,gsm8k_word_problem,hard,1,204,125,0.6127450980392157,4.6260356444839665,0.019535474198037407,4,"4,109,116,36,27,33",True,False,205
comp-hard-17,computational,gsm8k_word_problem,hard,3,204,125,0.6127450980392157,4.512135051710402,0.03852223254892171,115,"115,98,117,96,100,120",True,False,205
comp-hard-17,computational,gsm8k_word_problem,hard,6,204,122,0.5980392156862745,4.438154799991674,0.05129794671782419,106,"106,23,79,37,45,117",True,False,205
comp-hard-17,computational,gsm8k_word_problem,hard,8,204,110,0.5392156862745098,4.065538629830828,0.10492176201693963,79,"79,114,10,43,120,77",True,False,205
comp-hard-17,computational,gsm8k_word_problem,hard,10,204,112,0.5490196078431373,3.973857378437468,0.15401709098934052,90,"90,80,49,99,53,101",True,False,205
comp-hard-17,computational,gsm8k_word_problem,hard,13,204,97,0.47549019607843135,3.8812280408614046,0.09750001615641517,34,"34,108,65,27,35,96",True,False,205
comp-hard-17,computational,gsm8k_word_problem,hard,15,204,119,0.5833333333333334,4.202777825970534,0.09177261470021036,87,"87,125,68,122,6,40",True,False,205
comp-hard-17,computational,gsm8k_word_problem,hard,17,204,96,0.47058823529411764,3.9462017495689983,0.09251414694439883,3,"3,75,36,21,74,19",True,False,205
comp-hard-17,computational,gsm8k_word_problem,hard,20,204,108,0.5294117647058824,3.9214643029160388,0.1116689110040829,31,"31,26,16,98,119,116",True,False,205
comp-hard-17,computational,gsm8k_word_problem,hard,22,204,114,0.5588235294117647,4.151664060365318,0.11996776362416522,46,"46,94,7,58,56,91",True,False,205
comp-hard-17,computational,gsm8k_word_problem,hard,24,204,108,0.5294117647058824,4.005543099357703,0.1403020406111661,67,"67,79,35,78,30,42",True,False,205
comp-hard-17,computational,gsm8k_word_problem,hard,27,204,105,0.5147058823529411,4.066446960448465,0.13495108426508157,90,"90,11,64,125,39,13",True,False,205
comp-hard-17,computational,gsm8k_word_problem,hard,29,204,112,0.5490196078431373,4.098559533171139,0.06214311504726831,18,"18,45,83,94,33,47",True,False,205
comp-hard-17,computational,gsm8k_word_problem,hard,31,204,120,0.5882352941176471,4.120042980970835,0.11316028135686447,35,"35,58,25,33,98,61",True,False,205
comp-hard-17,computational,gsm8k_word_problem,hard,34,204,107,0.5245098039215687,3.838485896534944,0.1793285176659707,35,"35,84,27,1,98,80",True,False,205
comp-hard-17,computational,gsm8k_word_problem,hard,36,204,114,0.5588235294117647,4.268024578098146,0.06774160347732844,104,"104,72,105,114,127,34",True,False,205
comp-hard-17,computational,gsm8k_word_problem,hard,38,204,112,0.5490196078431373,4.134922085632198,0.08338265998169908,79,"79,54,29,27,64,19",True,False,205
comp-hard-17,computational,gsm8k_word_problem,hard,40,204,111,0.5441176470588235,4.234495081380249,0.04869053793774296,44,"44,96,12,25,19,10",True,False,205
comp-hard-17,computational,gsm8k_word_problem,hard,43,204,104,0.5098039215686274,4.032755935809812,0.06472943196054298,77,"77,105,7,72,103,6",True,False,205
comp-hard-17,computational,gsm8k_word_problem,hard,45,204,109,0.5343137254901961,4.092479868282972,0.0756682026767361,4,"4,56,36,66,108,43",True,False,205
comp-hard-17,computational,gsm8k_word_problem,hard,47,204,110,0.5392156862745098,4.128573511309082,0.07006042716929613,12,"12,34,70,10,61,64",True,False,205
comp-hard-17,computational,gsm8k_word_problem,hard,49,204,108,0.5294117647058824,4.040469576729454,0.0809000511262128,9,"9,104,41,35,16,125",True,False,205
comp-hard-17,computational,gsm8k_word_problem,hard,51,204,121,0.5931372549019608,4.425553763417392,0.0440510013331961,10,"10,19,55,65,123,16",True,False,205
comp-hard-18,computational,gsm8k_word_problem,hard,1,316,128,0.4050632911392405,4.651234214334853,0.0249155702960726,8,"8,124,98,13,48,44",True,False,317
comp-hard-18,computational,gsm8k_word_problem,hard,3,316,125,0.39556962025316456,4.5419456752547624,0.03373068176164224,83,"83,73,64,51,115,9",True,False,317
comp-hard-18,computational,gsm8k_word_problem,hard,6,316,124,0.3924050632911392,4.399224750302734,0.0835804465854488,106,"106,124,23,18,110,117",True,False,317
comp-hard-18,computational,gsm8k_word_problem,hard,8,316,109,0.3449367088607595,4.062753658262198,0.11159369410240594,86,"86,88,10,47,98,43",True,False,317
comp-hard-18,computational,gsm8k_word_problem,hard,10,316,113,0.3575949367088608,4.176750427092111,0.05998277412063493,55,"55,21,4,63,80,124",True,False,317
comp-hard-18,computational,gsm8k_word_problem,hard,13,316,101,0.31962025316455694,3.902852578650556,0.11603751719022823,34,"34,113,80,53,62,63",True,False,317
comp-hard-18,computational,gsm8k_word_problem,hard,15,316,115,0.3639240506329114,4.246491404665681,0.05675422849102569,87,"87,68,42,51,122,26",True,False,317
comp-hard-18,computational,gsm8k_word_problem,hard,17,316,104,0.3291139240506329,3.9729988050491194,0.09383477230572018,3,"3,36,64,45,81,30",True,False,317
comp-hard-18,computational,gsm8k_word_problem,hard,20,316,103,0.3259493670886076,3.846044297466647,0.11883745797072785,100,"100,16,26,58,30,124",True,False,317
comp-hard-18,computational,gsm8k_word_problem,hard,22,316,118,0.37341772151898733,4.224349721478081,0.07580234077012692,7,"7,58,101,56,14,94",True,False,317
comp-hard-18,computational,gsm8k_word_problem,hard,24,316,110,0.34810126582278483,4.2031814472435105,0.05147048711522644,16,"16,50,17,75,40,68",True,False,317
comp-hard-18,computational,gsm8k_word_problem,hard,27,316,112,0.35443037974683544,3.997320013268922,0.16055628935229682,90,"90,103,32,61,11,70",True,False,317
comp-hard-18,computational,gsm8k_word_problem,hard,29,316,115,0.3639240506329114,4.200992399037879,0.08068392201800663,45,"45,18,44,43,65,38",True,False,317
comp-hard-18,computational,gsm8k_word_problem,hard,31,316,116,0.3670886075949367,4.080494095031947,0.11934327367439285,35,"35,20,79,67,83,58",True,False,317
comp-hard-18,computational,gsm8k_word_problem,hard,34,316,106,0.33544303797468356,4.130016294755644,0.06107146595279564,80,"80,1,98,23,115,120",True,False,317
comp-hard-18,computational,gsm8k_word_problem,hard,36,316,116,0.3670886075949367,4.153492463976486,0.06828028524777156,127,"127,105,37,45,104,20",True,False,317
comp-hard-18,computational,gsm8k_word_problem,hard,38,316,111,0.3512658227848101,4.005368293598862,0.1107677007915091,14,"14,51,54,117,87,19",True,False,317
comp-hard-18,computational,gsm8k_word_problem,hard,40,316,111,0.3512658227848101,3.9935237502593273,0.1509464049714287,59,"59,12,108,44,48,111",True,False,317
comp-hard-18,computational,gsm8k_word_problem,hard,43,316,115,0.3639240506329114,4.032161393606021,0.134106305633099,103,"103,99,104,84,7,13",True,False,317
comp-hard-18,computational,gsm8k_word_problem,hard,45,316,116,0.3670886075949367,4.209595147017835,0.10805543786325586,43,"43,16,125,10,68,91",True,False,317
comp-hard-18,computational,gsm8k_word_problem,hard,47,316,117,0.370253164556962,4.228507585859397,0.08279114671812404,75,"75,90,46,61,63,107",True,False,317
comp-hard-18,computational,gsm8k_word_problem,hard,49,316,111,0.3512658227848101,4.190754387213078,0.06320584454113924,85,"85,120,117,46,62,127",True,False,317
comp-hard-18,computational,gsm8k_word_problem,hard,51,316,125,0.39556962025316456,4.445308987871313,0.055202400250816755,55,"55,10,123,78,19,23",True,False,317
comp-medi-07,computational,gsm8k_word_problem,medium,1,292,127,0.4349315068493151,4.622787684439854,0.02564760718149054,41,"41,64,33,117,124,18",True,False,293
comp-medi-07,computational,gsm8k_word_problem,medium,3,292,125,0.4280821917808219,4.492967107515578,0.04343774241864558,112,"112,115,98,34,117,20",True,False,293
comp-medi-07,computational,gsm8k_word_problem,medium,6,292,121,0.4143835616438356,4.267540566014959,0.0550852034914151,23,"23,106,104,42,14,110",True,False,293
comp-medi-07,computational,gsm8k_word_problem,medium,8,292,119,0.4075342465753425,4.329503362300741,0.07432075284602305,120,"120,93,90,65,0,54",True,False,293
comp-medi-07,computational,gsm8k_word_problem,medium,10,292,103,0.3527397260273973,3.7831997022232295,0.14532540310012187,66,"66,55,94,80,58,74",True,False,293
comp-medi-07,computational,gsm8k_word_problem,medium,13,292,100,0.3424657534246575,3.7823947090791457,0.11286239999652184,69,"69,34,124,65,42,51",True,False,293
comp-medi-07,computational,gsm8k_word_problem,medium,15,292,116,0.3972602739726027,4.212899592691091,0.05664532318147971,68,"68,40,34,48,99,51",True,False,293
comp-medi-07,computational,gsm8k_word_problem,medium,17,292,90,0.3082191780821918,3.86089424685639,0.11490581339932945,64,"64,36,3,119,124,74",True,False,293
comp-medi-07,computational,gsm8k_word_problem,medium,20,292,106,0.363013698630137,3.7625034055357838,0.11804618198017179,31,"31,26,16,55,119,30",True,False,293
comp-medi-07,computational,gsm8k_word_problem,medium,22,292,115,0.3938356164383562,4.00810418285601,0.1371308173865786,46,"46,101,94,7,14,9",True,False,293
comp-medi-07,computational,gsm8k_word_problem,medium,24,292,107,0.3664383561643836,4.1886238201116415,0.044769171033062424,76,"76,67,55,108,35,120",True,False,293
comp-medi-07,computational,gsm8k_word_problem,medium,27,292,113,0.386986301369863,3.9720532316448547,0.14571920671549446,90,"90,5,15,11,122,77",True,False,293
comp-medi-07,computational,gsm8k_word_problem,medium,29,292,116,0.3972602739726027,3.9664080445683623,0.1297270198810213,45,"45,55,94,18,33,50",True,False,293
comp-medi-07,computational,gsm8k_word_problem,medium,31,292,121,0.4143835616438356,4.220073151558414,0.07500984925456694,121,"121,35,64,37,23,85",True,False,293
comp-medi-07,computational,gsm8k_word_problem,medium,34,292,111,0.3801369863013699,3.872518416351231,0.17466553371746335,35,"35,27,98,1,80,118",True,False,293
comp-medi-07,computational,gsm8k_word_problem,medium,36,292,114,0.3904109589041096,3.8593025684255386,0.14178346618186027,127,"127,11,34,105,104,90",True,False,293
comp-medi-07,computational,gsm8k_word_problem,medium,38,292,116,0.3972602739726027,3.9573352312173986,0.1371886334931459,126,"126,54,84,29,64,19",True,False,293
comp-medi-07,computational,gsm8k_word_problem,medium,40,292,116,0.3972602739726027,4.211731265748932,0.0557853053513299,44,"44,25,117,107,12,114",True,False,293
comp-medi-07,computational,gsm8k_word_problem,medium,43,292,107,0.3664383561643836,3.844498497503845,0.1127234996417317,77,"77,105,113,0,6,7",True,False,293
comp-medi-07,computational,gsm8k_word_problem,medium,45,292,117,0.4006849315068493,4.113606392359682,0.098184914509848,4,"4,66,25,51,68,27",True,False,293
comp-medi-07,computational,gsm8k_word_problem,medium,47,292,115,0.3938356164383562,4.11926790404397,0.0854139848544288,12,"12,64,34,70,104,5",True,False,293
comp-medi-07,computational,gsm8k_word_problem,medium,49,292,112,0.3835616438356164,4.089985959060964,0.08089102871101432,8,"8,9,60,61,14,49",True,False,293
comp-medi-07,computational,gsm8k_word_problem,medium,51,292,122,0.4178082191780822,4.390292939962028,0.039640415776469776,55,"55,85,11,19,102,23",True,False,293
comp-medi-08,computational,gsm8k_word_problem,medium,1,90,115,1.2777777777777777,4.536364584850748,0.02175801317611979,124,"124,90,100,117,116,33",True,False,91
comp-medi-08,computational,gsm8k_word_problem,medium,3,90,105,1.1666666666666667,4.286155051539634,0.05549220003754312,115,"115,112,117,29,64,37",True,False,91
comp-medi-08,computational,gsm8k_word_problem,medium,6,90,109,1.211111111111111,4.282263287620703,0.045709635416666665,79,"79,23,106,45,14,46",True,False,91
comp-medi-08,computational,gsm8k_word_problem,medium,8,90,95,1.0555555555555556,4.106953987352057,0.055511851606707865,25,"25,77,43,110,116,51",True,False,91
comp-medi-08,computational,gsm8k_word_problem,medium,10,90,89,0.9888888888888889,3.975805106852625,0.060815741259663186,49,"49,55,99,124,60,21",True,False,91
comp-medi-08,computational,gsm8k_word_problem,medium,13,90,77,0.8555555555555555,3.772586026106578,0.1024230974979085,34,"34,65,96,63,125,62",True,False,91
comp-medi-08,computational,gsm8k_word_problem,medium,15,90,95,1.0555555555555556,4.129460502709294,0.05935371722999348,21,"21,87,95,113,33,67",True,False,91
comp-medi-08,computational,gsm8k_word_problem,medium,17,90,73,0.8111111111111111,3.890310139743083,0.05962364264225977,21,"21,19,38,30,124,44",True,False,91
comp-medi-08,computational,gsm8k_word_problem,medium,20,90,78,0.8666666666666667,3.8912787223985994,0.10701623320784485,16,"16,120,119,26,44,116",True,False,91
comp-medi-08,computational,gsm8k_word_problem,medium,22,90,101,1.1222222222222222,4.206151954881202,0.07426106770833334,94,"94,7,9,17,117,54",True,False,91
comp-medi-08,computational,gsm8k_word_problem,medium,24,90,88,0.9777777777777777,4.014531538352449,0.06436442866505497,78,"78,30,35,55,96,24",True,False,91
comp-medi-08,computational,gsm8k_word_problem,medium,27,90,83,0.9222222222222223,3.920170039723222,0.10062126021802431,90,"90,64,11,5,122,118",True,False,91
comp-medi-08,computational,gsm8k_word_problem,medium,29,90,85,0.9444444444444444,3.913126990257193,0.0633775890848924,83,"83,94,18,80,47,33",True,False,91
comp-medi-08,computational,gsm8k_word_problem,medium,31,90,106,1.1777777777777778,4.308680571125335,0.0589835779363072,35,"35,85,33,96,53,87",True,False,91
comp-medi-08,computational,gsm8k_word_problem,medium,34,90,88,0.9777777777777777,4.037415035225363,0.06885305446555957,55,"55,27,98,80,63,70",True,False,91
comp-medi-08,computational,gsm8k_word_problem,medium,36,90,97,1.0777777777777777,4.1792437397926765,0.06408952242373737,104,"104,105,65,12,108,26",True,False,91
comp-medi-08,computational,gsm8k_word_problem,medium,38,90,89,0.9888888888888889,4.045085830667538,0.05814487825176908,84,"84,117,119,87,108,27",True,False,91
comp-medi-08,computational,gsm8k_word_problem,medium,40,90,95,1.0555555555555556,4.153763960724828,0.06651461259849696,12,"12,25,34,92,126,100",True,False,91
comp-medi-08,computational,gsm8k_word_problem,medium,43,90,93,1.0333333333333334,4.087382513579939,0.05568974422410014,7,"7,6,88,36,43,84",True,False,91
comp-medi-08,computational,gsm8k_word_problem,medium,45,90,96,1.0666666666666667,4.11684767958233,0.059473333843321784,99,"99,36,78,50,0,25",True,False,91
comp-medi-08,computational,gsm8k_word_problem,medium,47,90,100,1.1111111111111112,4.177412416371362,0.06253933393808132,12,"12,34,10,46,75,64",True,False,91
comp-medi-08,computational,gsm8k_word_problem,medium,49,90,93,1.0333333333333334,4.12702178831858,0.05648334215848821,61,"61,49,10,60,20,15",True,False,91
comp-medi-08,computational,gsm8k_word_problem,medium,51,90,108,1.2,4.407981327699436,0.034230825049472585,19,"19,94,55,102,5,49",True,False,91
comp-medi-09,computational,gsm8k_word_problem,medium,1,1030,128,0.12427184466019417,4.703254707043355,0.024523779624177677,33,"33,41,71,27,8,117",True,False,1031
comp-medi-09,computational,gsm8k_word_problem,medium,3,1030,128,0.12427184466019417,4.596229699197977,0.0367487848337659,64,"64,115,112,51,32,109",True,False,1031
comp-medi-09,computational,gsm8k_word_problem,medium,6,1030,126,0.12233009708737864,4.463212317835765,0.05494150731894489,106,"106,23,110,29,124,9",True,False,1031
comp-medi-09,computational,gsm8k_word_problem,medium,8,1030,123,0.11941747572815534,4.358049797466114,0.052294814667680836,10,"10,16,8,108,98,119",True,False,1031
comp-medi-09,computational,gsm8k_word_problem,medium,10,1030,123,0.11941747572815534,4.2393677410333215,0.07527573747270595,80,"80,123,4,12,31,99",True,False,1031
comp-medi-09,computational,gsm8k_word_problem,medium,13,1030,117,0.11359223300970873,4.065353367533384,0.07687068222099377,80,"80,34,95,5,53,12",True,False,1031
comp-medi-09,computational,gsm8k_word_problem,medium,15,1030,126,0.12233009708737864,4.12185707014787,0.10118174135394079,42,"42,31,68,109,125,72",True,False,1031
comp-medi-09,computational,gsm8k_word_problem,medium,17,1030,118,0.1145631067961165,3.9877622884762323,0.0975851468979777,36,"36,3,79,101,52,107",True,False,1031
comp-medi-09,computational,gsm8k_word_problem,medium,20,1030,118,0.1145631067961165,3.9740176423609475,0.10979126697546886,100,"100,76,26,93,99,16",True,False,1031
comp-medi-09,computational,gsm8k_word_problem,medium,22,1030,125,0.12135922330097088,4.413221757648912,0.05312638566005233,101,"101,14,58,56,94,7",True,False,1031
comp-medi-09,computational,gsm8k_word_problem,medium,24,1030,126,0.12233009708737864,4.316370557385408,0.08211519356022176,27,"27,110,6,16,68,65",True,False,1031
comp-medi-09,computational,gsm8k_word_problem,medium,27,1030,121,0.11747572815533981,4.092609078007262,0.1239527203742185,90,"90,107,103,32,1,64",True,False,1031
comp-medi-09,computational,gsm8k_word_problem,medium,29,1030,126,0.12233009708737864,4.349213422295805,0.07217677099656429,45,"45,18,43,94,111,60",True,False,1031
comp-medi-09,computational,gsm8k_word_problem,medium,31,1030,125,0.12135922330097088,4.182372991495017,0.12281559388251327,35,"35,23,1,79,82,58",True,False,1031
comp-medi-09,computational,gsm8k_word_problem,medium,34,1030,122,0.11844660194174757,4.306611051230726,0.05576069982408163,98,"98,1,120,27,84,122",True,False,1031
comp-medi-09,computational,gsm8k_word_problem,medium,36,1030,123,0.11941747572815534,4.2450464380789645,0.07151649951368493,81,"81,114,20,70,37,34",True,False,1031
comp-medi-09,computational,gsm8k_word_problem,medium,38,1030,122,0.11844660194174757,4.082609836189569,0.0735670596817427,14,"14,54,22,8,82,6",True,False,1031
comp-medi-09,computational,gsm8k_word_problem,medium,40,1030,122,0.11844660194174757,4.321043483206422,0.053089036915719805,116,"116,44,19,108,109,60",True,False,1031
comp-medi-09,computational,gsm8k_word_problem,medium,43,1030,121,0.11747572815533981,4.125207967805321,0.09120292095857464,103,"103,20,125,2,88,7",True,False,1031
comp-medi-09,computational,gsm8k_word_problem,medium,45,1030,122,0.11844660194174757,4.149596315659392,0.11525125698058522,77,"77,13,25,111,10,43",True,False,1031
comp-medi-09,computational,gsm8k_word_problem,medium,47,1030,124,0.1203883495145631,4.34182866494612,0.06567480793690829,23,"23,12,63,61,34,15",True,False,1031
comp-medi-09,computational,gsm8k_word_problem,medium,49,1030,121,0.11747572815533981,4.227638447397046,0.07315540630067248,122,"122,35,60,85,30,25",True,False,1031
comp-medi-09,computational,gsm8k_word_problem,medium,51,1030,126,0.12233009708737864,4.473438374275573,0.04224774127192277,55,"55,23,36,95,125,85",True,False,1031
comp-medi-10,computational,gsm8k_word_problem,medium,1,145,122,0.8413793103448276,4.5450311795189595,0.03599719829473131,33,"33,51,117,38,84,123",True,False,146
comp-medi-10,computational,gsm8k_word_problem,medium,3,145,116,0.8,4.361414470885452,0.05852523125238459,115,"115,98,112,117,64,52",True,False,146
comp-medi-10,computational,gsm8k_word_problem,medium,6,145,115,0.7931034482758621,4.369278979914266,0.04347335615319728,106,"106,23,45,79,46,97",True,False,146
comp-medi-10,computational,gsm8k_word_problem,medium,8,145,105,0.7241379310344828,4.141521289266741,0.09499105268510367,79,"79,10,114,43,41,31",True,False,146
comp-medi-10,computational,gsm8k_word_problem,medium,10,145,91,0.6275862068965518,3.990464347157639,0.0994824871328952,90,"90,49,53,66,80,54",True,False,146
comp-medi-10,computational,gsm8k_word_problem,medium,13,145,80,0.5517241379310345,3.8804152803392213,0.0674035471013956,65,"65,34,35,96,13,42",True,False,146
comp-medi-10,computational,gsm8k_word_problem,medium,15,145,105,0.7241379310344828,4.223243687102514,0.042615797465183056,68,"68,19,125,21,70,33",True,False,146
comp-medi-10,computational,gsm8k_word_problem,medium,17,145,77,0.5310344827586206,3.852792738205146,0.08104433071550231,75,"75,21,3,19,102,74",True,False,146
comp-medi-10,computational,gsm8k_word_problem,medium,20,145,95,0.6551724137931034,3.8803596191344827,0.07170068645724417,16,"16,31,26,120,47,98",True,False,146
comp-medi-10,computational,gsm8k_word_problem,medium,22,145,111,0.7655172413793103,4.230722649106516,0.07889967450095872,46,"46,94,9,58,8,17",True,False,146
comp-medi-10,computational,gsm8k_word_problem,medium,24,145,96,0.6620689655172414,3.9356004345893636,0.13764489055482462,67,"67,78,30,35,75,79",True,False,146
comp-medi-10,computational,gsm8k_word_problem,medium,27,145,104,0.7172413793103448,4.091368036356734,0.08649752442323254,90,"90,5,64,73,118,11",True,False,146
comp-medi-10,computational,gsm8k_word_problem,medium,29,145,107,0.7379310344827587,4.097167408331573,0.06399707438866871,83,"83,94,18,47,45,33",True,False,146
comp-medi-10,computational,gsm8k_word_problem,medium,31,145,110,0.7586206896551724,4.247868665734354,0.07066437905250345,35,"35,58,85,23,25,21",True,False,146
comp-medi-10,computational,gsm8k_word_problem,medium,34,145,101,0.696551724137931,3.80854795497693,0.17523020865968703,35,"35,27,1,84,95,86",True,False,146
comp-medi-10,computational,gsm8k_word_problem,medium,36,145,105,0.7241379310344828,4.272685683352037,0.059536144876516664,104,"104,105,12,11,72,26",True,False,146
comp-medi-10,computational,gsm8k_word_problem,medium,38,145,108,0.7448275862068966,4.187826145231297,0.058200545060794855,27,"27,84,79,29,54,19",True,False,146
comp-medi-10,computational,gsm8k_word_problem,medium,40,145,113,0.7793103448275862,4.241205494670367,0.0573709021686166,25,"25,10,44,68,87,56",True,False,146
comp-medi-10,computational,gsm8k_word_problem,medium,43,145,98,0.6758620689655173,4.078829872378901,0.07546132879665568,105,"105,7,6,43,88,36",True,False,146
comp-medi-10,computational,gsm8k_word_problem,medium,45,145,111,0.7655172413793103,4.225477005236409,0.05686174411305943,4,"4,36,78,56,25,50",True,False,146
comp-medi-10,computational,gsm8k_word_problem,medium,47,145,106,0.7310344827586207,4.176383898076812,0.07614943786701293,34,"34,12,10,64,61,0",True,False,146
comp-medi-10,computational,gsm8k_word_problem,medium,49,145,104,0.7172413793103448,4.183671070228298,0.0545754798943431,9,"9,61,104,33,49,15",True,False,146
comp-medi-10,computational,gsm8k_word_problem,medium,51,145,116,0.8,4.399862097699608,0.03963954195339759,55,"55,12,94,19,102,78",True,False,146
comp-medi-11,computational,gsm8k_word_problem,medium,1,689,128,0.18577648766328012,4.727068681562528,0.019313178192171657,2,"2,109,13,27,117,68",True,False,690
comp-medi-11,computational,gsm8k_word_problem,medium,3,689,128,0.18577648766328012,4.613491642729104,0.04674230770239273,98,"98,85,117,112,115,97",True,False,690
comp-medi-11,computational,gsm8k_word_problem,medium,6,689,127,0.18432510885341075,4.520825565240369,0.046813877595508056,106,"106,42,124,104,29,38",True,False,690
comp-medi-11,computational,gsm8k_word_problem,medium,8,689,125,0.18142235123367198,4.259259244204094,0.09217058766709894,120,"120,122,2,5,23,119",True,False,690
comp-medi-11,computational,gsm8k_word_problem,medium,10,689,121,0.17561683599419448,4.137280760089135,0.06690709989057902,36,"36,72,80,81,99,66",True,False,690
comp-medi-11,computational,gsm8k_word_problem,medium,13,689,120,0.1741654571843251,4.245181244433535,0.06095840516726667,95,"95,42,34,39,62,65",True,False,690
comp-medi-11,computational,gsm8k_word_problem,medium,15,689,123,0.17851959361393324,4.428691526440239,0.04390013149544443,96,"96,17,87,63,39,33",True,False,690
comp-medi-11,computational,gsm8k_word_problem,medium,17,689,115,0.16690856313497823,4.072973317602527,0.06832749449104983,36,"36,64,3,111,9,124",True,False,690
comp-medi-11,computational,gsm8k_word_problem,medium,20,689,122,0.17706821480406387,4.07912968194293,0.09258597167558318,100,"100,31,26,46,17,76",True,False,690
comp-medi-11,computational,gsm8k_word_problem,medium,22,689,125,0.18142235123367198,4.3421275461023106,0.11118681764681433,46,"46,94,14,29,7,58",True,False,690
comp-medi-11,computational,gsm8k_word_problem,medium,24,689,120,0.1741654571843251,4.400503183912741,0.030688198977499418,78,"78,6,16,21,76,67",True,False,690
comp-medi-11,computational,gsm8k_word_problem,medium,27,689,122,0.17706821480406387,4.1904828260983,0.10401446727914108,90,"90,107,69,11,16,100",True,False,690
comp-medi-11,computational,gsm8k_word_problem,medium,29,689,123,0.17851959361393324,4.308373305285917,0.08973214551468252,55,"55,45,94,33,6,18",True,False,690
comp-medi-11,computational,gsm8k_word_problem,medium,31,689,124,0.1799709724238026,4.358593844211216,0.07657027856242679,35,"35,121,58,83,10,23",True,False,690
comp-medi-11,computational,gsm8k_word_problem,medium,34,689,122,0.17706821480406387,4.173131053191552,0.10491426958474967,35,"35,26,98,113,54,27",True,False,690
comp-medi-11,computational,gsm8k_word_problem,medium,36,689,126,0.18287373004354138,4.237989275193989,0.1312145822926044,127,"127,49,70,65,51,37",True,False,690
comp-medi-11,computational,gsm8k_word_problem,medium,38,689,125,0.18142235123367198,4.4086071967292755,0.046206109865089495,59,"59,106,29,14,82,54",True,False,690
comp-medi-11,computational,gsm8k_word_problem,medium,40,689,120,0.1741654571843251,4.242343151725101,0.09414827713354243,53,"53,106,91,25,1,60",True,False,690
comp-medi-11,computational,gsm8k_word_problem,medium,43,689,122,0.17706821480406387,4.103104841151551,0.09059395976959361,77,"77,113,52,31,7,6",True,False,690
comp-medi-11,computational,gsm8k_word_problem,medium,45,689,125,0.18142235123367198,4.383349360987375,0.06400629761600325,66,"66,65,28,36,51,27",True,False,690
comp-medi-11,computational,gsm8k_word_problem,medium,47,689,122,0.17706821480406387,4.384195033464712,0.05451773412832331,61,"61,34,75,12,23,5",True,False,690
comp-medi-11,computational,gsm8k_word_problem,medium,49,689,123,0.17851959361393324,4.077311879023342,0.09561706796667281,8,"8,9,85,109,60,25",True,False,690
comp-medi-11,computational,gsm8k_word_problem,medium,51,689,128,0.18577648766328012,4.570243328227257,0.03044526884248456,107,"107,19,16,72,12,23",True,False,690
comp-medi-12,computational,gsm8k_word_problem,medium,1,235,126,0.5361702127659574,4.607228872874893,0.026009677478337042,33,"33,4,100,5,123,116",True,False,236
comp-medi-12,computational,gsm8k_word_problem,medium,3,235,124,0.5276595744680851,4.478814988352579,0.052145113031914894,115,"115,64,117,112,85,100",True,False,236
comp-medi-12,computational,gsm8k_word_problem,medium,6,235,123,0.5234042553191489,4.404812637712477,0.04575452115955447,106,"106,23,79,29,15,117",True,False,236
comp-medi-12,computational,gsm8k_word_problem,medium,8,235,115,0.48936170212765956,4.239823275963658,0.07316433613656301,81,"81,110,54,77,98,5",True,False,236
comp-medi-12,computational,gsm8k_word_problem,medium,10,235,101,0.4297872340425532,3.9866221900505074,0.1085836768973314,63,"63,107,109,124,6,99",True,False,236
comp-medi-12,computational,gsm8k_word_problem,medium,13,235,103,0.43829787234042555,3.988806240447621,0.1023326149705909,17,"17,34,62,65,29,30",True,False,236
comp-medi-12,computational,gsm8k_word_problem,medium,15,235,115,0.48936170212765956,4.190297040266199,0.06385571107640726,68,"68,69,19,67,17,125",True,False,236
comp-medi-12,computational,gsm8k_word_problem,medium,17,235,94,0.4,3.928631257297108,0.09822196799239029,19,"19,36,121,52,57,56",True,False,236
comp-medi-12,computational,gsm8k_word_problem,medium,20,235,108,0.4595744680851064,3.970898721690323,0.10605234839728199,26,"26,16,119,120,28,56",True,False,236
comp-medi-12,computational,gsm8k_word_problem,medium,22,235,118,0.502127659574468,4.32237277680671,0.05792585118708247,101,"101,7,94,9,65,56",True,False,236
comp-medi-12,computational,gsm8k_word_problem,medium,24,235,110,0.46808510638297873,4.118309591979548,0.056548821818165194,78,"78,117,79,35,6,20",True,False,236
comp-medi-12,computational,gsm8k_word_problem,medium,27,235,106,0.451063829787234,4.12791962844542,0.09495403208061481,90,"90,64,11,122,13,70",True,False,236
comp-medi-12,computational,gsm8k_word_problem,medium,29,235,113,0.4808510638297872,4.185479249033486,0.044941699242977376,94,"94,18,76,33,79,105",True,False,236
comp-medi-12,computational,gsm8k_word_problem,medium,31,235,113,0.4808510638297872,4.177978116171704,0.08416231734457498,23,"23,35,21,13,33,58",True,False,236
comp-medi-12,computational,gsm8k_word_problem,medium,34,235,101,0.4297872340425532,4.101035767291205,0.06450343438473836,98,"98,97,63,27,1,54",True,False,236
comp-medi-12,computational,gsm8k_word_problem,medium,36,235,112,0.4765957446808511,4.138678401745629,0.0811091651320351,110,"110,105,104,70,36,76",True,False,236
comp-medi-12,computational,gsm8k_word_problem,medium,38,235,112,0.4765957446808511,3.999371897100906,0.12091448199944191,54,"54,99,116,17,75,84",True,False,236
comp-medi-12,computational,gsm8k_word_problem,medium,40,235,105,0.44680851063829785,4.196918977440852,0.060469757018076435,59,"59,44,9,12,21,57",True,False,236
comp-medi-12,computational,gsm8k_word_problem,medium,43,235,111,0.4723404255319149,4.226207705515263,0.05546233189092915,7,"7,84,6,36,99,88",True,False,236
comp-medi-12,computational,gsm8k_word_problem,medium,45,235,118,0.502127659574468,4.243615070584093,0.05575380145222103,25,"25,60,51,74,36,78",True,False,236
comp-medi-12,computational,gsm8k_word_problem,medium,47,235,114,0.4851063829787234,4.239547005401809,0.06298996966006053,12,"12,34,107,64,75,0",True,False,236
comp-medi-12,computational,gsm8k_word_problem,medium,49,235,111,0.4723404255319149,4.130584157485341,0.08393830032723175,120,"120,125,61,33,20,30",True,False,236
comp-medi-12,computational,gsm8k_word_problem,medium,51,235,123,0.5234042553191489,4.433678275950984,0.05559911407274398,123,"123,10,99,85,55,78",True,False,236
crea-loos-01,creative,haiku,loose,1,295,127,0.43050847457627117,4.6647582068777576,0.02647139440838345,2,"2,69,80,107,4,42",,False,296
crea-loos-01,creative,haiku,loose,3,295,125,0.423728813559322,4.540531087218083,0.03404694684304602,96,"96,44,6,100,78,115",,False,296
crea-loos-01,creative,haiku,loose,6,295,119,0.4033898305084746,4.300811097733346,0.046423698658184576,120,"120,25,68,18,15,79",,False,296
crea-loos-01,creative,haiku,loose,8,295,91,0.30847457627118646,3.6064074370770243,0.12830562312830116,69,"69,54,77,38,18,49",,False,296
crea-loos-01,creative,haiku,loose,10,295,92,0.31186440677966104,3.4464890981119694,0.15323749830962616,48,"48,93,63,121,21,56",,False,296
crea-loos-01,creative,haiku,loose,13,295,87,0.29491525423728815,3.577205561719296,0.1526105441360537,120,"120,104,96,64,109,46",,False,296
crea-loos-01,creative,haiku,loose,15,295,90,0.3050847457627119,3.3953060722221076,0.16964034037839795,17,"17,120,26,81,64,108",,False,296
crea-loos-01,creative,haiku,loose,17,295,90,0.3050847457627119,3.7193316853924787,0.08140243342299482,30,"30,21,111,3,104,101",,False,296
crea-loos-01,creative,haiku,loose,20,295,100,0.3389830508474576,3.573150130819946,0.14872660319158584,58,"58,16,47,105,54,62",,False,296
crea-loos-01,creative,haiku,loose,22,295,108,0.36610169491525424,4.062915745545154,0.09475615569488675,55,"55,15,94,3,58,50",,False,296
crea-loos-01,creative,haiku,loose,24,295,91,0.30847457627118646,3.7001793656894932,0.1285427488508427,87,"87,17,30,121,75,16",,False,296
crea-loos-01,creative,haiku,loose,27,295,106,0.3593220338983051,4.004828312675971,0.07090586844171613,0,"0,17,37,117,101,32",,False,296
crea-loos-01,creative,haiku,loose,29,295,112,0.37966101694915255,3.7791243892024298,0.21282370606952605,44,"44,7,125,83,36,107",,False,296
crea-loos-01,creative,haiku,loose,31,295,103,0.34915254237288135,3.929199711317673,0.1378886786609686,4,"4,1,35,74,61,101",,False,296
crea-loos-01,creative,haiku,loose,34,295,101,0.3423728813559322,3.7351820241395486,0.16441703737494182,23,"23,4,82,21,18,93",,False,296
crea-loos-01,creative,haiku,loose,36,295,101,0.3423728813559322,3.6007754888502745,0.1765656743548296,49,"49,34,65,71,121,50",,False,296
crea-loos-01,creative,haiku,loose,38,295,101,0.3423728813559322,3.591638064724295,0.12257908394737965,124,"124,92,26,8,119,76",,False,296
crea-loos-01,creative,haiku,loose,40,295,98,0.33220338983050846,3.6286615698535503,0.16310326078410764,15,"15,126,20,91,56,41",,False,296
crea-loos-01,creative,haiku,loose,43,295,112,0.37966101694915255,3.98377404621575,0.12549599373284723,51,"51,112,104,37,98,43",,False,296
crea-loos-01,creative,haiku,loose,45,295,121,0.4101694915254237,4.011230418978622,0.14237708669374027,29,"29,36,113,65,108,74",,False,296
crea-loos-01,creative,haiku,loose,47,295,115,0.3898305084745763,4.166535095832863,0.14052935947515094,116,"116,4,99,34,106,61",,False,296
crea-loos-01,creative,haiku,loose,49,295,114,0.3864406779661017,4.066021361425586,0.06882927597529989,127,"127,115,77,52,102,98",,False,296
crea-loos-01,creative,haiku,loose,51,295,122,0.4135593220338983,4.431799814628758,0.03718594911129865,15,"15,87,79,112,99,89",,False,296
crea-loos-02,creative,haiku,loose,1,318,128,0.4025157232704403,4.708080727149447,0.022338986434093648,50,"50,85,9,26,40,80",,False,319
crea-loos-02,creative,haiku,loose,3,318,124,0.389937106918239,4.561820509988921,0.028050289743361392,96,"96,55,115,64,85,117",,False,319
crea-loos-02,creative,haiku,loose,6,318,121,0.3805031446540881,4.339013987197222,0.0481904660124288,120,"120,68,25,79,23,52",,False,319
crea-loos-02,creative,haiku,loose,8,318,99,0.3113207547169811,3.7002725278727153,0.13427303576089794,69,"69,54,77,38,18,49",,False,319
crea-loos-02,creative,haiku,loose,10,318,87,0.27358490566037735,3.415578874373167,0.16439498723715792,48,"48,93,63,121,21,56",,False,319
crea-loos-02,creative,haiku,loose,13,318,88,0.27672955974842767,3.5833986217652463,0.14962644290143243,120,"120,104,96,63,46,109",,False,319
crea-loos-02,creative,haiku,loose,15,318,96,0.3018867924528302,3.473389978938356,0.18098955974151323,17,"17,120,26,64,81,108",,False,319
crea-loos-02,creative,haiku,loose,17,318,93,0.29245283018867924,3.730926904710671,0.09870395844903716,21,"21,30,111,3,104,105",,False,319
crea-loos-02,creative,haiku,loose,20,318,100,0.31446540880503143,3.6168252509929326,0.14691755959802427,58,"58,47,16,105,62,54",,False,319
crea-loos-02,creative,haiku,loose,22,318,117,0.36792452830188677,4.137740706084187,0.08109258674784606,55,"55,94,3,15,58,7",,False,319
crea-loos-02,creative,haiku,loose,24,318,99,0.3113207547169811,3.7802572588996743,0.10450953364895406,87,"87,17,121,30,42,50",,False,319
crea-loos-02,creative,haiku,loose,27,318,104,0.3270440251572327,4.031588486252298,0.06491522342371336,0,"0,17,37,32,85,73",,False,319
crea-loos-02,creative,haiku,loose,29,318,115,0.36163522012578614,3.8522312098982225,0.20042009397028723,44,"44,83,7,36,110,38",,False,319
crea-loos-02,creative,haiku,loose,31,318,106,0.3333333333333333,3.979945863588378,0.1434273745474378,4,"4,35,1,74,58,112",,False,319
crea-loos-02,creative,haiku,loose,34,318,105,0.330188679245283,3.784081456517859,0.14747308117854613,23,"23,4,21,82,93,55",,False,319
crea-loos-02,creative,haiku,loose,36,318,102,0.32075471698113206,3.713498452958252,0.17339691639452903,49,"49,34,65,71,101,50",,False,319
crea-loos-02,creative,haiku,loose,38,318,106,0.3333333333333333,3.7455010038585312,0.12001983215145523,124,"124,92,26,76,8,119",,False,319
crea-loos-02,creative,haiku,loose,40,318,101,0.31761006289308175,3.7346877847335844,0.16626370828781944,15,"15,20,56,126,91,41",,False,319
crea-loos-02,creative,haiku,loose,43,318,111,0.3490566037735849,3.9464882800610543,0.11664264160608195,51,"51,112,104,98,37,25",,False,319
crea-loos-02,creative,haiku,loose,45,318,118,0.3710691823899371,4.115027567655593,0.14370666740164828,29,"29,36,62,16,113,125",,False,319
crea-loos-02,creative,haiku,loose,47,318,118,0.3710691823899371,4.238706762211263,0.1338142977578273,116,"116,4,5,34,12,36",,False,319
crea-loos-02,creative,haiku,loose,49,318,113,0.3553459119496855,4.097688372632996,0.07132072067576309,127,"127,77,115,52,102,50",,False,319
crea-loos-02,creative,haiku,loose,51,318,125,0.39308176100628933,4.497921311651331,0.03868603107651511,15,"15,99,79,19,113,12",,False,319
crea-loos-03,creative,story,loose,1,142,127,0.8943661971830986,4.6889043460678375,0.021692299175337774,75,"75,80,41,122,7,18",,False,143
crea-loos-03,creative,story,loose,3,142,125,0.8802816901408451,4.621448313901599,0.025321896528898907,96,"96,100,72,103,119,78",,False,143
crea-loos-03,creative,story,loose,6,142,112,0.7887323943661971,4.423227226720915,0.03710826619828877,99,"99,27,120,97,34,43",,False,143
crea-loos-03,creative,story,loose,8,142,98,0.6901408450704225,3.9793815438556,0.08727804648584635,78,"78,38,116,92,77,53",,False,143
crea-loos-03,creative,story,loose,10,142,87,0.6126760563380281,3.840532439137801,0.07199530695628194,49,"49,65,84,69,93,67",,False,143
crea-loos-03,creative,story,loose,13,142,85,0.5985915492957746,3.695094408234211,0.09102118935766214,40,"40,46,3,104,67,36",,False,143
crea-loos-03,creative,story,loose,15,142,89,0.6267605633802817,3.860288690503658,0.08417539446148091,86,"86,95,33,120,17,41",,False,143
crea-loos-03,creative,story,loose,17,142,88,0.6197183098591549,3.873882380682133,0.08581727603424687,125,"125,63,56,101,104,32",,False,143
crea-loos-03,creative,story,loose,20,142,86,0.6056338028169014,3.7077769096251547,0.13191855463148838,78,"78,110,16,126,70,94",,False,143
crea-loos-03,creative,story,loose,22,142,111,0.7816901408450704,4.269391987626313,0.05568727346000947,2,"2,108,15,99,102,58",,False,143
crea-loos-03,creative,story,loose,24,142,85,0.5985915492957746,3.540207670689566,0.12356890489740129,105,"105,71,30,60,121,73",,False,143
crea-loos-03,creative,story,loose,27,142,92,0.647887323943662,3.8510498346965885,0.13508206913104445,89,"89,43,20,64,119,17",,False,143
crea-loos-03,creative,story,loose,29,142,106,0.7464788732394366,4.226459689365583,0.0736040377858131,122,"122,123,107,52,96,44",,False,143
crea-loos-03,creative,story,loose,31,142,102,0.7183098591549296,4.1003877221086835,0.08197738232454246,91,"91,74,4,27,78,43",,False,143
crea-loos-03,creative,story,loose,34,142,107,0.7535211267605634,4.257640989350712,0.05275855631951387,92,"92,18,50,33,108,43",,False,143
crea-loos-03,creative,story,loose,36,142,93,0.6549295774647887,3.907318483747187,0.09577474281147853,50,"50,49,14,32,126,90",,False,143
crea-loos-03,creative,story,loose,38,142,92,0.647887323943662,3.9451789652172056,0.12162888459058672,67,"67,116,101,68,81,78",,False,143
crea-loos-03,creative,story,loose,40,142,86,0.6056338028169014,3.9884441914166278,0.058411198081523556,20,"20,18,97,74,56,6",,False,143
crea-loos-03,creative,story,loose,43,142,104,0.7323943661971831,4.124069631889439,0.0767425754898839,104,"104,79,92,53,25,127",,False,143
crea-loos-03,creative,story,loose,45,142,108,0.7605633802816901,4.274510257530908,0.050120661233186,78,"78,39,116,81,29,125",,False,143
crea-loos-03,creative,story,loose,47,142,108,0.7605633802816901,4.276738003866661,0.0721173163639327,106,"106,103,75,14,98,5",,False,143
crea-loos-03,creative,story,loose,49,142,109,0.7676056338028169,4.245831302844014,0.06056428667095691,10,"10,12,92,101,114,52",,False,143
crea-loos-03,creative,story,loose,51,142,111,0.7816901408450704,4.385691714960371,0.0441738840990454,15,"15,92,96,49,3,116",,False,143
crea-loos-04,creative,story,loose,1,154,126,0.8181818181818182,4.717306247028984,0.019838094163095465,80,"80,27,67,44,61,25",,False,155
crea-loos-04,creative,story,loose,3,154,123,0.7987012987012987,4.6007264132822,0.027819128107814183,78,"78,96,109,100,2,36",,False,155
crea-loos-04,creative,story,loose,6,154,122,0.7922077922077922,4.480228569862187,0.029350728988414627,99,"99,120,105,37,83,43",,False,155
crea-loos-04,creative,story,loose,8,154,98,0.6363636363636364,4.07739868999305,0.058668577516233764,53,"53,6,77,115,116,38",,False,155
crea-loos-04,creative,story,loose,10,154,95,0.6168831168831169,3.965029205030443,0.07711697383840382,93,"93,65,108,113,10,21",,False,155
crea-loos-04,creative,story,loose,13,154,89,0.577922077922078,3.8528615228718537,0.08272778868135108,104,"104,3,36,40,46,52",,False,155
crea-loos-04,creative,story,loose,15,154,89,0.577922077922078,3.918330455187598,0.06356945733838607,16,"16,120,102,26,43,93",,False,155
crea-loos-04,creative,story,loose,17,154,89,0.577922077922078,3.8804855008259653,0.08889162271061807,63,"63,125,104,21,101,32",,False,155
crea-loos-04,creative,story,loose,20,154,93,0.6038961038961039,3.8853904983021774,0.10255759868228102,78,"78,110,120,92,69,1",,False,155
crea-loos-04,creative,story,loose,22,154,105,0.6818181818181818,4.294140982861587,0.06614999549764927,2,"2,114,58,35,68,3",,False,155
crea-loos-04,creative,story,loose,24,154,81,0.525974025974026,3.640059937241695,0.1044816675771816,71,"71,30,105,121,60,111",,False,155
crea-loos-04,creative,story,loose,27,154,87,0.564935064935065,3.8888268963193178,0.09321122466321191,89,"89,43,124,6,20,64",,False,155
crea-loos-04,creative,story,loose,29,154,106,0.6883116883116883,4.31355990624904,0.05023765595230584,107,"107,44,13,18,60,127",,False,155
crea-loos-04,creative,story,loose,31,154,98,0.6363636363636364,4.213361411078938,0.0654353531888233,74,"74,27,57,4,43,54",,False,155
crea-loos-04,creative,story,loose,34,154,106,0.6883116883116883,4.244853082235502,0.04924604302735006,18,"18,1,109,40,122,126",,False,155
crea-loos-04,creative,story,loose,36,154,99,0.6428571428571429,3.933802714666527,0.1421846449156968,49,"49,50,21,14,109,62",,False,155
crea-loos-04,creative,story,loose,38,154,100,0.6493506493506493,4.168668404585555,0.04126557747965067,43,"43,126,113,101,25,8",,False,155
crea-loos-04,creative,story,loose,40,154,97,0.6298701298701299,4.010657178118354,0.06301762062159656,74,"74,20,29,15,18,6",,False,155
crea-loos-04,creative,story,loose,43,154,98,0.6363636363636364,4.0911070332589725,0.06204138057861787,92,"92,15,79,113,57,24",,False,155
crea-loos-04,creative,story,loose,45,154,117,0.7597402597402597,4.3253630486571755,0.06885876397672092,29,"29,111,116,122,42,39",,False,155
crea-loos-04,creative,story,loose,47,154,113,0.7337662337662337,4.400528276144793,0.03648731514262578,106,"106,103,0,14,109,93",,False,155
crea-loos-04,creative,story,loose,49,154,111,0.7207792207792207,4.32927144090062,0.050209845113518885,127,"127,105,89,101,112,41",,False,155
crea-loos-04,creative,story,loose,51,154,117,0.7597402597402597,4.4453889971287195,0.05052611053136589,13,"13,92,15,3,116,96",,False,155
crea-loos-05,creative,poetry,loose,1,385,127,0.32987012987012987,4.741628896238448,0.019915388641653764,80,"80,72,51,122,101,59",,False,386
crea-loos-05,creative,poetry,loose,3,385,128,0.33246753246753247,4.686656202550707,0.028644118204721875,78,"78,100,96,24,5,33",,False,386
crea-loos-05,creative,poetry,loose,6,385,126,0.32727272727272727,4.520724444313121,0.04545424568443454,120,"120,81,97,96,83,67",,False,386
crea-loos-05,creative,poetry,loose,8,385,110,0.2857142857142857,4.217152052583384,0.06741930140824778,78,"78,53,77,69,115,71",,False,386
crea-loos-05,creative,poetry,loose,10,385,107,0.2779220779220779,3.911909056882311,0.15903481458756166,93,"93,21,41,30,60,48",,False,386
crea-loos-05,creative,poetry,loose,13,385,107,0.2779220779220779,3.9005875611867857,0.10307484214871789,96,"96,104,46,120,85,109",,False,386
crea-loos-05,creative,poetry,loose,15,385,102,0.2649350649350649,3.9071383999403397,0.09914594129657478,17,"17,2,120,99,26,57",,False,386
crea-loos-05,creative,poetry,loose,17,385,98,0.2545454545454545,3.7655712616098995,0.10946745261948904,21,"21,104,56,30,60,32",,False,386
crea-loos-05,creative,poetry,loose,20,385,99,0.2571428571428571,3.84238752022281,0.0890180144634679,47,"47,62,126,92,58,19",,False,386
crea-loos-05,creative,poetry,loose,22,385,119,0.3090909090909091,4.409866180985928,0.049769723650625236,2,"2,63,66,83,70,3",,False,386
crea-loos-05,creative,poetry,loose,24,385,95,0.24675324675324675,3.7936673249638218,0.1303670048643676,30,"30,121,60,73,26,104",,False,386
crea-loos-05,creative,poetry,loose,27,385,103,0.2675324675324675,4.031466895447932,0.09343526100258383,17,"17,94,59,7,43,88",,False,386
crea-loos-05,creative,poetry,loose,29,385,111,0.2883116883116883,4.239180747801266,0.04762270139975977,107,"107,122,15,44,81,41",,False,386
crea-loos-05,creative,poetry,loose,31,385,112,0.2909090909090909,4.163148390959532,0.07953154548467238,4,"4,74,27,91,51,45",,False,386
crea-loos-05,creative,poetry,loose,34,385,113,0.2935064935064935,4.180788663863164,0.09557309560280473,29,"29,18,107,82,47,3",,False,386
crea-loos-05,creative,poetry,loose,36,385,110,0.2857142857142857,3.8445768122961925,0.20496449412289622,49,"49,100,50,13,85,89",,False,386
crea-loos-05,creative,poetry,loose,38,385,105,0.2727272727272727,4.02690939993484,0.06827594673679682,124,"124,82,67,43,116,80",,False,386
crea-loos-05,creative,poetry,loose,40,385,110,0.2857142857142857,4.091465675757577,0.06186524877923068,20,"20,109,60,6,74,126",,False,386
crea-loos-05,creative,poetry,loose,43,385,117,0.3038961038961039,4.229945922226859,0.08526977232494685,117,"117,79,28,123,25,104",,False,386
crea-loos-05,creative,poetry,loose,45,385,118,0.3064935064935065,4.123497757886402,0.08862590617850132,29,"29,9,70,117,79,42",,False,386
crea-loos-05,creative,poetry,loose,47,385,123,0.3194805194805195,4.429939059933418,0.03350416814102052,88,"88,116,87,127,35,106",,False,386
crea-loos-05,creative,poetry,loose,49,385,115,0.2987012987012987,4.223369822616884,0.08429675981150904,10,"10,92,105,0,7,127",,False,386
crea-loos-05,creative,poetry,loose,51,385,123,0.3194805194805195,4.522902427589394,0.030519968471002138,94,"94,76,116,15,95,112",,False,386
crea-loos-06,creative,poetry,loose,1,88,119,1.3522727272727273,4.568988342512563,0.034424651339571816,40,"40,26,8,7,46,75",,False,89
crea-loos-06,creative,poetry,loose,3,88,119,1.3522727272727273,4.450650588181941,0.06180236935715748,100,"100,96,22,109,78,2",,False,89
crea-loos-06,creative,poetry,loose,6,88,103,1.1704545454545454,4.270592785796471,0.06536583796032486,120,"120,19,25,27,96,83",,False,89
crea-loos-06,creative,poetry,loose,8,88,83,0.9431818181818182,3.995397667313588,0.07792645926228435,69,"69,116,38,43,53,115",,False,89
crea-loos-06,creative,poetry,loose,10,88,78,0.8863636363636364,3.7790840903288268,0.08982821377840909,10,"10,93,41,21,33,108",,False,89
crea-loos-06,creative,poetry,loose,13,88,82,0.9318181818181818,3.6985821727891497,0.12343666423265322,46,"46,104,96,97,26,120",,False,89
crea-loos-06,creative,poetry,loose,15,88,74,0.8409090909090909,3.54164730139799,0.130414590311929,26,"26,65,99,17,125,53",,False,89
crea-loos-06,creative,poetry,loose,17,88,77,0.875,3.5933617082829588,0.2020230604476701,104,"104,56,112,21,30,98",,False,89
crea-loos-06,creative,poetry,loose,20,88,72,0.8181818181818182,3.506188561019613,0.1320631390644108,1,"1,16,110,69,22,47",,False,89
crea-loos-06,creative,poetry,loose,22,88,99,1.125,3.992723371311246,0.16237537841460925,2,"2,114,54,35,99,118",,False,89
crea-loos-06,creative,poetry,loose,24,88,75,0.8522727272727273,3.6878387972287046,0.08027534516633958,16,"16,111,59,60,30,40",,False,89
crea-loos-06,creative,poetry,loose,27,88,79,0.8977272727272727,3.654585408336882,0.15444131559599938,17,"17,43,20,73,64,34",,False,89
crea-loos-06,creative,poetry,loose,29,88,94,1.0681818181818181,4.080956183544459,0.11362170359311922,98,"98,41,60,51,7,107",,False,89
crea-loos-06,creative,poetry,loose,31,88,88,1.0,3.8727910918491735,0.1320773037997159,74,"74,93,4,78,82,43",,False,89
crea-loos-06,creative,poetry,loose,34,88,87,0.9886363636363636,3.9566886084436588,0.10280477546481769,47,"47,126,98,59,18,107",,False,89
crea-loos-06,creative,poetry,loose,36,88,83,0.9431818181818182,3.5901948736673783,0.16806733879693492,49,"49,50,34,14,105,21",,False,89
crea-loos-06,creative,poetry,loose,38,88,88,1.0,3.7002274954372627,0.183963800503264,124,"124,110,64,4,68,43",,False,89
crea-loos-06,creative,poetry,loose,40,88,77,0.875,3.7649526448870323,0.14815081973398528,20,"20,124,41,14,73,97",,False,89
crea-loos-06,creative,poetry,loose,43,88,86,0.9772727272727273,3.9481679060024986,0.06524164878597155,24,"24,92,28,100,57,79",,False,89
crea-loos-06,creative,poetry,loose,45,88,93,1.0568181818181819,4.034915766005392,0.07239131315339589,50,"50,117,29,79,39,18",,False,89
crea-loos-06,creative,poetry,loose,47,88,105,1.1931818181818181,4.298739380365703,0.05170570339631477,106,"106,103,88,40,25,14",,False,89
crea-loos-06,creative,poetry,loose,49,88,99,1.125,3.941075274885566,0.14352285851653726,52,"52,101,41,87,18,92",,False,89
crea-loos-06,creative,poetry,loose,51,88,106,1.2045454545454546,4.2299267394890325,0.057011417209349165,116,"116,15,13,10,92,89",,False,89
crea-stru-07,creative,haiku,structured,1,507,128,0.252465483234714,4.675528505486184,0.023907013108436584,76,"76,85,80,40,2,9",,False,508
crea-stru-07,creative,haiku,structured,3,507,127,0.2504930966469428,4.5502996481198625,0.027071078446715604,96,"96,44,112,64,100,117",,False,508
crea-stru-07,creative,haiku,structured,6,507,126,0.2485207100591716,4.408985029059531,0.043592829642122556,120,"120,25,22,79,15,23",,False,508
crea-stru-07,creative,haiku,structured,8,507,103,0.20315581854043394,3.589985953112694,0.14170848850994816,69,"69,54,77,38,53,49",,False,508
crea-stru-07,creative,haiku,structured,10,507,92,0.1814595660749507,3.5187282071897514,0.13219085995616045,48,"48,63,93,121,21,94",,False,508
crea-stru-07,creative,haiku,structured,13,507,93,0.1834319526627219,3.553790011992144,0.17992217670989294,120,"120,104,63,96,109,46",,False,508
crea-stru-07,creative,haiku,structured,15,507,106,0.20907297830374755,3.466706186184918,0.19303733496492403,17,"17,120,26,81,64,108",,False,508
crea-stru-07,creative,haiku,structured,17,507,98,0.1932938856015779,3.7731320654486615,0.09545163652963551,21,"21,30,111,3,104,109",,False,508
crea-stru-07,creative,haiku,structured,20,507,107,0.21104536489151873,3.6458431161514677,0.17073808480698704,58,"58,47,16,105,92,62",,False,508
crea-stru-07,creative,haiku,structured,22,507,121,0.23865877712031558,4.15074711884536,0.082010152192356,55,"55,94,58,15,50,54",,False,508
crea-stru-07,creative,haiku,structured,24,507,101,0.1992110453648915,3.8102755458072255,0.11051697593434717,17,"17,87,42,50,121,35",,False,508
crea-stru-07,creative,haiku,structured,27,507,111,0.21893491124260356,4.1028787704351455,0.05920433787744525,37,"37,0,17,32,73,102",,False,508
crea-stru-07,creative,haiku,structured,29,507,117,0.23076923076923078,3.7981456835649885,0.23196362819493865,44,"44,7,83,125,47,122",,False,508
crea-stru-07,creative,haiku,structured,31,507,113,0.22287968441814596,4.047813248183772,0.1261727017030557,4,"4,1,58,101,61,35",,False,508
crea-stru-07,creative,haiku,structured,34,507,115,0.22682445759368836,3.729199683993958,0.18427377591950544,23,"23,4,82,18,21,68",,False,508
crea-stru-07,creative,haiku,structured,36,507,111,0.21893491124260356,3.768485451860194,0.15830548434132238,49,"49,34,65,121,71,101",,False,508
crea-stru-07,creative,haiku,structured,38,507,111,0.21893491124260356,3.7151904269915175,0.12328306426728088,92,"92,124,26,76,8,119",,False,508
crea-stru-07,creative,haiku,structured,40,507,107,0.21104536489151873,3.751258637221999,0.16212380557701886,15,"15,126,20,56,91,41",,False,508
crea-stru-07,creative,haiku,structured,43,507,113,0.22287968441814596,3.905922611448333,0.12413719776279605,51,"51,112,104,37,31,43",,False,508
crea-stru-07,creative,haiku,structured,45,507,119,0.23471400394477318,4.140178825145647,0.1266725709535282,29,"29,36,53,16,62,108",,False,508
crea-stru-07,creative,haiku,structured,47,507,117,0.23076923076923078,4.184646395162791,0.15604149872038597,116,"116,4,106,7,61,34",,False,508
crea-stru-07,creative,haiku,structured,49,507,120,0.23668639053254437,4.112864323008738,0.07560197161232662,115,"115,52,127,77,50,98",,False,508
crea-stru-07,creative,haiku,structured,51,507,125,0.2465483234714004,4.468612899968255,0.02933687682172398,15,"15,99,79,19,36,118",,False,508
crea-stru-08,creative,story,structured,1,264,128,0.48484848484848486,4.675317657236759,0.03139560519233017,75,"75,44,56,34,104,126",,False,265
crea-stru-08,creative,story,structured,3,264,128,0.48484848484848486,4.614981792573501,0.02405834950145467,89,"89,96,100,36,78,75",,False,265
crea-stru-08,creative,story,structured,6,264,124,0.4696969696969697,4.424749095432258,0.05081961391549583,120,"120,96,92,83,27,18",,False,265
crea-stru-08,creative,story,structured,8,264,105,0.3977272727272727,3.9879619938227426,0.09473181132502613,77,"77,38,116,53,54,92",,False,265
crea-stru-08,creative,story,structured,10,264,86,0.32575757575757575,3.7494474604197943,0.1128403532186517,63,"63,2,49,21,4,113",,False,265
crea-stru-08,creative,story,structured,13,264,94,0.3560606060606061,3.6997132994869966,0.11757044314748556,120,"120,46,104,96,86,64",,False,265
crea-stru-08,creative,story,structured,15,264,98,0.3712121212121212,3.744911412968876,0.1228832775877669,17,"17,26,120,95,122,20",,False,265
crea-stru-08,creative,story,structured,17,264,90,0.3409090909090909,3.9868210243342985,0.05626820410346478,28,"28,32,104,101,59,21",,False,265
crea-stru-08,creative,story,structured,20,264,95,0.35984848484848486,3.7227247724807553,0.11018175031992695,16,"16,58,78,92,14,120",,False,265
crea-stru-08,creative,story,structured,22,264,108,0.4090909090909091,4.2545586554072905,0.058054893081477175,55,"55,58,2,3,50,15",,False,265
crea-stru-08,creative,story,structured,24,264,91,0.3446969696969697,3.6418672721728615,0.11609109738354283,87,"87,17,121,30,105,75",,False,265
crea-stru-08,creative,story,structured,27,264,93,0.3522727272727273,4.009783376414474,0.06974993133538572,89,"89,32,33,103,64,117",,False,265
crea-stru-08,creative,story,structured,29,264,104,0.3939393939393939,3.8574380677726197,0.2079089211294971,44,"44,18,107,102,60,47",,False,265
crea-stru-08,creative,story,structured,31,264,108,0.4090909090909091,4.139394830447323,0.0728979824049047,4,"4,74,91,27,1,68",,False,265
crea-stru-08,creative,story,structured,34,264,102,0.38636363636363635,3.859441507309025,0.12415123765049857,4,"4,23,33,120,92,82",,False,265
crea-stru-08,creative,story,structured,36,264,108,0.4090909090909091,3.797244477593279,0.18297136295976255,49,"49,14,50,65,109,94",,False,265
crea-stru-08,creative,story,structured,38,264,107,0.4053030303030303,3.9756876577185696,0.1256629494947851,92,"92,116,88,119,95,26",,False,265
crea-stru-08,creative,story,structured,40,264,97,0.36742424242424243,3.8410471680078007,0.13608995327664583,15,"15,91,18,74,81,99",,False,265
crea-stru-08,creative,story,structured,43,264,114,0.4318181818181818,4.082122601254769,0.10852804652290587,51,"51,104,31,15,50,120",,False,265
crea-stru-08,creative,story,structured,45,264,119,0.45075757575757575,4.361877324122859,0.06217943845098038,29,"29,116,74,78,49,99",,False,265
crea-stru-08,creative,story,structured,47,264,118,0.44696969696969696,4.317187463222482,0.1019651811594739,116,"116,61,103,112,14,5",,False,265
crea-stru-08,creative,story,structured,49,264,113,0.42803030303030304,4.289311626617426,0.06736193705797104,127,"127,10,52,125,85,68",,False,265
crea-stru-08,creative,story,structured,51,264,120,0.45454545454545453,4.493349446329459,0.0318137443687552,15,"15,76,86,3,10,112",,False,265
crea-stru-09,creative,story,structured,1,1023,128,0.12512218963831867,4.740431419038479,0.026286518281012885,80,"80,2,93,4,104,6",,True,1024
crea-stru-09,creative,story,structured,3,1023,128,0.12512218963831867,4.61810923224253,0.03349943534860899,96,"96,108,24,13,115,7",,True,1024
crea-stru-09,creative,story,structured,6,1023,127,0.1241446725317693,4.567097015063288,0.04063397169209421,96,"96,18,79,92,25,88",,True,1024
crea-stru-09,creative,story,structured,8,1023,121,0.11827956989247312,4.084630178083009,0.10086879539086246,77,"77,54,69,38,53,71",,True,1024
crea-stru-09,creative,story,structured,10,1023,110,0.10752688172043011,3.782210233446133,0.17273448521986182,63,"63,60,85,21,7,113",,True,1024
crea-stru-09,creative,story,structured,13,1023,112,0.10948191593352884,3.824412902289777,0.18156043940308766,120,"120,64,46,104,86,54",,True,1024
crea-stru-09,creative,story,structured,15,1023,116,0.11339198435972629,3.731992599462811,0.15331004665449924,17,"17,26,20,120,12,113",,True,1024
crea-stru-09,creative,story,structured,17,1023,114,0.11143695014662756,4.067645954409399,0.06987507719195316,24,"24,28,107,3,101,111",,True,1024
crea-stru-09,creative,story,structured,20,1023,116,0.11339198435972629,3.970050696610173,0.12568011073457114,58,"58,54,92,114,16,105",,True,1024
crea-stru-09,creative,story,structured,22,1023,126,0.12316715542521994,4.41978861304479,0.06122678864236832,55,"55,58,15,94,3,72",,True,1024
crea-stru-09,creative,story,structured,24,1023,113,0.1104594330400782,3.92373090262716,0.11206571307234364,87,"87,17,121,30,75,50",,True,1024
crea-stru-09,creative,story,structured,27,1023,119,0.11632453567937438,4.268410730550129,0.056606909371076874,103,"103,0,117,32,89,85",,True,1024
crea-stru-09,creative,story,structured,29,1023,122,0.11925708699902249,3.9402953593305226,0.2168857805170665,44,"44,125,36,7,60,107",,True,1024
crea-stru-09,creative,story,structured,31,1023,121,0.11827956989247312,4.269420521501295,0.060521599658327374,67,"67,1,101,4,35,33",,True,1024
crea-stru-09,creative,story,structured,34,1023,122,0.11925708699902249,4.051892348598704,0.1353087345844751,4,"4,23,120,50,68,18",,True,1024
crea-stru-09,creative,story,structured,36,1023,119,0.11632453567937438,3.909301976629976,0.17269772938175748,49,"49,65,14,50,37,42",,True,1024
crea-stru-09,creative,story,structured,38,1023,121,0.11827956989247312,4.063551161961941,0.14444902762618064,92,"92,88,27,124,82,116",,True,1024
crea-stru-09,creative,story,structured,40,1023,119,0.11632453567937438,3.910640100981557,0.17914462291158081,15,"15,1,56,9,18,29",,True,1024
crea-stru-09,creative,story,structured,43,1023,123,0.12023460410557185,4.253260479356948,0.06788665409032636,51,"51,112,15,37,2,109",,True,1024
crea-stru-09,creative,story,structured,45,1023,126,0.12316715542521994,4.451651714653776,0.03510573201954267,62,"62,53,125,49,29,108",,True,1024
crea-stru-09,creative,story,structured,47,1023,123,0.12023460410557185,4.3972901855035325,0.10259774507775384,116,"116,5,4,61,23,103",,True,1024
crea-stru-09,creative,story,structured,49,1023,125,0.12218963831867058,4.298993319238761,0.07262752914599044,127,"127,115,33,34,30,41",,True,1024
crea-stru-09,creative,story,structured,51,1023,127,0.1241446725317693,4.5694734711428096,0.03937379832785182,36,"36,13,3,112,21,15",,True,1024
crea-stru-10,creative,poetry,structured,1,733,128,0.17462482946793997,4.722025687238501,0.018249521326269464,2,"2,4,44,107,18,20",,False,734
crea-stru-10,creative,poetry,structured,3,733,128,0.17462482946793997,4.62161756897816,0.031009190592618963,96,"96,109,36,100,110,6",,False,734
crea-stru-10,creative,poetry,structured,6,733,125,0.17053206002728513,4.4699835683547935,0.0640477979697507,25,"25,120,96,52,16,66",,False,734
crea-stru-10,creative,poetry,structured,8,733,114,0.15552523874488403,3.8530299112540685,0.12626136934397203,69,"69,54,77,126,38,116",,False,734
crea-stru-10,creative,poetry,structured,10,733,109,0.14870395634379263,3.6588625446300274,0.17036907114733116,48,"48,121,21,93,33,63",,False,734
crea-stru-10,creative,poetry,structured,13,733,102,0.13915416098226466,3.7601757254921404,0.12700302001780994,120,"120,104,96,46,87,109",,False,734
crea-stru-10,creative,poetry,structured,15,733,104,0.14188267394270124,3.5277520240173623,0.17139164819236016,17,"17,26,120,95,65,110",,False,734
crea-stru-10,creative,poetry,structured,17,733,104,0.14188267394270124,3.789425713234879,0.10920094466773858,104,"104,21,24,30,111,32",,False,734
crea-stru-10,creative,poetry,structured,20,733,108,0.14733969986357434,3.814226403700554,0.13058306869735148,58,"58,16,47,69,92,62",,False,734
crea-stru-10,creative,poetry,structured,22,733,123,0.16780354706684858,4.202414205087829,0.0860317575147632,2,"2,55,58,100,54,50",,False,734
crea-stru-10,creative,poetry,structured,24,733,108,0.14733969986357434,3.6990176124066574,0.11877780663630903,17,"17,87,16,75,30,121",,False,734
crea-stru-10,creative,poetry,structured,27,733,111,0.15143246930422918,4.070082994694524,0.11819763237424986,17,"17,32,103,94,102,44",,False,734
crea-stru-10,creative,poetry,structured,29,733,120,0.16371077762619374,3.9918001253718245,0.1800955425309548,44,"44,7,47,43,18,73",,False,734
crea-stru-10,creative,poetry,structured,31,733,114,0.15552523874488403,3.992177711736634,0.09181928924907339,4,"4,93,74,1,101,102",,False,734
crea-stru-10,creative,poetry,structured,34,733,115,0.15688949522510232,3.954598876232437,0.13213252701371236,23,"23,4,126,47,33,120",,False,734
crea-stru-10,creative,poetry,structured,36,733,119,0.16234652114597545,3.789718537538876,0.20036300600198256,49,"49,34,50,20,35,65",,False,734
crea-stru-10,creative,poetry,structured,38,733,116,0.1582537517053206,3.8543069268522516,0.1708617950778377,124,"124,92,116,93,106,64",,False,734
crea-stru-10,creative,poetry,structured,40,733,109,0.14870395634379263,3.9678287559976457,0.13243536110059909,15,"15,56,126,20,6,41",,False,734
crea-stru-10,creative,poetry,structured,43,733,121,0.165075034106412,3.9075089511631727,0.09277683826142541,104,"104,112,98,51,56,92",,False,734
crea-stru-10,creative,poetry,structured,45,733,128,0.17462482946793997,4.177412014613766,0.14006008606562836,29,"29,74,108,62,53,39",,False,734
crea-stru-10,creative,poetry,structured,47,733,121,0.165075034106412,4.322470838133959,0.10195418360962491,116,"116,4,20,103,31,5",,False,734
crea-stru-10,creative,poetry,structured,49,733,119,0.16234652114597545,4.06481270434384,0.14047849594016928,52,"52,127,50,125,115,46",,False,734
crea-stru-10,creative,poetry,structured,51,733,126,0.17189631650750342,4.499525465048029,0.0512367686830097,15,"15,99,94,76,116,74",,False,734
crea-stru-11,creative,poetry,structured,1,110,128,1.1636363636363636,4.636770300360401,0.033091499229397935,40,"40,111,29,114,8,27",,False,111
crea-stru-11,creative,poetry,structured,3,110,119,1.0818181818181818,4.528562346758911,0.04678155424489671,96,"96,100,119,22,36,114",,False,111
crea-stru-11,creative,poetry,structured,6,110,115,1.0454545454545454,4.347742368151945,0.07278951454569586,25,"25,120,96,127,68,22",,False,111
crea-stru-11,creative,poetry,structured,8,110,90,0.8181818181818182,3.8266030829633104,0.1290104358556647,69,"69,77,38,49,53,48",,False,111
crea-stru-11,creative,poetry,structured,10,110,84,0.7636363636363637,3.6580787649675197,0.1404050636057994,48,"48,93,21,121,41,33",,False,111
crea-stru-11,creative,poetry,structured,13,110,82,0.7454545454545455,3.38304705549993,0.17804300773613682,104,"104,46,96,109,64,85",,False,111
crea-stru-11,creative,poetry,structured,15,110,77,0.7,3.4080344601392443,0.14926278147294558,17,"17,26,120,64,99,14",,False,111
crea-stru-11,creative,poetry,structured,17,110,79,0.7181818181818181,3.762158610735274,0.13298839931498518,104,"104,111,30,32,31,21",,False,111
crea-stru-11,creative,poetry,structured,20,110,87,0.7909090909090909,3.6542189585258646,0.14384326892388985,16,"16,47,58,126,69,120",,False,111
crea-stru-11,creative,poetry,structured,22,110,106,0.9636363636363636,4.112647113620199,0.09783588638636573,55,"55,2,35,72,63,94",,False,111
crea-stru-11,creative,poetry,structured,24,110,77,0.7,3.5133995469724186,0.12203940257377828,17,"17,87,41,73,30,16",,False,111
crea-stru-11,creative,poetry,structured,27,110,90,0.8181818181818182,3.8493074715719113,0.1339922461006338,17,"17,32,0,117,43,20",,False,111
crea-stru-11,creative,poetry,structured,29,110,99,0.9,3.997307442661911,0.11051395817552183,44,"44,122,7,41,36,47",,False,111
crea-stru-11,creative,poetry,structured,31,110,97,0.8818181818181818,3.9795822021877805,0.11346245868471119,4,"4,74,93,1,29,10",,False,111
crea-stru-11,creative,poetry,structured,34,110,95,0.8636363636363636,3.8055605432781165,0.11555642903485895,4,"4,23,62,126,18,82",,False,111
crea-stru-11,creative,poetry,structured,36,110,95,0.8636363636363636,3.817729571211667,0.15770262478154934,49,"49,34,50,84,51,22",,False,111
crea-stru-11,creative,poetry,structured,38,110,85,0.7727272727272727,3.696973075562631,0.14080444463383973,124,"124,64,120,67,26,8",,False,111
crea-stru-11,creative,poetry,structured,40,110,85,0.7727272727272727,3.8290958928655834,0.0965942282458349,20,"20,81,15,41,12,56",,False,111
crea-stru-11,creative,poetry,structured,43,110,91,0.8272727272727273,3.6711091193972223,0.14552905471899205,51,"51,117,104,31,15,25",,False,111
crea-stru-11,creative,poetry,structured,45,110,102,0.9272727272727272,4.018972115461979,0.12053863325540114,29,"29,7,74,76,9,97",,False,111
crea-stru-11,creative,poetry,structured,47,110,102,0.9272727272727272,4.186765328683747,0.05459312831835427,15,"15,116,126,31,123,106",,False,111
crea-stru-11,creative,poetry,structured,49,110,96,0.8727272727272727,4.068299087806822,0.09793967049820335,52,"52,92,107,10,46,127",,False,111
crea-stru-11,creative,poetry,structured,51,110,111,1.009090909090909,4.2657913161587615,0.07460877700053212,79,"79,15,99,53,10,88",,False,111
crea-stru-12,creative,constrained,structured,1,1023,128,0.12512218963831867,4.650237231660752,0.0229613176507245,4,"4,71,80,98,44,43",,True,1024
crea-stru-12,creative,constrained,structured,3,1023,128,0.12512218963831867,4.4761031826723325,0.05807734328798468,53,"53,40,78,10,55,35",,True,1024
crea-stru-12,creative,constrained,structured,6,1023,127,0.1241446725317693,4.324124680977329,0.04910254688902602,120,"120,47,80,16,126,59",,True,1024
crea-stru-12,creative,constrained,structured,8,1023,119,0.11632453567937438,3.7645967734125687,0.10377618666003532,13,"13,54,55,77,38,69",,True,1024
crea-stru-12,creative,constrained,structured,10,1023,110,0.10752688172043011,3.8535856341358485,0.13682814943714805,23,"23,6,58,63,94,121",,True,1024
crea-stru-12,creative,constrained,structured,13,1023,107,0.10459433040078202,3.5605375487995916,0.13803625242238637,120,"120,96,8,46,109,64",,True,1024
crea-stru-12,creative,constrained,structured,15,1023,111,0.10850439882697947,3.755361750535921,0.13513039306214805,17,"17,26,113,41,120,65",,True,1024
crea-stru-12,creative,constrained,structured,17,1023,100,0.09775171065493646,3.6483465369510624,0.14385401557962915,56,"56,111,90,44,80,30",,True,1024
crea-stru-12,creative,constrained,structured,20,1023,103,0.10068426197458455,3.566250922170962,0.1517232136093932,58,"58,106,47,126,16,12",,True,1024
crea-stru-12,creative,constrained,structured,22,1023,114,0.11143695014662756,4.22139300950595,0.04690617788340894,50,"50,72,66,2,93,47",,True,1024
crea-stru-12,creative,constrained,structured,24,1023,101,0.09872922776148582,3.6912391376694877,0.10037124275946792,17,"17,60,116,16,46,12",,True,1024
crea-stru-12,creative,constrained,structured,27,1023,106,0.10361681329423265,4.093299076599639,0.05768602289232748,9,"9,91,102,117,44,32",,True,1024
crea-stru-12,creative,constrained,structured,29,1023,119,0.11632453567937438,3.9382033799632508,0.18538801785570624,44,"44,122,123,43,60,24",,True,1024
crea-stru-12,creative,constrained,structured,31,1023,117,0.11436950146627566,4.039068523303977,0.0943970721719299,4,"4,101,58,44,29,102",,True,1024
crea-stru-12,creative,constrained,structured,34,1023,117,0.11436950146627566,3.7096152746592868,0.17948413801416094,23,"23,18,73,82,95,115",,True,1024
crea-stru-12,creative,constrained,structured,36,1023,110,0.10752688172043011,3.7785864574613766,0.12083443649752565,35,"35,49,50,70,114,66",,True,1024
crea-stru-12,creative,constrained,structured,38,1023,111,0.10850439882697947,3.560071818116553,0.16957651787164096,107,"107,120,92,116,88,82",,True,1024
crea-stru-12,creative,constrained,structured,40,1023,115,0.11241446725317693,3.909976692028333,0.07236473986676327,51,"51,15,98,56,97,81",,True,1024
crea-stru-12,creative,constrained,structured,43,1023,119,0.11632453567937438,3.859893118071703,0.12125132069362238,78,"78,104,51,37,69,107",,True,1024
crea-stru-12,creative,constrained,structured,45,1023,126,0.12316715542521994,4.201444474740536,0.09321654564020752,78,"78,21,53,5,86,122",,True,1024
crea-stru-12,creative,constrained,structured,47,1023,122,0.11925708699902249,4.147754886920655,0.11694610318431838,116,"116,106,14,6,99,123",,True,1024
crea-stru-12,creative,constrained,structured,49,1023,115,0.11241446725317693,4.115471779403968,0.10503209403578019,36,"36,118,92,98,39,30",,True,1024
crea-stru-12,creative,constrained,structured,51,1023,124,0.12121212121212122,4.364546589415438,0.043185805210116245,79,"79,76,81,28,108,15",,True,1024
fact-easy-01,factual,global_facts,easy,1,1535,128,0.08338762214983714,4.7185790922555535,0.024240248074782776,51,"51,33,124,97,5,68",,True,1536
fact-easy-01,factual,global_facts,easy,3,1535,128,0.08338762214983714,4.6923298892451015,0.02594819338099274,112,"112,85,117,0,83,98",,True,1536
fact-easy-01,factual,global_facts,easy,6,1535,127,0.08273615635179153,4.519732193161823,0.03449613854275513,23,"23,117,104,17,50,42",,True,1536
fact-easy-01,factual,global_facts,easy,8,1535,120,0.0781758957654723,3.879510453921781,0.14446345753397083,126,"126,108,37,120,10,5",,True,1536
fact-easy-01,factual,global_facts,easy,10,1535,121,0.07882736156351791,3.6504694444011307,0.2445042273510318,66,"66,3,36,61,114,42",,True,1536
fact-easy-01,factual,global_facts,easy,13,1535,119,0.07752442996742671,4.02004718847417,0.07514888298949815,53,"53,67,91,51,13,65",,True,1536
fact-easy-01,factual,global_facts,easy,15,1535,120,0.0781758957654723,3.9366767850241624,0.13561380608005896,69,"69,68,23,114,113,39",,True,1536
fact-easy-01,factual,global_facts,easy,17,1535,115,0.0749185667752443,3.9411470977302487,0.08979048019547738,64,"64,124,62,3,6,74",,True,1536
fact-easy-01,factual,global_facts,easy,20,1535,114,0.0742671009771987,3.990954182014297,0.11086845415089251,34,"34,17,26,116,125,124",,True,1536
fact-easy-01,factual,global_facts,easy,22,1535,126,0.08208469055374593,4.204736874857794,0.06412210204956435,101,"101,7,46,17,9,14",,True,1536
fact-easy-01,factual,global_facts,easy,24,1535,121,0.07882736156351791,4.145604552107763,0.07424609186017687,93,"93,36,4,32,12,88",,True,1536
fact-easy-01,factual,global_facts,easy,27,1535,122,0.07947882736156352,3.9523490182917445,0.18071408294988808,8,"8,56,5,35,98,29",,True,1536
fact-easy-01,factual,global_facts,easy,29,1535,124,0.08078175895765473,4.063169793940024,0.1194905067807936,45,"45,80,94,73,1,89",,True,1536
fact-easy-01,factual,global_facts,easy,31,1535,123,0.08013029315960912,4.095105651302903,0.09644575687224162,23,"23,50,26,83,13,85",,True,1536
fact-easy-01,factual,global_facts,easy,34,1535,121,0.07882736156351791,3.950428745540644,0.1760937101292202,55,"55,35,27,102,86,80",,True,1536
fact-easy-01,factual,global_facts,easy,36,1535,124,0.08078175895765473,3.8347809936037143,0.18822184936008393,110,"110,127,104,70,71,12",,True,1536
fact-easy-01,factual,global_facts,easy,38,1535,124,0.08078175895765473,3.8981492966636,0.15419572348689065,97,"97,54,11,127,39,84",,True,1536
fact-easy-01,factual,global_facts,easy,40,1535,125,0.08143322475570032,4.060399914936293,0.11640616483415006,109,"109,44,46,106,34,123",,True,1536
fact-easy-01,factual,global_facts,easy,43,1535,124,0.08078175895765473,4.015494086337281,0.1064207643993825,92,"92,0,52,105,99,7",,True,1536
fact-easy-01,factual,global_facts,easy,45,1535,127,0.08273615635179153,4.161717497793152,0.09378459368346229,66,"66,67,16,70,103,36",,True,1536
fact-easy-01,factual,global_facts,easy,47,1535,126,0.08208469055374593,4.089625215628709,0.13555685627837197,97,"97,12,64,114,34,23",,True,1536
fact-easy-01,factual,global_facts,easy,49,1535,124,0.08078175895765473,4.201206086334127,0.08018758259373812,77,"77,8,85,61,9,16",,True,1536
fact-easy-01,factual,global_facts,easy,51,1535,127,0.08273615635179153,4.501955832611322,0.04180787032070891,85,"85,55,27,8,40,113",,True,1536
fact-easy-02,factual,global_facts,easy,1,425,128,0.30117647058823527,4.692829704621834,0.02201832164065724,33,"33,51,97,36,99,101",True,False,426
fact-easy-02,factual,global_facts,easy,3,425,128,0.30117647058823527,4.631637583883231,0.027903580245225674,115,"115,117,85,112,0,64",True,False,426
fact-easy-02,factual,global_facts,easy,6,425,127,0.2988235294117647,4.444884396879228,0.04334889547689874,16,"16,23,117,68,50,110",True,False,426
fact-easy-02,factual,global_facts,easy,8,425,110,0.25882352941176473,3.834817555236389,0.09795109545397257,37,"37,107,106,126,5,111",True,False,426
fact-easy-02,factual,global_facts,easy,10,425,110,0.25882352941176473,3.6627994699167763,0.19978940680619278,66,"66,106,80,5,97,3",True,False,426
fact-easy-02,factual,global_facts,easy,13,425,102,0.24,3.8984541051467145,0.09366675149371237,17,"17,67,62,34,91,125",True,False,426
fact-easy-02,factual,global_facts,easy,15,425,108,0.2541176470588235,3.962720058089097,0.12743389104090963,23,"23,68,119,41,69,38",True,False,426
fact-easy-02,factual,global_facts,easy,17,425,100,0.23529411764705882,3.859732282098052,0.11352795178200846,124,"124,121,64,73,62,32",True,False,426
fact-easy-02,factual,global_facts,easy,20,425,106,0.24941176470588236,3.8758049292524968,0.09789839092054327,34,"34,26,125,16,116,17",True,False,426
fact-easy-02,factual,global_facts,easy,22,425,119,0.28,4.342196381736464,0.05286301654570816,7,"7,101,17,61,65,20",True,False,426
fact-easy-02,factual,global_facts,easy,24,425,111,0.2611764705882353,4.046729186414051,0.08508261801367044,36,"36,93,127,78,4,74",True,False,426
fact-easy-02,factual,global_facts,easy,27,425,109,0.2564705882352941,3.982312917649745,0.15955878559881304,8,"8,56,16,59,2,15",True,False,426
fact-easy-02,factual,global_facts,easy,29,425,112,0.2635294117647059,4.126011819665059,0.10917587392069024,45,"45,80,89,94,93,1",True,False,426
fact-easy-02,factual,global_facts,easy,31,425,120,0.2823529411764706,4.062423843945046,0.09850674797159888,23,"23,50,26,83,109,102",True,False,426
fact-easy-02,factual,global_facts,easy,34,425,115,0.27058823529411763,4.051477016738279,0.17206994184801555,55,"55,102,58,27,98,115",True,False,426
fact-easy-02,factual,global_facts,easy,36,425,121,0.2847058823529412,3.8628618759897226,0.17486575546340236,110,"110,127,6,104,70,105",True,False,426
fact-easy-02,factual,global_facts,easy,38,425,114,0.26823529411764707,3.87339449799348,0.14696007854831752,76,"76,97,11,54,27,101",True,False,426
fact-easy-02,factual,global_facts,easy,40,425,118,0.2776470588235294,3.885590607935403,0.18889910770756155,109,"109,9,28,106,46,44",True,False,426
fact-easy-02,factual,global_facts,easy,43,425,121,0.2847058823529412,4.212135437252901,0.07720695533097634,38,"38,92,99,7,82,42",True,False,426
fact-easy-02,factual,global_facts,easy,45,425,124,0.2917647058823529,4.237584364929217,0.08528303985696124,66,"66,70,25,100,0,78",True,False,426
fact-easy-02,factual,global_facts,easy,47,425,119,0.28,4.0782676672213265,0.11851906233238589,97,"97,114,12,34,56,64",True,False,426
fact-easy-02,factual,global_facts,easy,49,425,112,0.2635294117647059,4.0983723438348765,0.07099047709317972,8,"8,117,39,109,61,77",True,False,426
fact-easy-02,factual,global_facts,easy,51,425,126,0.2964705882352941,4.391198876703078,0.04206790575570357,49,"49,85,107,80,55,27",True,False,426
fact-easy-03,factual,global_facts,easy,1,262,126,0.48091603053435117,4.66977340632479,0.028912349388833435,51,"51,33,55,73,116,123",False,False,263
fact-easy-03,factual,global_facts,easy,3,262,126,0.48091603053435117,4.5960575190272115,0.027203179882413085,85,"85,71,64,0,115,116",False,False,263
fact-easy-03,factual,global_facts,easy,6,262,122,0.46564885496183206,4.516933145705662,0.03601988087798949,23,"23,29,17,117,16,56",False,False,263
fact-easy-03,factual,global_facts,easy,8,262,107,0.4083969465648855,3.9869467393542664,0.10193361444673922,81,"81,30,77,37,5,106",False,False,263
fact-easy-03,factual,global_facts,easy,10,262,102,0.3893129770992366,3.7336925156194236,0.17590855747334333,66,"66,124,22,61,99,30",False,False,263
fact-easy-03,factual,global_facts,easy,13,262,94,0.35877862595419846,3.774312688331668,0.1555968127050485,127,"127,17,62,34,57,104",False,False,263
fact-easy-03,factual,global_facts,easy,15,262,100,0.3816793893129771,3.823412254559917,0.10179660248103756,69,"69,73,68,90,63,122",False,False,263
fact-easy-03,factual,global_facts,easy,17,262,92,0.3511450381679389,3.975290960556001,0.08715796120154409,73,"73,121,62,36,60,32",False,False,263
fact-easy-03,factual,global_facts,easy,20,262,94,0.35877862595419846,3.9001949520446715,0.0790502917193307,16,"16,109,81,125,26,116",False,False,263
fact-easy-03,factual,global_facts,easy,22,262,114,0.4351145038167939,4.268274791911374,0.05802969564480028,58,"58,7,65,61,17,101",False,False,263
fact-easy-03,factual,global_facts,easy,24,262,100,0.3816793893129771,3.9776961909918866,0.08456824946526571,93,"93,4,75,12,78,121",False,False,263
fact-easy-03,factual,global_facts,easy,27,262,106,0.40458015267175573,3.838738991657312,0.1576171307167617,8,"8,49,103,2,16,56",False,False,263
fact-easy-03,factual,global_facts,easy,29,262,116,0.44274809160305345,4.132816908239501,0.086992133937844,80,"80,79,116,18,89,45",False,False,263
fact-easy-03,factual,global_facts,easy,31,262,112,0.42748091603053434,4.096757175492977,0.09227349832251351,13,"13,116,50,26,67,83",False,False,263
fact-easy-03,factual,global_facts,easy,34,262,116,0.44274809160305345,4.197182776699257,0.08966123112571601,55,"55,95,127,1,115,50",False,False,263
fact-easy-03,factual,global_facts,easy,36,262,114,0.4351145038167939,3.93580170038998,0.17705793894593674,110,"110,52,114,36,70,104",False,False,263
fact-easy-03,factual,global_facts,easy,38,262,110,0.4198473282442748,4.064758617209854,0.11893499086239395,30,"30,11,101,54,99,84",False,False,263
fact-easy-03,factual,global_facts,easy,40,262,113,0.4312977099236641,4.0131127056238425,0.0893057970437834,79,"79,9,90,109,104,40",False,False,263
fact-easy-03,factual,global_facts,easy,43,262,114,0.4351145038167939,4.156239257189738,0.12156221433902768,92,"92,99,90,7,42,82",False,False,263
fact-easy-03,factual,global_facts,easy,45,262,118,0.45038167938931295,4.254244153763339,0.0583572800906793,108,"108,107,25,36,50,59",False,False,263
fact-easy-03,factual,global_facts,easy,47,262,119,0.4541984732824427,4.322742072593239,0.04848716619786347,16,"16,114,12,34,73,56",False,False,263
fact-easy-03,factual,global_facts,easy,49,262,117,0.44656488549618323,4.302821404688828,0.05770172990015843,24,"24,61,33,34,85,77",False,False,263
fact-easy-03,factual,global_facts,easy,51,262,126,0.48091603053435117,4.560750647672239,0.032875431242981513,85,"85,27,49,77,23,72",False,False,263
fact-easy-04,factual,global_facts,easy,1,279,128,0.45878136200716846,4.6922368354553825,0.020902984132962286,33,"33,124,123,116,8,64",True,False,280
fact-easy-04,factual,global_facts,easy,3,279,128,0.45878136200716846,4.605596639947444,0.029031712707414378,112,"112,85,115,64,117,116",True,False,280
fact-easy-04,factual,global_facts,easy,6,279,124,0.4444444444444444,4.523635695387353,0.041121590847836606,23,"23,16,110,37,117,29",True,False,280
fact-easy-04,factual,global_facts,easy,8,279,109,0.3906810035842294,4.073592174353348,0.0879390551689051,37,"37,81,10,77,126,120",True,False,280
fact-easy-04,factual,global_facts,easy,10,279,102,0.3655913978494624,3.753585743558784,0.1581982345879973,66,"66,61,124,97,99,80",True,False,280
fact-easy-04,factual,global_facts,easy,13,279,90,0.3225806451612903,3.8226101535793187,0.11089903568490873,127,"127,17,62,107,34,68",True,False,280
fact-easy-04,factual,global_facts,easy,15,279,106,0.37992831541218636,3.9381051676463907,0.09214863615895205,68,"68,23,69,38,114,41",True,False,280
fact-easy-04,factual,global_facts,easy,17,279,97,0.34767025089605735,3.8909631633717274,0.06435988387681198,73,"73,124,60,3,19,62",True,False,280
fact-easy-04,factual,global_facts,easy,20,279,99,0.3548387096774194,3.9660564247970775,0.0817139948924159,34,"34,26,16,17,120,125",True,False,280
fact-easy-04,factual,global_facts,easy,22,279,118,0.4229390681003584,4.326365417058363,0.06358132138878164,101,"101,17,65,7,58,20",True,False,280
fact-easy-04,factual,global_facts,easy,24,279,107,0.3835125448028674,4.101854952984937,0.07318600459858304,36,"36,3,93,78,12,121",True,False,280
fact-easy-04,factual,global_facts,easy,27,279,106,0.37992831541218636,3.980248101524492,0.14548401126032903,8,"8,2,56,49,103,16",True,False,280
fact-easy-04,factual,global_facts,easy,29,279,113,0.4050179211469534,4.130235065100761,0.09178823350283123,45,"45,80,18,89,94,38",True,False,280
fact-easy-04,factual,global_facts,easy,31,279,114,0.40860215053763443,3.9928772557925494,0.09731526005596154,26,"26,50,23,109,13,27",True,False,280
fact-easy-04,factual,global_facts,easy,34,279,114,0.40860215053763443,4.265102820150547,0.0780588760768669,55,"55,27,102,115,35,93",True,False,280
fact-easy-04,factual,global_facts,easy,36,279,117,0.41935483870967744,4.0409936185746815,0.14643681512300463,110,"110,127,105,104,36,73",True,False,280
fact-easy-04,factual,global_facts,easy,38,279,114,0.40860215053763443,4.098256065056483,0.09480417781300543,97,"97,54,25,58,11,121",True,False,280
fact-easy-04,factual,global_facts,easy,40,279,114,0.40860215053763443,3.97715086804503,0.15478817597517244,109,"109,9,79,44,92,123",True,False,280
fact-easy-04,factual,global_facts,easy,43,279,115,0.4121863799283154,4.04945583956079,0.14516891957373562,99,"99,82,7,92,36,109",True,False,280
fact-easy-04,factual,global_facts,easy,45,279,122,0.43727598566308246,4.361591546507046,0.042858428551996265,66,"66,70,25,78,104,43",True,False,280
fact-easy-04,factual,global_facts,easy,47,279,120,0.43010752688172044,4.260101589181384,0.08147730066932858,97,"97,12,64,34,23,0",True,False,280
fact-easy-04,factual,global_facts,easy,49,279,123,0.44086021505376344,4.343278649074583,0.06244973325097265,8,"8,61,30,16,124,34",True,False,280
fact-easy-04,factual,global_facts,easy,51,279,126,0.45161290322580644,4.513035819034099,0.04133147822434568,85,"85,55,49,19,81,27",True,False,280
fact-easy-05,factual,high_school_geography,easy,1,201,128,0.6368159203980099,4.685772484646845,0.024425953650690158,80,"80,38,48,113,89,26",True,False,202
fact-easy-05,factual,high_school_geography,easy,3,201,124,0.6169154228855721,4.5711342118226135,0.041355103123575085,41,"41,96,23,78,112,106",True,False,202
fact-easy-05,factual,high_school_geography,easy,6,201,122,0.6069651741293532,4.350766723490135,0.09271391098558922,16,"16,71,59,46,66,30",True,False,202
fact-easy-05,factual,high_school_geography,easy,8,201,109,0.5422885572139303,3.7784037275826385,0.2222967738550177,122,"122,7,54,77,126,92",True,False,202
fact-easy-05,factual,high_school_geography,easy,10,201,98,0.48756218905472637,3.562909192987213,0.16519647854477612,118,"118,119,83,69,5,3",True,False,202
fact-easy-05,factual,high_school_geography,easy,13,201,95,0.472636815920398,3.7688938526307494,0.12821763562144056,111,"111,72,67,55,38,62",True,False,202
fact-easy-05,factual,high_school_geography,easy,15,201,103,0.5124378109452736,3.768821811882913,0.12551032752787944,64,"64,76,41,63,69,122",True,False,202
fact-easy-05,factual,high_school_geography,easy,17,201,93,0.4626865671641791,3.9017676377469686,0.09572953667494076,107,"107,6,14,73,15,60",True,False,202
fact-easy-05,factual,high_school_geography,easy,20,201,96,0.47761194029850745,3.9145434116903735,0.106060201182374,34,"34,126,3,16,50,8",True,False,202
fact-easy-05,factual,high_school_geography,easy,22,201,114,0.5671641791044776,4.289809676644561,0.07921572800010494,58,"58,123,45,127,118,65",True,False,202
fact-easy-05,factual,high_school_geography,easy,24,201,95,0.472636815920398,3.72416544006644,0.17239081989641902,73,"73,39,21,75,78,12",True,False,202
fact-easy-05,factual,high_school_geography,easy,27,201,103,0.5124378109452736,4.1313924814491285,0.07965372466320239,51,"51,103,121,2,95,108",True,False,202
fact-easy-05,factual,high_school_geography,easy,29,201,102,0.5074626865671642,3.968080198377849,0.10493999197726914,122,"122,34,40,18,89,19",True,False,202
fact-easy-05,factual,high_school_geography,easy,31,201,110,0.5472636815920398,4.093017291660218,0.07148305673537646,23,"23,29,63,54,67,41",True,False,202
fact-easy-05,factual,high_school_geography,easy,34,201,104,0.5174129353233831,4.097913771608703,0.11529105591358224,82,"82,23,1,102,50,70",True,False,202
fact-easy-05,factual,high_school_geography,easy,36,201,111,0.5522388059701493,4.044495972518213,0.14678190805160063,51,"51,69,84,45,70,104",True,False,202
fact-easy-05,factual,high_school_geography,easy,38,201,104,0.5174129353233831,3.7558255809151833,0.16030000468848424,73,"73,97,101,88,26,100",True,False,202
fact-easy-05,factual,high_school_geography,easy,40,201,108,0.5373134328358209,3.7276668566047837,0.14914826522945204,54,"54,77,9,111,92,24",True,False,202
fact-easy-05,factual,high_school_geography,easy,43,201,105,0.5223880597014925,3.7994870644187912,0.1657128531373331,117,"117,123,28,31,82,36",True,False,202
fact-easy-05,factual,high_school_geography,easy,45,201,119,0.5920398009950248,4.1946905812467215,0.08311571329249931,35,"35,55,30,97,9,54",True,False,202
fact-easy-05,factual,high_school_geography,easy,47,201,113,0.5621890547263682,4.21596683018553,0.09054688974630615,15,"15,37,56,107,86,96",True,False,202
fact-easy-05,factual,high_school_geography,easy,49,201,109,0.5422885572139303,4.0141289259751485,0.13099478876674606,75,"75,98,109,18,85,30",True,False,202
fact-easy-05,factual,high_school_geography,easy,51,201,123,0.6119402985074627,4.478994128319451,0.06484597695788276,79,"79,49,78,21,67,53",True,False,202
fact-easy-06,factual,high_school_geography,easy,1,1248,128,0.10256410256410256,4.755119790649326,0.016913402121309734,41,"41,68,42,51,71,109",True,False,1249
fact-easy-06,factual,high_school_geography,easy,3,1248,128,0.10256410256410256,4.698024330688318,0.025193555207464923,62,"62,52,122,20,111,28",True,False,1249
fact-easy-06,factual,high_school_geography,easy,6,1248,128,0.10256410256410256,4.475956042990261,0.07519315677067803,16,"16,4,50,42,24,123",True,False,1249
fact-easy-06,factual,high_school_geography,easy,8,1248,127,0.10176282051282051,4.23208275242899,0.06728397459951846,54,"54,82,120,37,106,105",True,False,1249
fact-easy-06,factual,high_school_geography,easy,10,1248,120,0.09615384615384616,4.043078130665129,0.0933064810387165,66,"66,74,9,80,58,99",True,False,1249
fact-easy-06,factual,high_school_geography,easy,13,1248,124,0.09935897435897435,4.16050231392974,0.08785571610843586,42,"42,125,27,62,34,28",True,False,1249
fact-easy-06,factual,high_school_geography,easy,15,1248,123,0.0985576923076923,4.221421445986821,0.07190577712583238,44,"44,41,80,115,63,19",True,False,1249
fact-easy-06,factual,high_school_geography,easy,17,1248,119,0.0953525641025641,4.009891887787931,0.0756491554304666,124,"124,15,9,90,60,73",True,False,1249
fact-easy-06,factual,high_school_geography,easy,20,1248,120,0.09615384615384616,4.026355615264793,0.09019592975461331,55,"55,34,94,16,58,72",True,False,1249
fact-easy-06,factual,high_school_geography,easy,22,1248,125,0.10016025641025642,4.435552285977312,0.03310816758904415,65,"65,8,58,84,46,47",True,False,1249
fact-easy-06,factual,high_school_geography,easy,24,1248,119,0.0953525641025641,4.059325176356332,0.09619064163298012,36,"36,39,117,45,74,106",True,False,1249
fact-easy-06,factual,high_school_geography,easy,27,1248,122,0.09775641025641026,4.345664253957411,0.03936431993823848,32,"32,91,108,46,38,4",True,False,1249
fact-easy-06,factual,high_school_geography,easy,29,1248,124,0.09935897435897435,4.324813480776613,0.08075146312499334,88,"88,93,76,89,60,43",True,False,1249
fact-easy-06,factual,high_school_geography,easy,31,1248,123,0.0985576923076923,4.185450199135547,0.09656911081931567,26,"26,29,65,124,10,118",True,False,1249
fact-easy-06,factual,high_school_geography,easy,34,1248,123,0.0985576923076923,4.380650697009359,0.03993905110465306,23,"23,120,113,55,85,20",True,False,1249
fact-easy-06,factual,high_school_geography,easy,36,1248,123,0.0985576923076923,4.234020469491502,0.0949011943921961,6,"6,70,73,122,94,20",True,False,1249
fact-easy-06,factual,high_school_geography,easy,38,1248,121,0.09695512820512821,3.995564325092178,0.17061519514230955,76,"76,79,88,81,87,82",True,False,1249
fact-easy-06,factual,high_school_geography,easy,40,1248,124,0.09935897435897435,4.229934331616945,0.11095010273657592,57,"57,125,14,25,38,79",True,False,1249
fact-easy-06,factual,high_school_geography,easy,43,1248,123,0.0985576923076923,4.105475118232823,0.15217247988049684,52,"52,99,90,53,51,82",True,False,1249
fact-easy-06,factual,high_school_geography,easy,45,1248,125,0.10016025641025642,4.180439799066444,0.08394010659928734,98,"98,90,106,100,63,86",True,False,1249
fact-easy-06,factual,high_school_geography,easy,47,1248,125,0.10016025641025642,4.23518522335234,0.12380612503354381,97,"97,15,70,98,52,105",True,False,1249
fact-easy-06,factual,high_school_geography,easy,49,1248,122,0.09775641025641026,4.002308802793706,0.13961963426159127,8,"8,85,39,117,37,18",True,False,1249
fact-easy-06,factual,high_school_geography,easy,51,1248,126,0.10096153846153846,4.42051367064227,0.06826863748758988,107,"107,67,10,80,49,14",True,False,1249
fact-easy-07,factual,high_school_geography,easy,1,1233,128,0.10381184103811841,4.763353988001644,0.017628905131573266,83,"83,20,31,46,0,99",True,False,1234
fact-easy-07,factual,high_school_geography,easy,3,1233,128,0.10381184103811841,4.726062587125953,0.0204247884265182,28,"28,2,33,17,89,86",True,False,1234
fact-easy-07,factual,high_school_geography,easy,6,1233,128,0.10381184103811841,4.522266801296411,0.07089601503830263,16,"16,42,126,119,28,50",True,False,1234
fact-easy-07,factual,high_school_geography,easy,8,1233,126,0.10218978102189781,4.439550100356115,0.041679314252358886,126,"126,54,120,37,92,5",True,False,1234
fact-easy-07,factual,high_school_geography,easy,10,1233,123,0.09975669099756691,4.155244847932086,0.0930129908332101,72,"72,83,9,119,99,49",True,False,1234
fact-easy-07,factual,high_school_geography,easy,13,1233,120,0.09732360097323602,4.271556406239619,0.0769453327411121,67,"67,62,4,107,34,104",True,False,1234
fact-easy-07,factual,high_school_geography,easy,15,1233,120,0.09732360097323602,4.187431257603207,0.07937015649579378,41,"41,19,99,125,86,56",True,False,1234
fact-easy-07,factual,high_school_geography,easy,17,1233,113,0.09164639091646391,4.051182364679593,0.0998148095640065,124,"124,6,60,73,30,32",True,False,1234
fact-easy-07,factual,high_school_geography,easy,20,1233,122,0.0989456609894566,3.9924740617797445,0.1657777083086899,34,"34,66,9,15,72,58",True,False,1234
fact-easy-07,factual,high_school_geography,easy,22,1233,125,0.10137875101378752,4.43109444590765,0.039901889519558385,65,"65,58,119,127,113,33",True,False,1234
fact-easy-07,factual,high_school_geography,easy,24,1233,118,0.09570154095701541,4.041666221642719,0.08989022163459598,39,"39,36,58,121,74,113",True,False,1234
fact-easy-07,factual,high_school_geography,easy,27,1233,118,0.09570154095701541,4.299617441856461,0.045667694511947736,18,"18,109,2,91,73,103",True,False,1234
fact-easy-07,factual,high_school_geography,easy,29,1233,123,0.09975669099756691,4.40807143326206,0.057732657049098086,80,"80,84,18,60,89,94",True,False,1234
fact-easy-07,factual,high_school_geography,easy,31,1233,124,0.10056772100567721,4.219494243326473,0.11448832128761141,26,"26,29,118,124,65,27",True,False,1234
fact-easy-07,factual,high_school_geography,easy,34,1233,123,0.09975669099756691,4.361420307374565,0.07757919792773754,58,"58,55,97,18,113,110",True,False,1234
fact-easy-07,factual,high_school_geography,easy,36,1233,126,0.10218978102189781,4.325456089623421,0.06905363673235951,70,"70,6,11,105,84,30",True,False,1234
fact-easy-07,factual,high_school_geography,easy,38,1233,125,0.10137875101378752,4.182596885842275,0.11134878768775491,97,"97,76,46,122,88,43",True,False,1234
fact-easy-07,factual,high_school_geography,easy,40,1233,121,0.09813463098134631,4.262699859339239,0.07523041990654698,109,"109,46,9,28,13,4",True,False,1234
fact-easy-07,factual,high_school_geography,easy,43,1233,126,0.10218978102189781,3.970395607573505,0.1788104300916268,52,"52,110,99,90,9,53",True,False,1234
fact-easy-07,factual,high_school_geography,easy,45,1233,126,0.10218978102189781,4.405236630906549,0.049807885400894314,67,"67,4,59,77,86,62",True,False,1234
fact-easy-07,factual,high_school_geography,easy,47,1233,124,0.10056772100567721,4.121455142791905,0.1634308253586024,97,"97,15,93,71,107,114",True,False,1234
fact-easy-07,factual,high_school_geography,easy,49,1233,124,0.10056772100567721,4.220427701202753,0.06901260694303184,85,"85,8,39,30,18,117",True,False,1234
fact-easy-07,factual,high_school_geography,easy,51,1233,128,0.10381184103811841,4.459291451993041,0.05293776226051219,14,"14,79,40,107,49,23",True,False,1234
fact-easy-08,factual,high_school_geography,easy,1,1333,128,0.09602400600150038,4.7665383023518855,0.027922367205220414,48,"48,55,35,62,80,51",True,False,1334
fact-easy-08,factual,high_school_geography,easy,3,1333,128,0.09602400600150038,4.73416813968472,0.025032312513702026,41,"41,52,111,126,21,9",True,False,1334
fact-easy-08,factual,high_school_geography,easy,6,1333,127,0.09527381845461365,4.477450649204135,0.07118732179140089,16,"16,17,42,46,45,59",True,False,1334
fact-easy-08,factual,high_school_geography,easy,8,1333,124,0.09302325581395349,4.117784430991995,0.12656599612393843,122,"122,106,111,102,92,126",True,False,1334
fact-easy-08,factual,high_school_geography,easy,10,1333,124,0.09302325581395349,3.8755700825892077,0.13606687780848942,83,"83,49,26,119,53,86",True,False,1334
fact-easy-08,factual,high_school_geography,easy,13,1333,118,0.08852213053263316,3.830867504308142,0.16165024812249693,67,"67,125,91,57,72,42",True,False,1334
fact-easy-08,factual,high_school_geography,easy,15,1333,121,0.09077269317329333,4.11135521139859,0.09266202043981328,41,"41,64,113,116,19,23",True,False,1334
fact-easy-08,factual,high_school_geography,easy,17,1333,117,0.08777194298574643,3.9290073900569853,0.07378868168222563,14,"14,119,124,90,6,60",True,False,1334
fact-easy-08,factual,high_school_geography,easy,20,1333,114,0.08552138034508627,3.9701443953471505,0.16512220141298956,34,"34,55,104,127,72,94",True,False,1334
fact-easy-08,factual,high_school_geography,easy,22,1333,124,0.09302325581395349,4.409481677754758,0.04593346138446617,61,"61,102,58,45,65,4",True,False,1334
fact-easy-08,factual,high_school_geography,easy,24,1333,118,0.08852213053263316,3.7725766823163953,0.1768710708696268,73,"73,36,39,102,38,72",True,False,1334
fact-easy-08,factual,high_school_geography,easy,27,1333,122,0.09152288072018004,4.309018136578348,0.043441691007860404,81,"81,91,109,88,108,49",True,False,1334
fact-easy-08,factual,high_school_geography,easy,29,1333,122,0.09152288072018004,4.204084119981292,0.08801897865637423,80,"80,122,60,43,84,19",True,False,1334
fact-easy-08,factual,high_school_geography,easy,31,1333,124,0.09302325581395349,3.911999023747256,0.14359170772994231,23,"23,26,29,68,63,124",True,False,1334
fact-easy-08,factual,high_school_geography,easy,34,1333,119,0.08927231807951988,4.124443910123762,0.14580714512308066,55,"55,127,82,5,16,1",True,False,1334
fact-easy-08,factual,high_school_geography,easy,36,1333,126,0.09452363090772693,4.0604589574713685,0.17914517120828796,6,"6,64,70,84,51,30",True,False,1334
fact-easy-08,factual,high_school_geography,easy,38,1333,123,0.09227306826706677,3.930568968271842,0.21113418244097518,97,"97,27,46,88,100,64",True,False,1334
fact-easy-08,factual,high_school_geography,easy,40,1333,123,0.09227306826706677,4.208463317478872,0.11640598351460933,77,"77,30,28,9,97,14",True,False,1334
fact-easy-08,factual,high_school_geography,easy,43,1333,120,0.0900225056264066,4.240262687418279,0.0481896570765523,31,"31,117,99,90,51,119",True,False,1334
fact-easy-08,factual,high_school_geography,easy,45,1333,127,0.09527381845461365,4.456314744334478,0.03518238595708241,61,"61,43,107,86,59,97",True,False,1334
fact-easy-08,factual,high_school_geography,easy,47,1333,126,0.09452363090772693,4.346960675812676,0.06722166341919067,99,"99,97,114,119,56,67",True,False,1334
fact-easy-08,factual,high_school_geography,easy,49,1333,125,0.09377344336084022,4.118877611435232,0.12144533451424173,109,"109,75,18,39,85,117",True,False,1334
fact-easy-08,factual,high_school_geography,easy,51,1333,127,0.09527381845461365,4.425461604421297,0.07713665329630562,49,"49,79,40,102,14,67",True,False,1334
fact-hard-17,factual,professional_medicine,hard,1,1005,128,0.12736318407960198,4.737749017423211,0.022042108736755387,81,"81,62,87,48,20,1",True,False,1006
fact-hard-17,factual,professional_medicine,hard,3,1005,128,0.12736318407960198,4.696670013511306,0.03536758530562462,111,"111,4,51,23,17,43",True,False,1006
fact-hard-17,factual,professional_medicine,hard,6,1005,126,0.1253731343283582,4.251395924206333,0.11677852009875797,113,"113,49,16,30,104,71",True,False,1006
fact-hard-17,factual,professional_medicine,hard,8,1005,121,0.12039800995024875,4.074642888066431,0.08159318196647741,32,"32,39,2,14,93,94",True,False,1006
fact-hard-17,factual,professional_medicine,hard,10,1005,124,0.12338308457711443,4.020619288916195,0.18452564881419492,80,"80,55,23,100,34,109",True,False,1006
fact-hard-17,factual,professional_medicine,hard,13,1005,120,0.11940298507462686,3.9064260595216327,0.10572350595050609,83,"83,114,51,95,53,62",True,False,1006
fact-hard-17,factual,professional_medicine,hard,15,1005,123,0.12238805970149254,4.0232479096430245,0.09727106480978756,76,"76,98,99,110,41,64",True,False,1006
fact-hard-17,factual,professional_medicine,hard,17,1005,113,0.11243781094527364,3.8795499442161643,0.12022633617694112,112,"112,84,64,107,81,60",True,False,1006
fact-hard-17,factual,professional_medicine,hard,20,1005,121,0.12039800995024875,4.065661371701898,0.09344305687248462,123,"123,124,66,50,69,1",True,False,1006
fact-hard-17,factual,professional_medicine,hard,22,1005,127,0.1263681592039801,4.416924066911375,0.06817438797740852,58,"58,113,8,35,14,45",True,False,1006
fact-hard-17,factual,professional_medicine,hard,24,1005,119,0.11840796019900497,3.922470641491711,0.12303706695638209,21,"21,31,72,39,75,88",True,False,1006
fact-hard-17,factual,professional_medicine,hard,27,1005,124,0.12338308457711443,4.109476735611025,0.1022348032012214,51,"51,113,103,90,91,72",True,False,1006
fact-hard-17,factual,professional_medicine,hard,29,1005,126,0.1253731343283582,4.1187190773717814,0.16458013400917051,34,"34,65,18,14,126,19",True,False,1006
fact-hard-17,factual,professional_medicine,hard,31,1005,125,0.12437810945273632,4.205716295939304,0.11496599036069652,5,"5,67,41,61,77,29",True,False,1006
fact-hard-17,factual,professional_medicine,hard,34,1005,120,0.11940298507462686,4.322602893483863,0.052161145955405296,67,"67,1,102,66,50,91",True,False,1006
fact-hard-17,factual,professional_medicine,hard,36,1005,124,0.12338308457711443,4.012489825970134,0.11440537007078824,45,"45,66,56,49,127,20",True,False,1006
fact-hard-17,factual,professional_medicine,hard,38,1005,124,0.12338308457711443,3.7978050064522266,0.14478889139749698,89,"89,86,111,56,117,116",True,False,1006
fact-hard-17,factual,professional_medicine,hard,40,1005,122,0.12139303482587065,3.9504807455852724,0.19798368048589973,100,"100,36,34,9,92,56",True,False,1006
fact-hard-17,factual,professional_medicine,hard,43,1005,120,0.11940298507462686,4.214343761646322,0.11494508028398301,61,"61,47,96,97,52,48",True,False,1006
fact-hard-17,factual,professional_medicine,hard,45,1005,122,0.12139303482587065,4.357516962404922,0.061111212599582056,7,"7,66,111,35,84,125",True,False,1006
fact-hard-17,factual,professional_medicine,hard,47,1005,126,0.1253731343283582,4.224437363484211,0.11843123009929964,118,"118,96,15,9,61,58",True,False,1006
fact-hard-17,factual,professional_medicine,hard,49,1005,124,0.12338308457711443,4.159049295086167,0.07685041992138607,127,"127,86,4,71,85,83",True,False,1006
fact-hard-17,factual,professional_medicine,hard,51,1005,128,0.12736318407960198,4.550153333233894,0.03512848577684693,45,"45,79,89,36,54,17",True,False,1006
fact-hard-18,factual,professional_medicine,hard,1,305,128,0.419672131147541,4.720992134575187,0.02392047448405878,95,"95,51,115,27,99,76",True,False,306
fact-hard-18,factual,professional_medicine,hard,3,305,128,0.419672131147541,4.638467906367014,0.035840037704785235,111,"111,58,23,46,97,38",True,False,306
fact-hard-18,factual,professional_medicine,hard,6,305,125,0.4098360655737705,4.250400270171973,0.10657173672453918,113,"113,49,16,71,120,4",True,False,306
fact-hard-18,factual,professional_medicine,hard,8,305,109,0.35737704918032787,3.7262800179451676,0.14658587506737925,39,"39,46,2,28,77,98",True,False,306
fact-hard-18,factual,professional_medicine,hard,10,305,112,0.36721311475409835,3.6371036290181142,0.1736211468836875,61,"61,112,26,34,97,15",True,False,306
fact-hard-18,factual,professional_medicine,hard,13,305,111,0.3639344262295082,3.645976522744999,0.22321950307365074,114,"114,72,8,62,55,73",True,False,306
fact-hard-18,factual,professional_medicine,hard,15,305,106,0.3475409836065574,3.665287603386993,0.1250356004773946,76,"76,125,35,41,122,27",True,False,306
fact-hard-18,factual,professional_medicine,hard,17,305,95,0.3114754098360656,3.549601968804908,0.2216526129424898,84,"84,112,53,60,73,15",True,False,306
fact-hard-18,factual,professional_medicine,hard,20,305,107,0.35081967213114756,3.546566655948671,0.2743878054489085,63,"63,89,19,112,66,14",True,False,306
fact-hard-18,factual,professional_medicine,hard,22,305,115,0.3770491803278688,4.300402891616922,0.08944073923470254,58,"58,119,70,8,45,4",True,False,306
fact-hard-18,factual,professional_medicine,hard,24,305,107,0.35081967213114756,3.786184508608076,0.10572388125172501,31,"31,40,11,46,60,78",True,False,306
fact-hard-18,factual,professional_medicine,hard,27,305,114,0.3737704918032787,3.9748878369378646,0.155918750260149,82,"82,103,51,108,91,72",True,False,306
fact-hard-18,factual,professional_medicine,hard,29,305,112,0.36721311475409835,3.9756226169580735,0.11566172592469914,78,"78,18,17,34,19,102",True,False,306
fact-hard-18,factual,professional_medicine,hard,31,305,116,0.380327868852459,3.8575279675343634,0.15939989782919867,53,"53,40,61,109,29,67",True,False,306
fact-hard-18,factual,professional_medicine,hard,34,305,114,0.3737704918032787,3.92678386000272,0.19103867634675473,123,"123,1,8,67,125,5",True,False,306
fact-hard-18,factual,professional_medicine,hard,36,305,113,0.3704918032786885,3.624890964672288,0.24577207041837285,45,"45,66,25,38,104,56",True,False,306
fact-hard-18,factual,professional_medicine,hard,38,305,107,0.35081967213114756,3.4948765623030646,0.2117303741988697,108,"108,89,56,22,25,91",True,False,306
fact-hard-18,factual,professional_medicine,hard,40,305,107,0.35081967213114756,3.697500151630008,0.1967901929089291,100,"100,21,119,55,36,34",True,False,306
fact-hard-18,factual,professional_medicine,hard,43,305,109,0.35737704918032787,3.8116501688798508,0.09242104169483269,47,"47,20,55,61,85,113",True,False,306
fact-hard-18,factual,professional_medicine,hard,45,305,120,0.39344262295081966,3.8714036777668777,0.22241902011671688,64,"64,114,123,78,35,108",True,False,306
fact-hard-18,factual,professional_medicine,hard,47,305,121,0.39672131147540984,3.916248401559678,0.13618815113520943,118,"118,37,61,56,111,96",True,False,306
fact-hard-18,factual,professional_medicine,hard,49,305,113,0.3704918032786885,3.6621211658141544,0.2052701694882422,86,"86,4,127,71,49,30",True,False,306
fact-hard-18,factual,professional_medicine,hard,51,305,125,0.4098360655737705,4.399910546992798,0.04495661874561518,0,"0,19,89,16,32,100",True,False,306
fact-hard-19,factual,professional_medicine,hard,1,314,128,0.40764331210191085,4.6658588983921865,0.028314264670311083,27,"27,48,115,62,50,13",True,False,315
fact-hard-19,factual,professional_medicine,hard,3,314,127,0.40445859872611467,4.559955328920712,0.03661507858262045,23,"23,38,46,58,17,69",True,False,315
fact-hard-19,factual,professional_medicine,hard,6,314,123,0.39171974522292996,4.036909172814509,0.16918120624190305,113,"113,49,21,16,71,123",True,False,315
fact-hard-19,factual,professional_medicine,hard,8,314,106,0.3375796178343949,3.8300704110670543,0.19454239424065564,28,"28,23,106,39,120,93",True,False,315
fact-hard-19,factual,professional_medicine,hard,10,314,113,0.35987261146496813,3.718784839975736,0.14413078760775846,112,"112,34,88,22,92,94",True,False,315
fact-hard-19,factual,professional_medicine,hard,13,314,108,0.34394904458598724,3.6647376477431988,0.1990756233524375,114,"114,11,83,95,62,117",True,False,315
fact-hard-19,factual,professional_medicine,hard,15,314,111,0.3535031847133758,3.670274517380252,0.17795803648598257,36,"36,76,41,105,116,7",True,False,315
fact-hard-19,factual,professional_medicine,hard,17,314,100,0.3184713375796178,3.672917134713762,0.21978605542666924,112,"112,116,73,90,60,53",True,False,315
fact-hard-19,factual,professional_medicine,hard,20,314,110,0.3503184713375796,3.9185042869227082,0.12950439505705946,123,"123,89,66,1,59,63",True,False,315
fact-hard-19,factual,professional_medicine,hard,22,314,117,0.37261146496815284,4.270457565370366,0.07185771116698007,89,"89,58,70,113,53,33",True,False,315
fact-hard-19,factual,professional_medicine,hard,24,314,103,0.32802547770700635,3.6286988191817042,0.18264646477683638,31,"31,88,40,39,72,78",True,False,315
fact-hard-19,factual,professional_medicine,hard,27,314,111,0.3535031847133758,3.9660288648594486,0.1667287385617307,72,"72,103,91,25,68,93",True,False,315
fact-hard-19,factual,professional_medicine,hard,29,314,116,0.36942675159235666,3.97931172646457,0.18320944489134927,34,"34,14,18,19,89,102",True,False,315
fact-hard-19,factual,professional_medicine,hard,31,314,116,0.36942675159235666,3.9706726240206986,0.18515197657248136,119,"119,29,120,67,53,61",True,False,315
fact-hard-19,factual,professional_medicine,hard,34,314,116,0.36942675159235666,4.016408271509942,0.11607693213054837,8,"8,67,66,79,1,34",True,False,315
fact-hard-19,factual,professional_medicine,hard,36,314,109,0.3471337579617834,3.8460356369964055,0.15256760938561803,56,"56,80,45,20,72,79",True,False,315
fact-hard-19,factual,professional_medicine,hard,38,314,112,0.35668789808917195,3.3900624259260397,0.20908773892723145,111,"111,117,89,116,71,56",True,False,315
fact-hard-19,factual,professional_medicine,hard,40,314,111,0.3535031847133758,3.5618508174844905,0.18670507206610548,82,"82,34,100,9,58,2",True,False,315
fact-hard-19,factual,professional_medicine,hard,43,314,109,0.3471337579617834,3.7179457272746403,0.16802470896261265,52,"52,61,97,103,82,36",True,False,315
fact-hard-19,factual,professional_medicine,hard,45,314,118,0.37579617834394907,3.859827068613156,0.1771413354274507,115,"115,49,123,57,114,59",True,False,315
fact-hard-19,factual,professional_medicine,hard,47,314,121,0.3853503184713376,4.139524596501294,0.0840927339737068,97,"97,58,111,99,61,37",True,False,315
fact-hard-19,factual,professional_medicine,hard,49,314,116,0.36942675159235666,3.723628192932639,0.19114046465396337,28,"28,71,4,117,13,39",True,False,315
fact-hard-19,factual,professional_medicine,hard,51,314,123,0.39171974522292996,4.3811496024364445,0.050550793438086314,100,"100,79,89,68,42,84",True,False,315
fact-hard-20,factual,professional_medicine,hard,1,407,128,0.3144963144963145,4.739861108756893,0.02122338468980367,18,"18,51,31,62,119,26",True,False,408
fact-hard-20,factual,professional_medicine,hard,3,407,128,0.3144963144963145,4.647981533125057,0.035663375226355,111,"111,96,100,43,23,66",True,False,408
fact-hard-20,factual,professional_medicine,hard,6,407,127,0.31203931203931207,4.266941824210759,0.10632135075109211,113,"113,49,16,4,71,107",True,False,408
fact-hard-20,factual,professional_medicine,hard,8,407,111,0.2727272727272727,3.624238667373456,0.1479620146329203,39,"39,2,69,46,115,107",True,False,408
fact-hard-20,factual,professional_medicine,hard,10,407,113,0.27764127764127766,3.7990041217225543,0.14879444391457364,61,"61,112,5,25,118,47",True,False,408
fact-hard-20,factual,professional_medicine,hard,13,407,105,0.257985257985258,3.6536714952179263,0.1592013073041818,114,"114,72,8,31,62,33",True,False,408
fact-hard-20,factual,professional_medicine,hard,15,407,111,0.2727272727272727,3.6280913709009983,0.11285058221421355,76,"76,125,35,110,105,41",True,False,408
fact-hard-20,factual,professional_medicine,hard,17,407,101,0.24815724815724816,3.515026225857637,0.2630910893540811,84,"84,112,53,107,60,73",True,False,408
fact-hard-20,factual,professional_medicine,hard,20,407,109,0.2678132678132678,3.561333112447788,0.24074858321578285,63,"63,69,112,89,50,66",True,False,408
fact-hard-20,factual,professional_medicine,hard,22,407,121,0.2972972972972973,4.295506000348899,0.07691605854193671,58,"58,70,114,119,45,47",True,False,408
fact-hard-20,factual,professional_medicine,hard,24,407,107,0.2628992628992629,3.901898127586653,0.11203126926098118,11,"11,31,60,46,10,78",True,False,408
fact-hard-20,factual,professional_medicine,hard,27,407,110,0.2702702702702703,3.916345619319399,0.1323429235863021,82,"82,51,103,110,120,95",True,False,408
fact-hard-20,factual,professional_medicine,hard,29,407,116,0.28501228501228504,3.9557793933016216,0.08428074610585397,78,"78,67,34,18,17,102",True,False,408
fact-hard-20,factual,professional_medicine,hard,31,407,113,0.27764127764127766,3.970002928781681,0.13775045441735903,40,"40,53,109,29,54,19",True,False,408
fact-hard-20,factual,professional_medicine,hard,34,407,118,0.28992628992628994,3.9099856985455066,0.19414854169955076,123,"123,47,1,74,120,20",True,False,408
fact-hard-20,factual,professional_medicine,hard,36,407,119,0.29238329238329236,3.5678601046381218,0.21619375583505432,45,"45,66,25,104,38,105",True,False,408
fact-hard-20,factual,professional_medicine,hard,38,407,106,0.26044226044226043,3.5944228974662358,0.1680809773020059,89,"89,108,30,64,56,39",True,False,408
fact-hard-20,factual,professional_medicine,hard,40,407,110,0.2702702702702703,3.587670252544472,0.24441530884083082,100,"100,56,55,21,9,36",True,False,408
fact-hard-20,factual,professional_medicine,hard,43,407,116,0.28501228501228504,3.802733746965332,0.19611890895152356,47,"47,20,85,96,55,35",True,False,408
fact-hard-20,factual,professional_medicine,hard,45,407,121,0.2972972972972973,3.767285822867693,0.21001443789650004,64,"64,35,108,114,14,2",True,False,408
fact-hard-20,factual,professional_medicine,hard,47,407,118,0.28992628992628994,3.871253448787526,0.20506229204218718,118,"118,61,37,18,56,15",True,False,408
fact-hard-20,factual,professional_medicine,hard,49,407,114,0.2800982800982801,3.6357267285301034,0.18973406158900807,86,"86,127,73,71,4,39",True,False,408
fact-hard-20,factual,professional_medicine,hard,51,407,123,0.3022113022113022,4.396169181293772,0.04806596414581043,89,"89,0,73,17,79,12",True,False,408
fact-hard-21,factual,professional_law,hard,1,1535,128,0.08338762214983714,4.748770026930386,0.019500692070349452,19,"19,44,115,31,20,80",True,True,1536
fact-hard-21,factual,professional_law,hard,3,1535,128,0.08338762214983714,4.71749148228888,0.026536107106867688,96,"96,97,122,40,121,101",True,True,1536
fact-hard-21,factual,professional_law,hard,6,1535,127,0.08273615635179153,4.5295726380206816,0.04770665478422917,86,"86,104,93,14,50,76",True,True,1536
fact-hard-21,factual,professional_law,hard,8,1535,122,0.07947882736156352,3.8768684567018137,0.1415655694579018,2,"2,65,7,100,54,62",True,True,1536
fact-hard-21,factual,professional_law,hard,10,1535,123,0.08013029315960912,3.983340491646351,0.12073021764702084,100,"100,121,94,76,58,79",True,True,1536
fact-hard-21,factual,professional_law,hard,13,1535,113,0.0736156351791531,3.492903688212514,0.1705329185913524,42,"42,124,69,5,121,62",True,True,1536
fact-hard-21,factual,professional_law,hard,15,1535,120,0.0781758957654723,3.7853978736223044,0.2124159950549503,48,"48,27,56,41,44,50",True,True,1536
fact-hard-21,factual,professional_law,hard,17,1535,116,0.0755700325732899,3.978240058562271,0.16074093167121184,34,"34,53,111,6,43,30",True,True,1536
fact-hard-21,factual,professional_law,hard,20,1535,116,0.0755700325732899,4.063133361605457,0.08341580561700508,46,"46,58,3,1,114,108",True,True,1536
fact-hard-21,factual,professional_law,hard,22,1535,127,0.08273615635179153,4.432688962569425,0.0469927585825288,58,"58,12,104,99,33,65",True,True,1536
fact-hard-21,factual,professional_law,hard,24,1535,115,0.0749185667752443,3.885056912957957,0.1797668151957646,108,"108,31,74,79,88,45",True,True,1536
fact-hard-21,factual,professional_law,hard,27,1535,114,0.0742671009771987,3.8863030459435453,0.185912934638759,110,"110,103,116,32,91,101",True,True,1536
fact-hard-21,factual,professional_law,hard,29,1535,118,0.07687296416938111,4.327302738841872,0.05608061058138535,55,"55,6,18,43,7,74",True,True,1536
fact-hard-21,factual,professional_law,hard,31,1535,121,0.07882736156351791,4.044294544519265,0.1706490379369803,121,"121,26,7,43,10,13",True,True,1536
fact-hard-21,factual,professional_law,hard,34,1535,119,0.07752442996742671,3.9202524561345937,0.1408918855453991,116,"116,113,1,120,40,23",True,True,1536
fact-hard-21,factual,professional_law,hard,36,1535,121,0.07882736156351791,3.9996884414317284,0.18177833271176824,5,"5,70,67,96,115,49",True,True,1536
fact-hard-21,factual,professional_law,hard,38,1535,121,0.07882736156351791,3.5697692180181475,0.24537215466320508,126,"126,30,72,23,5,43",True,True,1536
fact-hard-21,factual,professional_law,hard,40,1535,125,0.08143322475570032,4.222594195219983,0.05645023276551027,23,"23,3,18,21,57,38",True,True,1536
fact-hard-21,factual,professional_law,hard,43,1535,125,0.08143322475570032,3.7617379338935346,0.26093411707276015,113,"113,42,103,17,73,90",True,True,1536
fact-hard-21,factual,professional_law,hard,45,1535,127,0.08273615635179153,3.916968540236617,0.22266728074500042,32,"32,107,75,108,19,51",True,True,1536
fact-hard-21,factual,professional_law,hard,47,1535,125,0.08143322475570032,3.964190399797528,0.18784080971585995,84,"84,13,39,83,103,98",True,True,1536
fact-hard-21,factual,professional_law,hard,49,1535,123,0.08013029315960912,3.976948778233929,0.15857543636228638,6,"6,85,52,9,107,114",True,True,1536
fact-hard-21,factual,professional_law,hard,51,1535,128,0.08338762214983714,4.382338556136404,0.06799060666168799,5,"5,8,0,93,50,107",True,True,1536
fact-hard-22,factual,professional_law,hard,1,1535,128,0.08338762214983714,4.742924464911912,0.01844062760531886,43,"43,72,115,7,87,98",,True,1536
fact-hard-22,factual,professional_law,hard,3,1535,128,0.08338762214983714,4.682101644990031,0.02109594917631832,119,"119,104,8,101,75,35",,True,1536
fact-hard-22,factual,professional_law,hard,6,1535,128,0.08338762214983714,4.501576367320329,0.049741774699916766,16,"16,78,124,71,83,27",,True,1536
fact-hard-22,factual,professional_law,hard,8,1535,124,0.08078175895765473,4.174127157381744,0.07174490911048662,110,"110,112,124,125,16,65",,True,1536
fact-hard-22,factual,professional_law,hard,10,1535,118,0.07687296416938111,4.117293717598827,0.1191928693778761,8,"8,122,3,94,121,124",,True,1536
fact-hard-22,factual,professional_law,hard,13,1535,117,0.0762214983713355,3.9972135456050664,0.10787309629055732,121,"121,69,70,89,39,62",,True,1536
fact-hard-22,factual,professional_law,hard,15,1535,120,0.0781758957654723,3.8279231306856456,0.17565587874270489,48,"48,73,41,125,63,26",,True,1536
fact-hard-22,factual,professional_law,hard,17,1535,120,0.0781758957654723,3.9893980397025786,0.12733365960690127,34,"34,60,29,79,32,73",,True,1536
fact-hard-22,factual,professional_law,hard,20,1535,122,0.07947882736156352,4.021563277435634,0.10707088485159796,46,"46,112,100,97,70,73",,True,1536
fact-hard-22,factual,professional_law,hard,22,1535,128,0.08338762214983714,4.410822514357586,0.06314058308490547,58,"58,71,104,65,99,111",,True,1536
fact-hard-22,factual,professional_law,hard,24,1535,119,0.07752442996742671,4.025621447045972,0.13534094805069796,108,"108,12,127,121,74,39",,True,1536
fact-hard-22,factual,professional_law,hard,27,1535,121,0.07882736156351791,3.965885454952259,0.14471381046957896,110,"110,107,103,116,91,2",,True,1536
fact-hard-22,factual,professional_law,hard,29,1535,124,0.08078175895765473,4.429833953085305,0.0562794300981247,18,"18,6,89,96,116,43",,True,1536
fact-hard-22,factual,professional_law,hard,31,1535,123,0.08013029315960912,4.219064145399198,0.10886438566005076,121,"121,29,83,67,115,27",,True,1536
fact-hard-22,factual,professional_law,hard,34,1535,123,0.08013029315960912,4.096198797454117,0.09362732740459415,116,"116,24,1,120,18,94",,True,1536
fact-hard-22,factual,professional_law,hard,36,1535,121,0.07882736156351791,3.822171802632784,0.1967508633389597,5,"5,103,109,70,49,94",,True,1536
fact-hard-22,factual,professional_law,hard,38,1535,120,0.0781758957654723,3.9649782200770156,0.10922100083803712,126,"126,5,83,20,21,116",,True,1536
fact-hard-22,factual,professional_law,hard,40,1535,123,0.08013029315960912,4.03594290375826,0.11996698074488064,20,"20,118,106,0,23,67",,True,1536
fact-hard-22,factual,professional_law,hard,43,1535,124,0.08078175895765473,3.855223793450655,0.23292335723085436,50,"50,80,17,9,66,90",,True,1536
fact-hard-22,factual,professional_law,hard,45,1535,128,0.08338762214983714,4.133802105825849,0.1337854298078282,32,"32,108,43,21,109,73",,True,1536
fact-hard-22,factual,professional_law,hard,47,1535,126,0.08208469055374593,4.015438636521879,0.1939398315671325,84,"84,85,75,50,13,104",,True,1536
fact-hard-22,factual,professional_law,hard,49,1535,123,0.08013029315960912,4.319201520873362,0.07222734303097973,85,"85,52,89,22,95,114",,True,1536
fact-hard-22,factual,professional_law,hard,51,1535,128,0.08338762214983714,4.506676228173167,0.0554852674977992,5,"5,107,50,42,67,23",,True,1536
fact-hard-23,factual,professional_law,hard,1,369,128,0.34688346883468835,4.667719981146044,0.02590679437212238,51,"51,113,106,72,80,119",True,False,370
fact-hard-23,factual,professional_law,hard,3,369,128,0.34688346883468835,4.668003778203888,0.023981430009425524,23,"23,59,62,105,35,72",True,False,370
fact-hard-23,factual,professional_law,hard,6,369,125,0.33875338753387535,4.441838229791132,0.07816090858921793,16,"16,60,59,24,15,4",True,False,370
fact-hard-23,factual,professional_law,hard,8,369,115,0.3116531165311653,3.8276370113297005,0.10894990239626692,2,"2,110,65,81,54,112",True,False,370
fact-hard-23,factual,professional_law,hard,10,369,113,0.3062330623306233,3.9425549324918174,0.10415589866713669,109,"109,11,29,120,94,1",True,False,370
fact-hard-23,factual,professional_law,hard,13,369,112,0.3035230352303523,3.8309039532032836,0.16134960841745338,121,"121,3,55,62,113,108",True,False,370
fact-hard-23,factual,professional_law,hard,15,369,109,0.2953929539295393,3.854115035675026,0.1460610492312277,48,"48,41,44,80,63,58",True,False,370
fact-hard-23,factual,professional_law,hard,17,369,99,0.2682926829268293,3.652548823535627,0.16607949474985736,34,"34,53,60,121,111,73",True,False,370
fact-hard-23,factual,professional_law,hard,20,369,111,0.3008130081300813,3.989058344279027,0.084716287797087,46,"46,112,58,106,89,32",True,False,370
fact-hard-23,factual,professional_law,hard,22,369,114,0.3089430894308943,4.251723684134353,0.07010473935577737,71,"71,58,8,54,50,23",True,False,370
fact-hard-23,factual,professional_law,hard,24,369,105,0.2845528455284553,3.9532957773450486,0.09457307738570744,39,"39,45,108,12,105,17",True,False,370
fact-hard-23,factual,professional_law,hard,27,369,103,0.2791327913279133,3.985573141932015,0.14938507390479955,110,"110,91,103,7,32,116",True,False,370
fact-hard-23,factual,professional_law,hard,29,369,114,0.3089430894308943,4.233368913224251,0.09431061523393208,13,"13,89,19,43,6,87",True,False,370
fact-hard-23,factual,professional_law,hard,31,369,117,0.3170731707317073,4.025064551837588,0.11938455023934524,5,"5,29,91,7,121,116",True,False,370
fact-hard-23,factual,professional_law,hard,34,369,117,0.3170731707317073,4.26944426573597,0.06649720891592086,23,"23,68,120,24,1,115",True,False,370
fact-hard-23,factual,professional_law,hard,36,369,111,0.3008130081300813,3.9757189030423796,0.18516804653846852,5,"5,114,70,94,21,1",True,False,370
fact-hard-23,factual,professional_law,hard,38,369,113,0.3062330623306233,3.7491140753109646,0.17826315015026778,40,"40,21,83,126,116,95",True,False,370
fact-hard-23,factual,professional_law,hard,40,369,117,0.3170731707317073,3.6039908191783456,0.2244015838231229,29,"29,20,118,32,38,9",True,False,370
fact-hard-23,factual,professional_law,hard,43,369,119,0.3224932249322493,3.8936353880848205,0.1961110121605138,91,"91,50,120,102,112,80",True,False,370
fact-hard-23,factual,professional_law,hard,45,369,120,0.3252032520325203,3.9759789282859628,0.12842816622590914,126,"126,108,32,0,21,96",True,False,370
fact-hard-23,factual,professional_law,hard,47,369,121,0.32791327913279134,4.034226138900462,0.20469439136539302,84,"84,13,116,50,123,61",True,False,370
fact-hard-23,factual,professional_law,hard,49,369,116,0.3143631436314363,4.106083547105784,0.09592179630318819,85,"85,95,122,90,39,2",True,False,370
fact-hard-23,factual,professional_law,hard,51,369,126,0.34146341463414637,4.440297614488555,0.0380111556722391,50,"50,107,8,5,79,17",True,False,370
fact-hard-24,factual,professional_law,hard,1,451,128,0.2838137472283814,4.772379504618898,0.019998850211460403,115,"115,27,34,72,26,46",True,False,452
fact-hard-24,factual,professional_law,hard,3,451,128,0.2838137472283814,4.7024718506414285,0.026283842328126764,97,"97,23,69,78,58,100",True,False,452
fact-hard-24,factual,professional_law,hard,6,451,127,0.28159645232815966,4.565485799045867,0.049854911978201175,16,"16,98,104,46,60,107",True,False,452
fact-hard-24,factual,professional_law,hard,8,451,113,0.25055432372505543,3.7473256457978037,0.15319543163777816,2,"2,110,65,70,7,54",True,False,452
fact-hard-24,factual,professional_law,hard,10,451,113,0.25055432372505543,3.919647737682619,0.08582096258319495,120,"120,11,102,84,94,79",True,False,452
fact-hard-24,factual,professional_law,hard,13,451,116,0.2572062084257206,3.59747061795411,0.2202717975529061,121,"121,108,3,38,124,62",True,False,452
fact-hard-24,factual,professional_law,hard,15,451,116,0.2572062084257206,3.6634094902278083,0.1785831986859046,48,"48,44,41,122,105,27",True,False,452
fact-hard-24,factual,professional_law,hard,17,451,108,0.2394678492239468,3.8311091623813742,0.19934215170374503,34,"34,53,112,15,49,73",True,False,452
fact-hard-24,factual,professional_law,hard,20,451,113,0.25055432372505543,3.8423512987034965,0.12264546727854392,46,"46,43,112,106,68,89",True,False,452
fact-hard-24,factual,professional_law,hard,22,451,121,0.2682926829268293,4.218088915102624,0.08927650974929185,104,"104,58,71,70,15,45",True,False,452
fact-hard-24,factual,professional_law,hard,24,451,112,0.24833702882483372,3.940293704616946,0.12878674116986888,31,"31,39,108,46,75,120",True,False,452
fact-hard-24,factual,professional_law,hard,27,451,115,0.2549889135254989,3.849536843023765,0.195345783582033,110,"110,103,61,116,91,108",True,False,452
fact-hard-24,factual,professional_law,hard,29,451,117,0.25942350332594233,3.89863582791378,0.19405138132373656,13,"13,18,102,43,88,6",True,False,452
fact-hard-24,factual,professional_law,hard,31,451,115,0.2549889135254989,3.7850806066730023,0.18693794888573376,5,"5,7,29,91,67,53",True,False,452
fact-hard-24,factual,professional_law,hard,34,451,124,0.2749445676274945,4.338103627760371,0.05753173250776522,24,"24,120,1,127,20,70",True,False,452
fact-hard-24,factual,professional_law,hard,36,451,116,0.2572062084257206,3.984130490985692,0.16438669692792243,5,"5,94,96,114,118,70",True,False,452
fact-hard-24,factual,professional_law,hard,38,451,121,0.2682926829268293,4.035716026019664,0.10769609532932721,5,"5,21,56,40,31,43",True,False,452
fact-hard-24,factual,professional_law,hard,40,451,120,0.2660753880266075,3.526474843037886,0.17910636823147844,21,"21,29,90,23,118,111",True,False,452
fact-hard-24,factual,professional_law,hard,43,451,124,0.2749445676274945,3.7352490861777348,0.23807486846391776,91,"91,120,111,73,80,20",True,False,452
fact-hard-24,factual,professional_law,hard,45,451,124,0.2749445676274945,3.81463189850988,0.19779116052797,126,"126,0,108,21,32,125",True,False,452
fact-hard-24,factual,professional_law,hard,47,451,122,0.270509977827051,3.9905962429622535,0.2105764033966304,84,"84,50,90,112,5,71",True,False,452
fact-hard-24,factual,professional_law,hard,49,451,117,0.25942350332594233,4.202722769020125,0.07970978423689323,85,"85,95,86,117,39,106",True,False,452
fact-hard-24,factual,professional_law,hard,51,451,125,0.2771618625277162,4.491283361650031,0.05226091606781587,93,"93,0,111,86,79,22",True,False,452
fact-medi-09,factual,college_biology,medium,1,190,128,0.6736842105263158,4.720445652994639,0.022333932718597228,58,"58,120,40,68,93,26",True,False,191
fact-medi-09,factual,college_biology,medium,3,190,125,0.6578947368421053,4.592103822886338,0.04029671159384311,96,"96,21,66,119,116,78",True,False,191
fact-medi-09,factual,college_biology,medium,6,190,122,0.6421052631578947,4.368474786662818,0.06409433383309322,113,"113,16,49,81,71,120",True,False,191
fact-medi-09,factual,college_biology,medium,8,190,99,0.5210526315789473,3.8318093176183154,0.15588207705364818,122,"122,15,54,77,25,69",True,False,191
fact-medi-09,factual,college_biology,medium,10,190,97,0.5105263157894737,3.780310199610964,0.18055939257578346,24,"24,67,80,97,69,92",True,False,191
fact-medi-09,factual,college_biology,medium,13,190,91,0.4789473684210526,3.7372084873734246,0.12270956510744527,114,"114,72,83,62,111,55",True,False,191
fact-medi-09,factual,college_biology,medium,15,190,95,0.5,3.8308198775807254,0.07140334970872768,105,"105,36,110,99,41,125",True,False,191
fact-medi-09,factual,college_biology,medium,17,190,88,0.4631578947368421,3.6566035732227347,0.16327502969491972,14,"14,73,107,112,19,60",True,False,191
fact-medi-09,factual,college_biology,medium,20,190,92,0.4842105263157895,3.768219288999483,0.143951842328032,14,"14,69,123,19,50,3",True,False,191
fact-medi-09,factual,college_biology,medium,22,190,112,0.5894736842105263,4.341639870474672,0.05792460724157817,58,"58,35,65,45,127,70",True,False,191
fact-medi-09,factual,college_biology,medium,24,190,95,0.5,3.8509056673717565,0.10834909424901223,31,"31,78,43,10,3,72",True,False,191
fact-medi-09,factual,college_biology,medium,27,190,105,0.5526315789473685,4.0845027871761195,0.0820171747166994,51,"51,72,2,103,64,71",True,False,191
fact-medi-09,factual,college_biology,medium,29,190,106,0.5578947368421052,4.131128512438772,0.11511209389229535,34,"34,67,18,89,19,95",True,False,191
fact-medi-09,factual,college_biology,medium,31,190,110,0.5789473684210527,4.23916745618836,0.08864065601188749,68,"68,67,54,119,27,29",True,False,191
fact-medi-09,factual,college_biology,medium,34,190,108,0.5684210526315789,4.050101931873211,0.14811893210705915,82,"82,66,74,1,50,4",True,False,191
fact-medi-09,factual,college_biology,medium,36,190,108,0.5684210526315789,4.055477543238086,0.09551315015454216,56,"56,66,122,105,104,120",True,False,191
fact-medi-09,factual,college_biology,medium,38,190,106,0.5578947368421052,3.9171281204322264,0.14974203410145734,119,"119,111,89,107,26,101",True,False,191
fact-medi-09,factual,college_biology,medium,40,190,110,0.5789473684210527,3.727122207476843,0.1810411800427685,126,"126,28,9,92,100,34",True,False,191
fact-medi-09,factual,college_biology,medium,43,190,110,0.5789473684210527,4.054936249197556,0.0997394922501707,59,"59,52,47,102,96,82",True,False,191
fact-medi-09,factual,college_biology,medium,45,190,115,0.6052631578947368,4.096531495491075,0.10996012762244727,65,"65,1,35,57,50,78",True,False,191
fact-medi-09,factual,college_biology,medium,47,190,114,0.6,4.319334890441078,0.07348311615287079,99,"99,15,58,0,14,106",True,False,191
fact-medi-09,factual,college_biology,medium,49,190,108,0.5684210526315789,4.112669766670719,0.09918873522052792,127,"127,109,75,85,30,71",True,False,191
fact-medi-09,factual,college_biology,medium,51,190,120,0.631578947368421,4.484544258957804,0.03732137986951973,89,"89,87,86,79,64,12",True,False,191
fact-medi-10,factual,college_biology,medium,1,163,125,0.7668711656441718,4.650414293866969,0.021917987955845892,106,"106,119,33,80,65,2",True,False,164
fact-medi-10,factual,college_biology,medium,3,163,124,0.7607361963190185,4.613105725814156,0.03184008363676123,111,"111,62,69,27,12,74",True,False,164
fact-medi-10,factual,college_biology,medium,6,163,119,0.7300613496932515,4.39449641802476,0.06423378742871932,16,"16,113,49,71,79,40",True,False,164
fact-medi-10,factual,college_biology,medium,8,163,103,0.6319018404907976,3.998291433253274,0.09837737187444583,28,"28,39,54,77,109,48",True,False,164
fact-medi-10,factual,college_biology,medium,10,163,108,0.6625766871165644,4.08907937034249,0.0866361755130554,34,"34,97,67,124,54,15",True,False,164
fact-medi-10,factual,college_biology,medium,13,163,92,0.5644171779141104,3.776522275151753,0.10711429179110961,5,"5,114,55,62,8,29",True,False,164
fact-medi-10,factual,college_biology,medium,15,163,97,0.5950920245398773,3.932665250605684,0.06834441752073474,36,"36,105,41,125,70,63",True,False,164
fact-medi-10,factual,college_biology,medium,17,163,87,0.5337423312883436,3.890563037265175,0.07240021376559357,116,"116,60,111,73,57,112",True,False,164
fact-medi-10,factual,college_biology,medium,20,163,99,0.6073619631901841,3.9858487299268672,0.08442742676653602,123,"123,112,16,14,122,58",True,False,164
fact-medi-10,factual,college_biology,medium,22,163,115,0.7055214723926381,4.365308258281649,0.07002136006759253,58,"58,44,45,65,33,3",True,False,164
fact-medi-10,factual,college_biology,medium,24,163,98,0.6012269938650306,3.891220859082235,0.09149730612301142,88,"88,31,46,78,113,12",True,False,164
fact-medi-10,factual,college_biology,medium,27,163,100,0.6134969325153374,4.063570697825149,0.0677353171397169,72,"72,103,32,2,127,91",True,False,164
fact-medi-10,factual,college_biology,medium,29,163,110,0.6748466257668712,4.223483174541782,0.06243022177754545,126,"126,18,89,34,43,40",True,False,164
fact-medi-10,factual,college_biology,medium,31,163,109,0.6687116564417178,4.195065502516222,0.12013786341660247,119,"119,67,29,30,41,61",True,False,164
fact-medi-10,factual,college_biology,medium,34,163,103,0.6319018404907976,4.021786033868087,0.12617495472651513,8,"8,1,18,7,23,120",True,False,164
fact-medi-10,factual,college_biology,medium,36,163,108,0.6625766871165644,4.185535509631398,0.0704383148006135,87,"87,56,122,70,104,5",True,False,164
fact-medi-10,factual,college_biology,medium,38,163,99,0.6073619631901841,3.779184350634895,0.1649811517898011,89,"89,111,116,70,87,26",True,False,164
fact-medi-10,factual,college_biology,medium,40,163,98,0.6012269938650306,3.846617227399078,0.10093369811735617,119,"119,58,28,9,34,92",True,False,164
fact-medi-10,factual,college_biology,medium,43,163,103,0.6319018404907976,3.9289856645939976,0.09319138572661476,61,"61,34,96,82,36,99",True,False,164
fact-medi-10,factual,college_biology,medium,45,163,109,0.6687116564417178,4.113522925106598,0.1152473189755228,123,"123,57,115,78,1,62",True,False,164
fact-medi-10,factual,college_biology,medium,47,163,114,0.6993865030674846,4.224464666127379,0.08661359298219547,58,"58,56,19,71,118,61",True,False,164
fact-medi-10,factual,college_biology,medium,49,163,98,0.6012269938650306,3.9019679660224207,0.09369374388994708,71,"71,28,85,43,4,3",True,False,164
fact-medi-10,factual,college_biology,medium,51,163,119,0.7300613496932515,4.45826439154045,0.033065382315112975,68,"68,17,79,54,89,41",True,False,164
fact-medi-11,factual,college_biology,medium,1,229,127,0.5545851528384279,4.641870550239632,0.023643665685032077,26,"26,66,68,51,55,54",True,False,230
fact-medi-11,factual,college_biology,medium,3,229,127,0.5545851528384279,4.556607889760775,0.031932954080240175,41,"41,78,17,38,35,106",True,False,230
fact-medi-11,factual,college_biology,medium,6,229,119,0.519650655021834,4.25044340391258,0.09410933142286927,16,"16,113,12,71,95,30",True,False,230
fact-medi-11,factual,college_biology,medium,8,229,106,0.462882096069869,3.736178721765374,0.23421961585871223,122,"122,106,38,77,126,94",True,False,230
fact-medi-11,factual,college_biology,medium,10,229,97,0.42358078602620086,3.686554450400629,0.18554440878900627,83,"83,26,53,24,118,97",True,False,230
fact-medi-11,factual,college_biology,medium,13,229,103,0.4497816593886463,3.825110820075957,0.11287467800671525,61,"61,83,55,72,67,62",True,False,230
fact-medi-11,factual,college_biology,medium,15,229,105,0.4585152838427948,3.8655406144546696,0.14380729147454457,76,"76,64,41,63,36,122",True,False,230
fact-medi-11,factual,college_biology,medium,17,229,82,0.35807860262008734,3.6657899929346143,0.16441695004012857,14,"14,73,15,60,112,107",True,False,230
fact-medi-11,factual,college_biology,medium,20,229,96,0.4192139737991266,3.7336538920510476,0.1577242255731441,34,"34,14,8,50,123,66",True,False,230
fact-medi-11,factual,college_biology,medium,22,229,114,0.4978165938864629,4.227540869706686,0.06254893465315459,58,"58,123,15,65,127,70",True,False,230
fact-medi-11,factual,college_biology,medium,24,229,96,0.4192139737991266,3.6434680524825125,0.18103146269762935,73,"73,72,21,39,78,121",True,False,230
fact-medi-11,factual,college_biology,medium,27,229,99,0.43231441048034935,4.006427507241415,0.10123724555612083,72,"72,51,103,2,95,121",True,False,230
fact-medi-11,factual,college_biology,medium,29,229,103,0.4497816593886463,4.003439528553421,0.13587199612787915,34,"34,18,65,89,60,19",True,False,230
fact-medi-11,factual,college_biology,medium,31,229,108,0.47161572052401746,3.8550268519987654,0.1224342106525661,23,"23,41,68,29,67,1",True,False,230
fact-medi-11,factual,college_biology,medium,34,229,104,0.45414847161572053,3.838098673994166,0.18465466683653425,82,"82,55,50,1,84,102",True,False,230
fact-medi-11,factual,college_biology,medium,36,229,112,0.4890829694323144,4.138268397172483,0.08581873386844863,127,"127,51,70,84,104,49",True,False,230
fact-medi-11,factual,college_biology,medium,38,229,105,0.4585152838427948,3.5682996225641435,0.18783034035131113,97,"97,73,101,99,46,116",True,False,230
fact-medi-11,factual,college_biology,medium,40,229,102,0.44541484716157204,3.6284302774653354,0.20389786811949176,77,"77,28,54,9,22,30",True,False,230
fact-medi-11,factual,college_biology,medium,43,229,107,0.4672489082969432,4.050597897133501,0.05643296624943283,24,"24,117,43,82,28,31",True,False,230
fact-medi-11,factual,college_biology,medium,45,229,114,0.4978165938864629,3.990135421381623,0.12225847032985777,65,"65,1,36,49,9,59",True,False,230
fact-medi-11,factual,college_biology,medium,47,229,115,0.5021834061135371,4.149884949031034,0.09517987539715318,56,"56,37,15,99,119,97",True,False,230
fact-medi-11,factual,college_biology,medium,49,229,113,0.49344978165938863,4.071133470022217,0.10149536394851222,98,"98,109,75,30,85,126",True,False,230
fact-medi-11,factual,college_biology,medium,51,229,121,0.5283842794759825,4.265423601043234,0.06902228626994723,49,"49,89,79,41,54,81",True,False,230
fact-medi-12,factual,college_biology,medium,1,676,128,0.1893491124260355,4.731889949391054,0.02035144297506263,25,"25,105,37,54,127,26",True,False,677
fact-medi-12,factual,college_biology,medium,3,676,128,0.1893491124260355,4.624503682591453,0.04013145796004833,111,"111,96,69,55,46,38",True,False,677
fact-medi-12,factual,college_biology,medium,6,676,126,0.1863905325443787,4.327658532517771,0.06730683595955006,113,"113,16,49,71,92,86",True,False,677
fact-medi-12,factual,college_biology,medium,8,676,116,0.17159763313609466,3.6608831597859934,0.18045947620925626,69,"69,54,94,39,2,77",True,False,677
fact-medi-12,factual,college_biology,medium,10,676,118,0.17455621301775148,4.088032459337192,0.12853091643637715,25,"25,24,5,67,28,53",True,False,677
fact-medi-12,factual,college_biology,medium,13,676,108,0.15976331360946747,3.823968617792725,0.1626062170709203,114,"114,72,55,83,62,29",True,False,677
fact-medi-12,factual,college_biology,medium,15,676,114,0.16863905325443787,3.934669442850781,0.12979922636409252,110,"110,105,41,113,116,99",True,False,677
fact-medi-12,factual,college_biology,medium,17,676,108,0.15976331360946747,3.8280764572045465,0.1645823333857008,84,"84,107,111,30,112,73",True,False,677
fact-medi-12,factual,college_biology,medium,20,676,112,0.16568047337278108,3.9652167610991516,0.08010595985925952,69,"69,123,102,14,10,76",True,False,677
fact-medi-12,factual,college_biology,medium,22,676,120,0.17751479289940827,4.385464236176995,0.06996687383566082,35,"35,102,58,8,45,55",True,False,677
fact-medi-12,factual,college_biology,medium,24,676,114,0.16863905325443787,4.03617803908799,0.11886308399766089,31,"31,87,10,45,38,41",True,False,677
fact-medi-12,factual,college_biology,medium,27,676,118,0.17455621301775148,4.300277935989955,0.06373540394537607,51,"51,72,103,91,67,120",True,False,677
fact-medi-12,factual,college_biology,medium,29,676,120,0.17751479289940827,4.251471304239862,0.0923301471544495,34,"34,67,40,19,89,18",True,False,677
fact-medi-12,factual,college_biology,medium,31,676,120,0.17751479289940827,4.26399824241531,0.09061155778836397,63,"63,29,67,109,119,19",True,False,677
fact-medi-12,factual,college_biology,medium,34,676,121,0.17899408284023668,4.125143249564847,0.11518991962520746,47,"47,66,1,70,23,40",True,False,677
fact-medi-12,factual,college_biology,medium,36,676,118,0.17455621301775148,3.898347321403871,0.12986826312357747,66,"66,45,96,56,122,54",True,False,677
fact-medi-12,factual,college_biology,medium,38,676,118,0.17455621301775148,3.6560164938456414,0.16506006134416296,30,"30,89,93,26,28,27",True,False,677
fact-medi-12,factual,college_biology,medium,40,676,115,0.17011834319526628,3.6970157267621215,0.21260283471505678,100,"100,28,36,2,126,9",True,False,677
fact-medi-12,factual,college_biology,medium,43,676,118,0.17455621301775148,3.907586626595453,0.1675970737213783,96,"96,47,20,66,28,2",True,False,677
fact-medi-12,factual,college_biology,medium,45,676,124,0.1834319526627219,4.1937254864084315,0.12576617057081577,35,"35,57,13,64,99,108",True,False,677
fact-medi-12,factual,college_biology,medium,47,676,121,0.17899408284023668,4.164476705181259,0.1246387916300637,118,"118,18,15,22,61,23",True,False,677
fact-medi-12,factual,college_biology,medium,49,676,119,0.1760355029585799,3.6897744457273896,0.132464356292577,71,"71,127,73,75,10,86",True,False,677
fact-medi-12,factual,college_biology,medium,51,676,128,0.1893491124260355,4.516898511720482,0.0463738498980156,12,"12,0,79,42,13,36",True,False,677
fact-medi-13,factual,college_chemistry,medium,1,1535,128,0.08338762214983714,4.678893824862294,0.022918876255938973,97,"97,20,124,94,109,84",,True,1536
fact-medi-13,factual,college_chemistry,medium,3,1535,128,0.08338762214983714,4.666277555698077,0.02842166230935239,17,"17,112,117,85,53,68",,True,1536
fact-medi-13,factual,college_chemistry,medium,6,1535,128,0.08338762214983714,4.455749808066505,0.052242043941546995,30,"30,23,110,113,36,67",,True,1536
fact-medi-13,factual,college_chemistry,medium,8,1535,121,0.07882736156351791,3.726803807721957,0.15050450768090606,85,"85,27,117,39,10,90",,True,1536
fact-medi-13,factual,college_chemistry,medium,10,1535,119,0.07752442996742671,3.62825870205482,0.16402317460420462,23,"23,5,48,114,53,123",,True,1536
fact-medi-13,factual,college_chemistry,medium,13,1535,117,0.0762214983713355,3.6494340286569003,0.17459759324471716,53,"53,8,51,65,34,13",,True,1536
fact-medi-13,factual,college_chemistry,medium,15,1535,121,0.07882736156351791,4.143460243130921,0.10112933735519618,68,"68,114,51,99,10,67",,True,1536
fact-medi-13,factual,college_chemistry,medium,17,1535,111,0.07231270358306188,3.999989772166554,0.07576337478065552,64,"64,62,112,116,3,121",,True,1536
fact-medi-13,factual,college_chemistry,medium,20,1535,120,0.0781758957654723,4.078388614324804,0.09237431660623353,50,"50,124,16,126,116,17",,True,1536
fact-medi-13,factual,college_chemistry,medium,22,1535,127,0.08273615635179153,4.062867481526789,0.12745978593629423,101,"101,9,14,94,7,17",,True,1536
fact-medi-13,factual,college_chemistry,medium,24,1535,120,0.0781758957654723,4.05627494201125,0.06668369872332897,32,"32,65,88,57,55,67",,True,1536
fact-medi-13,factual,college_chemistry,medium,27,1535,123,0.08013029315960912,4.1184615295095295,0.11162972117365481,35,"35,5,90,72,56,105",,True,1536
fact-medi-13,factual,college_chemistry,medium,29,1535,123,0.08013029315960912,4.104151021815542,0.09868751215632482,45,"45,94,126,114,47,75",,True,1536
fact-medi-13,factual,college_chemistry,medium,31,1535,126,0.08208469055374593,4.274681606213374,0.11715905879201897,23,"23,80,47,58,21,50",,True,1536
fact-medi-13,factual,college_chemistry,medium,34,1535,124,0.08078175895765473,4.032248320542852,0.12786748839486234,79,"79,27,86,55,96,80",,True,1536
fact-medi-13,factual,college_chemistry,medium,36,1535,124,0.08078175895765473,3.9634281004987666,0.204055190849047,124,"124,87,34,20,12,104",,True,1536
fact-medi-13,factual,college_chemistry,medium,38,1535,123,0.08013029315960912,3.668587658876225,0.1664345515931938,66,"66,120,54,23,110,93",,True,1536
fact-medi-13,factual,college_chemistry,medium,40,1535,122,0.07947882736156352,3.6422751766418635,0.2171782297989034,34,"34,111,44,2,82,108",,True,1536
fact-medi-13,factual,college_chemistry,medium,43,1535,125,0.08143322475570032,4.045149517497688,0.08221725874654665,34,"34,6,56,105,43,7",,True,1536
fact-medi-13,factual,college_chemistry,medium,45,1535,126,0.08208469055374593,4.097376704536235,0.09841552883627519,62,"62,78,68,36,25,103",,True,1536
fact-medi-13,factual,college_chemistry,medium,47,1535,128,0.08338762214983714,4.121877608449196,0.10462973176708323,96,"96,12,64,34,66,122",,True,1536
fact-medi-13,factual,college_chemistry,medium,49,1535,125,0.08143322475570032,4.329164860113912,0.049290228035723596,123,"123,16,35,61,117,1",,True,1536
fact-medi-13,factual,college_chemistry,medium,51,1535,128,0.08338762214983714,4.523721703030704,0.054334843885296025,55,"55,85,27,54,113,17",,True,1536
fact-medi-14,factual,college_chemistry,medium,1,1016,128,0.12598425196850394,4.678198047127717,0.0224677781000415,84,"84,71,83,124,20,36",False,False,1017
fact-medi-14,factual,college_chemistry,medium,3,1016,128,0.12598425196850394,4.668173826879651,0.03202852413824922,17,"17,51,12,53,117,68",False,False,1017
fact-medi-14,factual,college_chemistry,medium,6,1016,127,0.125,4.398415648137486,0.05599602953454203,30,"30,47,110,34,23,36",False,False,1017
fact-medi-14,factual,college_chemistry,medium,8,1016,115,0.11318897637795275,3.9026676508227296,0.10910280680782014,117,"117,85,10,27,39,90",False,False,1017
fact-medi-14,factual,college_chemistry,medium,10,1016,116,0.1141732283464567,3.8227633253609965,0.16331106045243132,23,"23,5,123,78,109,84",False,False,1017
fact-medi-14,factual,college_chemistry,medium,13,1016,115,0.11318897637795275,3.7838820181437365,0.15219615712212511,53,"53,65,67,8,38,28",False,False,1017
fact-medi-14,factual,college_chemistry,medium,15,1016,117,0.11515748031496063,4.154811847832043,0.1032323369413726,68,"68,51,114,47,69,10",False,False,1017
fact-medi-14,factual,college_chemistry,medium,17,1016,104,0.10236220472440945,3.9987332238601603,0.07085823201647855,62,"62,81,21,121,14,38",False,False,1017
fact-medi-14,factual,college_chemistry,medium,20,1016,117,0.11515748031496063,4.15965462880925,0.07471632129189353,50,"50,124,98,16,116,17",False,False,1017
fact-medi-14,factual,college_chemistry,medium,22,1016,126,0.12401574803149606,3.9463024585984914,0.15724751476760154,101,"101,9,94,89,14,88",False,False,1017
fact-medi-14,factual,college_chemistry,medium,24,1016,120,0.11811023622047244,4.164204185898815,0.07354828666851518,32,"32,65,24,72,75,35",False,False,1017
fact-medi-14,factual,college_chemistry,medium,27,1016,127,0.125,4.121566200129019,0.1351097273446109,35,"35,5,87,90,92,125",False,False,1017
fact-medi-14,factual,college_chemistry,medium,29,1016,123,0.12106299212598425,4.0550459637059015,0.11058988262560986,94,"94,45,114,75,33,80",False,False,1017
fact-medi-14,factual,college_chemistry,medium,31,1016,127,0.125,4.165968793645504,0.16019129844114896,23,"23,58,47,21,98,50",False,False,1017
fact-medi-14,factual,college_chemistry,medium,34,1016,122,0.12007874015748031,4.13196062771659,0.07576786416969929,79,"79,27,55,25,118,86",False,False,1017
fact-medi-14,factual,college_chemistry,medium,36,1016,126,0.12401574803149606,3.9326277610233005,0.20347996872501975,124,"124,34,102,20,104,120",False,False,1017
fact-medi-14,factual,college_chemistry,medium,38,1016,119,0.1171259842519685,3.8780301174805207,0.12519323135938398,54,"54,120,66,23,75,110",False,False,1017
fact-medi-14,factual,college_chemistry,medium,40,1016,122,0.12007874015748031,3.8193610048467916,0.12167235747068061,34,"34,44,111,68,108,90",False,False,1017
fact-medi-14,factual,college_chemistry,medium,43,1016,123,0.12106299212598425,4.152767660342454,0.0794993905038558,6,"6,105,56,34,43,7",False,False,1017
fact-medi-14,factual,college_chemistry,medium,45,1016,124,0.1220472440944882,4.1794965669884565,0.08659586738531261,68,"68,36,62,103,16,0",False,False,1017
fact-medi-14,factual,college_chemistry,medium,47,1016,127,0.125,4.209090086747233,0.09174814519802653,96,"96,12,64,34,40,66",False,False,1017
fact-medi-14,factual,college_chemistry,medium,49,1016,125,0.12303149606299213,4.31643258983675,0.04161974226251504,123,"123,117,37,39,97,16",False,False,1017
fact-medi-14,factual,college_chemistry,medium,51,1016,127,0.125,4.540393178845052,0.05812592139402479,55,"55,18,85,27,110,48",False,False,1017
fact-medi-15,factual,college_chemistry,medium,1,1535,128,0.08338762214983714,4.666946130838893,0.02482774828336765,81,"81,88,106,122,87,103",,True,1536
fact-medi-15,factual,college_chemistry,medium,3,1535,128,0.08338762214983714,4.646307270567036,0.025429578318950038,114,"114,121,14,48,7,120",,True,1536
fact-medi-15,factual,college_chemistry,medium,6,1535,127,0.08273615635179153,4.464414565446156,0.06225601037866846,16,"16,30,104,103,98,21",,True,1536
fact-medi-15,factual,college_chemistry,medium,8,1535,125,0.08143322475570032,3.9687328497096077,0.12330600849716285,27,"27,85,117,54,77,90",,True,1536
fact-medi-15,factual,college_chemistry,medium,10,1535,118,0.07687296416938111,3.991815215053656,0.13826953580179932,23,"23,5,88,84,123,97",,True,1536
fact-medi-15,factual,college_chemistry,medium,13,1535,118,0.07687296416938111,3.943319838483382,0.10681234641323491,8,"8,111,53,62,23,124",,True,1536
fact-medi-15,factual,college_chemistry,medium,15,1535,121,0.07882736156351791,4.3037704015823515,0.06628245338426997,41,"41,98,24,27,26,32",,True,1536
fact-medi-15,factual,college_chemistry,medium,17,1535,111,0.07231270358306188,4.060229176393022,0.08377368400811569,64,"64,112,15,60,111,30",,True,1536
fact-medi-15,factual,college_chemistry,medium,20,1535,124,0.08078175895765473,4.108116991936573,0.08390028886238277,50,"50,66,102,103,104,124",,True,1536
fact-medi-15,factual,college_chemistry,medium,22,1535,128,0.08338762214983714,4.409304337883969,0.049154594410475226,58,"58,84,8,14,33,32",,True,1536
fact-medi-15,factual,college_chemistry,medium,24,1535,123,0.08013029315960912,4.110791062092389,0.1308481996382613,21,"21,39,88,12,17,75",,True,1536
fact-medi-15,factual,college_chemistry,medium,27,1535,123,0.08013029315960912,4.2872795803912,0.04847778317912766,103,"103,51,91,4,35,32",,True,1536
fact-medi-15,factual,college_chemistry,medium,29,1535,124,0.08078175895765473,4.221209789448118,0.07655432380256988,34,"34,65,126,18,40,89",,True,1536
fact-medi-15,factual,college_chemistry,medium,31,1535,127,0.08273615635179153,4.379454942508051,0.03835493643763177,29,"29,67,77,62,10,53",,True,1536
fact-medi-15,factual,college_chemistry,medium,34,1535,124,0.08078175895765473,4.181490469002203,0.09024985060902578,102,"102,79,67,40,1,73",,True,1536
fact-medi-15,factual,college_chemistry,medium,36,1535,124,0.08078175895765473,4.066334673148577,0.1621113050277279,124,"124,70,16,104,123,75",,True,1536
fact-medi-15,factual,college_chemistry,medium,38,1535,125,0.08143322475570032,3.8115659323776945,0.15640591893407502,120,"120,66,116,79,93,82",,True,1536
fact-medi-15,factual,college_chemistry,medium,40,1535,123,0.08013029315960912,4.040828301773182,0.12657386258935316,111,"111,99,54,95,109,56",,True,1536
fact-medi-15,factual,college_chemistry,medium,43,1535,125,0.08143322475570032,4.2219765765687285,0.07796492386398941,34,"34,56,91,31,87,47",,True,1536
fact-medi-15,factual,college_chemistry,medium,45,1535,128,0.08338762214983714,4.249712424172602,0.08572867147246055,62,"62,78,113,97,0,48",,True,1536
fact-medi-15,factual,college_chemistry,medium,47,1535,126,0.08208469055374593,4.171380031015437,0.09722148551692704,66,"66,96,23,61,50,75",,True,1536
fact-medi-15,factual,college_chemistry,medium,49,1535,121,0.07882736156351791,4.279005762504278,0.04930858896405142,85,"85,90,30,123,18,117",,True,1536
fact-medi-15,factual,college_chemistry,medium,51,1535,127,0.08273615635179153,4.499024118535816,0.03936209475229195,79,"79,29,54,17,16,75",,True,1536
fact-medi-16,factual,college_chemistry,medium,1,904,128,0.1415929203539823,4.724701376078365,0.019865752918263348,94,"94,80,11,59,55,47",True,False,905
fact-medi-16,factual,college_chemistry,medium,3,904,128,0.1415929203539823,4.640177861772641,0.03696825412772174,17,"17,53,69,72,120,46",True,False,905
fact-medi-16,factual,college_chemistry,medium,6,904,127,0.1404867256637168,4.234078762234726,0.11097750634561121,113,"113,21,38,117,16,24",True,False,905
fact-medi-16,factual,college_chemistry,medium,8,904,118,0.13053097345132744,4.098642693178628,0.08474221064222293,66,"66,28,27,117,24,77",True,False,905
fact-medi-16,factual,college_chemistry,medium,10,904,115,0.12721238938053098,3.9525260059570058,0.1526411188851076,53,"53,72,48,115,36,45",True,False,905
fact-medi-16,factual,college_chemistry,medium,13,904,117,0.12942477876106195,3.7948476217964924,0.141560735025917,61,"61,83,55,51,63,62",True,False,905
fact-medi-16,factual,college_chemistry,medium,15,904,119,0.13163716814159293,4.024613195689613,0.15285917485072517,45,"45,105,39,98,102,10",True,False,905
fact-medi-16,factual,college_chemistry,medium,17,904,111,0.12278761061946902,3.8432549062095944,0.16803187906385714,112,"112,116,64,121,73,60",True,False,905
fact-medi-16,factual,college_chemistry,medium,20,904,115,0.12721238938053098,3.8302060883558258,0.18290978277161649,50,"50,123,102,124,89,32",True,False,905
fact-medi-16,factual,college_chemistry,medium,22,904,124,0.13716814159292035,4.486360476001636,0.056909230847882526,89,"89,65,45,33,8,53",True,False,905
fact-medi-16,factual,college_chemistry,medium,24,904,115,0.12721238938053098,3.8881160898658176,0.1298649733263357,88,"88,21,72,78,3,74",True,False,905
fact-medi-16,factual,college_chemistry,medium,27,904,119,0.13163716814159293,4.100834779232391,0.16043763009079837,72,"72,91,122,35,69,105",True,False,905
fact-medi-16,factual,college_chemistry,medium,29,904,120,0.13274336283185842,4.147215556981827,0.10504123258655138,126,"126,34,89,19,114,50",True,False,905
fact-medi-16,factual,college_chemistry,medium,31,904,124,0.13716814159292035,4.2552815942625255,0.10137329204057108,41,"41,67,13,58,61,62",True,False,905
fact-medi-16,factual,college_chemistry,medium,34,904,117,0.12942477876106195,3.8757815467134944,0.2168378131961471,79,"79,67,120,102,95,54",True,False,905
fact-medi-16,factual,college_chemistry,medium,36,904,120,0.13274336283185842,4.368573187194828,0.0468128195335149,99,"99,31,11,104,70,105",True,False,905
fact-medi-16,factual,college_chemistry,medium,38,904,119,0.13163716814159293,4.024133571962928,0.13883630945757833,73,"73,93,26,120,71,35",True,False,905
fact-medi-16,factual,college_chemistry,medium,40,904,118,0.13053097345132744,3.4515762692515746,0.1546347135754483,54,"54,82,34,9,1,92",True,False,905
fact-medi-16,factual,college_chemistry,medium,43,904,121,0.1338495575221239,4.15546183442308,0.07192668999380532,27,"27,97,93,91,38,112",True,False,905
fact-medi-16,factual,college_chemistry,medium,45,904,124,0.13716814159292035,4.038548663772769,0.10484420427277089,62,"62,49,1,119,123,66",True,False,905
fact-medi-16,factual,college_chemistry,medium,47,904,121,0.1338495575221239,4.125042843675044,0.11462327995119127,58,"58,99,66,50,5,25",True,False,905
fact-medi-16,factual,college_chemistry,medium,49,904,119,0.13163716814159293,4.082863856497935,0.12349948145693734,28,"28,39,117,90,25,85",True,False,905
fact-medi-16,factual,college_chemistry,medium,51,904,127,0.1404867256637168,4.4719186056018465,0.056526574303408565,89,"89,54,9,17,100,110",True,False,905
reas-easy-01,reasoning,precalculus,easy,1,147,124,0.8435374149659864,4.574396057166332,0.026872759136346153,120,"120,40,78,110,32,73",False,False,148
reas-easy-01,reasoning,precalculus,easy,3,147,123,0.8367346938775511,4.554711670180294,0.025873471304807653,70,"70,88,126,74,68,41",False,False,148
reas-easy-01,reasoning,precalculus,easy,6,147,115,0.782312925170068,4.407106531758196,0.049180529346718745,47,"47,118,30,117,109,93",False,False,148
reas-easy-01,reasoning,precalculus,easy,8,147,101,0.6870748299319728,4.102632221640011,0.0907639070192606,88,"88,10,13,15,105,81",False,False,148
reas-easy-01,reasoning,precalculus,easy,10,147,96,0.6530612244897959,3.90197176561425,0.15348026424179292,17,"17,5,42,78,22,120",False,False,148
reas-easy-01,reasoning,precalculus,easy,13,147,94,0.6394557823129252,4.065510844140335,0.06552291109597914,33,"33,34,53,68,26,46",False,False,148
reas-easy-01,reasoning,precalculus,easy,15,147,101,0.6870748299319728,4.054542826877938,0.05954240259563395,94,"94,67,35,110,71,51",False,False,148
reas-easy-01,reasoning,precalculus,easy,17,147,89,0.6054421768707483,3.7948167941917483,0.14673721867635262,56,"56,19,30,35,21,83",False,False,148
reas-easy-01,reasoning,precalculus,easy,20,147,99,0.673469387755102,4.122312972589482,0.08652952194436242,126,"126,37,16,119,120,35",False,False,148
reas-easy-01,reasoning,precalculus,easy,22,147,113,0.7687074829931972,4.317060577151055,0.049624118840394374,7,"7,101,17,94,59,38",False,False,148
reas-easy-01,reasoning,precalculus,easy,24,147,102,0.6938775510204082,4.135576848773487,0.07405003522601616,42,"42,78,79,90,20,35",False,False,148
reas-easy-01,reasoning,precalculus,easy,27,147,103,0.7006802721088435,4.090303836493546,0.10173614847942518,35,"35,82,122,11,64,60",False,False,148
reas-easy-01,reasoning,precalculus,easy,29,147,108,0.7346938775510204,4.21779821134359,0.04426059367882802,9,"9,125,76,33,78,42",False,False,148
reas-easy-01,reasoning,precalculus,easy,31,147,107,0.7278911564625851,4.239567957614195,0.0798239008668438,17,"17,58,63,20,61,69",False,False,148
reas-easy-01,reasoning,precalculus,easy,34,147,111,0.7551020408163265,4.104627868593318,0.061725894327481476,118,"118,74,89,19,55,15",False,False,148
reas-easy-01,reasoning,precalculus,easy,36,147,106,0.7210884353741497,4.1844892413017485,0.05138173316109763,45,"45,58,105,96,102,114",False,False,148
reas-easy-01,reasoning,precalculus,easy,38,147,97,0.6598639455782312,4.067886453100093,0.08993751345261093,61,"61,25,63,127,23,57",False,False,148
reas-easy-01,reasoning,precalculus,easy,40,147,94,0.6394557823129252,3.8855839202164395,0.11056167055910623,94,"94,59,108,8,2,57",False,False,148
reas-easy-01,reasoning,precalculus,easy,43,147,102,0.6938775510204082,4.238649835609479,0.04135681496588697,36,"36,16,44,42,15,49",False,False,148
reas-easy-01,reasoning,precalculus,easy,45,147,105,0.7142857142857143,4.273322079751744,0.04825936385384011,87,"87,62,108,46,107,22",False,False,148
reas-easy-01,reasoning,precalculus,easy,47,147,107,0.7278911564625851,4.257929976212653,0.0762623502975365,18,"18,114,77,111,88,61",False,False,148
reas-easy-01,reasoning,precalculus,easy,49,147,107,0.7278911564625851,4.239159480260825,0.06569006052690494,97,"97,46,24,86,127,56",False,False,148
reas-easy-01,reasoning,precalculus,easy,51,147,118,0.8027210884353742,4.494540180986051,0.02548369443814715,123,"123,100,16,19,81,78",False,False,148
reas-easy-02,reasoning,prealgebra,easy,1,431,128,0.29698375870069604,4.714457003513468,0.021000658670925786,2,"2,92,109,50,113,80",True,False,432
reas-easy-02,reasoning,prealgebra,easy,3,431,128,0.29698375870069604,4.6398666309991325,0.03699110829446153,41,"41,126,96,117,112,115",True,False,432
reas-easy-02,reasoning,prealgebra,easy,6,431,125,0.2900232018561485,4.483156435105752,0.04338049122956481,106,"106,47,18,92,71,117",True,False,432
reas-easy-02,reasoning,prealgebra,easy,8,431,117,0.271461716937355,4.098393352412301,0.13427836856011316,49,"49,18,13,20,90,117",True,False,432
reas-easy-02,reasoning,prealgebra,easy,10,431,113,0.26218097447795824,3.995410776455375,0.13886131213535385,53,"53,120,5,49,33,80",True,False,432
reas-easy-02,reasoning,prealgebra,easy,13,431,112,0.25986078886310904,3.9686758816644034,0.12718243900250586,3,"3,35,34,20,113,67",True,False,432
reas-easy-02,reasoning,prealgebra,easy,15,431,114,0.26450116009280744,4.087836747341731,0.13063384410415715,67,"67,105,51,82,112,55",True,False,432
reas-easy-02,reasoning,prealgebra,easy,17,431,106,0.2459396751740139,4.155665220302938,0.06297091929609588,36,"36,3,81,121,75,38",True,False,432
reas-easy-02,reasoning,prealgebra,easy,20,431,111,0.25754060324825984,4.05257183358016,0.08518955022443406,11,"11,10,16,127,124,119",True,False,432
reas-easy-02,reasoning,prealgebra,easy,22,431,124,0.2877030162412993,4.427338435929263,0.03667761192998392,101,"101,48,16,14,45,112",True,False,432
reas-easy-02,reasoning,prealgebra,easy,24,431,117,0.271461716937355,4.098533625978872,0.14432802470578499,26,"26,42,24,35,16,67",True,False,432
reas-easy-02,reasoning,prealgebra,easy,27,431,118,0.2737819025522042,4.237491079543268,0.1137547723436314,90,"90,11,77,13,42,39",True,False,432
reas-easy-02,reasoning,prealgebra,easy,29,431,117,0.271461716937355,4.406933612217132,0.04303671084829208,40,"40,113,33,93,19,38",True,False,432
reas-easy-02,reasoning,prealgebra,easy,31,431,126,0.2923433874709977,4.279711032307593,0.10996541460779657,63,"63,61,97,58,53,35",True,False,432
reas-easy-02,reasoning,prealgebra,easy,34,431,121,0.28074245939675174,4.276833477100627,0.06494336137330528,96,"96,118,98,54,52,78",True,False,432
reas-easy-02,reasoning,prealgebra,easy,36,431,119,0.27610208816705334,4.230079698563102,0.11847572415168213,35,"35,55,66,37,105,104",True,False,432
reas-easy-02,reasoning,prealgebra,easy,38,431,120,0.27842227378190254,4.105793334205022,0.13267691683029498,28,"28,61,17,119,117,106",True,False,432
reas-easy-02,reasoning,prealgebra,easy,40,431,118,0.2737819025522042,4.133570021170557,0.10326876911068136,12,"12,22,38,126,8,61",True,False,432
reas-easy-02,reasoning,prealgebra,easy,43,431,117,0.271461716937355,4.093833289693477,0.10036701721138067,27,"27,117,42,84,99,30",True,False,432
reas-easy-02,reasoning,prealgebra,easy,45,431,123,0.2853828306264501,4.449224424911938,0.041427141699311394,36,"36,116,67,23,61,120",True,False,432
reas-easy-02,reasoning,prealgebra,easy,47,431,125,0.2900232018561485,4.271330747817563,0.09016413082680352,18,"18,57,89,27,5,34",True,False,432
reas-easy-02,reasoning,prealgebra,easy,49,431,121,0.28074245939675174,4.253177831266956,0.08785089758022607,5,"5,127,85,60,97,46",True,False,432
reas-easy-02,reasoning,prealgebra,easy,51,431,127,0.29466357308584684,4.5760036097015115,0.03726197140782144,123,"123,26,3,19,10,17",True,False,432
reas-easy-03,reasoning,geometry,easy,1,269,127,0.4721189591078067,4.663364563417489,0.026481161070253636,109,"109,32,8,52,5,92",True,False,270
reas-easy-03,reasoning,geometry,easy,3,269,124,0.46096654275092935,4.585458798642085,0.026476020922337005,117,"117,37,88,112,54,84",True,False,270
reas-easy-03,reasoning,geometry,easy,6,269,119,0.4423791821561338,4.425000019874598,0.05206100094480128,34,"34,89,30,15,127,23",True,False,270
reas-easy-03,reasoning,geometry,easy,8,269,109,0.4052044609665427,4.310038883419836,0.04251698087178761,87,"87,48,92,55,116,110",True,False,270
reas-easy-03,reasoning,geometry,easy,10,269,103,0.3828996282527881,3.9957798499296504,0.1192834808292785,80,"80,5,118,121,112,41",True,False,270
reas-easy-03,reasoning,geometry,easy,13,269,94,0.34944237918215615,3.94437466470489,0.06778650673791821,34,"34,46,35,67,24,68",True,False,270
reas-easy-03,reasoning,geometry,easy,15,269,109,0.4052044609665427,4.263320435764969,0.058669773280819064,99,"99,93,67,35,68,120",True,False,270
reas-easy-03,reasoning,geometry,easy,17,269,92,0.3420074349442379,4.019220629382953,0.06917307427011407,75,"75,127,81,38,102,3",True,False,270
reas-easy-03,reasoning,geometry,easy,20,269,108,0.40148698884758366,4.048213609180768,0.0693488305058472,16,"16,98,119,19,54,124",True,False,270
reas-easy-03,reasoning,geometry,easy,22,269,121,0.44981412639405205,4.4054838474509985,0.04014374990413678,88,"88,101,89,94,73,48",True,False,270
reas-easy-03,reasoning,geometry,easy,24,269,110,0.40892193308550184,4.188926984365557,0.043774438518195014,67,"67,35,78,10,42,96",True,False,270
reas-easy-03,reasoning,geometry,easy,27,269,111,0.41263940520446096,4.167476878051332,0.07976276286796705,90,"90,13,118,60,34,11",True,False,270
reas-easy-03,reasoning,geometry,easy,29,269,107,0.39776951672862454,4.20792443002891,0.06238454374118848,33,"33,83,114,22,18,38",True,False,270
reas-easy-03,reasoning,geometry,easy,31,269,120,0.44609665427509293,4.360569273473528,0.04624403260060627,61,"61,58,98,53,69,52",True,False,270
reas-easy-03,reasoning,geometry,easy,34,269,112,0.4163568773234201,4.152712892250419,0.10461023983117948,118,"118,111,28,116,78,53",True,False,270
reas-easy-03,reasoning,geometry,easy,36,269,113,0.4200743494423792,4.131163171036052,0.06978924493532934,105,"105,35,104,113,34,63",True,False,270
reas-easy-03,reasoning,geometry,easy,38,269,118,0.43866171003717475,4.264155712105602,0.05763955961854615,75,"75,37,12,17,89,54",True,False,270
reas-easy-03,reasoning,geometry,easy,40,269,117,0.4349442379182156,4.203492698353142,0.07756592704460967,117,"117,8,22,44,25,111",True,False,270
reas-easy-03,reasoning,geometry,easy,43,269,111,0.41263940520446096,4.109514870433405,0.11471057614674636,117,"117,107,36,43,72,16",True,False,270
reas-easy-03,reasoning,geometry,easy,45,269,120,0.44609665427509293,4.330842852791559,0.042008493546342396,87,"87,7,68,52,120,64",True,False,270
reas-easy-03,reasoning,geometry,easy,47,269,123,0.45724907063197023,4.417109856844497,0.047843481070445136,18,"18,34,61,10,3,81",True,False,270
reas-easy-03,reasoning,geometry,easy,49,269,118,0.43866171003717475,4.288900129705017,0.08479240623188808,97,"97,56,46,86,108,41",True,False,270
reas-easy-03,reasoning,geometry,easy,51,269,124,0.46096654275092935,4.5673974027299655,0.029918901422258695,55,"55,99,19,25,104,12",True,False,270
reas-easy-04,reasoning,precalculus,easy,1,544,128,0.23529411764705882,4.700792155724168,0.03159956708052758,127,"127,3,83,80,58,92",False,False,545
reas-easy-04,reasoning,precalculus,easy,3,544,128,0.23529411764705882,4.670366059770304,0.030275763044712817,41,"41,114,112,126,46,96",False,False,545
reas-easy-04,reasoning,precalculus,easy,6,544,126,0.23161764705882354,4.503373494740864,0.03860399780991105,18,"18,106,92,47,117,104",False,False,545
reas-easy-04,reasoning,precalculus,easy,8,544,114,0.20955882352941177,4.145676940179735,0.06155091436963508,18,"18,69,66,86,54,109",False,False,545
reas-easy-04,reasoning,precalculus,easy,10,544,113,0.20772058823529413,4.037238058984674,0.0996228909349314,120,"120,53,94,124,75,63",False,False,545
reas-easy-04,reasoning,precalculus,easy,13,544,108,0.19852941176470587,3.9220983760846635,0.12343397842050133,3,"3,113,34,20,1,62",False,False,545
reas-easy-04,reasoning,precalculus,easy,15,544,120,0.22058823529411764,4.1192149816855945,0.10719657687288879,67,"67,110,17,112,86,39",False,False,545
reas-easy-04,reasoning,precalculus,easy,17,544,108,0.19852941176470587,4.200040893779555,0.058311017284223214,56,"56,36,81,121,111,19",False,False,545
reas-easy-04,reasoning,precalculus,easy,20,544,121,0.22242647058823528,4.121177045336929,0.07786976916186315,16,"16,102,11,127,87,126",False,False,545
reas-easy-04,reasoning,precalculus,easy,22,544,127,0.23345588235294118,4.460637091793364,0.04572600194289979,98,"98,48,7,35,58,14",False,False,545
reas-easy-04,reasoning,precalculus,easy,24,544,117,0.21507352941176472,4.03267277611673,0.15253716692660538,26,"26,65,42,46,50,60",False,False,545
reas-easy-04,reasoning,precalculus,easy,27,544,119,0.21875,4.305227556681954,0.07265027076184913,90,"90,42,91,32,11,60",False,False,545
reas-easy-04,reasoning,precalculus,easy,29,544,122,0.22426470588235295,4.500974975413751,0.040052542742139374,13,"13,19,43,42,7,18",False,False,545
reas-easy-04,reasoning,precalculus,easy,31,544,125,0.22977941176470587,4.181294635947539,0.11911278348550038,63,"63,61,53,58,31,98",False,False,545
reas-easy-04,reasoning,precalculus,easy,34,544,120,0.22058823529411764,4.205035860985861,0.0929351241879705,52,"52,54,120,118,74,109",False,False,545
reas-easy-04,reasoning,precalculus,easy,36,544,118,0.21691176470588236,4.264707520718694,0.06482616742571254,66,"66,45,105,16,104,20",False,False,545
reas-easy-04,reasoning,precalculus,easy,38,544,120,0.22058823529411764,4.184745100856211,0.11728990895550602,28,"28,61,91,30,32,56",False,False,545
reas-easy-04,reasoning,precalculus,easy,40,544,120,0.22058823529411764,4.1711419612180105,0.08136309455422794,94,"94,59,120,38,3,19",False,False,545
reas-easy-04,reasoning,precalculus,easy,43,544,119,0.21875,4.157104815551513,0.1386306540387424,27,"27,107,50,2,113,73",False,False,545
reas-easy-04,reasoning,precalculus,easy,45,544,121,0.22242647058823528,4.439485633760515,0.05356359719000161,83,"83,116,10,23,61,64",False,False,545
reas-easy-04,reasoning,precalculus,easy,47,544,121,0.22242647058823528,4.250395888410211,0.11353597300670842,18,"18,61,27,89,5,16",False,False,545
reas-easy-04,reasoning,precalculus,easy,49,544,119,0.21875,4.237608109277133,0.055355623957498545,127,"127,5,85,46,125,60",False,False,545
reas-easy-04,reasoning,precalculus,easy,51,544,124,0.22794117647058823,4.593376995896477,0.030935882683459683,123,"123,17,12,5,13,8",False,False,545
reas-easy-05,reasoning,intermediate_algebra,easy,1,376,126,0.3351063829787234,4.656364066868502,0.018547650863776202,50,"50,4,95,83,107,117",True,False,377
reas-easy-05,reasoning,intermediate_algebra,easy,3,376,128,0.3404255319148936,4.604105954627467,0.029819672444093472,115,"115,96,97,85,72,117",True,False,377
reas-easy-05,reasoning,intermediate_algebra,easy,6,376,125,0.3324468085106383,4.537252903296518,0.038598458300494395,79,"79,45,104,33,5,38",True,False,377
reas-easy-05,reasoning,intermediate_algebra,easy,8,376,118,0.31382978723404253,4.383707929970129,0.040975748866373195,86,"86,23,113,124,5,29",True,False,377
reas-easy-05,reasoning,intermediate_algebra,easy,10,376,112,0.2978723404255319,4.137447642235448,0.06091470756597778,53,"53,15,23,28,63,69",True,False,377
reas-easy-05,reasoning,intermediate_algebra,easy,13,376,108,0.2872340425531915,4.184573098993252,0.06044199497697564,78,"78,103,63,96,65,46",True,False,377
reas-easy-05,reasoning,intermediate_algebra,easy,15,376,122,0.324468085106383,4.34558371861117,0.044114652593085106,40,"40,77,51,19,29,39",True,False,377
reas-easy-05,reasoning,intermediate_algebra,easy,17,376,100,0.26595744680851063,4.039122862644431,0.06125057350298676,21,"21,36,127,38,121,67",True,False,377
reas-easy-05,reasoning,intermediate_algebra,easy,20,376,114,0.30319148936170215,4.183356318974333,0.049514069126617856,98,"98,81,65,120,30,86",True,False,377
reas-easy-05,reasoning,intermediate_algebra,easy,22,376,123,0.3271276595744681,4.336071372898656,0.06547558174620381,94,"94,88,16,46,60,7",True,False,377
reas-easy-05,reasoning,intermediate_algebra,easy,24,376,112,0.2978723404255319,4.138529432900616,0.08521181403037853,41,"41,24,6,76,35,51",True,False,377
reas-easy-05,reasoning,intermediate_algebra,easy,27,376,115,0.3058510638297872,4.209048547283909,0.05303405035212882,74,"74,73,16,125,60,118",True,False,377
reas-easy-05,reasoning,intermediate_algebra,easy,29,376,120,0.3191489361702128,4.264932487325146,0.052156161491022,33,"33,17,114,116,94,31",True,False,377
reas-easy-05,reasoning,intermediate_algebra,easy,31,376,120,0.3191489361702128,4.278629348379734,0.07726596379901757,109,"109,58,33,61,98,53",True,False,377
reas-easy-05,reasoning,intermediate_algebra,easy,34,376,115,0.3058510638297872,4.1938556494646635,0.09764202735211164,21,"21,78,55,53,32,89",True,False,377
reas-easy-05,reasoning,intermediate_algebra,easy,36,376,119,0.31648936170212766,4.3854359982765105,0.041762034606078954,104,"104,96,45,26,114,44",True,False,377
reas-easy-05,reasoning,intermediate_algebra,easy,38,376,117,0.31117021276595747,4.240418835049466,0.10034005698869966,114,"114,84,106,16,110,8",True,False,377
reas-easy-05,reasoning,intermediate_algebra,easy,40,376,116,0.30851063829787234,4.253436699376964,0.05870604938709291,114,"114,125,11,2,8,25",True,False,377
reas-easy-05,reasoning,intermediate_algebra,easy,43,376,117,0.31117021276595747,4.210913986736625,0.058397980600235884,84,"84,75,107,7,56,6",True,False,377
reas-easy-05,reasoning,intermediate_algebra,easy,45,376,119,0.31648936170212766,4.377100016979529,0.043413724791229596,36,"36,108,103,120,119,62",True,False,377
reas-easy-05,reasoning,intermediate_algebra,easy,47,376,122,0.324468085106383,4.453370212374501,0.04413193088787789,12,"12,34,41,61,10,77",True,False,377
reas-easy-05,reasoning,intermediate_algebra,easy,49,376,118,0.31382978723404253,4.390864227386457,0.039465594317860335,24,"24,115,46,16,25,85",True,False,377
reas-easy-05,reasoning,intermediate_algebra,easy,51,376,128,0.3404255319148936,4.5410297018623895,0.029881812408852966,19,"19,11,99,16,78,113",True,False,377
reas-easy-06,reasoning,geometry,easy,1,3071,128,0.04168023445131879,4.687518445892589,0.032480282769782466,92,"92,53,42,2,40,27",,True,3072
reas-easy-06,reasoning,geometry,easy,3,3071,128,0.04168023445131879,4.651167800331788,0.040774365503524625,126,"126,68,100,41,96,70",,True,3072
reas-easy-06,reasoning,geometry,easy,6,3071,128,0.04168023445131879,4.510827594562813,0.04107750526540813,18,"18,118,75,66,92,106",,True,3072
reas-easy-06,reasoning,geometry,easy,8,3071,126,0.041028980788016936,4.3630070854483165,0.04225273017012447,24,"24,49,57,66,6,60",,True,3072
reas-easy-06,reasoning,geometry,easy,10,3071,126,0.041028980788016936,4.1169887050370795,0.10178963045594659,75,"75,48,109,46,120,53",,True,3072
reas-easy-06,reasoning,geometry,easy,13,3071,120,0.03907521979811136,4.018740159985157,0.15791009595534447,3,"3,35,111,113,20,46",,True,3072
reas-easy-06,reasoning,geometry,easy,15,3071,126,0.041028980788016936,3.875142179634048,0.1518823773631873,110,"110,109,38,17,67,112",,True,3072
reas-easy-06,reasoning,geometry,easy,17,3071,119,0.03874959296646044,4.132873138752395,0.09819221590626961,107,"107,56,95,116,26,121",,True,3072
reas-easy-06,reasoning,geometry,easy,20,3071,125,0.040703353956366005,4.078727851754984,0.11621791391897737,126,"126,10,127,102,61,80",,True,3072
reas-easy-06,reasoning,geometry,easy,22,3071,128,0.04168023445131879,4.416011992694052,0.060150835837119915,35,"35,102,32,98,21,33",,True,3072
reas-easy-06,reasoning,geometry,easy,24,3071,122,0.03972647346141322,3.885665426506894,0.14631868177383378,26,"26,65,10,60,88,21",,True,3072
reas-easy-06,reasoning,geometry,easy,27,3071,125,0.040703353956366005,4.2651260978152115,0.06326691167094423,67,"67,91,51,98,32,69",,True,3072
reas-easy-06,reasoning,geometry,easy,29,3071,125,0.040703353956366005,4.371883764443309,0.06699645153139132,122,"122,116,19,43,9,74",,True,3072
reas-easy-06,reasoning,geometry,easy,31,3071,127,0.04135460761966786,4.00464854276534,0.16759998448820645,63,"63,61,31,62,4,10",,True,3072
reas-easy-06,reasoning,geometry,easy,34,3071,124,0.040377727124715074,4.004006133453397,0.09198395483693024,74,"74,120,54,52,5,109",,True,3072
reas-easy-06,reasoning,geometry,easy,36,3071,125,0.040703353956366005,4.219390027002676,0.0676777772154561,66,"66,114,90,37,105,20",,True,3072
reas-easy-06,reasoning,geometry,easy,38,3071,125,0.040703353956366005,4.003845839713775,0.12078116841685627,28,"28,32,61,50,106,109",,True,3072
reas-easy-06,reasoning,geometry,easy,40,3071,122,0.03972647346141322,3.9726091766489375,0.0835148490899504,120,"120,94,38,125,6,109",,True,3072
reas-easy-06,reasoning,geometry,easy,43,3071,124,0.040377727124715074,4.126173757764926,0.08555611462581976,2,"2,18,107,113,104,38",,True,3072
reas-easy-06,reasoning,geometry,easy,45,3071,126,0.041028980788016936,4.35192936639499,0.06243569945966002,43,"43,10,109,62,61,108",,True,3072
reas-easy-06,reasoning,geometry,easy,47,3071,125,0.040703353956366005,4.134963404191814,0.11722715452926356,18,"18,27,15,83,105,5",,True,3072
reas-easy-06,reasoning,geometry,easy,49,3071,125,0.040703353956366005,4.053270985225461,0.11451018012209059,85,"85,30,127,60,46,125",,True,3072
reas-easy-06,reasoning,geometry,easy,51,3071,126,0.041028980788016936,4.513708063061079,0.03323081478233457,49,"49,17,3,5,13,16",,True,3072
reas-hard-13,reasoning,intermediate_algebra,hard,1,3071,128,0.04168023445131879,4.633436286025402,0.042872137680094825,81,"81,71,84,46,64,85",,True,3072
reas-hard-13,reasoning,intermediate_algebra,hard,3,3071,128,0.04168023445131879,4.658562634836892,0.028010013025073267,116,"116,68,15,112,117,57",,True,3072
reas-hard-13,reasoning,intermediate_algebra,hard,6,3071,128,0.04168023445131879,4.447908602139419,0.05196317813831903,47,"47,110,67,36,24,5",,True,3072
reas-hard-13,reasoning,intermediate_algebra,hard,8,3071,124,0.040377727124715074,4.483223696202445,0.02462354613382371,53,"53,31,48,63,5,41",,True,3072
reas-hard-13,reasoning,intermediate_algebra,hard,10,3071,126,0.041028980788016936,4.381486501575805,0.035639387731654794,124,"124,66,41,58,104,103",,True,3072
reas-hard-13,reasoning,intermediate_algebra,hard,13,3071,123,0.04005210029306415,4.129987428379235,0.10900332448299115,65,"65,103,78,89,118,54",,True,3072
reas-hard-13,reasoning,intermediate_algebra,hard,15,3071,127,0.04135460761966786,4.316344538864957,0.055823203380519174,70,"70,10,69,100,67,93",,True,3072
reas-hard-13,reasoning,intermediate_algebra,hard,17,3071,116,0.03777271247150765,3.874841638416368,0.1011472920171003,21,"21,62,14,119,74,35",,True,3072
reas-hard-13,reasoning,intermediate_algebra,hard,20,3071,122,0.03972647346141322,4.156159576548327,0.06861321941531805,116,"116,30,22,17,54,98",,True,3072
reas-hard-13,reasoning,intermediate_algebra,hard,22,3071,128,0.04168023445131879,4.220881361038813,0.10335508792790804,9,"9,94,17,88,68,101",,True,3072
reas-hard-13,reasoning,intermediate_algebra,hard,24,3071,125,0.040703353956366005,4.105929318941162,0.08692586832687609,4,"4,32,24,35,67,50",,True,3072
reas-hard-13,reasoning,intermediate_algebra,hard,27,3071,127,0.04135460761966786,4.294449569375523,0.07652926636544209,5,"5,92,73,64,11,124",,True,3072
reas-hard-13,reasoning,intermediate_algebra,hard,29,3071,127,0.04135460761966786,4.160440791412091,0.12702860297279128,94,"94,83,75,33,95,98",,True,3072
reas-hard-13,reasoning,intermediate_algebra,hard,31,3071,127,0.04135460761966786,4.33906797277196,0.06685607118483351,85,"85,37,111,23,25,125",,True,3072
reas-hard-13,reasoning,intermediate_algebra,hard,34,3071,126,0.041028980788016936,4.0907508252917815,0.10403580945723953,86,"86,80,27,55,96,66",,True,3072
reas-hard-13,reasoning,intermediate_algebra,hard,36,3071,126,0.041028980788016936,4.460255898990507,0.04782153952691895,0,"0,6,20,26,114,98",,True,3072
reas-hard-13,reasoning,intermediate_algebra,hard,38,3071,127,0.04135460761966786,4.328361328553387,0.06922086562063243,54,"54,75,37,114,84,5",,True,3072
reas-hard-13,reasoning,intermediate_algebra,hard,40,3071,125,0.040703353956366005,4.337595174822646,0.06521938586063702,44,"44,88,68,11,21,91",,True,3072
reas-hard-13,reasoning,intermediate_algebra,hard,43,3071,125,0.040703353956366005,4.23625371479293,0.09348116403574763,105,"105,6,7,43,91,118",,True,3072
reas-hard-13,reasoning,intermediate_algebra,hard,45,3071,127,0.04135460761966786,4.428398734460058,0.05650754709467738,36,"36,103,3,0,107,121",,True,3072
reas-hard-13,reasoning,intermediate_algebra,hard,47,3071,128,0.04168023445131879,4.358101744581956,0.06612095950639114,64,"64,12,82,122,34,80",,True,3072
reas-hard-13,reasoning,intermediate_algebra,hard,49,3071,124,0.040377727124715074,4.319508681023948,0.042102144127595935,25,"25,16,61,117,43,33",,True,3072
reas-hard-13,reasoning,intermediate_algebra,hard,51,3071,128,0.04168023445131879,4.539055140055449,0.03188041752120297,18,"18,122,0,118,94,11",,True,3072
reas-hard-14,reasoning,precalculus,hard,1,923,128,0.13867822318526543,4.715765424973772,0.025276197038990627,3,"3,92,127,40,117,50",False,False,924
reas-hard-14,reasoning,precalculus,hard,3,923,128,0.13867822318526543,4.68831971833058,0.02196162538701492,96,"96,100,72,85,97,88",False,False,924
reas-hard-14,reasoning,precalculus,hard,6,923,125,0.13542795232936078,4.539707641899125,0.04403007573528101,118,"118,63,89,11,97,24",False,False,924
reas-hard-14,reasoning,precalculus,hard,8,923,119,0.12892741061755147,4.338105104611841,0.05848789801032529,87,"87,88,13,81,92,55",False,False,924
reas-hard-14,reasoning,precalculus,hard,10,923,120,0.13001083423618634,4.056193208802088,0.1331373583604885,5,"5,17,59,75,76,83",False,False,924
reas-hard-14,reasoning,precalculus,hard,13,923,116,0.1256771397616468,4.204095210399418,0.04319815326511412,35,"35,96,28,41,67,24",False,False,924
reas-hard-14,reasoning,precalculus,hard,15,923,124,0.13434452871072589,4.260715427180805,0.06881714491486057,94,"94,107,125,67,21,117",False,False,924
reas-hard-14,reasoning,precalculus,hard,17,923,108,0.11700975081256772,4.085820138283295,0.05231259801043868,127,"127,56,8,30,58,38",False,False,924
reas-hard-14,reasoning,precalculus,hard,20,923,121,0.13109425785482123,4.221970507582875,0.07473573439746342,67,"67,98,126,36,101,87",False,False,924
reas-hard-14,reasoning,precalculus,hard,22,923,127,0.13759479956663057,4.453576830492712,0.05022677020804953,88,"88,94,55,48,7,124",False,False,924
reas-hard-14,reasoning,precalculus,hard,24,923,121,0.13109425785482123,4.21733676289401,0.07564790941067923,50,"50,35,69,24,42,55",False,False,924
reas-hard-14,reasoning,precalculus,hard,27,923,126,0.13651137594799567,4.313944665614525,0.05552778531768097,118,"118,11,60,35,125,13",False,False,924
reas-hard-14,reasoning,precalculus,hard,29,923,127,0.13759479956663057,4.3845453611852045,0.06245284647339431,33,"33,114,113,95,103,41",False,False,924
reas-hard-14,reasoning,precalculus,hard,31,923,127,0.13759479956663057,4.289757349925406,0.1167006779599149,17,"17,53,105,61,58,69",False,False,924
reas-hard-14,reasoning,precalculus,hard,34,923,124,0.13434452871072589,4.334933917965085,0.052210037903277544,118,"118,111,53,95,32,123",False,False,924
reas-hard-14,reasoning,precalculus,hard,36,923,125,0.13542795232936078,4.337754980373875,0.06905208999895043,96,"96,63,104,93,54,26",False,False,924
reas-hard-14,reasoning,precalculus,hard,38,923,124,0.13434452871072589,4.454629270483285,0.03651879761934487,80,"80,12,47,17,31,16",False,False,924
reas-hard-14,reasoning,precalculus,hard,40,923,122,0.13217768147345613,4.355113654849342,0.06221205360555479,8,"8,59,107,119,111,2",False,False,924
reas-hard-14,reasoning,precalculus,hard,43,923,122,0.13217768147345613,4.368045242060021,0.040668527021911656,72,"72,93,111,75,47,115",False,False,924
reas-hard-14,reasoning,precalculus,hard,45,923,124,0.13434452871072589,4.391321257769976,0.08482915371210371,125,"125,52,40,108,36,120",False,False,924
reas-hard-14,reasoning,precalculus,hard,47,923,128,0.13867822318526543,4.534680262367582,0.04024340338993918,18,"18,34,77,44,61,3",False,False,924
reas-hard-14,reasoning,precalculus,hard,49,923,124,0.13434452871072589,4.428307496492621,0.04174608279175014,56,"56,108,24,25,107,46",False,False,924
reas-hard-14,reasoning,precalculus,hard,51,923,128,0.13867822318526543,4.626220237342052,0.024443889155996917,78,"78,81,19,24,84,99",False,False,924
reas-hard-15,reasoning,intermediate_algebra,hard,1,3071,128,0.04168023445131879,4.632538549759589,0.03263260232282127,50,"50,81,83,3,40,95",,True,3072
reas-hard-15,reasoning,intermediate_algebra,hard,3,3071,128,0.04168023445131879,4.639591808283992,0.021793717331512707,20,"20,54,100,97,117,72",,True,3072
reas-hard-15,reasoning,intermediate_algebra,hard,6,3071,128,0.04168023445131879,4.508158020576792,0.03030932564988418,74,"74,118,115,38,8,93",,True,3072
reas-hard-15,reasoning,intermediate_algebra,hard,8,3071,126,0.041028980788016936,4.490528347614396,0.03616657666351237,77,"77,116,26,54,5,60",,True,3072
reas-hard-15,reasoning,intermediate_algebra,hard,10,3071,126,0.041028980788016936,4.380937922784129,0.04432165723680479,46,"46,58,3,41,84,121",,True,3072
reas-hard-15,reasoning,intermediate_algebra,hard,13,3071,122,0.03972647346141322,4.2711952428826265,0.04170143145382476,65,"65,96,20,35,63,78",,True,3072
reas-hard-15,reasoning,intermediate_algebra,hard,15,3071,126,0.041028980788016936,4.379399885234816,0.04316274087749972,107,"107,70,125,95,94,93",,True,3072
reas-hard-15,reasoning,intermediate_algebra,hard,17,3071,119,0.03874959296646044,4.057871071565707,0.06122117648615127,21,"21,110,127,74,102,38",,True,3072
reas-hard-15,reasoning,intermediate_algebra,hard,20,3071,124,0.040377727124715074,4.287367668706959,0.0629341438241773,98,"98,105,54,67,65,28",,True,3072
reas-hard-15,reasoning,intermediate_algebra,hard,22,3071,128,0.04168023445131879,4.4647493197708625,0.07484859679252599,94,"94,88,100,55,104,17",,True,3072
reas-hard-15,reasoning,intermediate_algebra,hard,24,3071,124,0.040377727124715074,4.396070801773322,0.03912154874912726,67,"67,59,24,35,125,76",,True,3072
reas-hard-15,reasoning,intermediate_algebra,hard,27,3071,124,0.040377727124715074,4.342624711963121,0.04093456427355745,73,"73,118,0,124,60,11",,True,3072
reas-hard-15,reasoning,intermediate_algebra,hard,29,3071,127,0.04135460761966786,4.389717939855164,0.05570570805366612,33,"33,114,95,83,47,98",,True,3072
reas-hard-15,reasoning,intermediate_algebra,hard,31,3071,128,0.04168023445131879,4.43757925651846,0.04270248614801246,58,"58,98,61,125,33,80",,True,3072
reas-hard-15,reasoning,intermediate_algebra,hard,34,3071,127,0.04135460761966786,4.422769802603668,0.04643541312670823,36,"36,53,66,95,55,32",,True,3072
reas-hard-15,reasoning,intermediate_algebra,hard,36,3071,126,0.041028980788016936,4.428632354662291,0.0405457466201755,96,"96,93,26,12,45,104",,True,3072
reas-hard-15,reasoning,intermediate_algebra,hard,38,3071,125,0.040703353956366005,4.440488169081575,0.028911006430171183,64,"64,127,56,16,32,3",,True,3072
reas-hard-15,reasoning,intermediate_algebra,hard,40,3071,125,0.040703353956366005,4.418882919972408,0.04200363624331854,56,"56,119,8,111,57,125",,True,3072
reas-hard-15,reasoning,intermediate_algebra,hard,43,3071,128,0.04168023445131879,4.403749949952842,0.03227162956836023,109,"109,72,75,43,31,107",,True,3072
reas-hard-15,reasoning,intermediate_algebra,hard,45,3071,128,0.04168023445131879,4.435692946995561,0.042129873955720605,3,"3,108,22,31,49,120",,True,3072
reas-hard-15,reasoning,intermediate_algebra,hard,47,3071,125,0.040703353956366005,4.445716835669478,0.03591697171258543,51,"51,32,67,98,108,109",,True,3072
reas-hard-15,reasoning,intermediate_algebra,hard,49,3071,126,0.041028980788016936,4.287200680542325,0.05824387358136357,56,"56,20,107,24,117,46",,True,3072
reas-hard-15,reasoning,intermediate_algebra,hard,51,3071,128,0.04168023445131879,4.493980102152653,0.04020946656522153,60,"60,14,89,19,122,84",,True,3072
reas-hard-16,reasoning,number_theory,hard,1,1043,128,0.12272291466922339,4.664322642797014,0.021746336898376947,12,"12,100,73,51,109,50",True,False,1044
reas-hard-16,reasoning,number_theory,hard,3,1043,128,0.12272291466922339,4.589261445758458,0.02629603843182168,10,"10,96,55,81,120,52",True,False,1044
reas-hard-16,reasoning,number_theory,hard,6,1043,125,0.11984659635666348,4.443448485302537,0.04573674620845404,93,"93,111,22,45,52,60",True,False,1044
reas-hard-16,reasoning,number_theory,hard,8,1043,121,0.11601150527325024,4.300028789894649,0.06909329683497595,70,"70,54,106,46,48,75",True,False,1044
reas-hard-16,reasoning,number_theory,hard,10,1043,122,0.11697027804410355,4.162848995290964,0.06517196545031363,15,"15,112,53,90,111,67",True,False,1044
reas-hard-16,reasoning,number_theory,hard,13,1043,118,0.11313518696069032,3.927677024075066,0.14074119987131584,98,"98,63,114,65,72,124",True,False,1044
reas-hard-16,reasoning,number_theory,hard,15,1043,125,0.11984659635666348,4.232831220806711,0.06404586381581442,116,"116,95,77,35,113,64",True,False,1044
reas-hard-16,reasoning,number_theory,hard,17,1043,105,0.10067114093959731,4.0398089664187715,0.056835596490649044,74,"74,75,30,110,44,35",True,False,1044
reas-hard-16,reasoning,number_theory,hard,20,1043,122,0.11697027804410355,4.243601729110525,0.05328527353454449,35,"35,30,105,115,98,116",True,False,1044
reas-hard-16,reasoning,number_theory,hard,22,1043,128,0.12272291466922339,4.194307830853664,0.10089238107162551,94,"94,55,72,9,50,93",True,False,1044
reas-hard-16,reasoning,number_theory,hard,24,1043,119,0.11409395973154363,4.1583913419669365,0.05587951387697378,67,"67,79,4,57,50,35",True,False,1044
reas-hard-16,reasoning,number_theory,hard,27,1043,124,0.11888782358581017,4.083623310468511,0.10262933133889332,0,"0,101,73,72,125,11",True,False,1044
reas-hard-16,reasoning,number_theory,hard,29,1043,126,0.12080536912751678,4.309917869421874,0.0565779965594161,94,"94,95,47,64,73,33",True,False,1044
reas-hard-16,reasoning,number_theory,hard,31,1043,126,0.12080536912751678,4.224062552941174,0.11332509701240645,75,"75,58,33,95,110,119",True,False,1044
reas-hard-16,reasoning,number_theory,hard,34,1043,121,0.11601150527325024,4.219081782072374,0.09458574347845176,21,"21,55,78,96,27,66",True,False,1044
reas-hard-16,reasoning,number_theory,hard,36,1043,126,0.12080536912751678,4.382465681051244,0.05419947451882584,12,"12,26,60,96,22,122",True,False,1044
reas-hard-16,reasoning,number_theory,hard,38,1043,123,0.11792905081495686,4.445829470399258,0.0428400921414124,84,"84,57,58,80,112,127",True,False,1044
reas-hard-16,reasoning,number_theory,hard,40,1043,125,0.11984659635666348,4.319507096786632,0.056234967667611206,88,"88,25,107,62,100,84",True,False,1044
reas-hard-16,reasoning,number_theory,hard,43,1043,121,0.11601150527325024,4.353663068350744,0.03216428037870754,84,"84,31,72,109,7,48",True,False,1044
reas-hard-16,reasoning,number_theory,hard,45,1043,126,0.12080536912751678,4.396630300224925,0.03792578602148665,0,"0,103,36,3,91,108",True,False,1044
reas-hard-16,reasoning,number_theory,hard,47,1043,125,0.11984659635666348,4.379396071924061,0.05088347387955005,34,"34,12,51,67,10,33",True,False,1044
reas-hard-16,reasoning,number_theory,hard,49,1043,124,0.11888782358581017,4.276816348117246,0.06884258749712614,56,"56,35,107,16,83,13",True,False,1044
reas-hard-16,reasoning,number_theory,hard,51,1043,127,0.12176414189837009,4.403403752955487,0.03576762228463554,114,"114,99,19,89,78,14",True,False,1044
reas-hard-17,reasoning,precalculus,hard,1,529,128,0.24196597353497165,4.631398330828102,0.02936431830577677,127,"127,3,97,83,52,73",False,False,530
reas-hard-17,reasoning,precalculus,hard,3,529,128,0.24196597353497165,4.6175177560077945,0.02686007644691586,78,"78,66,72,20,106,10",False,False,530
reas-hard-17,reasoning,precalculus,hard,6,529,122,0.23062381852551986,4.380747082409574,0.04393072248565518,118,"118,47,63,5,8,111",False,False,530
reas-hard-17,reasoning,precalculus,hard,8,529,119,0.22495274102079396,4.34753075703754,0.06719160618588921,88,"88,93,113,67,45,117",False,False,530
reas-hard-17,reasoning,precalculus,hard,10,529,113,0.21361058601134217,4.075756122632632,0.08601768820205637,78,"78,17,6,76,5,22",False,False,530
reas-hard-17,reasoning,precalculus,hard,13,529,116,0.21928166351606806,4.046759347082809,0.0992605532757284,33,"33,96,117,4,34,54",False,False,530
reas-hard-17,reasoning,precalculus,hard,15,529,117,0.22117202268431002,4.178812342252146,0.05002744597038974,121,"121,107,112,70,40,94",False,False,530
reas-hard-17,reasoning,precalculus,hard,17,529,99,0.18714555765595464,3.8550053948533995,0.10054121409731885,127,"127,56,57,38,58,116",False,False,530
reas-hard-17,reasoning,precalculus,hard,20,529,113,0.21361058601134217,4.022880652825951,0.10312412255027112,98,"98,126,101,60,65,47",False,False,530
reas-hard-17,reasoning,precalculus,hard,22,529,125,0.23629489603024575,4.333751981637282,0.0692157952010846,88,"88,89,94,7,34,120",False,False,530
reas-hard-17,reasoning,precalculus,hard,24,529,119,0.22495274102079396,4.221679420105433,0.05524078378785507,102,"102,76,24,75,69,50",False,False,530
reas-hard-17,reasoning,precalculus,hard,27,529,117,0.22117202268431002,4.176374186271443,0.08326626757966549,125,"125,35,60,122,99,118",False,False,530
reas-hard-17,reasoning,precalculus,hard,29,529,125,0.23629489603024575,4.191826452791511,0.08034323840605015,114,"114,22,80,33,103,83",False,False,530
reas-hard-17,reasoning,precalculus,hard,31,529,122,0.23062381852551986,4.244856583727153,0.07385994636866063,17,"17,105,98,58,61,110",False,False,530
reas-hard-17,reasoning,precalculus,hard,34,529,120,0.22684310018903592,4.167611027434502,0.07564639337785999,36,"36,78,118,32,53,70",False,False,530
reas-hard-17,reasoning,precalculus,hard,36,529,121,0.22873345935727787,4.099776979628496,0.06004365008489568,104,"104,96,44,93,25,80",False,False,530
reas-hard-17,reasoning,precalculus,hard,38,529,120,0.22684310018903592,4.210740031940381,0.07378775090659773,12,"12,110,47,100,106,16",False,False,530
reas-hard-17,reasoning,precalculus,hard,40,529,118,0.22306238185255198,4.231857732082232,0.08201209524858266,94,"94,8,2,90,56,119",False,False,530
reas-hard-17,reasoning,precalculus,hard,43,529,121,0.22873345935727787,4.236557562936258,0.05709596201774412,107,"107,56,61,16,72,11",False,False,530
reas-hard-17,reasoning,precalculus,hard,45,529,125,0.23629489603024575,4.443481932651349,0.04552414601612956,120,"120,67,110,62,121,60",False,False,530
reas-hard-17,reasoning,precalculus,hard,47,529,122,0.23062381852551986,4.37649267331655,0.043523633814059666,44,"44,51,41,18,74,67",False,False,530
reas-hard-17,reasoning,precalculus,hard,49,529,120,0.22684310018903592,4.345640705454579,0.04871841094088361,46,"46,25,97,24,16,107",False,False,530
reas-hard-17,reasoning,precalculus,hard,51,529,126,0.2381852551984877,4.536740628614849,0.025504344272834236,43,"43,19,123,2,78,52",False,False,530
reas-hard-18,reasoning,algebra,hard,1,2696,128,0.04747774480712166,4.742330330026072,0.02127949124794563,87,"87,57,16,83,68,92",True,False,2697
reas-hard-18,reasoning,algebra,hard,3,2696,128,0.04747774480712166,4.71600790816648,0.02094913354577518,6,"6,21,117,31,61,34",True,False,2697
reas-hard-18,reasoning,algebra,hard,6,2696,128,0.04747774480712166,4.610662463476771,0.04535797753036906,106,"106,79,5,117,11,45",True,False,2697
reas-hard-18,reasoning,algebra,hard,8,2696,125,0.046364985163204746,4.549806632756776,0.03622727590827906,120,"120,93,110,54,26,31",True,False,2697
reas-hard-18,reasoning,algebra,hard,10,2696,126,0.04673590504451038,4.41927874776886,0.04991613891031766,121,"121,55,58,80,94,66",True,False,2697
reas-hard-18,reasoning,algebra,hard,13,2696,126,0.04673590504451038,4.383457012558912,0.061854416871073084,34,"34,125,3,121,96,53",True,False,2697
reas-hard-18,reasoning,algebra,hard,15,2696,127,0.04710682492581603,4.534686540517033,0.039228175982401886,17,"17,121,21,107,39,26",True,False,2697
reas-hard-18,reasoning,algebra,hard,17,2696,121,0.0448813056379822,4.260422230439016,0.05509096033284159,64,"64,127,36,119,30,3",True,False,2697
reas-hard-18,reasoning,algebra,hard,20,2696,126,0.04673590504451038,4.344341584598308,0.05224055358189953,85,"85,98,16,67,11,54",True,False,2697
reas-hard-18,reasoning,algebra,hard,22,2696,128,0.04747774480712166,4.571354060808272,0.04164609715491403,7,"7,14,88,58,32,94",True,False,2697
reas-hard-18,reasoning,algebra,hard,24,2696,126,0.04673590504451038,4.428498863684475,0.03758412077123176,16,"16,102,76,21,75,50",True,False,2697
reas-hard-18,reasoning,algebra,hard,27,2696,128,0.04747774480712166,4.394252574492562,0.07193138524753047,90,"90,32,125,11,103,127",True,False,2697
reas-hard-18,reasoning,algebra,hard,29,2696,127,0.04710682492581603,4.554405563777737,0.032280338523833614,114,"114,43,18,33,16,22",True,False,2697
reas-hard-18,reasoning,algebra,hard,31,2696,128,0.04747774480712166,4.5200947699087415,0.03413840481433878,105,"105,35,37,61,19,67",True,False,2697
reas-hard-18,reasoning,algebra,hard,34,2696,128,0.04747774480712166,4.444442363695915,0.03823866866129613,1,"1,54,109,120,58,70",True,False,2697
reas-hard-18,reasoning,algebra,hard,36,2696,126,0.04673590504451038,4.507468426427183,0.03447677940613317,65,"65,70,114,49,37,60",True,False,2697
reas-hard-18,reasoning,algebra,hard,38,2696,126,0.04673590504451038,4.482535001223579,0.03259665183212046,12,"12,93,124,82,88,27",True,False,2697
reas-hard-18,reasoning,algebra,hard,40,2696,125,0.046364985163204746,4.454014553437727,0.04784041095577805,57,"57,12,125,25,119,60",True,False,2697
reas-hard-18,reasoning,algebra,hard,43,2696,126,0.04673590504451038,4.487157227699934,0.04186210667578366,2,"2,113,72,99,25,42",True,False,2697
reas-hard-18,reasoning,algebra,hard,45,2696,128,0.04747774480712166,4.513116079574269,0.03906657370129545,22,"22,108,106,99,10,116",True,False,2697
reas-hard-18,reasoning,algebra,hard,47,2696,126,0.04673590504451038,4.562823329625304,0.03318005703282724,75,"75,23,34,15,61,98",True,False,2697
reas-hard-18,reasoning,algebra,hard,49,2696,127,0.04710682492581603,4.408810622675788,0.04954131911436156,85,"85,60,24,20,107,117",True,False,2697
reas-hard-18,reasoning,algebra,hard,51,2696,128,0.04747774480712166,4.664390756993475,0.021605845655881525,28,"28,23,19,10,78,17",True,False,2697
reas-medi-07,reasoning,algebra,medium,1,197,121,0.6142131979695431,4.512961861144015,0.025867382941318042,40,"40,77,83,15,76,74",False,False,198
reas-medi-07,reasoning,algebra,medium,3,197,111,0.5634517766497462,4.318071169440271,0.042081833774525845,97,"97,100,57,20,72,34",False,False,198
reas-medi-07,reasoning,algebra,medium,6,197,118,0.5989847715736041,4.302451666001261,0.04175431578169874,8,"8,109,105,118,63,115",False,False,198
reas-medi-07,reasoning,algebra,medium,8,197,106,0.5380710659898477,4.247054832924946,0.052536557871709494,115,"115,26,77,28,31,110",False,False,198
reas-medi-07,reasoning,algebra,medium,10,197,107,0.5431472081218274,4.2125184248844665,0.054525202142104004,69,"69,58,112,41,56,124",False,False,198
reas-medi-07,reasoning,algebra,medium,13,197,99,0.5025380710659898,4.099785589175432,0.06927615955774298,63,"63,24,65,96,34,112",False,False,198
reas-medi-07,reasoning,algebra,medium,15,197,115,0.583756345177665,4.197496490131461,0.05651244987086636,107,"107,35,93,33,121,57",False,False,198
reas-medi-07,reasoning,algebra,medium,17,197,77,0.39086294416243655,3.7480976003443858,0.07225876236328016,102,"102,21,58,38,110,74",False,False,198
reas-medi-07,reasoning,algebra,medium,20,197,100,0.5076142131979695,3.920742623985066,0.10070821189200121,98,"98,54,60,65,119,47",False,False,198
reas-medi-07,reasoning,algebra,medium,22,197,118,0.5989847715736041,4.280343239811412,0.08328806807894261,94,"94,88,10,73,38,66",False,False,198
reas-medi-07,reasoning,algebra,medium,24,197,105,0.5329949238578681,4.125873743247274,0.04403737396745579,24,"24,35,102,78,48,125",False,False,198
reas-medi-07,reasoning,algebra,medium,27,197,98,0.49746192893401014,4.02650847193504,0.05491627624995724,60,"60,125,118,34,73,122",False,False,198
reas-medi-07,reasoning,algebra,medium,29,197,102,0.5177664974619289,4.035126099309043,0.07335060832825945,33,"33,32,83,22,114,76",False,False,198
reas-medi-07,reasoning,algebra,medium,31,197,111,0.5634517766497462,4.169852349081505,0.06868267815004944,61,"61,98,69,51,125,58",False,False,198
reas-medi-07,reasoning,algebra,medium,34,197,108,0.5482233502538071,4.1173371854949306,0.07082762435978529,66,"66,53,78,95,35,17",False,False,198
reas-medi-07,reasoning,algebra,medium,36,197,100,0.5076142131979695,4.022856182920793,0.08121261483085601,96,"96,113,93,25,49,26",False,False,198
reas-medi-07,reasoning,algebra,medium,38,197,104,0.5279187817258884,4.252096851907202,0.05132297964069007,16,"16,75,31,92,37,79",False,False,198
reas-medi-07,reasoning,algebra,medium,40,197,108,0.5482233502538071,4.181073338610172,0.07154117045197673,8,"8,119,107,11,31,78",False,False,198
reas-medi-07,reasoning,algebra,medium,43,197,111,0.5634517766497462,4.139589282658994,0.051849468740612366,75,"75,107,121,72,7,43",False,False,198
reas-medi-07,reasoning,algebra,medium,45,197,109,0.5532994923857868,4.197247765355681,0.07858223515928316,22,"22,120,107,110,53,40",False,False,198
reas-medi-07,reasoning,algebra,medium,47,197,106,0.5380710659898477,4.287154244654759,0.044428283837757425,51,"51,67,61,77,1,48",False,False,198
reas-medi-07,reasoning,algebra,medium,49,197,104,0.5279187817258884,4.19483086844353,0.04089390066442984,56,"56,115,33,35,83,20",False,False,198
reas-medi-07,reasoning,algebra,medium,51,197,116,0.5888324873096447,4.32269188187184,0.03952251558471913,19,"19,60,93,84,52,71",False,False,198
reas-medi-08,reasoning,number_theory,medium,1,236,127,0.538135593220339,4.642206949984801,0.022357589849331446,15,"15,73,110,90,4,51",True,False,237
reas-medi-08,reasoning,number_theory,medium,3,236,123,0.5211864406779662,4.6020487593777855,0.022993937442818264,117,"117,37,81,41,48,115",True,False,237
reas-medi-08,reasoning,number_theory,medium,6,236,121,0.5127118644067796,4.518151849485382,0.03391879170330523,93,"93,79,109,119,105,44",True,False,237
reas-medi-08,reasoning,number_theory,medium,8,236,107,0.4533898305084746,4.080702509237055,0.14681797962033827,70,"70,106,46,3,99,75",True,False,237
reas-medi-08,reasoning,number_theory,medium,10,236,106,0.4491525423728814,4.068477038237016,0.06574379286401777,53,"53,90,112,9,15,49",True,False,237
reas-medi-08,reasoning,number_theory,medium,13,236,99,0.4194915254237288,3.6812874236253506,0.1905977077510918,98,"98,125,63,67,46,116",True,False,237
reas-medi-08,reasoning,number_theory,medium,15,236,112,0.4745762711864407,4.167038252090936,0.11444975482589535,116,"116,77,112,29,125,11",True,False,237
reas-medi-08,reasoning,number_theory,medium,17,236,94,0.3983050847457627,4.083075251500715,0.04942926366011963,121,"121,30,112,75,36,59",True,False,237
reas-medi-08,reasoning,number_theory,medium,20,236,113,0.4788135593220339,4.15985739318668,0.07209662042048604,14,"14,111,62,19,119,79",True,False,237
reas-medi-08,reasoning,number_theory,medium,22,236,120,0.5084745762711864,4.404524201078291,0.0498615502912218,94,"94,59,89,16,124,38",True,False,237
reas-medi-08,reasoning,number_theory,medium,24,236,106,0.4491525423728814,4.072110562807979,0.08694038358327474,42,"42,79,120,78,90,35",True,False,237
reas-medi-08,reasoning,number_theory,medium,27,236,106,0.4491525423728814,4.205543406230717,0.048775683744680144,72,"72,74,60,39,14,11",True,False,237
reas-medi-08,reasoning,number_theory,medium,29,236,110,0.4661016949152542,4.290268152902827,0.03874448598879161,83,"83,17,114,42,33,95",True,False,237
reas-medi-08,reasoning,number_theory,medium,31,236,113,0.4788135593220339,3.999473260438195,0.18799331219237977,75,"75,58,1,99,61,74",True,False,237
reas-medi-08,reasoning,number_theory,medium,34,236,112,0.4745762711864407,4.108049924194418,0.13672813456064808,21,"21,111,55,78,45,98",True,False,237
reas-medi-08,reasoning,number_theory,medium,36,236,120,0.5084745762711864,4.304366069991413,0.06244906361888052,99,"99,22,36,105,26,44",True,False,237
reas-medi-08,reasoning,number_theory,medium,38,236,113,0.4788135593220339,4.195103644696583,0.08094233549639705,114,"114,108,112,77,11,97",True,False,237
reas-medi-08,reasoning,number_theory,medium,40,236,112,0.4745762711864407,4.248616273131244,0.05382819988732343,84,"84,88,8,107,47,125",True,False,237
reas-medi-08,reasoning,number_theory,medium,43,236,117,0.4957627118644068,4.285169678295735,0.062245788249616255,93,"93,39,57,72,91,56",True,False,237
reas-medi-08,reasoning,number_theory,medium,45,236,120,0.5084745762711864,4.462144550480433,0.03279813229984168,36,"36,108,46,115,119,80",True,False,237
reas-medi-08,reasoning,number_theory,medium,47,236,119,0.5042372881355932,4.366954588032922,0.042655914049685266,48,"48,54,44,61,34,89",True,False,237
reas-medi-08,reasoning,number_theory,medium,49,236,121,0.5127118644067796,4.360411199736667,0.05819330221706997,56,"56,108,35,16,107,24",True,False,237
reas-medi-08,reasoning,number_theory,medium,51,236,119,0.5042372881355932,4.5179278486135495,0.027907150925522758,99,"99,78,24,84,94,89",True,False,237
reas-medi-09,reasoning,number_theory,medium,1,879,128,0.14562002275312855,4.680967489099787,0.031256601712802666,52,"52,3,77,66,127,109",True,False,880
reas-medi-09,reasoning,number_theory,medium,3,879,128,0.14562002275312855,4.650659476921021,0.0254647132972763,117,"117,54,96,61,21,29",True,False,880
reas-medi-09,reasoning,number_theory,medium,6,879,125,0.1422070534698521,4.559323062862497,0.02981760882857283,11,"11,118,29,93,68,104",True,False,880
reas-medi-09,reasoning,number_theory,medium,8,879,119,0.1353811149032992,4.3127300784972435,0.058379577407909125,116,"116,110,49,70,5,79",True,False,880
reas-medi-09,reasoning,number_theory,medium,10,879,121,0.13765642775881684,4.30764645986714,0.04197871267488307,65,"65,121,116,43,5,15",True,False,880
reas-medi-09,reasoning,number_theory,medium,13,879,119,0.1353811149032992,4.260645710250773,0.06383824971091895,20,"20,98,68,34,96,49",True,False,880
reas-medi-09,reasoning,number_theory,medium,15,879,123,0.13993174061433447,4.317097848274508,0.04815878783555984,51,"51,116,10,81,112,95",True,False,880
reas-medi-09,reasoning,number_theory,medium,17,879,106,0.12059158134243458,4.125772232654652,0.06597570853261026,21,"21,127,30,26,121,6",True,False,880
reas-medi-09,reasoning,number_theory,medium,20,879,122,0.13879408418657566,4.188947797013712,0.07392513757533557,27,"27,67,47,11,33,36",True,False,880
reas-medi-09,reasoning,number_theory,medium,22,879,127,0.14448236632536973,4.457445176782695,0.0385126065010049,48,"48,120,94,7,16,88",True,False,880
reas-medi-09,reasoning,number_theory,medium,24,879,122,0.13879408418657566,4.252935860054554,0.05373119487476535,5,"5,79,16,42,35,24",True,False,880
reas-medi-09,reasoning,number_theory,medium,27,879,122,0.13879408418657566,4.344712601882316,0.04885083171118092,11,"11,77,63,39,60,125",True,False,880
reas-medi-09,reasoning,number_theory,medium,29,879,123,0.13993174061433447,4.432886695965841,0.03606765559405399,114,"114,113,33,76,41,6",True,False,880
reas-medi-09,reasoning,number_theory,medium,31,879,124,0.1410693970420933,4.406488591261197,0.04090638058701183,58,"58,75,98,109,25,114",True,False,880
reas-medi-09,reasoning,number_theory,medium,34,879,123,0.13993174061433447,4.342221827150836,0.03770532172627762,19,"19,109,111,54,55,66",True,False,880
reas-medi-09,reasoning,number_theory,medium,36,879,123,0.13993174061433447,4.420880727694633,0.04554763342562476,60,"60,72,45,36,104,26",True,False,880
reas-medi-09,reasoning,number_theory,medium,38,879,122,0.13879408418657566,4.333207703721808,0.048243823287443706,114,"114,124,17,40,82,52",True,False,880
reas-medi-09,reasoning,number_theory,medium,40,879,119,0.1353811149032992,4.298932844708081,0.0462707125543082,43,"43,38,90,125,84,21",True,False,880
reas-medi-09,reasoning,number_theory,medium,43,879,123,0.13993174061433447,4.209223951913442,0.07423067084363666,91,"91,84,72,56,2,93",True,False,880
reas-medi-09,reasoning,number_theory,medium,45,879,127,0.14448236632536973,4.454344507677897,0.04278076529828315,108,"108,67,28,4,36,7",True,False,880
reas-medi-09,reasoning,number_theory,medium,47,879,127,0.14448236632536973,4.447961782366248,0.050286637611745226,41,"41,98,61,44,34,77",True,False,880
reas-medi-09,reasoning,number_theory,medium,49,879,126,0.14334470989761092,4.3690876213184655,0.050349110623791826,24,"24,85,125,16,107,56",True,False,880
reas-medi-09,reasoning,number_theory,medium,51,879,127,0.14448236632536973,4.630720063370819,0.032848517952663824,91,"91,19,72,22,99,24",True,False,880
reas-medi-10,reasoning,algebra,medium,1,87,116,1.3333333333333333,4.505309775392431,0.03137954374783217,81,"81,77,108,117,5,64",False,False,88
reas-medi-10,reasoning,algebra,medium,3,87,107,1.2298850574712643,4.345690434583655,0.03192835763262745,16,"16,96,66,125,31,84",False,False,88
reas-medi-10,reasoning,algebra,medium,6,87,97,1.1149425287356323,4.18587228431242,0.052737653661008785,47,"47,109,117,45,68,44",False,False,88
reas-medi-10,reasoning,algebra,medium,8,87,93,1.0689655172413792,4.25205640398834,0.04034267702959361,13,"13,41,127,87,46,105",False,False,88
reas-medi-10,reasoning,algebra,medium,10,87,86,0.9885057471264368,3.9068780165907215,0.07410508828448595,110,"110,56,49,5,69,112",False,False,88
reas-medi-10,reasoning,algebra,medium,13,87,83,0.9540229885057471,3.8219045306063215,0.09918099352730649,91,"91,63,34,62,65,24",False,False,88
reas-medi-10,reasoning,algebra,medium,15,87,89,1.0229885057471264,4.019556266603973,0.07258971567119782,107,"107,125,57,18,10,67",False,False,88
reas-medi-10,reasoning,algebra,medium,17,87,71,0.8160919540229885,3.647182582490177,0.069836161629314,30,"30,19,38,102,75,127",False,False,88
reas-medi-10,reasoning,algebra,medium,20,87,87,1.0,3.817696842204351,0.07655024402508946,119,"119,98,61,79,62,120",False,False,88
reas-medi-10,reasoning,algebra,medium,22,87,93,1.0689655172413792,4.096590028479899,0.06832988357631296,94,"94,88,73,76,24,38",False,False,88
reas-medi-10,reasoning,algebra,medium,24,87,84,0.9655172413793104,3.9001958690944862,0.09112823157867561,78,"78,35,24,42,79,48",False,False,88
reas-medi-10,reasoning,algebra,medium,27,87,91,1.0459770114942528,4.030860570400601,0.07189528544280424,64,"64,13,60,122,18,125",False,False,88
reas-medi-10,reasoning,algebra,medium,29,87,75,0.8620689655172413,3.852069117429696,0.06640983609547564,33,"33,125,83,98,7,114",False,False,88
reas-medi-10,reasoning,algebra,medium,31,87,101,1.160919540229885,4.123498217345613,0.0714418410431665,61,"61,69,47,98,37,12",False,False,88
reas-medi-10,reasoning,algebra,medium,34,87,92,1.0574712643678161,4.100251871028341,0.05653627547438152,74,"74,78,55,95,80,96",False,False,88
reas-medi-10,reasoning,algebra,medium,36,87,89,1.0229885057471264,3.97878281611171,0.0668083623263157,105,"105,104,93,35,96,82",False,False,88
reas-medi-10,reasoning,algebra,medium,38,87,98,1.1264367816091954,4.15331166282313,0.08804957320505633,70,"70,11,108,75,64,16",False,False,88
reas-medi-10,reasoning,algebra,medium,40,87,93,1.0689655172413792,4.041732400817637,0.058779885092629124,8,"8,11,57,64,2,31",False,False,88
reas-medi-10,reasoning,algebra,medium,43,87,89,1.0229885057471264,4.040301201172484,0.05953715895021714,36,"36,91,107,43,72,7",False,False,88
reas-medi-10,reasoning,algebra,medium,45,87,92,1.0574712643678161,4.13018298937979,0.05622483874063635,36,"36,120,110,40,62,121",False,False,88
reas-medi-10,reasoning,algebra,medium,47,87,103,1.1839080459770115,4.267465550604776,0.061945526864183094,34,"34,111,10,67,48,6",False,False,88
reas-medi-10,reasoning,algebra,medium,49,87,99,1.1379310344827587,4.225179633742145,0.04346232615883354,35,"35,56,16,57,49,50",False,False,88
reas-medi-10,reasoning,algebra,medium,51,87,105,1.206896551724138,4.293767768584602,0.03407197668594071,60,"60,19,84,124,71,100",False,False,88
reas-medi-11,reasoning,number_theory,medium,1,1866,128,0.06859592711682744,4.7229484105595825,0.019999432170324828,97,"97,124,73,27,123,53",True,False,1867
reas-medi-11,reasoning,number_theory,medium,3,1866,128,0.06859592711682744,4.64613582622494,0.0302787320038804,96,"96,117,70,2,115,85",True,False,1867
reas-medi-11,reasoning,number_theory,medium,6,1866,127,0.06806002143622722,4.554012685963959,0.029375629257217165,106,"106,21,93,18,92,29",True,False,1867
reas-medi-11,reasoning,number_theory,medium,8,1866,125,0.0669882100750268,4.326081139620961,0.07038427351944604,83,"83,23,82,116,108,106",True,False,1867
reas-medi-11,reasoning,number_theory,medium,10,1866,126,0.06752411575562701,4.158468576172213,0.12024444339368201,48,"48,53,111,3,7,15",True,False,1867
reas-medi-11,reasoning,number_theory,medium,13,1866,124,0.06645230439442658,4.338185189459603,0.04010170011497313,35,"35,125,20,49,2,67",True,False,1867
reas-medi-11,reasoning,number_theory,medium,15,1866,126,0.06752411575562701,4.048606940216242,0.16553054280725094,17,"17,91,116,125,97,21",True,False,1867
reas-medi-11,reasoning,number_theory,medium,17,1866,114,0.06109324758842444,4.287651498624093,0.05548625174342198,26,"26,3,21,121,76,9",True,False,1867
reas-medi-11,reasoning,number_theory,medium,20,1866,123,0.06591639871382636,4.234553698906243,0.06962341146057391,27,"27,52,102,86,103,50",True,False,1867
reas-medi-11,reasoning,number_theory,medium,22,1866,128,0.06859592711682744,4.526889076803324,0.03717381262924692,94,"94,32,16,60,112,48",True,False,1867
reas-medi-11,reasoning,number_theory,medium,24,1866,121,0.06484458735262594,4.156943471380926,0.06706603673643442,5,"5,87,16,20,38,42",True,False,1867
reas-medi-11,reasoning,number_theory,medium,27,1866,125,0.0669882100750268,4.45398508262039,0.03929833658399444,11,"11,98,39,12,91,70",True,False,1867
reas-medi-11,reasoning,number_theory,medium,29,1866,126,0.06752411575562701,4.413663425861372,0.05263087380914532,116,"116,6,17,38,52,19",True,False,1867
reas-medi-11,reasoning,number_theory,medium,31,1866,127,0.06806002143622722,4.11959314690055,0.15587005336359813,75,"75,58,35,59,10,21",True,False,1867
reas-medi-11,reasoning,number_theory,medium,34,1866,125,0.0669882100750268,4.209227619343603,0.07974964268209757,21,"21,4,58,98,120,109",True,False,1867
reas-medi-11,reasoning,number_theory,medium,36,1866,125,0.0669882100750268,4.3794910758912176,0.05970632683399715,66,"66,70,26,55,12,45",True,False,1867
reas-medi-11,reasoning,number_theory,medium,38,1866,125,0.0669882100750268,4.27305632758553,0.053730730031128375,119,"119,52,40,82,122,11",True,False,1867
reas-medi-11,reasoning,number_theory,medium,40,1866,125,0.0669882100750268,4.075631034774138,0.130399620679856,125,"125,12,38,43,88,21",True,False,1867
reas-medi-11,reasoning,number_theory,medium,43,1866,125,0.0669882100750268,4.019766925509984,0.18267803089556184,56,"56,84,2,42,103,15",True,False,1867
reas-medi-11,reasoning,number_theory,medium,45,1866,127,0.06806002143622722,4.370940317999518,0.06936851167136052,108,"108,28,74,67,72,10",True,False,1867
reas-medi-11,reasoning,number_theory,medium,47,1866,127,0.06806002143622722,4.402196306189565,0.059233043519787205,40,"40,98,61,23,41,12",True,False,1867
reas-medi-11,reasoning,number_theory,medium,49,1866,126,0.06752411575562701,4.2478585680030205,0.09288616146749874,85,"85,127,24,30,63,16",True,False,1867
reas-medi-11,reasoning,number_theory,medium,51,1866,128,0.06859592711682744,4.603853942778041,0.0383963649754592,91,"91,55,23,27,12,72",True,False,1867
reas-medi-12,reasoning,intermediate_algebra,medium,1,1833,128,0.06983087834151663,4.698841672517435,0.02735570074835474,3,"3,127,52,83,117,57",True,False,1834
reas-medi-12,reasoning,intermediate_algebra,medium,3,1833,128,0.06983087834151663,4.668447099879465,0.030009915646809684,21,"21,88,61,96,54,97",True,False,1834
reas-medi-12,reasoning,intermediate_algebra,medium,6,1833,128,0.06983087834151663,4.599048632192352,0.04052973979180574,118,"118,8,55,117,115,38",True,False,1834
reas-medi-12,reasoning,intermediate_algebra,medium,8,1833,122,0.06655755591925805,4.41171332638564,0.058102857537409756,2,"2,66,110,60,8,23",True,False,1834
reas-medi-12,reasoning,intermediate_algebra,medium,10,1833,125,0.06819421713038734,4.358012289994039,0.05672150098319456,24,"24,78,53,104,65,118",True,False,1834
reas-medi-12,reasoning,intermediate_algebra,medium,13,1833,123,0.06710310965630115,4.344467223673662,0.08395478037125607,20,"20,117,98,35,1,38",True,False,1834
reas-medi-12,reasoning,intermediate_algebra,medium,15,1833,126,0.06873977086743044,4.404448101331475,0.0514703763028537,66,"66,96,121,125,127,10",True,False,1834
reas-medi-12,reasoning,intermediate_algebra,medium,17,1833,115,0.06273867975995635,4.214964681459996,0.0568095113084842,127,"127,21,26,58,38,6",True,False,1834
reas-medi-12,reasoning,intermediate_algebra,medium,20,1833,122,0.06655755591925805,4.1852200231929055,0.12672692095507193,67,"67,98,60,65,34,87",True,False,1834
reas-medi-12,reasoning,intermediate_algebra,medium,22,1833,127,0.06928532460447354,4.522158178075688,0.036144824637164896,88,"88,89,94,34,48,55",True,False,1834
reas-medi-12,reasoning,intermediate_algebra,medium,24,1833,123,0.06710310965630115,4.42782033456024,0.03848031853562945,42,"42,5,40,24,102,69",True,False,1834
reas-medi-12,reasoning,intermediate_algebra,medium,27,1833,124,0.06764866339334424,4.447833128900228,0.044794283966658494,125,"125,118,11,42,60,39",True,False,1834
reas-medi-12,reasoning,intermediate_algebra,medium,29,1833,126,0.06873977086743044,4.411161899882085,0.040774610513357464,33,"33,114,9,116,16,103",True,False,1834
reas-medi-12,reasoning,intermediate_algebra,medium,31,1833,126,0.06873977086743044,4.385981543210907,0.043371723648336365,53,"53,58,105,124,110,98",True,False,1834
reas-medi-12,reasoning,intermediate_algebra,medium,34,1833,126,0.06873977086743044,4.242859827778188,0.07655907892941126,36,"36,54,19,78,53,55",True,False,1834
reas-medi-12,reasoning,intermediate_algebra,medium,36,1833,127,0.06928532460447354,4.412475458085942,0.03772054957240985,44,"44,96,104,39,60,99",True,False,1834
reas-medi-12,reasoning,intermediate_algebra,medium,38,1833,124,0.06764866339334424,4.438522365414798,0.04978820268264393,12,"12,25,106,124,47,56",True,False,1834
reas-medi-12,reasoning,intermediate_algebra,medium,40,1833,125,0.06819421713038734,4.398731433180896,0.045925863335575044,90,"90,43,38,8,21,25",True,False,1834
reas-medi-12,reasoning,intermediate_algebra,medium,43,1833,124,0.06764866339334424,4.373350460736308,0.04621377218408055,72,"72,91,75,2,42,113",True,False,1834
reas-medi-12,reasoning,intermediate_algebra,medium,45,1833,126,0.06873977086743044,4.441827264823196,0.04955804942301931,108,"108,14,36,120,80,119",True,False,1834
reas-medi-12,reasoning,intermediate_algebra,medium,47,1833,125,0.06819421713038734,4.400743073346509,0.04719480788839152,98,"98,41,61,74,44,77",True,False,1834
reas-medi-12,reasoning,intermediate_algebra,medium,49,1833,124,0.06764866339334424,4.360958540263164,0.06103696809305892,24,"24,85,20,125,25,46",True,False,1834
reas-medi-12,reasoning,intermediate_algebra,medium,51,1833,128,0.06983087834151663,4.637750776149458,0.03428805831011478,19,"19,72,28,42,84,2",True,False,1834
soci-easy-01,social_ethical,clear_cut,easy,1,118,124,1.0508474576271187,4.598900852143754,0.026537075145068378,99,"99,68,89,110,102,101",False,False,119
soci-easy-01,social_ethical,clear_cut,easy,3,118,117,0.9915254237288136,4.489974014154283,0.030441162231209826,102,"102,75,119,100,116,16",False,False,119
soci-easy-01,social_ethical,clear_cut,easy,6,118,112,0.9491525423728814,4.42815444958205,0.035513119934056876,60,"60,9,59,7,58,40",False,False,119
soci-easy-01,social_ethical,clear_cut,easy,8,118,95,0.8050847457627118,4.03403772214451,0.07594823569525698,125,"125,77,17,53,65,90",False,False,119
soci-easy-01,social_ethical,clear_cut,easy,10,118,88,0.7457627118644068,3.9239437335486205,0.06998638622567417,58,"58,97,10,30,89,100",False,False,119
soci-easy-01,social_ethical,clear_cut,easy,13,118,84,0.711864406779661,3.9188317372995054,0.08277119431678903,104,"104,46,121,75,86,74",False,False,119
soci-easy-01,social_ethical,clear_cut,easy,15,118,84,0.711864406779661,3.763362704212515,0.09160641435247159,44,"44,120,122,63,73,65",False,False,119
soci-easy-01,social_ethical,clear_cut,easy,17,118,83,0.7033898305084746,3.9065222343982335,0.07813822226544154,32,"32,110,73,50,49,17",False,False,119
soci-easy-01,social_ethical,clear_cut,easy,20,118,79,0.6694915254237288,3.790873913569724,0.08725873934310976,106,"106,120,81,19,75,16",False,False,119
soci-easy-01,social_ethical,clear_cut,easy,22,118,97,0.8220338983050848,4.147534639757617,0.08204892662661172,58,"58,104,127,22,91,65",False,False,119
soci-easy-01,social_ethical,clear_cut,easy,24,118,83,0.7033898305084746,3.749057487124535,0.10654167630481173,121,"121,3,1,75,111,12",False,False,119
soci-easy-01,social_ethical,clear_cut,easy,27,118,81,0.6864406779661016,3.857215197643372,0.11650454100810877,64,"64,103,93,66,121,36",False,False,119
soci-easy-01,social_ethical,clear_cut,easy,29,118,90,0.7627118644067796,4.078834608389334,0.10875675501209017,18,"18,13,125,44,60,52",False,False,119
soci-easy-01,social_ethical,clear_cut,easy,31,118,100,0.847457627118644,4.165323888241549,0.06095312816171076,27,"27,116,67,7,29,10",False,False,119
soci-easy-01,social_ethical,clear_cut,easy,34,118,104,0.8813559322033898,4.161187490103302,0.06838623995163565,1,"1,113,109,120,50,121",False,False,119
soci-easy-01,social_ethical,clear_cut,easy,36,118,96,0.8135593220338984,3.877273815996022,0.10996571252647286,86,"86,3,49,124,14,109",False,False,119
soci-easy-01,social_ethical,clear_cut,easy,38,118,95,0.8050847457627118,4.12368054035171,0.05159312102754237,116,"116,113,56,82,83,101",False,False,119
soci-easy-01,social_ethical,clear_cut,easy,40,118,92,0.7796610169491526,3.911829656771884,0.10701498052486251,9,"9,13,90,126,64,60",False,False,119
soci-easy-01,social_ethical,clear_cut,easy,43,118,103,0.8728813559322034,4.133812638713493,0.07732083329195343,120,"120,91,109,50,90,25",False,False,119
soci-easy-01,social_ethical,clear_cut,easy,45,118,101,0.8559322033898306,4.155184166140825,0.07185868597287465,50,"50,78,125,126,42,45",False,False,119
soci-easy-01,social_ethical,clear_cut,easy,47,118,109,0.923728813559322,4.351554977330904,0.04334464867508707,72,"72,27,69,32,93,16",False,False,119
soci-easy-01,social_ethical,clear_cut,easy,49,118,112,0.9491525423728814,4.341289443365305,0.03976555627005388,127,"127,22,92,100,117,50",False,False,119
soci-easy-01,social_ethical,clear_cut,easy,51,118,111,0.940677966101695,4.393994909612121,0.03882615334323677,36,"36,50,94,72,21,112",False,False,119
soci-easy-02,social_ethical,clear_cut,easy,1,116,122,1.0517241379310345,4.5557042908153855,0.030084644632712,99,"99,68,26,80,40,119",False,False,117
soci-easy-02,social_ethical,clear_cut,easy,3,116,116,1.0,4.491683317502482,0.03750757677801724,75,"75,102,7,116,2,44",False,False,117
soci-easy-02,social_ethical,clear_cut,easy,6,116,108,0.9310344827586207,4.392286836783394,0.0342028497463852,38,"38,83,9,60,40,99",False,False,117
soci-easy-02,social_ethical,clear_cut,easy,8,116,93,0.8017241379310345,3.988294869603077,0.08117989848724272,125,"125,114,77,10,90,53",False,False,117
soci-easy-02,social_ethical,clear_cut,easy,10,116,78,0.6724137931034483,3.84899665107689,0.05719967099918423,124,"124,16,90,99,100,89",False,False,117
soci-easy-02,social_ethical,clear_cut,easy,13,116,82,0.7068965517241379,3.8977082242922143,0.09170266340808814,104,"104,121,46,62,95,4",False,False,117
soci-easy-02,social_ethical,clear_cut,easy,15,116,86,0.7413793103448276,3.8602453924248805,0.06722252576334513,120,"120,122,63,56,44,102",False,False,117
soci-easy-02,social_ethical,clear_cut,easy,17,116,78,0.6724137931034483,3.9378571547068053,0.0720633120634636,32,"32,73,110,17,58,19",False,False,117
soci-easy-02,social_ethical,clear_cut,easy,20,116,75,0.646551724137931,3.7695807295544648,0.08997386022587123,120,"120,106,81,75,16,48",False,False,117
soci-easy-02,social_ethical,clear_cut,easy,22,116,95,0.8189655172413793,4.156448434305647,0.08393871151053396,58,"58,46,65,54,22,91",False,False,117
soci-easy-02,social_ethical,clear_cut,easy,24,116,86,0.7413793103448276,3.810853331725981,0.1082376196613828,3,"3,121,75,105,74,104",False,False,117
soci-easy-02,social_ethical,clear_cut,easy,27,116,92,0.7931034482758621,4.009760334695441,0.08908553876927183,64,"64,103,73,84,117,40",False,False,117
soci-easy-02,social_ethical,clear_cut,easy,29,116,98,0.8448275862068966,4.103094164540878,0.11221378978098687,18,"18,44,13,72,52,58",False,False,117
soci-easy-02,social_ethical,clear_cut,easy,31,116,97,0.8362068965517241,4.142540566016563,0.06505665949539564,27,"27,5,75,67,25,39",False,False,117
soci-easy-02,social_ethical,clear_cut,easy,34,116,97,0.8362068965517241,4.083515964338506,0.07676119611252276,113,"113,1,120,4,109,35",False,False,117
soci-easy-02,social_ethical,clear_cut,easy,36,116,90,0.7758620689655172,4.0029005460494576,0.06112243639472376,3,"3,14,49,86,109,70",False,False,117
soci-easy-02,social_ethical,clear_cut,easy,38,116,93,0.8017241379310345,3.9751623104936495,0.0915050177360268,79,"79,113,116,83,1,119",False,False,117
soci-easy-02,social_ethical,clear_cut,easy,40,116,96,0.8275862068965517,4.038885282186199,0.10271041369472182,9,"9,126,29,60,76,73",False,False,117
soci-easy-02,social_ethical,clear_cut,easy,43,116,103,0.8879310344827587,4.2008992573670145,0.05048729062372274,56,"56,110,91,120,109,85",False,False,117
soci-easy-02,social_ethical,clear_cut,easy,45,116,104,0.896551724137931,4.122888035285137,0.057229112182243476,50,"50,78,126,125,32,93",False,False,117
soci-easy-02,social_ethical,clear_cut,easy,47,116,111,0.9568965517241379,4.332916762339782,0.0667193679882407,40,"40,49,27,41,7,112",False,False,117
soci-easy-02,social_ethical,clear_cut,easy,49,116,111,0.9568965517241379,4.364989591353679,0.04012077399410779,50,"50,127,9,100,22,123",False,False,117
soci-easy-02,social_ethical,clear_cut,easy,51,116,111,0.9568965517241379,4.3787326374034174,0.04618791628203396,36,"36,72,118,23,66,112",False,False,117
soci-easy-03,social_ethical,clear_cut,easy,1,110,122,1.1090909090909091,4.609100315691022,0.02698124664865076,68,"68,40,99,89,117,80",False,False,111
soci-easy-03,social_ethical,clear_cut,easy,3,110,117,1.0636363636363637,4.5067790429882715,0.035685258435365304,119,"119,75,102,116,73,42",False,False,111
soci-easy-03,social_ethical,clear_cut,easy,6,110,109,0.990909090909091,4.397254246899238,0.04985162941310944,60,"60,107,126,83,24,40",False,False,111
soci-easy-03,social_ethical,clear_cut,easy,8,110,98,0.8909090909090909,4.060089703533536,0.07163434691553008,77,"77,125,65,108,53,111",False,False,111
soci-easy-03,social_ethical,clear_cut,easy,10,110,86,0.7818181818181819,3.903631118781652,0.06629284905131055,108,"108,10,89,58,124,30",False,False,111
soci-easy-03,social_ethical,clear_cut,easy,13,110,81,0.7363636363636363,3.79989188658096,0.09997247820451358,104,"104,46,108,121,62,74",False,False,111
soci-easy-03,social_ethical,clear_cut,easy,15,110,88,0.8,3.8210627994493986,0.08300071022727273,120,"120,44,117,122,33,102",False,False,111
soci-easy-03,social_ethical,clear_cut,easy,17,110,88,0.8,4.026272253898839,0.08983059273897859,32,"32,73,110,34,17,27",False,False,111
soci-easy-03,social_ethical,clear_cut,easy,20,110,77,0.7,3.724285487386866,0.12480385511534763,106,"106,120,16,81,19,46",False,False,111
soci-easy-03,social_ethical,clear_cut,easy,22,110,102,0.9272727272727272,4.25339309999045,0.06885599991477394,58,"58,104,91,47,54,84",False,False,111
soci-easy-03,social_ethical,clear_cut,easy,24,110,84,0.7636363636363637,3.775666094862387,0.1110513833149933,121,"121,3,1,59,75,12",False,False,111
soci-easy-03,social_ethical,clear_cut,easy,27,110,86,0.7818181818181819,4.055355920508683,0.07966346284024473,64,"64,103,121,55,84,28",False,False,111
soci-easy-03,social_ethical,clear_cut,easy,29,110,92,0.8363636363636363,4.149550315433963,0.1026120885389039,18,"18,44,72,13,52,76",False,False,111
soci-easy-03,social_ethical,clear_cut,easy,31,110,100,0.9090909090909091,4.176512512582348,0.06351320818871746,27,"27,116,67,39,29,22",False,False,111
soci-easy-03,social_ethical,clear_cut,easy,34,110,102,0.9272727272727272,4.139036096538202,0.06882738997556369,113,"113,1,126,109,50,40",False,False,111
soci-easy-03,social_ethical,clear_cut,easy,36,110,100,0.9090909090909091,4.083545135681159,0.08711439234945899,3,"3,109,14,49,70,126",False,False,111
soci-easy-03,social_ethical,clear_cut,easy,38,110,93,0.8454545454545455,4.048374042765105,0.062259883745447366,116,"116,119,113,82,88,5",False,False,111
soci-easy-03,social_ethical,clear_cut,easy,40,110,92,0.8363636363636363,3.9135291735660047,0.117958984375,9,"9,32,90,60,64,126",False,False,111
soci-easy-03,social_ethical,clear_cut,easy,43,110,99,0.9,4.0686255034829975,0.07339880398576715,91,"91,15,120,20,90,25",False,False,111
soci-easy-03,social_ethical,clear_cut,easy,45,110,105,0.9545454545454546,4.137473317031861,0.07692399885475598,50,"50,78,125,42,13,101",False,False,111
soci-easy-03,social_ethical,clear_cut,easy,47,110,108,0.9818181818181818,4.316857917515468,0.0728656053231416,16,"16,72,103,41,49,87",False,False,111
soci-easy-03,social_ethical,clear_cut,easy,49,110,108,0.9818181818181818,4.363947409510208,0.04243984027243883,89,"89,127,50,22,115,48",False,False,111
soci-easy-03,social_ethical,clear_cut,easy,51,110,110,1.0,4.437691887411603,0.03551566067074483,36,"36,50,23,112,72,67",False,False,111
soci-easy-04,social_ethical,clear_cut,easy,1,112,124,1.1071428571428572,4.659483380547265,0.019716936877551484,99,"99,80,122,102,115,51",False,False,113
soci-easy-04,social_ethical,clear_cut,easy,3,112,122,1.0892857142857142,4.591210098127689,0.023222224208294624,75,"75,116,119,102,42,14",False,False,113
soci-easy-04,social_ethical,clear_cut,easy,6,112,116,1.0357142857142858,4.477681062154172,0.03547736800619424,60,"60,5,3,9,83,64",False,False,113
soci-easy-04,social_ethical,clear_cut,easy,8,112,91,0.8125,3.754807956201743,0.16391894560754827,102,"102,3,86,77,125,121",False,False,113
soci-easy-04,social_ethical,clear_cut,easy,10,112,83,0.7410714285714286,3.762789151401407,0.11314883116656639,58,"58,109,102,63,99,124",False,False,113
soci-easy-04,social_ethical,clear_cut,easy,13,112,78,0.6964285714285714,3.6205842839258406,0.13149355532739984,113,"113,32,104,121,62,65",False,False,113
soci-easy-04,social_ethical,clear_cut,easy,15,112,84,0.75,3.7968180762193313,0.1461876201906833,44,"44,61,120,33,21,122",False,False,113
soci-easy-04,social_ethical,clear_cut,easy,17,112,88,0.7857142857142857,4.1060106092687985,0.04965200695462924,73,"73,32,34,22,27,104",False,False,113
soci-easy-04,social_ethical,clear_cut,easy,20,112,83,0.7410714285714286,3.8387060290823785,0.09254693722738479,81,"81,75,120,16,110,19",False,False,113
soci-easy-04,social_ethical,clear_cut,easy,22,112,94,0.8392857142857143,4.17237785452625,0.0633649890157703,58,"58,104,44,127,75,113",False,False,113
soci-easy-04,social_ethical,clear_cut,easy,24,112,83,0.7410714285714286,3.7549190785256523,0.13422474114441416,65,"65,121,3,49,111,39",False,False,113
soci-easy-04,social_ethical,clear_cut,easy,27,112,85,0.7589285714285714,3.9473108354380626,0.08014650168587674,123,"123,64,103,101,93,20",False,False,113
soci-easy-04,social_ethical,clear_cut,easy,29,112,100,0.8928571428571429,4.213812754989871,0.07570229767573054,18,"18,125,60,94,44,64",False,False,113
soci-easy-04,social_ethical,clear_cut,easy,31,112,95,0.8482142857142857,4.135459457967433,0.07638737208135349,5,"5,27,116,13,67,100",False,False,113
soci-easy-04,social_ethical,clear_cut,easy,34,112,97,0.8660714285714286,3.998055587516353,0.14180368043730765,94,"94,1,31,50,16,109",False,False,113
soci-easy-04,social_ethical,clear_cut,easy,36,112,95,0.8482142857142857,3.9309227502943154,0.13128853666713605,79,"79,86,103,109,49,14",False,False,113
soci-easy-04,social_ethical,clear_cut,easy,38,112,91,0.8125,3.8144781010522886,0.15628292896868595,10,"10,116,68,101,44,113",False,False,113
soci-easy-04,social_ethical,clear_cut,easy,40,112,90,0.8035714285714286,3.844555338766857,0.14785472792548496,11,"11,9,107,92,126,76",False,False,113
soci-easy-04,social_ethical,clear_cut,easy,43,112,102,0.9107142857142857,4.014037491441858,0.12517934612723536,103,"103,98,25,28,50,85",False,False,113
soci-easy-04,social_ethical,clear_cut,easy,45,112,100,0.8928571428571429,4.07834061385006,0.05894324095618134,0,"0,78,50,125,88,83",False,False,113
soci-easy-04,social_ethical,clear_cut,easy,47,112,107,0.9553571428571429,4.387212160092078,0.03708237747835648,13,"13,27,93,78,57,69",False,False,113
soci-easy-04,social_ethical,clear_cut,easy,49,112,106,0.9464285714285714,4.087802708851461,0.13558377680474318,62,"62,22,92,127,50,33",False,False,113
soci-easy-04,social_ethical,clear_cut,easy,51,112,115,1.0267857142857142,4.452834181486696,0.02968323093201404,72,"72,67,50,23,38,36",False,False,113
soci-easy-05,social_ethical,clear_cut,easy,1,145,127,0.8758620689655172,4.696068487106016,0.024140730680731023,68,"68,89,80,99,107,101",False,False,146
soci-easy-05,social_ethical,clear_cut,easy,3,145,123,0.8482758620689655,4.568800655637233,0.02994947806119408,97,"97,42,75,102,114,119",False,False,146
soci-easy-05,social_ethical,clear_cut,easy,6,145,117,0.8068965517241379,4.47652207387233,0.04112588880863022,60,"60,107,83,9,24,58",False,False,146
soci-easy-05,social_ethical,clear_cut,easy,8,145,99,0.6827586206896552,4.024259071783671,0.08812266213360237,25,"25,53,77,125,36,2",False,False,146
soci-easy-05,social_ethical,clear_cut,easy,10,145,89,0.6137931034482759,3.8625351360248534,0.0831762146238765,58,"58,26,24,10,11,89",False,False,146
soci-easy-05,social_ethical,clear_cut,easy,13,145,86,0.593103448275862,3.854398321064549,0.08148761031907671,4,"4,104,38,108,46,74",False,False,146
soci-easy-05,social_ethical,clear_cut,easy,15,145,89,0.6137931034482759,3.8249897529322308,0.06610082451765632,63,"63,83,120,44,65,73",False,False,146
soci-easy-05,social_ethical,clear_cut,easy,17,145,90,0.6206896551724138,3.9503188922028434,0.074250979179863,32,"32,124,49,73,50,34",False,False,146
soci-easy-05,social_ethical,clear_cut,easy,20,145,88,0.6068965517241379,3.878855109899405,0.08388543272536735,81,"81,120,106,14,19,20",False,False,146
soci-easy-05,social_ethical,clear_cut,easy,22,145,108,0.7448275862068966,4.250653260377351,0.07524682725240918,58,"58,65,54,23,63,104",False,False,146
soci-easy-05,social_ethical,clear_cut,easy,24,145,98,0.6758620689655173,3.891407725162331,0.09711443945421219,121,"121,3,125,31,39,1",False,False,146
soci-easy-05,social_ethical,clear_cut,easy,27,145,94,0.6482758620689655,4.071352076073581,0.08011985549452177,64,"64,103,45,91,66,73",False,False,146
soci-easy-05,social_ethical,clear_cut,easy,29,145,105,0.7241379310344828,4.268454690161866,0.09803649201569836,18,"18,44,72,97,6,13",False,False,146
soci-easy-05,social_ethical,clear_cut,easy,31,145,103,0.7103448275862069,4.1313155683589295,0.08413028053641598,116,"116,27,30,67,44,10",False,False,146
soci-easy-05,social_ethical,clear_cut,easy,34,145,107,0.7379310344827587,4.258615000849652,0.06665044120651759,1,"1,109,127,115,120,50",False,False,146
soci-easy-05,social_ethical,clear_cut,easy,36,145,105,0.7241379310344828,3.9513825018387974,0.11321660758988976,65,"65,3,49,82,109,99",False,False,146
soci-easy-05,social_ethical,clear_cut,easy,38,145,100,0.6896551724137931,3.9589224856442056,0.07826898079863145,116,"116,83,119,113,27,89",False,False,146
soci-easy-05,social_ethical,clear_cut,easy,40,145,101,0.696551724137931,4.049939620353457,0.10478958839011748,9,"9,90,126,60,102,36",False,False,146
soci-easy-05,social_ethical,clear_cut,easy,43,145,103,0.7103448275862069,4.198782610249336,0.06261318872116697,91,"91,27,50,85,25,64",False,False,146
soci-easy-05,social_ethical,clear_cut,easy,45,145,105,0.7241379310344828,4.0636563471967335,0.09310143479057338,50,"50,99,78,125,93,45",False,False,146
soci-easy-05,social_ethical,clear_cut,easy,47,145,117,0.8068965517241379,4.480258297561818,0.03336796219000298,72,"72,61,104,127,49,41",False,False,146
soci-easy-05,social_ethical,clear_cut,easy,49,145,114,0.7862068965517242,4.390341732230573,0.0444118994552905,22,"22,50,95,127,10,108",False,False,146
soci-easy-05,social_ethical,clear_cut,easy,51,145,121,0.8344827586206897,4.526501829775751,0.024557245574476225,64,"64,36,50,76,79,66",False,False,146
soci-hard-11,social_ethical,multi_stakeholder,hard,1,1535,128,0.08338762214983714,4.798534270449517,0.017710160397749686,72,"72,96,97,17,20,99",,True,1536
soci-hard-11,social_ethical,multi_stakeholder,hard,3,1535,128,0.08338762214983714,4.754700971406274,0.018067207818203063,116,"116,28,98,71,42,27",,True,1536
soci-hard-11,social_ethical,multi_stakeholder,hard,6,1535,127,0.08273615635179153,4.655747056132854,0.025097317945262106,78,"78,94,41,42,85,16",,True,1536
soci-hard-11,social_ethical,multi_stakeholder,hard,8,1535,127,0.08273615635179153,3.993606261178314,0.14389862090828773,2,"2,120,39,17,104,100",,True,1536
soci-hard-11,social_ethical,multi_stakeholder,hard,10,1535,124,0.08078175895765473,3.9526210081398925,0.11845922157560836,58,"58,80,36,72,109,26",,True,1536
soci-hard-11,social_ethical,multi_stakeholder,hard,13,1535,123,0.08013029315960912,4.224767716024068,0.08575769438915976,126,"126,4,121,3,6,62",,True,1536
soci-hard-11,social_ethical,multi_stakeholder,hard,15,1535,122,0.07947882736156352,4.1785854526126,0.06664294286817543,44,"44,61,65,56,35,39",,True,1536
soci-hard-11,social_ethical,multi_stakeholder,hard,17,1535,118,0.07687296416938111,4.195904208078128,0.054212450320710766,34,"34,50,30,83,124,64",,True,1536
soci-hard-11,social_ethical,multi_stakeholder,hard,20,1535,119,0.07752442996742671,3.973319379748548,0.09186762595859795,43,"43,81,49,110,80,85",,True,1536
soci-hard-11,social_ethical,multi_stakeholder,hard,22,1535,127,0.08273615635179153,4.513365032152352,0.03426765333838305,12,"12,75,71,127,31,106",,True,1536
soci-hard-11,social_ethical,multi_stakeholder,hard,24,1535,120,0.0781758957654723,3.995185099539695,0.08199733321394004,31,"31,39,36,100,111,38",,True,1536
soci-hard-11,social_ethical,multi_stakeholder,hard,27,1535,120,0.0781758957654723,4.296324532001999,0.046863958058020384,110,"110,73,55,20,82,24",,True,1536
soci-hard-11,social_ethical,multi_stakeholder,hard,29,1535,122,0.07947882736156352,4.36108366007799,0.09200647147868014,78,"78,65,125,60,93,64",,True,1536
soci-hard-11,social_ethical,multi_stakeholder,hard,31,1535,122,0.07947882736156352,4.206788744743653,0.11185484521915606,13,"13,116,35,59,26,92",,True,1536
soci-hard-11,social_ethical,multi_stakeholder,hard,34,1535,124,0.08078175895765473,4.324644991628014,0.06072507057567217,58,"58,91,63,8,11,119",,True,1536
soci-hard-11,social_ethical,multi_stakeholder,hard,36,1535,124,0.08078175895765473,4.087354366558265,0.11692951542578903,82,"82,86,3,49,85,84",,True,1536
soci-hard-11,social_ethical,multi_stakeholder,hard,38,1535,124,0.08078175895765473,4.081696301127453,0.07861446291897767,39,"39,121,92,83,68,1",,True,1536
soci-hard-11,social_ethical,multi_stakeholder,hard,40,1535,125,0.08143322475570032,4.201105596142311,0.0991225169333759,21,"21,119,14,13,72,53",,True,1536
soci-hard-11,social_ethical,multi_stakeholder,hard,43,1535,126,0.08208469055374593,4.37246802251358,0.06909858751437922,8,"8,64,25,28,9,20",,True,1536
soci-hard-11,social_ethical,multi_stakeholder,hard,45,1535,127,0.08273615635179153,4.383134593712189,0.07807153066893968,114,"114,32,90,122,51,66",,True,1536
soci-hard-11,social_ethical,multi_stakeholder,hard,47,1535,127,0.08273615635179153,4.417078638721038,0.07622056371251484,61,"61,98,97,48,56,93",,True,1536
soci-hard-11,social_ethical,multi_stakeholder,hard,49,1535,127,0.08273615635179153,4.33683393040591,0.08298574853968581,86,"86,92,107,38,105,101",,True,1536
soci-hard-11,social_ethical,multi_stakeholder,hard,51,1535,128,0.08338762214983714,4.561432607737884,0.03638939827917079,50,"50,0,14,72,22,23",,True,1536
soci-hard-12,social_ethical,multi_stakeholder,hard,1,1347,128,0.09502598366740905,4.779620611902706,0.017038540156685624,72,"72,97,46,96,8,56",,False,1348
soci-hard-12,social_ethical,multi_stakeholder,hard,3,1347,128,0.09502598366740905,4.741628876120113,0.022313919747680322,23,"23,28,45,116,72,59",,False,1348
soci-hard-12,social_ethical,multi_stakeholder,hard,6,1347,128,0.09502598366740905,4.6361232015390605,0.03245438634858538,50,"50,78,80,42,124,46",,False,1348
soci-hard-12,social_ethical,multi_stakeholder,hard,8,1347,127,0.09428359317000742,4.333250591520232,0.10072219037104638,83,"83,7,126,81,37,19",,False,1348
soci-hard-12,social_ethical,multi_stakeholder,hard,10,1347,125,0.09279881217520415,4.212013258096246,0.08734448218776697,26,"26,106,80,11,72,74",,False,1348
soci-hard-12,social_ethical,multi_stakeholder,hard,13,1347,124,0.09205642167780252,4.0969244174881725,0.07374015024179975,107,"107,57,15,42,126,80",,False,1348
soci-hard-12,social_ethical,multi_stakeholder,hard,15,1347,124,0.09205642167780252,4.066551992994955,0.12458728584293519,56,"56,23,83,18,106,10",,False,1348
soci-hard-12,social_ethical,multi_stakeholder,hard,17,1347,112,0.08314773570898293,3.9064612245033583,0.1759974346982294,124,"124,9,50,119,80,49",,False,1348
soci-hard-12,social_ethical,multi_stakeholder,hard,20,1347,118,0.08760207869339272,3.9446519050914977,0.0773643593674063,81,"81,34,110,43,49,1",,False,1348
soci-hard-12,social_ethical,multi_stakeholder,hard,22,1347,125,0.09279881217520415,4.476897468631705,0.037427148396736845,127,"127,46,113,93,106,104",,False,1348
soci-hard-12,social_ethical,multi_stakeholder,hard,24,1347,123,0.09131403118040089,3.9639261832446806,0.1382853044771841,36,"36,111,117,72,100,33",,False,1348
soci-hard-12,social_ethical,multi_stakeholder,hard,27,1347,123,0.09131403118040089,4.242463603476741,0.07068470789041997,22,"22,20,107,88,109,93",,False,1348
soci-hard-12,social_ethical,multi_stakeholder,hard,29,1347,124,0.09205642167780252,4.346664147877483,0.06456984361342193,116,"116,125,60,64,93,49",,False,1348
soci-hard-12,social_ethical,multi_stakeholder,hard,31,1347,127,0.09428359317000742,4.201492863702639,0.0813146381606045,124,"124,23,121,116,26,93",,False,1348
soci-hard-12,social_ethical,multi_stakeholder,hard,34,1347,127,0.09428359317000742,4.260462557051775,0.09863862059201867,58,"58,113,116,5,16,28",,False,1348
soci-hard-12,social_ethical,multi_stakeholder,hard,36,1347,125,0.09279881217520415,4.052891608101706,0.13024522135504552,6,"6,99,95,84,126,86",,False,1348
soci-hard-12,social_ethical,multi_stakeholder,hard,38,1347,127,0.09428359317000742,4.116916694634529,0.089613479953502,76,"76,73,21,68,46,49",,False,1348
soci-hard-12,social_ethical,multi_stakeholder,hard,40,1347,126,0.0935412026726058,4.24793543982651,0.06712180074700046,1,"1,89,14,86,25,77",,False,1348
soci-hard-12,social_ethical,multi_stakeholder,hard,43,1347,128,0.09502598366740905,4.353337690926326,0.04426762164799965,77,"77,53,70,25,28,24",,False,1348
soci-hard-12,social_ethical,multi_stakeholder,hard,45,1347,128,0.09502598366740905,4.49980230522333,0.03821505326647101,86,"86,106,9,39,97,98",,False,1348
soci-hard-12,social_ethical,multi_stakeholder,hard,47,1347,126,0.0935412026726058,4.416639623651944,0.057247713020063394,97,"97,13,3,15,88,14",,False,1348
soci-hard-12,social_ethical,multi_stakeholder,hard,49,1347,126,0.0935412026726058,4.375349946964406,0.07103905980145823,8,"8,101,38,92,6,10",,False,1348
soci-hard-12,social_ethical,multi_stakeholder,hard,51,1347,127,0.09428359317000742,4.4990547808877555,0.05330287115961919,107,"107,49,14,50,79,84",,False,1348
soci-hard-13,social_ethical,multi_stakeholder,hard,1,1535,128,0.08338762214983714,4.796095062053851,0.019094670391284478,72,"72,46,96,80,121,56",,True,1536
soci-hard-13,social_ethical,multi_stakeholder,hard,3,1535,128,0.08338762214983714,4.769877795031956,0.01641887882230531,42,"42,10,116,100,14,28",,True,1536
soci-hard-13,social_ethical,multi_stakeholder,hard,6,1535,128,0.08338762214983714,4.640060278483036,0.027979372480145745,60,"60,78,41,4,50,80",,True,1536
soci-hard-13,social_ethical,multi_stakeholder,hard,8,1535,127,0.08273615635179153,4.037126130047185,0.10139100852754529,104,"104,2,88,120,17,68",,True,1536
soci-hard-13,social_ethical,multi_stakeholder,hard,10,1535,126,0.08208469055374593,4.062528814237369,0.11610278019346237,58,"58,120,84,72,1,11",,True,1536
soci-hard-13,social_ethical,multi_stakeholder,hard,13,1535,124,0.08078175895765473,3.9258817974776115,0.16514001967371558,4,"4,126,3,38,6,47",,True,1536
soci-hard-13,social_ethical,multi_stakeholder,hard,15,1535,123,0.08013029315960912,4.1952853942167945,0.11535975727878935,44,"44,65,61,31,79,18",,True,1536
soci-hard-13,social_ethical,multi_stakeholder,hard,17,1535,122,0.07947882736156352,4.166718372221455,0.08911357530081955,124,"124,50,43,30,73,34",,True,1536
soci-hard-13,social_ethical,multi_stakeholder,hard,20,1535,119,0.07752442996742671,3.7962588891336413,0.12087458605459872,43,"43,81,85,110,44,49",,True,1536
soci-hard-13,social_ethical,multi_stakeholder,hard,22,1535,127,0.08273615635179153,4.47027727592209,0.035833150930720925,75,"75,127,57,12,71,106",,True,1536
soci-hard-13,social_ethical,multi_stakeholder,hard,24,1535,122,0.07947882736156352,4.167385318633407,0.07075427959699712,39,"39,31,111,36,100,127",,True,1536
soci-hard-13,social_ethical,multi_stakeholder,hard,27,1535,120,0.0781758957654723,4.2677829258768805,0.046832723128993954,20,"20,29,66,73,28,88",,True,1536
soci-hard-13,social_ethical,multi_stakeholder,hard,29,1535,125,0.08143322475570032,4.384332397587525,0.07888516364712404,13,"13,60,64,116,125,24",,True,1536
soci-hard-13,social_ethical,multi_stakeholder,hard,31,1535,124,0.08078175895765473,4.278367233020029,0.0750983296641257,116,"116,13,91,92,5,29",,True,1536
soci-hard-13,social_ethical,multi_stakeholder,hard,34,1535,128,0.08338762214983714,4.324757665881685,0.057222513022934185,58,"58,71,113,76,5,11",,True,1536
soci-hard-13,social_ethical,multi_stakeholder,hard,36,1535,125,0.08143322475570032,4.034312447697872,0.1167417070423141,3,"3,94,84,49,86,85",,True,1536
soci-hard-13,social_ethical,multi_stakeholder,hard,38,1535,126,0.08208469055374593,4.159225876014456,0.10100548374831475,113,"113,92,31,1,83,21",,True,1536
soci-hard-13,social_ethical,multi_stakeholder,hard,40,1535,125,0.08143322475570032,4.302628554692671,0.04800246793237056,111,"111,53,13,72,14,86",,True,1536
soci-hard-13,social_ethical,multi_stakeholder,hard,43,1535,127,0.08273615635179153,4.236612120398307,0.07427491963061543,8,"8,49,111,91,28,53",,True,1536
soci-hard-13,social_ethical,multi_stakeholder,hard,45,1535,128,0.08338762214983714,4.444600660316803,0.05756189375264321,72,"72,97,90,5,86,51",,True,1536
soci-hard-13,social_ethical,multi_stakeholder,hard,47,1535,126,0.08208469055374593,4.490423311467675,0.04984407122042126,90,"90,93,98,13,62,88",,True,1536
soci-hard-13,social_ethical,multi_stakeholder,hard,49,1535,128,0.08338762214983714,4.392477102078658,0.058415526115584204,50,"50,95,92,38,101,69",,True,1536
soci-hard-13,social_ethical,multi_stakeholder,hard,51,1535,127,0.08273615635179153,4.559750116815834,0.04035822773350512,50,"50,14,107,76,39,79",,True,1536
soci-hard-14,social_ethical,multi_stakeholder,hard,1,1535,128,0.08338762214983714,4.774363862165538,0.02409696233558751,96,"96,72,63,56,46,29",,True,1536
soci-hard-14,social_ethical,multi_stakeholder,hard,3,1535,128,0.08338762214983714,4.7588610474407735,0.020291232481800515,98,"98,34,116,119,23,79",,True,1536
soci-hard-14,social_ethical,multi_stakeholder,hard,6,1535,128,0.08338762214983714,4.627830656555576,0.027248218769800162,94,"94,42,4,30,46,50",,True,1536
soci-hard-14,social_ethical,multi_stakeholder,hard,8,1535,126,0.08208469055374593,4.3351711209767485,0.08051186611503042,120,"120,104,37,82,14,81",,True,1536
soci-hard-14,social_ethical,multi_stakeholder,hard,10,1535,127,0.08273615635179153,4.218096675249797,0.0911685325192372,72,"72,74,36,58,106,97",,True,1536
soci-hard-14,social_ethical,multi_stakeholder,hard,13,1535,124,0.08078175895765473,4.057304689326638,0.07659651055166432,42,"42,107,4,27,126,108",,True,1536
soci-hard-14,social_ethical,multi_stakeholder,hard,15,1535,125,0.08143322475570032,4.193849224856365,0.08810238108628553,56,"56,6,83,10,44,34",,True,1536
soci-hard-14,social_ethical,multi_stakeholder,hard,17,1535,115,0.0749185667752443,3.884152235494921,0.15824595831701493,124,"124,50,119,64,80,103",,True,1536
soci-hard-14,social_ethical,multi_stakeholder,hard,20,1535,123,0.08013029315960912,3.9265712014815306,0.07053881179652358,81,"81,55,110,31,34,83",,True,1536
soci-hard-14,social_ethical,multi_stakeholder,hard,22,1535,125,0.08143322475570032,4.396062964173757,0.06641200136731396,46,"46,127,106,113,93,70",,True,1536
soci-hard-14,social_ethical,multi_stakeholder,hard,24,1535,123,0.08013029315960912,3.9287966279497337,0.12754607452865008,36,"36,117,111,100,85,108",,True,1536
soci-hard-14,social_ethical,multi_stakeholder,hard,27,1535,123,0.08013029315960912,4.213256074981474,0.06071005021963815,20,"20,22,88,57,93,113",,True,1536
soci-hard-14,social_ethical,multi_stakeholder,hard,29,1535,123,0.08013029315960912,4.316353569977549,0.051336962491798414,125,"125,88,93,64,60,55",,True,1536
soci-hard-14,social_ethical,multi_stakeholder,hard,31,1535,123,0.08013029315960912,4.287725515094428,0.07604056926345448,65,"65,116,26,92,93,76",,True,1536
soci-hard-14,social_ethical,multi_stakeholder,hard,34,1535,125,0.08143322475570032,4.387441136587967,0.05110745117349101,58,"58,35,28,5,16,26",,True,1536
soci-hard-14,social_ethical,multi_stakeholder,hard,36,1535,127,0.08273615635179153,4.2213903282551115,0.06203654678076051,86,"86,60,127,84,126,11",,True,1536
soci-hard-14,social_ethical,multi_stakeholder,hard,38,1535,128,0.08338762214983714,4.061755739526955,0.17610320372429172,76,"76,46,68,88,122,23",,True,1536
soci-hard-14,social_ethical,multi_stakeholder,hard,40,1535,128,0.08338762214983714,4.223798732288106,0.056099826531618796,1,"1,53,57,104,13,86",,True,1536
soci-hard-14,social_ethical,multi_stakeholder,hard,43,1535,127,0.08273615635179153,4.364395359347145,0.04719966327466533,52,"52,77,53,28,32,5",,True,1536
soci-hard-14,social_ethical,multi_stakeholder,hard,45,1535,128,0.08338762214983714,4.4507237066392475,0.07341985394249481,106,"106,86,122,66,4,5",,True,1536
soci-hard-14,social_ethical,multi_stakeholder,hard,47,1535,126,0.08208469055374593,4.44914209189497,0.04609034548132391,97,"97,3,28,93,62,21",,True,1536
soci-hard-14,social_ethical,multi_stakeholder,hard,49,1535,127,0.08273615635179153,4.367931681603892,0.08901747750079463,8,"8,101,38,9,69,33",,True,1536
soci-hard-14,social_ethical,multi_stakeholder,hard,51,1535,127,0.08273615635179153,4.5175704686199145,0.05025111825192587,107,"107,50,79,14,76,39",,True,1536
soci-hard-15,social_ethical,multi_stakeholder,hard,1,1535,128,0.08338762214983714,4.782787949509084,0.01837998005512674,93,"93,96,72,46,121,63",,True,1536
soci-hard-15,social_ethical,multi_stakeholder,hard,3,1535,128,0.08338762214983714,4.753390957944646,0.018415047515505,28,"28,116,42,118,119,50",,True,1536
soci-hard-15,social_ethical,multi_stakeholder,hard,6,1535,128,0.08338762214983714,4.617131957915193,0.027109657839263814,78,"78,60,50,80,123,4",,True,1536
soci-hard-15,social_ethical,multi_stakeholder,hard,8,1535,124,0.08078175895765473,4.247918690951495,0.10018065140177007,110,"110,81,5,17,36,51",,True,1536
soci-hard-15,social_ethical,multi_stakeholder,hard,10,1535,124,0.08078175895765473,3.9902392523533234,0.08543484934034211,58,"58,43,11,107,1,104",,True,1536
soci-hard-15,social_ethical,multi_stakeholder,hard,13,1535,122,0.07947882736156352,4.029325104730906,0.09493823412426261,90,"90,126,121,104,123,50",,True,1536
soci-hard-15,social_ethical,multi_stakeholder,hard,15,1535,123,0.08013029315960912,4.060832292420024,0.1661675528120543,73,"73,44,19,16,77,56",,True,1536
soci-hard-15,social_ethical,multi_stakeholder,hard,17,1535,118,0.07687296416938111,4.031035503643229,0.10239040050610711,38,"38,34,9,29,124,32",,True,1536
soci-hard-15,social_ethical,multi_stakeholder,hard,20,1535,117,0.0762214983713355,3.8137080334299305,0.16849956137384747,81,"81,110,44,74,106,49",,True,1536
soci-hard-15,social_ethical,multi_stakeholder,hard,22,1535,125,0.08143322475570032,4.412025129416602,0.04949444932609917,104,"104,127,93,71,12,106",,True,1536
soci-hard-15,social_ethical,multi_stakeholder,hard,24,1535,118,0.07687296416938111,3.9277582682380223,0.08743328638902294,127,"127,117,111,3,39,23",,True,1536
soci-hard-15,social_ethical,multi_stakeholder,hard,27,1535,120,0.0781758957654723,4.130391043976165,0.08676649134798756,110,"110,20,116,123,55,88",,True,1536
soci-hard-15,social_ethical,multi_stakeholder,hard,29,1535,121,0.07882736156351791,4.321929030632963,0.0852265083877581,116,"116,60,64,94,6,49",,True,1536
soci-hard-15,social_ethical,multi_stakeholder,hard,31,1535,125,0.08143322475570032,4.149072816037861,0.12234818999355439,116,"116,97,13,93,115,92",,True,1536
soci-hard-15,social_ethical,multi_stakeholder,hard,34,1535,124,0.08078175895765473,4.3631537881127995,0.060903710897159055,58,"58,91,71,119,5,28",,True,1536
soci-hard-15,social_ethical,multi_stakeholder,hard,36,1535,124,0.08078175895765473,4.080286010521412,0.08776793498900985,118,"118,52,86,112,49,70",,True,1536
soci-hard-15,social_ethical,multi_stakeholder,hard,38,1535,124,0.08078175895765473,4.223642433126387,0.06320925074314425,99,"99,21,83,68,19,1",,True,1536
soci-hard-15,social_ethical,multi_stakeholder,hard,40,1535,122,0.07947882736156352,4.227957174794219,0.077599989031988,22,"22,74,4,14,125,97",,True,1536
soci-hard-15,social_ethical,multi_stakeholder,hard,43,1535,126,0.08208469055374593,4.119332889858135,0.14302723884233776,15,"15,25,30,32,53,9",,True,1536
soci-hard-15,social_ethical,multi_stakeholder,hard,45,1535,127,0.08273615635179153,4.331159705195782,0.06379407444771167,108,"108,81,32,120,88,78",,True,1536
soci-hard-15,social_ethical,multi_stakeholder,hard,47,1535,127,0.08273615635179153,4.421580915848644,0.06337882257646035,98,"98,69,13,27,93,62",,True,1536
soci-hard-15,social_ethical,multi_stakeholder,hard,49,1535,126,0.08208469055374593,4.304980767192833,0.06989874143733983,2,"2,24,22,92,101,69",,True,1536
soci-hard-15,social_ethical,multi_stakeholder,hard,51,1535,128,0.08338762214983714,4.492975074751898,0.04665058464208535,107,"107,50,14,123,76,5",,True,1536
soci-medi-06,social_ethical,ambiguous,medium,1,634,128,0.20189274447949526,4.779093913640053,0.017511016443230214,20,"20,126,31,40,96,93",,False,635
soci-medi-06,social_ethical,ambiguous,medium,3,634,128,0.20189274447949526,4.723818798462118,0.02543891401320978,100,"100,42,116,99,97,16",,False,635
soci-medi-06,social_ethical,ambiguous,medium,6,634,126,0.19873817034700317,4.616227062866912,0.024863350269695106,60,"60,34,16,94,38,41",,False,635
soci-medi-06,social_ethical,ambiguous,medium,8,634,124,0.19558359621451105,4.178321959221043,0.13196447218778137,2,"2,17,125,41,90,120",,False,635
soci-medi-06,social_ethical,ambiguous,medium,10,634,114,0.17981072555205047,3.9021170709482855,0.1835701436681112,58,"58,124,93,1,56,30",,False,635
soci-medi-06,social_ethical,ambiguous,medium,13,634,113,0.17823343848580442,3.995126297798833,0.08256939873758444,126,"126,121,75,108,68,104",,False,635
soci-medi-06,social_ethical,ambiguous,medium,15,634,116,0.1829652996845426,4.051391513686152,0.09737484114492258,65,"65,44,117,53,19,73",,False,635
soci-medi-06,social_ethical,ambiguous,medium,17,634,108,0.17034700315457413,4.052056645314336,0.08046631292739986,110,"110,30,34,32,50,49",,False,635
soci-medi-06,social_ethical,ambiguous,medium,20,634,107,0.16876971608832808,3.907489391554861,0.10418906869040022,81,"81,106,75,110,109,120",,False,635
soci-medi-06,social_ethical,ambiguous,medium,22,634,116,0.1829652996845426,4.4663316324080995,0.027513040678908564,127,"127,71,70,66,33,31",,False,635
soci-medi-06,social_ethical,ambiguous,medium,24,634,116,0.1829652996845426,3.9101243295494195,0.11482426456337401,39,"39,59,111,121,3,1",,False,635
soci-medi-06,social_ethical,ambiguous,medium,27,634,108,0.17034700315457413,4.141722329488478,0.0909387560079089,73,"73,55,24,20,66,64",,False,635
soci-medi-06,social_ethical,ambiguous,medium,29,634,115,0.18138801261829654,4.418606850214399,0.03978808338729251,60,"60,94,98,102,125,18",,False,635
soci-medi-06,social_ethical,ambiguous,medium,31,634,114,0.17981072555205047,4.172911721028356,0.08308385308812286,116,"116,5,29,27,51,89",,False,635
soci-medi-06,social_ethical,ambiguous,medium,34,634,118,0.1861198738170347,4.293931555474904,0.05947979311114706,32,"32,126,113,11,50,18",,False,635
soci-medi-06,social_ethical,ambiguous,medium,36,634,123,0.19400630914826497,3.976339757681878,0.11677161490802342,49,"49,3,86,124,52,84",,False,635
soci-medi-06,social_ethical,ambiguous,medium,38,634,124,0.19558359621451105,4.043550022958714,0.1039486888406084,92,"92,83,1,56,68,82",,False,635
soci-medi-06,social_ethical,ambiguous,medium,40,634,123,0.19400630914826497,4.295998830848836,0.06638532113200657,64,"64,60,90,14,72,73",,False,635
soci-medi-06,social_ethical,ambiguous,medium,43,634,122,0.19242902208201892,4.1040667775331166,0.13033692531181115,8,"8,64,120,28,25,91",,False,635
soci-medi-06,social_ethical,ambiguous,medium,45,634,125,0.1971608832807571,4.34516390586907,0.0600281139183612,32,"32,90,126,124,122,21",,False,635
soci-medi-06,social_ethical,ambiguous,medium,47,634,125,0.1971608832807571,4.4346988737910245,0.07864311540800902,16,"16,88,72,98,93,87",,False,635
soci-medi-06,social_ethical,ambiguous,medium,49,634,125,0.1971608832807571,4.488248104963712,0.039349700886274944,92,"92,95,114,105,54,121",,False,635
soci-medi-06,social_ethical,ambiguous,medium,51,634,125,0.1971608832807571,4.525094574179227,0.03737868329435589,50,"50,116,14,23,38,96",,False,635
soci-medi-07,social_ethical,ambiguous,medium,1,513,128,0.24951267056530213,4.783193255955586,0.01650230450319236,51,"51,8,43,7,17,40",,False,514
soci-medi-07,social_ethical,ambiguous,medium,3,513,128,0.24951267056530213,4.735371227696368,0.024500113599188748,98,"98,59,97,104,116,42",,False,514
soci-medi-07,social_ethical,ambiguous,medium,6,513,127,0.2475633528265107,4.638548901445398,0.04115914583543328,60,"60,126,59,24,78,34",,False,514
soci-medi-07,social_ethical,ambiguous,medium,8,513,122,0.2378167641325536,4.373770004556816,0.04950610397991293,36,"36,5,65,110,125,2",,False,514
soci-medi-07,social_ethical,ambiguous,medium,10,513,120,0.23391812865497075,3.774994446952804,0.17008475964462075,104,"104,127,107,58,100,90",,False,514
soci-medi-07,social_ethical,ambiguous,medium,13,513,109,0.2124756335282651,3.8238153827266683,0.10132382790284854,108,"108,50,27,104,123,5",,False,514
soci-medi-07,social_ethical,ambiguous,medium,15,513,118,0.2300194931773879,4.19464863675048,0.06825594516018345,16,"16,56,92,44,37,57",,False,514
soci-medi-07,social_ethical,ambiguous,medium,17,513,104,0.20272904483430798,4.19122816103876,0.05919282997791397,34,"34,106,32,49,124,50",,False,514
soci-medi-07,social_ethical,ambiguous,medium,20,513,105,0.2046783625730994,3.8792594085398675,0.10510586255737912,106,"106,81,110,49,31,111",,False,514
soci-medi-07,social_ethical,ambiguous,medium,22,513,117,0.22807017543859648,4.357706992396841,0.08391745240467645,46,"46,104,127,47,33,113",,False,514
soci-medi-07,social_ethical,ambiguous,medium,24,513,110,0.21442495126705652,4.018549044373105,0.06615204290512178,36,"36,39,67,111,117,108",,False,514
soci-medi-07,social_ethical,ambiguous,medium,27,513,102,0.19883040935672514,4.125868314381184,0.0592749543888718,55,"55,85,116,20,24,88",,False,514
soci-medi-07,social_ethical,ambiguous,medium,29,513,117,0.22807017543859648,4.4215400856130875,0.04990711707721804,88,"88,60,125,64,94,6",,False,514
soci-medi-07,social_ethical,ambiguous,medium,31,513,116,0.22612085769980506,4.26767903242411,0.08521040232418312,116,"116,27,26,122,58,93",,False,514
soci-medi-07,social_ethical,ambiguous,medium,34,513,117,0.22807017543859648,4.244415021783747,0.07875268619677368,113,"113,35,84,58,127,18",,False,514
soci-medi-07,social_ethical,ambiguous,medium,36,513,122,0.2378167641325536,4.325507196155821,0.04843281603881113,114,"114,124,119,86,70,73",,False,514
soci-medi-07,social_ethical,ambiguous,medium,38,513,122,0.2378167641325536,4.284765181184983,0.06863641858211747,99,"99,19,116,1,68,8",,False,514
soci-medi-07,social_ethical,ambiguous,medium,40,513,118,0.2300194931773879,4.132185243775807,0.11953687292807477,0,"0,14,69,73,95,60",,False,514
soci-medi-07,social_ethical,ambiguous,medium,43,513,123,0.23976608187134502,4.089216465364673,0.13012749486566394,15,"15,25,64,120,28,78",,False,514
soci-medi-07,social_ethical,ambiguous,medium,45,513,124,0.24171539961013644,4.402052779573365,0.05904970361834331,110,"110,0,124,81,86,52",,False,514
soci-medi-07,social_ethical,ambiguous,medium,47,513,124,0.24171539961013644,4.464855173396449,0.04638024172253397,98,"98,3,93,27,72,87",,False,514
soci-medi-07,social_ethical,ambiguous,medium,49,513,124,0.24171539961013644,4.424115693101853,0.05463753825210905,89,"89,92,38,90,95,37",,False,514
soci-medi-07,social_ethical,ambiguous,medium,51,513,124,0.24171539961013644,4.497601487394545,0.04703924190643012,14,"14,96,23,107,50,67",,False,514
soci-medi-08,social_ethical,ambiguous,medium,1,347,128,0.3688760806916426,4.750272177269872,0.017425905636859314,72,"72,51,66,96,122,110",,False,348
soci-medi-08,social_ethical,ambiguous,medium,3,347,128,0.3688760806916426,4.706888573635363,0.021486461290583587,116,"116,114,119,42,100,109",,False,348
soci-medi-08,social_ethical,ambiguous,medium,6,347,125,0.36023054755043227,4.608464117851274,0.026225035769727383,94,"94,83,30,60,0,5",,False,348
soci-medi-08,social_ethical,ambiguous,medium,8,347,119,0.34293948126801155,4.180824320994434,0.09533186585071894,17,"17,125,40,35,41,65",,False,348
soci-medi-08,social_ethical,ambiguous,medium,10,347,104,0.29971181556195964,4.111404957768744,0.061536894190527464,11,"11,58,91,1,102,106",,False,348
soci-medi-08,social_ethical,ambiguous,medium,13,347,104,0.29971181556195964,3.757568523267399,0.1842640203913521,121,"121,126,104,75,90,108",,False,348
soci-medi-08,social_ethical,ambiguous,medium,15,347,107,0.30835734870317005,3.879554695361835,0.20209704954129679,44,"44,117,10,18,79,53",,False,348
soci-medi-08,social_ethical,ambiguous,medium,17,347,98,0.2824207492795389,4.034417587325529,0.06895025699396912,106,"106,110,29,32,77,83",,False,348
soci-medi-08,social_ethical,ambiguous,medium,20,347,97,0.27953890489913547,3.7895876553933396,0.12025687836889722,81,"81,110,106,75,49,74",,False,348
soci-medi-08,social_ethical,ambiguous,medium,22,347,114,0.3285302593659942,4.152399593151025,0.13664030349658518,104,"104,19,75,127,31,93",,False,348
soci-medi-08,social_ethical,ambiguous,medium,24,347,93,0.2680115273775216,3.688285023123558,0.127541607205689,117,"117,3,39,111,100,108",,False,348
soci-medi-08,social_ethical,ambiguous,medium,27,347,100,0.2881844380403458,4.048897593097011,0.05814005192945564,123,"123,20,34,55,109,36",,False,348
soci-medi-08,social_ethical,ambiguous,medium,29,347,110,0.3170028818443804,4.224784829644489,0.11593562546585223,13,"13,64,125,98,18,94",,False,348
soci-medi-08,social_ethical,ambiguous,medium,31,347,107,0.30835734870317005,4.13898995712098,0.08250739910891272,115,"115,116,5,29,7,27",,False,348
soci-medi-08,social_ethical,ambiguous,medium,34,347,109,0.31412103746397696,4.345532935029027,0.04477836218130864,30,"30,119,126,113,16,31",,False,348
soci-medi-08,social_ethical,ambiguous,medium,36,347,116,0.33429394812680113,3.9789196476464754,0.15536609359497153,86,"86,15,124,49,102,113",,False,348
soci-medi-08,social_ethical,ambiguous,medium,38,347,114,0.3285302593659942,4.25191623132885,0.05937148343435057,68,"68,72,1,122,19,82",,False,348
soci-medi-08,social_ethical,ambiguous,medium,40,347,118,0.3400576368876081,4.213971813859248,0.06681344177017191,13,"13,60,64,14,95,76",,False,348
soci-medi-08,social_ethical,ambiguous,medium,43,347,116,0.33429394812680113,4.2476930579722225,0.05825719372755335,91,"91,25,90,53,32,56",,False,348
soci-medi-08,social_ethical,ambiguous,medium,45,347,120,0.345821325648415,4.235672220332328,0.0881882579542498,0,"0,106,124,32,21,78",,False,348
soci-medi-08,social_ethical,ambiguous,medium,47,347,119,0.34293948126801155,4.447614546311271,0.04226824070419394,27,"27,93,16,69,25,88",,False,348
soci-medi-08,social_ethical,ambiguous,medium,49,347,122,0.3515850144092219,4.4108020351741155,0.0551295241422791,95,"95,92,121,114,105,22",,False,348
soci-medi-08,social_ethical,ambiguous,medium,51,347,125,0.36023054755043227,4.464649285504276,0.04742811695811635,107,"107,50,14,38,96,23",,False,348
soci-medi-09,social_ethical,ambiguous,medium,1,325,128,0.39384615384615385,4.749675559449328,0.01739150031325073,122,"122,51,31,91,40,109",,False,326
soci-medi-09,social_ethical,ambiguous,medium,3,325,128,0.39384615384615385,4.69329821005922,0.023795998668877192,100,"100,52,75,81,116,48",,False,326
soci-medi-09,social_ethical,ambiguous,medium,6,325,126,0.38769230769230767,4.622263278709236,0.02121999974459077,34,"34,21,83,102,9,38",,False,326
soci-medi-09,social_ethical,ambiguous,medium,8,325,112,0.3446153846153846,4.173728208150464,0.10168077743675018,104,"104,125,53,41,34,65",,False,326
soci-medi-09,social_ethical,ambiguous,medium,10,325,114,0.3507692307692308,3.9651575071762957,0.11099145313527267,58,"58,93,1,30,21,92",,False,326
soci-medi-09,social_ethical,ambiguous,medium,13,325,106,0.3261538461538461,3.9056969859585826,0.08819407510238914,74,"74,104,121,4,5,64",,False,326
soci-medi-09,social_ethical,ambiguous,medium,15,325,106,0.3261538461538461,4.126499390601553,0.06779511794381161,120,"120,73,79,44,83,53",,False,326
soci-medi-09,social_ethical,ambiguous,medium,17,325,101,0.31076923076923074,4.082775616588856,0.07539230627774178,110,"110,49,32,106,50,34",,False,326
soci-medi-09,social_ethical,ambiguous,medium,20,325,95,0.2923076923076923,3.861845388606839,0.1070179313246043,106,"106,81,110,83,75,80",,False,326
soci-medi-09,social_ethical,ambiguous,medium,22,325,112,0.3446153846153846,4.34809687385846,0.05384224355151416,75,"75,104,127,18,47,57",,False,326
soci-medi-09,social_ethical,ambiguous,medium,24,325,89,0.27384615384615385,3.837926287254168,0.07610663823685487,3,"3,69,111,1,121,38",,False,326
soci-medi-09,social_ethical,ambiguous,medium,27,325,100,0.3076923076923077,4.134496180598098,0.05663830945058075,20,"20,36,64,109,123,34",,False,326
soci-medi-09,social_ethical,ambiguous,medium,29,325,111,0.3415384615384615,4.40767731422106,0.03657643674659675,94,"94,64,18,60,81,5",,False,326
soci-medi-09,social_ethical,ambiguous,medium,31,325,114,0.3507692307692308,4.204064040702636,0.06956558188715847,27,"27,51,116,10,29,39",,False,326
soci-medi-09,social_ethical,ambiguous,medium,34,325,112,0.3446153846153846,4.313317442774325,0.06577478518300503,113,"113,18,119,72,5,28",,False,326
soci-medi-09,social_ethical,ambiguous,medium,36,325,108,0.3323076923076923,4.002814289513207,0.11171162156753511,49,"49,3,86,89,124,15",,False,326
soci-medi-09,social_ethical,ambiguous,medium,38,325,112,0.3446153846153846,4.106947696313531,0.056336860108716406,113,"113,1,74,68,82,80",,False,326
soci-medi-09,social_ethical,ambiguous,medium,40,325,114,0.3507692307692308,4.270570688645949,0.041503242933829725,60,"60,14,96,97,64,73",,False,326
soci-medi-09,social_ethical,ambiguous,medium,43,325,113,0.3476923076923077,4.251004987129798,0.05319361193477318,28,"28,25,78,32,31,20",,False,326
soci-medi-09,social_ethical,ambiguous,medium,45,325,121,0.3723076923076923,4.342734362797065,0.06660212329076866,50,"50,124,45,26,81,32",,False,326
soci-medi-09,social_ethical,ambiguous,medium,47,325,118,0.3630769230769231,4.393660196621789,0.04571065592895236,16,"16,87,93,27,98,107",,False,326
soci-medi-09,social_ethical,ambiguous,medium,49,325,120,0.36923076923076925,4.357207969229062,0.06819507172713558,92,"92,100,105,38,114,0",,False,326
soci-medi-09,social_ethical,ambiguous,medium,51,325,124,0.38153846153846155,4.460953366256084,0.04349450645208301,14,"14,50,23,38,116,96",,False,326
soci-medi-10,social_ethical,ambiguous,medium,1,333,128,0.3843843843843844,4.765368652019987,0.017094836724103522,43,"43,31,82,96,111,40",,False,334
soci-medi-10,social_ethical,ambiguous,medium,3,333,128,0.3843843843843844,4.699714344817232,0.026421843304484872,97,"97,42,119,56,16,34",,False,334
soci-medi-10,social_ethical,ambiguous,medium,6,333,126,0.3783783783783784,4.565950525922839,0.03966877849312455,60,"60,46,126,16,41,24",,False,334
soci-medi-10,social_ethical,ambiguous,medium,8,333,112,0.33633633633633636,3.998043630580433,0.16832439402517257,2,"2,17,88,43,7,90",,False,334
soci-medi-10,social_ethical,ambiguous,medium,10,333,100,0.3003003003003003,3.844714333408362,0.1429474463976952,58,"58,120,84,124,109,30",,False,334
soci-medi-10,social_ethical,ambiguous,medium,13,333,104,0.3123123123123123,3.9366868280700746,0.08241223360616977,108,"108,126,47,121,4,75",,False,334
soci-medi-10,social_ethical,ambiguous,medium,15,333,106,0.3183183183183183,3.898436922921003,0.11387102601579857,65,"65,44,93,92,41,33",,False,334
soci-medi-10,social_ethical,ambiguous,medium,17,333,97,0.2912912912912913,3.989979317525618,0.07814241487883991,30,"30,110,49,50,34,32",,False,334
soci-medi-10,social_ethical,ambiguous,medium,20,333,100,0.3003003003003003,3.846707031312848,0.11560073298047004,81,"81,106,43,110,75,109",,False,334
soci-medi-10,social_ethical,ambiguous,medium,22,333,113,0.33933933933933935,4.423948957355841,0.03826078566760514,104,"104,113,33,70,127,98",,False,334
soci-medi-10,social_ethical,ambiguous,medium,24,333,99,0.2972972972972973,3.919652882319342,0.10423845757605395,39,"39,43,1,111,38,48",,False,334
soci-medi-10,social_ethical,ambiguous,medium,27,333,95,0.2852852852852853,4.041369716383002,0.09925121805733711,73,"73,55,24,116,20,61",,False,334
soci-medi-10,social_ethical,ambiguous,medium,29,333,113,0.33933933933933935,4.2896356564544105,0.06329745688082529,13,"13,125,60,94,6,18",,False,334
soci-medi-10,social_ethical,ambiguous,medium,31,333,111,0.3333333333333333,3.956641766073145,0.131322191375797,5,"5,116,29,51,7,27",,False,334
soci-medi-10,social_ethical,ambiguous,medium,34,333,113,0.33933933933933935,4.304787619402849,0.047456255612910433,126,"126,58,113,127,11,31",,False,334
soci-medi-10,social_ethical,ambiguous,medium,36,333,112,0.33633633633633636,4.155256637104129,0.05147920395707605,3,"3,49,94,52,90,86",,False,334
soci-medi-10,social_ethical,ambiguous,medium,38,333,113,0.33933933933933935,4.022521233224638,0.0956070051548168,92,"92,83,1,14,56,21",,False,334
soci-medi-10,social_ethical,ambiguous,medium,40,333,119,0.35735735735735735,4.253258584481296,0.04554389098206031,94,"94,29,90,60,73,14",,False,334
soci-medi-10,social_ethical,ambiguous,medium,43,333,113,0.33933933933933935,3.945757568770718,0.10385944250265144,8,"8,111,91,64,25,97",,False,334
soci-medi-10,social_ethical,ambiguous,medium,45,333,125,0.37537537537537535,4.330308511229515,0.06014655141697211,0,"0,126,90,124,107,42",,False,334
soci-medi-10,social_ethical,ambiguous,medium,47,333,120,0.36036036036036034,4.441307107890713,0.04863347835076035,90,"90,72,13,87,93,98",,False,334
soci-medi-10,social_ethical,ambiguous,medium,49,333,122,0.3663663663663664,4.437898247130376,0.0341264731842687,92,"92,54,95,105,18,39",,False,334
soci-medi-10,social_ethical,ambiguous,medium,51,333,126,0.3783783783783784,4.508431395276442,0.03699895100209066,50,"50,93,14,23,96,38",,False,334
symb-easy-01,symbolic,numeral_system,easy,1,229,127,0.5545851528384279,4.662365109683564,0.02610316702022568,51,"51,116,33,123,38,64",True,False,230
symb-easy-01,symbolic,numeral_system,easy,3,229,126,0.5502183406113537,4.440049733605166,0.05186357123362446,70,"70,96,102,115,64,76",True,False,230
symb-easy-01,symbolic,numeral_system,easy,6,229,116,0.5065502183406113,4.388285914463644,0.05436812178684445,93,"93,29,111,37,15,52",True,False,230
symb-easy-01,symbolic,numeral_system,easy,8,229,101,0.4410480349344978,3.7089799168673316,0.1302676518764374,69,"69,49,23,54,90,77",True,False,230
symb-easy-01,symbolic,numeral_system,easy,10,229,90,0.3930131004366812,3.508406100188814,0.1559922659529646,48,"48,28,46,124,39,90",True,False,230
symb-easy-01,symbolic,numeral_system,easy,13,229,85,0.37117903930131,3.7742514792046764,0.0766674399523747,34,"34,67,35,104,95,62",True,False,230
symb-easy-01,symbolic,numeral_system,easy,15,229,100,0.4366812227074236,3.5301631881031783,0.2280093357629402,17,"17,69,125,51,29,39",True,False,230
symb-easy-01,symbolic,numeral_system,easy,17,229,89,0.388646288209607,3.8679621820993564,0.12081046072165333,30,"30,74,59,32,19,111",True,False,230
symb-easy-01,symbolic,numeral_system,easy,20,229,97,0.42358078602620086,3.7277127129678314,0.15513970945074027,16,"16,58,19,105,85,47",True,False,230
symb-easy-01,symbolic,numeral_system,easy,22,229,114,0.4978165938864629,4.320986887320138,0.052774264049360996,101,"101,94,7,55,32,58",True,False,230
symb-easy-01,symbolic,numeral_system,easy,24,229,98,0.4279475982532751,3.6221481970237646,0.1837169885868257,20,"20,79,87,78,17,46",True,False,230
symb-easy-01,symbolic,numeral_system,easy,27,229,101,0.4410480349344978,4.054811714900211,0.07848526303759337,37,"37,32,64,105,101,68",True,False,230
symb-easy-01,symbolic,numeral_system,easy,29,229,111,0.4847161572052402,4.170869280096489,0.07117441668192102,116,"116,44,47,80,94,105",True,False,230
symb-easy-01,symbolic,numeral_system,easy,31,229,110,0.48034934497816595,3.925793784867428,0.2071386840769818,75,"75,61,21,4,58,33",True,False,230
symb-easy-01,symbolic,numeral_system,easy,34,229,105,0.4585152838427948,3.9500056991422032,0.10723895574301363,4,"4,21,23,80,95,55",True,False,230
symb-easy-01,symbolic,numeral_system,easy,36,229,109,0.4759825327510917,3.926624544034682,0.17668071307689306,103,"103,105,34,22,12,16",True,False,230
symb-easy-01,symbolic,numeral_system,easy,38,229,104,0.45414847161572053,3.928184964041372,0.10987896605573992,18,"18,23,88,57,99,84",True,False,230
symb-easy-01,symbolic,numeral_system,easy,40,229,98,0.4279475982532751,3.6067695234191417,0.2139663828886255,15,"15,107,125,100,44,81",True,False,230
symb-easy-01,symbolic,numeral_system,easy,43,229,101,0.4410480349344978,3.583355202010801,0.20037322455009,56,"56,51,107,36,46,120",True,False,230
symb-easy-01,symbolic,numeral_system,easy,45,229,113,0.49344978165938863,3.7839939912011946,0.14790694361997558,74,"74,55,28,83,78,108",True,False,230
symb-easy-01,symbolic,numeral_system,easy,47,229,117,0.5109170305676856,4.249419590572313,0.06145658424565747,12,"12,34,64,114,61,116",True,False,230
symb-easy-01,symbolic,numeral_system,easy,49,229,107,0.4672489082969432,4.135219499501117,0.08005637622816594,77,"77,63,46,61,115,30",True,False,230
symb-easy-01,symbolic,numeral_system,easy,51,229,121,0.5283842794759825,4.433158046675725,0.047579245970562845,12,"12,55,81,27,113,16",True,False,230
symb-easy-04,symbolic,unit_conversion,easy,1,960,128,0.13333333333333333,4.602012848227863,0.027691460090405837,94,"94,71,13,64,125,84",True,False,961
symb-easy-04,symbolic,unit_conversion,easy,3,960,128,0.13333333333333333,4.622426298764591,0.027819856763545002,96,"96,37,19,117,12,115",True,False,961
symb-easy-04,symbolic,unit_conversion,easy,6,960,125,0.13020833333333334,4.450391111296487,0.0440078926811831,23,"23,115,67,110,117,113",True,False,961
symb-easy-04,symbolic,unit_conversion,easy,8,960,120,0.125,4.162760381495948,0.07827433349700842,10,"10,114,90,77,126,116",True,False,961
symb-easy-04,symbolic,unit_conversion,easy,10,960,119,0.12395833333333334,4.033739083650308,0.07309524892173537,37,"37,114,85,24,66,90",True,False,961
symb-easy-04,symbolic,unit_conversion,easy,13,960,116,0.12083333333333333,3.8911830780158168,0.10338686566204626,65,"65,35,34,30,120,13",True,False,961
symb-easy-04,symbolic,unit_conversion,easy,15,960,122,0.12708333333333333,3.9505343518128258,0.09913603179688632,69,"69,17,68,70,67,51",True,False,961
symb-easy-04,symbolic,unit_conversion,easy,17,960,109,0.11354166666666667,4.028895391016192,0.06586101600362468,62,"62,14,21,3,74,106",True,False,961
symb-easy-04,symbolic,unit_conversion,easy,20,960,123,0.128125,4.1896780207637585,0.08684713611319338,16,"16,116,54,98,119,90",True,False,961
symb-easy-04,symbolic,unit_conversion,easy,22,960,128,0.13333333333333333,4.147322975836172,0.09595477544698088,94,"94,9,101,7,91,46",True,False,961
symb-easy-04,symbolic,unit_conversion,easy,24,960,123,0.128125,3.9890761948149076,0.09709119333910947,79,"79,67,50,75,32,24",True,False,961
symb-easy-04,symbolic,unit_conversion,easy,27,960,123,0.128125,4.355224650086742,0.04168409987041191,11,"11,5,64,90,125,69",True,False,961
symb-easy-04,symbolic,unit_conversion,easy,29,960,127,0.13229166666666667,4.1605663011086484,0.12872850806373268,94,"94,47,45,33,95,83",True,False,961
symb-easy-04,symbolic,unit_conversion,easy,31,960,125,0.13020833333333334,4.146243088348512,0.11251451751496155,23,"23,21,58,111,85,98",True,False,961
symb-easy-04,symbolic,unit_conversion,easy,34,960,121,0.12604166666666666,4.091290550136276,0.08607708418676857,27,"27,98,86,80,55,35",True,False,961
symb-easy-04,symbolic,unit_conversion,easy,36,960,123,0.128125,4.3735513690079735,0.04722272731781019,104,"104,12,114,65,23,20",True,False,961
symb-easy-04,symbolic,unit_conversion,easy,38,960,124,0.12916666666666668,4.101839949955363,0.14509787545840458,54,"54,37,99,84,64,119",True,False,961
symb-easy-04,symbolic,unit_conversion,easy,40,960,124,0.12916666666666668,4.1432458685846045,0.10372077698216134,44,"44,25,90,73,126,108",True,False,961
symb-easy-04,symbolic,unit_conversion,easy,43,960,124,0.12916666666666668,4.173568277073219,0.06149122186850071,6,"6,7,105,46,43,118",True,False,961
symb-easy-04,symbolic,unit_conversion,easy,45,960,123,0.128125,4.360522960018988,0.03967943607099253,36,"36,16,0,24,28,31",True,False,961
symb-easy-04,symbolic,unit_conversion,easy,47,960,124,0.12916666666666668,4.289680200856079,0.07450354342449128,12,"12,64,34,61,81,6",True,False,961
symb-easy-04,symbolic,unit_conversion,easy,49,960,119,0.12395833333333334,4.2939782913066376,0.04275961131732073,56,"56,33,77,117,35,20",True,False,961
symb-easy-04,symbolic,unit_conversion,easy,51,960,126,0.13125,4.43118732497512,0.04262776534553115,55,"55,99,89,94,78,48",True,False,961
symb-easy-07,symbolic,text_cipher,easy,1,722,128,0.1772853185595568,4.695140761368285,0.024032395406065558,3,"3,80,127,103,50,26",False,False,723
symb-easy-07,symbolic,text_cipher,easy,3,722,128,0.1772853185595568,4.580644797316265,0.04921931433242081,96,"96,88,70,60,117,55",False,False,723
symb-easy-07,symbolic,text_cipher,easy,6,722,124,0.17174515235457063,4.3781256117098275,0.0781121938554785,111,"111,52,127,93,33,15",False,False,723
symb-easy-07,symbolic,text_cipher,easy,8,722,112,0.15512465373961218,3.68116599227446,0.13712906929702603,70,"70,69,77,49,110,90",False,False,723
symb-easy-07,symbolic,text_cipher,easy,10,722,112,0.15512465373961218,3.6411280042087126,0.2429279930163504,48,"48,111,65,59,7,49",False,False,723
symb-easy-07,symbolic,text_cipher,easy,13,722,110,0.1523545706371191,3.8473461562380904,0.1512030810105679,104,"104,120,35,87,64,8",False,False,723
symb-easy-07,symbolic,text_cipher,easy,15,722,116,0.16066481994459833,3.8559897526818485,0.14206533248562594,17,"17,125,113,86,46,102",False,False,723
symb-easy-07,symbolic,text_cipher,easy,17,722,108,0.14958448753462603,4.087137347605694,0.07619696466786396,30,"30,74,116,111,35,59",False,False,723
symb-easy-07,symbolic,text_cipher,easy,20,722,117,0.16204986149584488,4.01098752968048,0.09407688692164892,58,"58,85,16,105,87,102",False,False,723
symb-easy-07,symbolic,text_cipher,easy,22,722,125,0.1731301939058172,4.3177284195769365,0.06504197000050181,94,"94,55,7,54,72,20",False,False,723
symb-easy-07,symbolic,text_cipher,easy,24,722,119,0.16481994459833796,3.8979071770115676,0.16536199998762383,20,"20,87,41,35,4,113",False,False,723
symb-easy-07,symbolic,text_cipher,easy,27,722,119,0.16481994459833796,4.222945989288335,0.06660821752386815,37,"37,0,101,11,32,105",False,False,723
symb-easy-07,symbolic,text_cipher,easy,29,722,124,0.17174515235457063,4.16597511838485,0.11257530645013161,44,"44,13,40,47,73,116",False,False,723
symb-easy-07,symbolic,text_cipher,easy,31,722,122,0.16897506925207756,4.244383704409409,0.0654506018353642,4,"4,61,1,58,59,31",False,False,723
symb-easy-07,symbolic,text_cipher,easy,34,722,121,0.16759002770083103,3.9628471324968566,0.18746314600888833,4,"4,23,33,85,89,95",False,False,723
symb-easy-07,symbolic,text_cipher,easy,36,722,120,0.16620498614958448,4.319947610986318,0.0785117382900127,114,"114,16,34,20,12,103",False,False,723
symb-easy-07,symbolic,text_cipher,easy,38,722,120,0.16620498614958448,4.118100360860116,0.1076740051383346,88,"88,1,64,119,57,77",False,False,723
symb-easy-07,symbolic,text_cipher,easy,40,722,111,0.15373961218836565,3.6651694904278784,0.1938889450581927,15,"15,90,32,56,125,62",False,False,723
symb-easy-07,symbolic,text_cipher,easy,43,722,117,0.16204986149584488,3.547709094735094,0.24008505020775622,51,"51,20,109,107,120,91",False,False,723
symb-easy-07,symbolic,text_cipher,easy,45,722,125,0.1731301939058172,4.366079253730698,0.03792816002287479,78,"78,108,36,103,1,83",False,False,723
symb-easy-07,symbolic,text_cipher,easy,47,722,125,0.1731301939058172,4.364984247303285,0.08119628672896356,116,"116,77,51,61,20,98",False,False,723
symb-easy-07,symbolic,text_cipher,easy,49,722,123,0.1703601108033241,4.079317221487731,0.09692076635172397,95,"95,77,24,115,50,16",False,False,723
symb-easy-07,symbolic,text_cipher,easy,51,722,128,0.1772853185595568,4.551530793400415,0.029527970087187543,30,"30,19,114,81,64,78",False,False,723
symb-easy-10,symbolic,bit_manipulation,easy,1,1163,127,0.10920034393809114,4.625131268853484,0.033438925594716916,12,"12,50,103,106,109,120",True,False,1164
symb-easy-10,symbolic,bit_manipulation,easy,3,1163,128,0.11006018916595013,4.4890407792594536,0.05076336347383417,81,"81,7,88,117,74,96",True,False,1164
symb-easy-10,symbolic,bit_manipulation,easy,6,1163,128,0.11006018916595013,4.440339115077393,0.04253830383687035,111,"111,21,75,92,18,126",True,False,1164
symb-easy-10,symbolic,bit_manipulation,easy,8,1163,119,0.10232158211521926,4.013212577692729,0.12583770016426102,4,"4,77,108,104,81,92",True,False,1164
symb-easy-10,symbolic,bit_manipulation,easy,10,1163,120,0.10318142734307825,3.769299334240168,0.13661690055492245,48,"48,63,124,123,111,49",True,False,1164
symb-easy-10,symbolic,bit_manipulation,easy,13,1163,119,0.10232158211521926,3.8077142303132456,0.11835605000145477,4,"4,35,8,104,59,112",True,False,1164
symb-easy-10,symbolic,bit_manipulation,easy,15,1163,120,0.10318142734307825,4.050917394617153,0.07884911086390495,17,"17,125,102,89,46,113",True,False,1164
symb-easy-10,symbolic,bit_manipulation,easy,17,1163,113,0.09716251074806535,4.11501963495434,0.06093252173660405,21,"21,30,59,33,14,35",True,False,1164
symb-easy-10,symbolic,bit_manipulation,easy,20,1163,119,0.10232158211521926,4.112385155209783,0.11091400265158063,85,"85,52,105,87,93,47",True,False,1164
symb-easy-10,symbolic,bit_manipulation,easy,22,1163,126,0.10834049871023216,4.3078643641607455,0.07179217099397452,55,"55,94,7,20,32,8",True,False,1164
symb-easy-10,symbolic,bit_manipulation,easy,24,1163,120,0.10318142734307825,4.021916978353568,0.12121159131533027,20,"20,87,41,35,31,75",True,False,1164
symb-easy-10,symbolic,bit_manipulation,easy,27,1163,126,0.10834049871023216,4.202497237834469,0.06359691954402104,37,"37,0,36,11,39,32",True,False,1164
symb-easy-10,symbolic,bit_manipulation,easy,29,1163,125,0.10748065348237318,4.322967319564112,0.07400829317904413,47,"47,116,121,57,105,33",True,False,1164
symb-easy-10,symbolic,bit_manipulation,easy,31,1163,123,0.1057609630266552,4.213693033868415,0.10234420412539116,75,"75,61,53,54,58,1",True,False,1164
symb-easy-10,symbolic,bit_manipulation,easy,34,1163,124,0.10662080825451418,4.3277502028380646,0.06363345310561372,4,"4,127,89,58,124,95",True,False,1164
symb-easy-10,symbolic,bit_manipulation,easy,36,1163,124,0.10662080825451418,4.063178522992428,0.1265998248736514,124,"124,96,12,114,122,6",True,False,1164
symb-easy-10,symbolic,bit_manipulation,easy,38,1163,118,0.10146173688736028,4.187986744507949,0.06350633027886546,11,"11,57,116,119,127,110",True,False,1164
symb-easy-10,symbolic,bit_manipulation,easy,40,1163,117,0.10060189165950129,3.766978647293185,0.11421801616434794,112,"112,90,56,71,114,57",True,False,1164
symb-easy-10,symbolic,bit_manipulation,easy,43,1163,120,0.10318142734307825,4.031391959099497,0.106224641283319,56,"56,20,32,109,47,57",True,False,1164
symb-easy-10,symbolic,bit_manipulation,easy,45,1163,124,0.10662080825451418,4.318919422482777,0.06259059011888127,88,"88,108,78,1,21,97",True,False,1164
symb-easy-10,symbolic,bit_manipulation,easy,47,1163,123,0.1057609630266552,4.3405247933438265,0.04851755668328313,61,"61,118,40,77,8,6",True,False,1164
symb-easy-10,symbolic,bit_manipulation,easy,49,1163,120,0.10318142734307825,3.965963415136447,0.10817215944552909,78,"78,107,24,56,127,115",True,False,1164
symb-easy-10,symbolic,bit_manipulation,easy,51,1163,128,0.11006018916595013,4.414480948276536,0.03623900411021513,0,"0,78,19,11,102,12",True,False,1164
symb-easy-13,symbolic,symbol_transform,easy,1,3071,128,0.04168023445131879,4.676002964325381,0.026696529318902828,83,"83,50,85,40,101,117",,True,3072
symb-easy-13,symbolic,symbol_transform,easy,3,3071,128,0.04168023445131879,4.632028225865311,0.03906664349334653,96,"96,100,115,97,5,88",,True,3072
symb-easy-13,symbolic,symbol_transform,easy,6,3071,128,0.04168023445131879,4.521290937397519,0.029269423812695122,111,"111,8,126,45,38,109",,True,3072
symb-easy-13,symbolic,symbol_transform,easy,8,3071,124,0.040377727124715074,4.298502477033497,0.05429817287962852,110,"110,77,104,120,113,87",,True,3072
symb-easy-13,symbolic,symbol_transform,easy,10,3071,124,0.040377727124715074,4.351012425689842,0.03954242615603154,46,"46,84,87,85,76,103",,True,3072
symb-easy-13,symbolic,symbol_transform,easy,13,3071,123,0.04005210029306415,4.1146901532028055,0.07216254726651918,46,"46,63,35,65,34,72",,True,3072
symb-easy-13,symbolic,symbol_transform,easy,15,3071,126,0.041028980788016936,4.163017288262474,0.10551442814549958,125,"125,17,40,95,121,107",,True,3072
symb-easy-13,symbolic,symbol_transform,easy,17,3071,113,0.036795831976554866,3.8997434625105227,0.09069335889629981,30,"30,21,38,116,74,35",,True,3072
symb-easy-13,symbolic,symbol_transform,easy,20,3071,123,0.04005210029306415,4.216410528105888,0.0694857541458779,16,"16,47,98,85,105,71",,True,3072
symb-easy-13,symbolic,symbol_transform,easy,22,3071,128,0.04168023445131879,4.295643240342356,0.06380767995876999,94,"94,7,55,88,17,120",,True,3072
symb-easy-13,symbolic,symbol_transform,easy,24,3071,124,0.040377727124715074,4.230709489403684,0.05059204230995696,125,"125,55,20,35,69,79",,True,3072
symb-easy-13,symbolic,symbol_transform,easy,27,3071,128,0.04168023445131879,4.310779063165915,0.0386563243812198,14,"14,60,11,13,101,34",,True,3072
symb-easy-13,symbolic,symbol_transform,easy,29,3071,127,0.04135460761966786,4.209208749948097,0.05862719938194371,98,"98,33,40,114,94,47",,True,3072
symb-easy-13,symbolic,symbol_transform,easy,31,3071,122,0.03972647346141322,4.309792432338725,0.05149606253391314,58,"58,61,110,53,105,98",,True,3072
symb-easy-13,symbolic,symbol_transform,easy,34,3071,125,0.040703353956366005,4.259039725854156,0.05329999562176364,21,"21,55,80,111,78,95",,True,3072
symb-easy-13,symbolic,symbol_transform,easy,36,3071,125,0.040703353956366005,4.305740307694543,0.0484160550323568,65,"65,114,22,26,44,60",,True,3072
symb-easy-13,symbolic,symbol_transform,easy,38,3071,125,0.040703353956366005,4.3777193280710724,0.038841447190124424,64,"64,76,106,114,11,32",,True,3072
symb-easy-13,symbolic,symbol_transform,easy,40,3071,125,0.040703353956366005,4.299003566247323,0.04914574804088692,63,"63,125,1,8,109,11",,True,3072
symb-easy-13,symbolic,symbol_transform,easy,43,3071,122,0.03972647346141322,4.255627161959372,0.06598071695991096,46,"46,7,107,99,16,91",,True,3072
symb-easy-13,symbolic,symbol_transform,easy,45,3071,127,0.04135460761966786,4.412855845941664,0.04502673911405802,108,"108,36,7,72,74,120",,True,3072
symb-easy-13,symbolic,symbol_transform,easy,47,3071,124,0.040377727124715074,4.418401753096645,0.048408097689949185,34,"34,12,41,10,44,98",,True,3072
symb-easy-13,symbolic,symbol_transform,easy,49,3071,124,0.040377727124715074,4.3638154780249,0.04236495357477286,115,"115,24,85,78,16,46",,True,3072
symb-easy-13,symbolic,symbol_transform,easy,51,3071,128,0.04168023445131879,4.587411317371849,0.029579203110533855,19,"19,2,93,28,113,72",,True,3072
symb-easy-16,symbolic,base_conversion,easy,1,734,128,0.17438692098092642,4.6609692414969714,0.025102575090793874,98,"98,102,73,108,101,57",True,False,735
symb-easy-16,symbolic,base_conversion,easy,3,734,128,0.17438692098092642,4.570238736316208,0.039730609223917926,81,"81,96,74,10,5,70",True,False,735
symb-easy-16,symbolic,base_conversion,easy,6,734,127,0.17302452316076294,4.385803376394845,0.05738762474359439,111,"111,93,21,52,60,109",True,False,735
symb-easy-16,symbolic,base_conversion,easy,8,734,115,0.1566757493188011,4.278871856133605,0.048334326528119656,4,"4,83,90,77,114,72",True,False,735
symb-easy-16,symbolic,base_conversion,easy,10,734,115,0.1566757493188011,3.7113314607078545,0.1959846985450526,48,"48,39,84,46,111,7",True,False,735
symb-easy-16,symbolic,base_conversion,easy,13,734,109,0.14850136239782016,3.730851415372795,0.17927409196635655,4,"4,35,63,104,65,34",True,False,735
symb-easy-16,symbolic,base_conversion,easy,15,734,118,0.16076294277929154,3.8767403280432675,0.15142376255104253,17,"17,125,69,102,113,86",True,False,735
symb-easy-16,symbolic,base_conversion,easy,17,734,108,0.14713896457765668,4.1204218303646565,0.05976827430293896,30,"30,102,35,38,74,62",True,False,735
symb-easy-16,symbolic,base_conversion,easy,20,734,115,0.1566757493188011,4.119284533523218,0.05656970991471852,16,"16,58,52,47,60,85",True,False,735
symb-easy-16,symbolic,base_conversion,easy,22,734,125,0.17029972752043596,4.291811433758992,0.08442708970328389,94,"94,55,9,7,72,88",True,False,735
symb-easy-16,symbolic,base_conversion,easy,24,734,121,0.164850136239782,3.8541910757883593,0.17549738107049181,20,"20,87,40,35,79,32",True,False,735
symb-easy-16,symbolic,base_conversion,easy,27,734,124,0.16893732970027248,4.242332460145283,0.08004568291406328,0,"0,32,73,16,125,37",True,False,735
symb-easy-16,symbolic,base_conversion,easy,29,734,125,0.17029972752043596,4.312432808584993,0.05629923279118681,40,"40,94,47,75,116,95",True,False,735
symb-easy-16,symbolic,base_conversion,easy,31,734,121,0.164850136239782,3.925636235117932,0.21409093322082864,75,"75,98,61,1,53,125",True,False,735
symb-easy-16,symbolic,base_conversion,easy,34,734,119,0.16212534059945505,4.237415747270679,0.05859285559885102,4,"4,124,78,98,80,95",True,False,735
symb-easy-16,symbolic,base_conversion,easy,36,734,116,0.15803814713896458,4.208520722859766,0.07466967104408856,96,"96,26,122,124,22,12",True,False,735
symb-easy-16,symbolic,base_conversion,easy,38,734,123,0.167574931880109,4.069989227540104,0.14206869226794222,11,"11,57,84,22,119,64",True,False,735
symb-easy-16,symbolic,base_conversion,easy,40,734,120,0.16348773841961853,4.008589867610684,0.12589817552971186,112,"112,114,15,56,11,125",True,False,735
symb-easy-16,symbolic,base_conversion,easy,43,734,118,0.16076294277929154,4.088476381726958,0.104584521454636,56,"56,43,51,104,7,107",True,False,735
symb-easy-16,symbolic,base_conversion,easy,45,734,123,0.167574931880109,4.195559628585434,0.06724427795124668,28,"28,36,119,0,7,78",True,False,735
symb-easy-16,symbolic,base_conversion,easy,47,734,125,0.17029972752043596,4.420648226601545,0.04420228292358814,12,"12,34,64,26,67,112",True,False,735
symb-easy-16,symbolic,base_conversion,easy,49,734,122,0.16621253405994552,4.284736354080495,0.047153980567501544,107,"107,115,56,78,16,35",True,False,735
symb-easy-16,symbolic,base_conversion,easy,51,734,127,0.17302452316076294,4.474900464719785,0.04082684874390716,78,"78,19,124,0,11,24",True,False,735
symb-hard-03,symbolic,numeral_system,hard,1,344,128,0.37209302325581395,4.670893156139528,0.02267016677364382,84,"84,64,77,14,83,100",True,False,345
symb-hard-03,symbolic,numeral_system,hard,3,344,126,0.36627906976744184,4.507525817857736,0.036310392529976074,96,"96,121,70,115,122,95",True,False,345
symb-hard-03,symbolic,numeral_system,hard,6,344,120,0.3488372093023256,4.262616508543674,0.055822183412460584,52,"52,93,29,111,127,14",True,False,345
symb-hard-03,symbolic,numeral_system,hard,8,344,100,0.29069767441860467,3.4126008884863523,0.19385949547731676,69,"69,49,54,12,23,90",True,False,345
symb-hard-03,symbolic,numeral_system,hard,10,344,92,0.26744186046511625,3.2859495425992744,0.15982704704922662,48,"48,28,39,124,121,67",True,False,345
symb-hard-03,symbolic,numeral_system,hard,13,344,93,0.2703488372093023,3.6219042456488304,0.07865476826346175,65,"65,67,120,13,95,114",True,False,345
symb-hard-03,symbolic,numeral_system,hard,15,344,98,0.28488372093023256,3.302375558313455,0.25887817555232967,17,"17,69,113,125,86,40",True,False,345
symb-hard-03,symbolic,numeral_system,hard,17,344,82,0.23837209302325582,3.688969193422134,0.11605044780496293,30,"30,74,102,109,62,59",True,False,345
symb-hard-03,symbolic,numeral_system,hard,20,344,99,0.2877906976744186,3.727935906293005,0.13216254340924646,58,"58,16,105,116,98,41",True,False,345
symb-hard-03,symbolic,numeral_system,hard,22,344,114,0.3313953488372093,3.910197720903804,0.10632090973396637,94,"94,55,9,101,17,7",True,False,345
symb-hard-03,symbolic,numeral_system,hard,24,344,96,0.27906976744186046,3.4246091578103313,0.16060036138644077,20,"20,87,17,79,35,75",True,False,345
symb-hard-03,symbolic,numeral_system,hard,27,344,103,0.29941860465116277,3.9392605179364515,0.07327842679481472,37,"37,125,32,0,5,101",True,False,345
symb-hard-03,symbolic,numeral_system,hard,29,344,113,0.32848837209302323,3.9672555411159562,0.09002289333517008,94,"94,44,47,116,84,40",True,False,345
symb-hard-03,symbolic,numeral_system,hard,31,344,113,0.32848837209302323,3.7171957190800526,0.2180037255900714,75,"75,85,61,21,58,98",True,False,345
symb-hard-03,symbolic,numeral_system,hard,34,344,103,0.29941860465116277,3.7677820864319576,0.11704909666932471,80,"80,4,27,55,23,21",True,False,345
symb-hard-03,symbolic,numeral_system,hard,36,344,111,0.3226744186046512,3.849872242812259,0.20914887398790633,103,"103,22,65,75,34,120",True,False,345
symb-hard-03,symbolic,numeral_system,hard,38,344,109,0.3168604651162791,3.6566780021153305,0.1304376893422971,18,"18,57,88,84,64,23",True,False,345
symb-hard-03,symbolic,numeral_system,hard,40,344,106,0.3081395348837209,3.5194457780739725,0.2267151712115902,15,"15,107,81,21,125,44",True,False,345
symb-hard-03,symbolic,numeral_system,hard,43,344,110,0.31976744186046513,3.649867655326329,0.18601957909585393,51,"51,56,6,7,47,105",True,False,345
symb-hard-03,symbolic,numeral_system,hard,45,344,114,0.3313953488372093,3.838573331479529,0.10868492635807898,74,"74,55,83,103,7,78",True,False,345
symb-hard-03,symbolic,numeral_system,hard,47,344,116,0.3372093023255814,4.076844578961236,0.10363198157084633,64,"64,12,61,34,114,40",True,False,345
symb-hard-03,symbolic,numeral_system,hard,49,344,116,0.3372093023255814,4.218224895776593,0.055819635138907156,63,"63,77,61,49,43,16",True,False,345
symb-hard-03,symbolic,numeral_system,hard,51,344,123,0.35755813953488375,4.41843202636145,0.05751065827701946,55,"55,12,9,19,99,85",True,False,345
symb-hard-06,symbolic,unit_conversion,hard,1,3071,128,0.04168023445131879,4.576072856773356,0.02944407065026413,71,"71,84,2,94,20,124",,True,3072
symb-hard-06,symbolic,unit_conversion,hard,3,3071,128,0.04168023445131879,4.6132656436332855,0.030158707646680747,96,"96,37,117,19,115,94",,True,3072
symb-hard-06,symbolic,unit_conversion,hard,6,3071,124,0.040377727124715074,4.409532375865119,0.03557821221064872,23,"23,47,1,93,58,68",,True,3072
symb-hard-06,symbolic,unit_conversion,hard,8,3071,123,0.04005210029306415,4.246752778936981,0.04736491674958912,77,"77,23,12,116,10,114",,True,3072
symb-hard-06,symbolic,unit_conversion,hard,10,3071,123,0.04005210029306415,3.90399274861724,0.11121760742437983,37,"37,114,39,85,115,56",,True,3072
symb-hard-06,symbolic,unit_conversion,hard,13,3071,121,0.039400846629762294,3.855141151999043,0.1339328833851289,65,"65,30,4,13,120,35",,True,3072
symb-hard-06,symbolic,unit_conversion,hard,15,3071,124,0.040377727124715074,3.832175440091091,0.17035252191730701,17,"17,70,67,35,68,69",,True,3072
symb-hard-06,symbolic,unit_conversion,hard,17,3071,113,0.036795831976554866,3.8201562095197126,0.09628038819592617,62,"62,107,21,106,14,101",,True,3072
symb-hard-06,symbolic,unit_conversion,hard,20,3071,120,0.03907521979811136,4.1561365858876655,0.056695713444640174,116,"116,22,93,76,105,30",,True,3072
symb-hard-06,symbolic,unit_conversion,hard,22,3071,128,0.04168023445131879,4.036363318631975,0.12629007335691683,94,"94,9,17,46,7,101",,True,3072
symb-hard-06,symbolic,unit_conversion,hard,24,3071,123,0.04005210029306415,3.866153048420194,0.1049085425688562,79,"79,32,75,50,35,87",,True,3072
symb-hard-06,symbolic,unit_conversion,hard,27,3071,124,0.040377727124715074,4.204933130462161,0.06164122086428173,5,"5,64,0,69,11,89",,True,3072
symb-hard-06,symbolic,unit_conversion,hard,29,3071,127,0.04135460761966786,4.061060645989268,0.1539659939261447,94,"94,47,83,75,33,107",,True,3072
symb-hard-06,symbolic,unit_conversion,hard,31,3071,125,0.040703353956366005,3.9331164598059396,0.11692364104672412,23,"23,75,85,21,58,111",,True,3072
symb-hard-06,symbolic,unit_conversion,hard,34,3071,124,0.040377727124715074,3.8833698426579066,0.11736827096970118,98,"98,27,80,86,55,4",,True,3072
symb-hard-06,symbolic,unit_conversion,hard,36,3071,126,0.041028980788016936,4.390632832657244,0.047009025019605556,104,"104,25,20,12,66,23",,True,3072
symb-hard-06,symbolic,unit_conversion,hard,38,3071,125,0.040703353956366005,4.043935228116869,0.13582413320590866,54,"54,11,75,37,57,64",,True,3072
symb-hard-06,symbolic,unit_conversion,hard,40,3071,121,0.039400846629762294,4.201826723356661,0.10491349046118785,44,"44,56,25,57,73,88",,True,3072
symb-hard-06,symbolic,unit_conversion,hard,43,3071,124,0.040377727124715074,4.062972426201615,0.07967662471043349,46,"46,105,6,7,43,118",,True,3072
symb-hard-06,symbolic,unit_conversion,hard,45,3071,127,0.04135460761966786,4.348873336270397,0.043678003347969334,36,"36,25,24,0,31,16",,True,3072
symb-hard-06,symbolic,unit_conversion,hard,47,3071,126,0.041028980788016936,4.322737249646747,0.06959577950302584,12,"12,64,34,109,82,7",,True,3072
symb-hard-06,symbolic,unit_conversion,hard,49,3071,124,0.040377727124715074,4.328831327408551,0.06066978690200114,56,"56,33,123,16,27,14",,True,3072
symb-hard-06,symbolic,unit_conversion,hard,51,3071,128,0.04168023445131879,4.391391399658036,0.0401332134930811,55,"55,94,66,122,48,11",,True,3072
symb-hard-09,symbolic,text_cipher,hard,1,1950,128,0.06564102564102564,4.672263332498714,0.020322939566613595,51,"51,100,35,107,76,85",True,False,1951
symb-hard-09,symbolic,text_cipher,hard,3,1950,128,0.06564102564102564,4.553941775483087,0.05539717023815924,96,"96,100,115,70,88,0",True,False,1951
symb-hard-09,symbolic,text_cipher,hard,6,1950,125,0.0641025641025641,4.365297469232658,0.08141148918292687,111,"111,52,127,93,33,29",True,False,1951
symb-hard-09,symbolic,text_cipher,hard,8,1950,121,0.062051282051282054,3.8954340192295134,0.1384967572496012,69,"69,70,77,110,54,90",True,False,1951
symb-hard-09,symbolic,text_cipher,hard,10,1950,119,0.06102564102564102,3.6882519883400984,0.22242043363644973,48,"48,111,49,121,39,42",True,False,1951
symb-hard-09,symbolic,text_cipher,hard,13,1950,113,0.05794871794871795,3.8086144147014056,0.14625024802166103,104,"104,120,35,65,87,64",True,False,1951
symb-hard-09,symbolic,text_cipher,hard,15,1950,123,0.06307692307692307,3.828784733609983,0.14054239513052616,17,"17,125,113,67,39,102",True,False,1951
symb-hard-09,symbolic,text_cipher,hard,17,1950,115,0.05897435897435897,3.894142260654733,0.07755782651596992,30,"30,74,14,111,35,21",True,False,1951
symb-hard-09,symbolic,text_cipher,hard,20,1950,123,0.06307692307692307,3.9921560682518153,0.09639083827039903,58,"58,105,85,30,16,47",True,False,1951
symb-hard-09,symbolic,text_cipher,hard,22,1950,127,0.06512820512820512,4.18811075010835,0.08730234546092522,94,"94,55,7,17,20,15",True,False,1951
symb-hard-09,symbolic,text_cipher,hard,24,1950,120,0.06153846153846154,3.7787080233915473,0.17049344352149667,20,"20,87,35,24,50,125",True,False,1951
symb-hard-09,symbolic,text_cipher,hard,27,1950,125,0.0641025641025641,4.111293534769247,0.08707534259026803,37,"37,11,0,73,69,32",True,False,1951
symb-hard-09,symbolic,text_cipher,hard,29,1950,125,0.0641025641025641,4.0633412154881094,0.12976316503940405,44,"44,47,13,40,94,88",True,False,1951
symb-hard-09,symbolic,text_cipher,hard,31,1950,127,0.06512820512820512,4.188392469159037,0.0784406255916108,4,"4,61,58,1,37,85",True,False,1951
symb-hard-09,symbolic,text_cipher,hard,34,1950,123,0.06307692307692307,3.8658208599336277,0.15687945905285722,4,"4,23,80,33,85,89",True,False,1951
symb-hard-09,symbolic,text_cipher,hard,36,1950,122,0.06256410256410257,4.259484041101535,0.05153638889608791,114,"114,12,103,20,96,34",True,False,1951
symb-hard-09,symbolic,text_cipher,hard,38,1950,125,0.0641025641025641,4.1418224196476,0.07178836752774376,1,"1,88,64,119,92,100",True,False,1951
symb-hard-09,symbolic,text_cipher,hard,40,1950,119,0.06102564102564102,3.8346386253315443,0.1566924159172581,15,"15,126,56,57,90,32",True,False,1951
symb-hard-09,symbolic,text_cipher,hard,43,1950,121,0.062051282051282054,3.72150737885911,0.20620391282612544,51,"51,20,109,107,56,15",True,False,1951
symb-hard-09,symbolic,text_cipher,hard,45,1950,125,0.0641025641025641,4.373370063301882,0.04891126325973752,36,"36,103,53,0,7,91",True,False,1951
symb-hard-09,symbolic,text_cipher,hard,47,1950,124,0.06358974358974359,4.403211211497668,0.06334503885953123,116,"116,34,61,12,77,126",True,False,1951
symb-hard-09,symbolic,text_cipher,hard,49,1950,125,0.0641025641025641,4.212486658228547,0.05759930240392476,95,"95,115,77,92,16,117",True,False,1951
symb-hard-09,symbolic,text_cipher,hard,51,1950,128,0.06564102564102564,4.527166492175715,0.037691329802741536,19,"19,30,81,113,124,79",True,False,1951
symb-hard-12,symbolic,bit_manipulation,hard,1,3071,128,0.04168023445131879,4.689473995604975,0.03707146416647621,12,"12,40,61,9,4,31",,True,3072
symb-hard-12,symbolic,bit_manipulation,hard,3,3071,128,0.04168023445131879,4.6169066351456385,0.04228095301126135,81,"81,7,96,88,105,5",,True,3072
symb-hard-12,symbolic,bit_manipulation,hard,6,3071,127,0.04135460761966786,4.506035116282137,0.04469633238056518,111,"111,22,21,60,75,80",,True,3072
symb-hard-12,symbolic,bit_manipulation,hard,8,3071,125,0.040703353956366005,4.194952267902347,0.11948890026534476,4,"4,77,20,55,81,38",,True,3072
symb-hard-12,symbolic,bit_manipulation,hard,10,3071,125,0.040703353956366005,3.925724892094484,0.11405116234831536,48,"48,124,123,63,111,46",,True,3072
symb-hard-12,symbolic,bit_manipulation,hard,13,3071,121,0.039400846629762294,4.035872929725259,0.0810618238976361,35,"35,4,104,21,59,87",,True,3072
symb-hard-12,symbolic,bit_manipulation,hard,15,3071,124,0.040377727124715074,4.213548544681942,0.05251766248117692,125,"125,113,17,94,86,102",,True,3072
symb-hard-12,symbolic,bit_manipulation,hard,17,3071,119,0.03874959296646044,4.1549543310120995,0.05363854905615543,33,"33,21,27,35,116,102",,True,3072
symb-hard-12,symbolic,bit_manipulation,hard,20,3071,124,0.040377727124715074,4.167426201757718,0.10044759982832101,85,"85,52,105,115,86,30",,True,3072
symb-hard-12,symbolic,bit_manipulation,hard,22,3071,128,0.04168023445131879,4.300052404767833,0.09417021895838423,55,"55,94,52,7,17,72",,True,3072
symb-hard-12,symbolic,bit_manipulation,hard,24,3071,122,0.03972647346141322,4.1103161492097735,0.08350043413175783,20,"20,87,41,35,75,31",,True,3072
symb-hard-12,symbolic,bit_manipulation,hard,27,3071,126,0.041028980788016936,4.204995437389485,0.08206735842401804,0,"0,29,37,36,32,105",,True,3072
symb-hard-12,symbolic,bit_manipulation,hard,29,3071,126,0.041028980788016936,4.363170003027665,0.06761521591309035,47,"47,121,116,13,43,33",,True,3072
symb-hard-12,symbolic,bit_manipulation,hard,31,3071,127,0.04135460761966786,4.361331540170297,0.07726450362422466,75,"75,53,61,17,54,125",,True,3072
symb-hard-12,symbolic,bit_manipulation,hard,34,3071,125,0.040703353956366005,4.38406225910105,0.04979814476191293,4,"4,95,124,127,58,47",,True,3072
symb-hard-12,symbolic,bit_manipulation,hard,36,3071,125,0.040703353956366005,4.249222557549893,0.07659346167992039,96,"96,124,12,114,26,100",,True,3072
symb-hard-12,symbolic,bit_manipulation,hard,38,3071,126,0.041028980788016936,4.307417353534255,0.053695234516137266,57,"57,11,100,127,56,105",,True,3072
symb-hard-12,symbolic,bit_manipulation,hard,40,3071,123,0.04005210029306415,3.8651654243404576,0.09634158089825912,112,"112,71,90,114,62,100",,True,3072
symb-hard-12,symbolic,bit_manipulation,hard,43,3071,123,0.04005210029306415,4.19903898592712,0.07571312264598912,20,"20,56,32,57,99,109",,True,3072
symb-hard-12,symbolic,bit_manipulation,hard,45,3071,127,0.04135460761966786,4.445504573922461,0.03949604590056129,108,"108,97,88,78,73,91",,True,3072
symb-hard-12,symbolic,bit_manipulation,hard,47,3071,125,0.040703353956366005,4.484053251858747,0.039997373524853067,40,"40,118,98,112,77,114",,True,3072
symb-hard-12,symbolic,bit_manipulation,hard,49,3071,125,0.040703353956366005,4.2250507857528214,0.06489363880734426,78,"78,24,107,56,115,127",,True,3072
symb-hard-12,symbolic,bit_manipulation,hard,51,3071,128,0.04168023445131879,4.545919450340712,0.030649437383446484,0,"0,30,78,42,19,72",,True,3072
symb-hard-15,symbolic,symbol_transform,hard,1,634,127,0.20031545741324921,4.612518708614676,0.029832712967305823,50,"50,52,83,29,109,77",True,False,635
symb-hard-15,symbolic,symbol_transform,hard,3,634,128,0.20189274447949526,4.5370444401854115,0.03736444901508519,100,"100,96,115,54,84,117",True,False,635
symb-hard-15,symbolic,symbol_transform,hard,6,634,127,0.20031545741324921,4.4362663433179605,0.05269566852812086,111,"111,93,45,105,15,86",True,False,635
symb-hard-15,symbolic,symbol_transform,hard,8,634,118,0.1861198738170347,4.275034460983223,0.052019770963288414,77,"77,120,90,23,87,116",True,False,635
symb-hard-15,symbolic,symbol_transform,hard,10,634,116,0.1829652996845426,4.124827891412506,0.08542865354952416,46,"46,76,91,84,37,48",True,False,635
symb-hard-15,symbolic,symbol_transform,hard,13,634,112,0.17665615141955837,4.011475394529633,0.08949459195524462,46,"46,35,63,65,34,87",True,False,635
symb-hard-15,symbolic,symbol_transform,hard,15,634,119,0.18769716088328076,3.939599132538532,0.13590875883007758,125,"125,17,102,89,40,67",True,False,635
symb-hard-15,symbolic,symbol_transform,hard,17,634,102,0.1608832807570978,3.91937007888932,0.10626370401861321,30,"30,21,116,74,35,38",True,False,635
symb-hard-15,symbolic,symbol_transform,hard,20,634,117,0.18454258675078863,4.055004158188526,0.10947914862404201,16,"16,85,47,105,66,23",True,False,635
symb-hard-15,symbolic,symbol_transform,hard,22,634,127,0.20031545741324921,4.305278237978678,0.0757945865674558,94,"94,7,55,32,20,17",True,False,635
symb-hard-15,symbolic,symbol_transform,hard,24,634,116,0.1829652996845426,4.200894991398251,0.07035389008614548,79,"79,20,35,24,125,46",True,False,635
symb-hard-15,symbolic,symbol_transform,hard,27,634,119,0.18769716088328076,4.260952720228763,0.047711517471873195,11,"11,13,64,16,14,39",True,False,635
symb-hard-15,symbolic,symbol_transform,hard,29,634,123,0.19400630914826497,4.261579048187658,0.05629077944651587,33,"33,47,40,98,13,116",True,False,635
symb-hard-15,symbolic,symbol_transform,hard,31,634,121,0.19085173501577288,4.230975992795693,0.06986312057125399,58,"58,61,53,103,21,33",True,False,635
symb-hard-15,symbolic,symbol_transform,hard,34,634,115,0.18138801261829654,4.211802469016407,0.05180655534020107,55,"55,124,89,95,53,111",True,False,635
symb-hard-15,symbolic,symbol_transform,hard,36,634,121,0.19085173501577288,4.259678820582697,0.06497368290125624,114,"114,26,65,12,60,22",True,False,635
symb-hard-15,symbolic,symbol_transform,hard,38,634,119,0.18769716088328076,4.325251441987165,0.045054325118941495,93,"93,119,76,3,64,88",True,False,635
symb-hard-15,symbolic,symbol_transform,hard,40,634,121,0.19085173501577288,4.2346580753249965,0.04584357035315417,63,"63,90,126,71,125,111",True,False,635
symb-hard-15,symbolic,symbol_transform,hard,43,634,119,0.18769716088328076,4.123786454044301,0.08849372887637323,46,"46,107,7,91,11,99",True,False,635
symb-hard-15,symbolic,symbol_transform,hard,45,634,119,0.18769716088328076,4.302745775488907,0.05275693291982831,108,"108,36,74,78,72,91",True,False,635
symb-hard-15,symbolic,symbol_transform,hard,47,634,120,0.1892744479495268,4.344108555791564,0.0591987588079982,34,"34,12,10,61,41,81",True,False,635
symb-hard-15,symbolic,symbol_transform,hard,49,634,117,0.18454258675078863,4.182459770625855,0.06228388785862669,78,"78,16,24,115,25,85",True,False,635
symb-hard-15,symbolic,symbol_transform,hard,51,634,128,0.20189274447949526,4.54656198223655,0.035836175437298036,19,"19,78,72,112,0,27",True,False,635
symb-hard-18,symbolic,base_conversion,hard,1,1726,128,0.07415990730011587,4.708904763435599,0.024265692863704474,107,"107,68,4,100,79,21",True,False,1727
symb-hard-18,symbolic,base_conversion,hard,3,1726,128,0.07415990730011587,4.629973810064946,0.03676630425250197,96,"96,117,48,88,100,115",True,False,1727
symb-hard-18,symbolic,base_conversion,hard,6,1726,128,0.07415990730011587,4.498759031538174,0.05219551119112972,93,"93,111,15,92,29,52",True,False,1727
symb-hard-18,symbolic,base_conversion,hard,8,1726,123,0.0712630359212051,4.126179584538246,0.07839954166185034,102,"102,72,69,90,77,1",True,False,1727
symb-hard-18,symbolic,base_conversion,hard,10,1726,124,0.07184241019698726,3.7251268077503172,0.21321046587539938,48,"48,46,39,7,37,111",True,False,1727
symb-hard-18,symbolic,base_conversion,hard,13,1726,119,0.06894553881807648,3.8053141434343876,0.15663839351336403,4,"4,104,35,120,67,65",True,False,1727
symb-hard-18,symbolic,base_conversion,hard,15,1726,126,0.07300115874855156,3.8936909885142743,0.17180456921893456,17,"17,125,67,69,113,86",True,False,1727
symb-hard-18,symbolic,base_conversion,hard,17,1726,114,0.0660486674391657,4.182051991576066,0.0534086858516283,33,"33,30,74,59,12,35",True,False,1727
symb-hard-18,symbolic,base_conversion,hard,20,1726,124,0.07184241019698726,4.134705542208711,0.10404613075990905,58,"58,16,47,85,105,93",True,False,1727
symb-hard-18,symbolic,base_conversion,hard,22,1726,128,0.07415990730011587,4.410312324979838,0.06604414867359501,94,"94,7,55,20,32,9",True,False,1727
symb-hard-18,symbolic,base_conversion,hard,24,1726,123,0.0712630359212051,3.8829868446408784,0.18844062732647884,20,"20,79,87,35,24,41",True,False,1727
symb-hard-18,symbolic,base_conversion,hard,27,1726,125,0.07242178447276941,4.371113760276782,0.03800684241414131,11,"11,32,13,69,39,37",True,False,1727
symb-hard-18,symbolic,base_conversion,hard,29,1726,127,0.07358053302433372,4.29309353851811,0.06430763885719044,44,"44,40,94,47,116,80",True,False,1727
symb-hard-18,symbolic,base_conversion,hard,31,1726,126,0.07300115874855156,4.021835929522452,0.1729000684582168,75,"75,58,61,21,4,98",True,False,1727
symb-hard-18,symbolic,base_conversion,hard,34,1726,123,0.0712630359212051,4.068511465871785,0.1267774105204161,4,"4,98,27,21,80,89",True,False,1727
symb-hard-18,symbolic,base_conversion,hard,36,1726,125,0.07242178447276941,4.377695966033692,0.03645056823526333,12,"12,65,114,69,103,122",True,False,1727
symb-hard-18,symbolic,base_conversion,hard,38,1726,125,0.07242178447276941,4.2471751455494715,0.05806671141542986,11,"11,88,99,84,57,119",True,False,1727
symb-hard-18,symbolic,base_conversion,hard,40,1726,124,0.07184241019698726,3.9013968421280345,0.1576798445101824,15,"15,125,90,12,38,107",True,False,1727
symb-hard-18,symbolic,base_conversion,hard,43,1726,123,0.0712630359212051,3.9587989845118927,0.15554922934721574,56,"56,51,37,107,15,120",True,False,1727
symb-hard-18,symbolic,base_conversion,hard,45,1726,125,0.07242178447276941,4.110915914368396,0.10344608681763116,28,"28,74,36,108,0,103",True,False,1727
symb-hard-18,symbolic,base_conversion,hard,47,1726,126,0.07300115874855156,4.342750173770642,0.04709123624499101,34,"34,12,116,114,61,98",True,False,1727
symb-hard-18,symbolic,base_conversion,hard,49,1726,126,0.07300115874855156,4.266388978444544,0.05218148451336719,77,"77,85,24,127,16,46",True,False,1727
symb-hard-18,symbolic,base_conversion,hard,51,1726,127,0.07358053302433372,4.542114338035283,0.034175110128778156,55,"55,3,91,19,78,21",True,False,1727
symb-medi-02,symbolic,numeral_system,medium,1,252,127,0.503968253968254,4.666876638251175,0.02823312489016092,47,"47,69,14,123,85,80",True,False,253
symb-medi-02,symbolic,numeral_system,medium,3,252,125,0.49603174603174605,4.5081235183543615,0.05208641736097656,96,"96,70,115,54,88,76",True,False,253
symb-medi-02,symbolic,numeral_system,medium,6,252,124,0.49206349206349204,4.387956208359073,0.0490814616086779,93,"93,29,52,111,127,15",True,False,253
symb-medi-02,symbolic,numeral_system,medium,8,252,103,0.4087301587301587,3.720154649485382,0.14243352075418908,69,"69,49,23,54,90,12",True,False,253
symb-medi-02,symbolic,numeral_system,medium,10,252,90,0.35714285714285715,3.4063682385584286,0.18008770843735947,48,"48,28,46,124,39,121",True,False,253
symb-medi-02,symbolic,numeral_system,medium,13,252,91,0.3611111111111111,3.79025796906054,0.06341353869750746,67,"67,34,35,3,104,62",True,False,253
symb-medi-02,symbolic,numeral_system,medium,15,252,102,0.40476190476190477,3.5053837549807785,0.2400576317504753,17,"17,69,125,113,29,51",True,False,253
symb-medi-02,symbolic,numeral_system,medium,17,252,91,0.3611111111111111,3.846847395106774,0.11480753867643591,30,"30,74,32,59,109,111",True,False,253
symb-medi-02,symbolic,numeral_system,medium,20,252,105,0.4166666666666667,3.8163373645646237,0.13281926956338425,58,"58,16,105,47,41,19",True,False,253
symb-medi-02,symbolic,numeral_system,medium,22,252,116,0.4603174603174603,4.241865713154248,0.06461652274349149,94,"94,101,55,9,7,58",True,False,253
symb-medi-02,symbolic,numeral_system,medium,24,252,97,0.38492063492063494,3.5945047445441287,0.1718516153183785,20,"20,79,87,17,75,78",True,False,253
symb-medi-02,symbolic,numeral_system,medium,27,252,99,0.39285714285714285,4.084034462428707,0.08534068806871929,37,"37,32,39,11,105,64",True,False,253
symb-medi-02,symbolic,numeral_system,medium,29,252,105,0.4166666666666667,4.178464658130008,0.06210687650046213,44,"44,47,116,94,84,105",True,False,253
symb-medi-02,symbolic,numeral_system,medium,31,252,110,0.4365079365079365,3.9064221407307884,0.20264222006629382,75,"75,61,21,58,85,4",True,False,253
symb-medi-02,symbolic,numeral_system,medium,34,252,106,0.42063492063492064,3.903945996370645,0.10634554065885891,4,"4,80,21,23,95,55",True,False,253
symb-medi-02,symbolic,numeral_system,medium,36,252,108,0.42857142857142855,3.982143894922606,0.16665830258159584,103,"103,105,34,22,65,121",True,False,253
symb-medi-02,symbolic,numeral_system,medium,38,252,103,0.4087301587301587,3.9361687364487303,0.09842702385457339,18,"18,88,23,57,84,99",True,False,253
symb-medi-02,symbolic,numeral_system,medium,40,252,99,0.39285714285714285,3.608572209756747,0.2179060901214273,15,"15,107,125,100,21,44",True,False,253
symb-medi-02,symbolic,numeral_system,medium,43,252,104,0.4126984126984127,3.6294392874913273,0.17574640103592348,56,"56,51,46,107,6,47",True,False,253
symb-medi-02,symbolic,numeral_system,medium,45,252,113,0.44841269841269843,3.8444896244561146,0.13726687151839814,74,"74,55,83,28,108,78",True,False,253
symb-medi-02,symbolic,numeral_system,medium,47,252,117,0.4642857142857143,4.308182788189382,0.0636430881017257,64,"64,12,34,61,114,116",True,False,253
symb-medi-02,symbolic,numeral_system,medium,49,252,108,0.42857142857142855,4.189478049255215,0.06935724012639577,77,"77,63,46,115,24,49",True,False,253
symb-medi-02,symbolic,numeral_system,medium,51,252,125,0.49603174603174605,4.466804038003841,0.052704464105273297,12,"12,55,81,25,3,27",True,False,253
symb-medi-05,symbolic,unit_conversion,medium,1,3071,128,0.04168023445131879,4.582102877608225,0.026443112655854015,71,"71,84,68,94,124,13",,True,3072
symb-medi-05,symbolic,unit_conversion,medium,3,3071,128,0.04168023445131879,4.622003461971472,0.02425800197564256,117,"117,37,96,12,19,112",,True,3072
symb-medi-05,symbolic,unit_conversion,medium,6,3071,124,0.040377727124715074,4.412435384427481,0.03853885471138414,23,"23,47,38,110,68,67",,True,3072
symb-medi-05,symbolic,unit_conversion,medium,8,3071,121,0.039400846629762294,4.287939883752883,0.04776298742834254,114,"114,77,23,10,116,29",,True,3072
symb-medi-05,symbolic,unit_conversion,medium,10,3071,124,0.040377727124715074,3.9258320567016605,0.10292432487703279,37,"37,114,85,123,66,24",,True,3072
symb-medi-05,symbolic,unit_conversion,medium,13,3071,119,0.03874959296646044,3.896727263685961,0.12341172036236084,65,"65,4,30,13,35,104",,True,3072
symb-medi-05,symbolic,unit_conversion,medium,15,3071,124,0.040377727124715074,3.823401251845493,0.15832430691625343,17,"17,67,35,70,68,69",,True,3072
symb-medi-05,symbolic,unit_conversion,medium,17,3071,112,0.03647020514490394,3.7910078191063645,0.10317794654027716,62,"62,107,21,14,101,106",,True,3072
symb-medi-05,symbolic,unit_conversion,medium,20,3071,120,0.03907521979811136,4.120348949538698,0.0713665441706307,116,"116,93,76,22,30,17",,True,3072
symb-medi-05,symbolic,unit_conversion,medium,22,3071,128,0.04168023445131879,4.021496366191977,0.11333229131830533,94,"94,9,17,7,68,101",,True,3072
symb-medi-05,symbolic,unit_conversion,medium,24,3071,123,0.04005210029306415,3.8750516476245163,0.09513214464248539,79,"79,32,35,50,75,24",,True,3072
symb-medi-05,symbolic,unit_conversion,medium,27,3071,124,0.040377727124715074,4.1886139083423615,0.05982109761649462,5,"5,0,69,64,11,39",,True,3072
symb-medi-05,symbolic,unit_conversion,medium,29,3071,127,0.04135460761966786,4.057639634987859,0.14953737002477155,94,"94,75,33,47,107,83",,True,3072
symb-medi-05,symbolic,unit_conversion,medium,31,3071,121,0.039400846629762294,3.94947682311722,0.11504397650725826,23,"23,75,85,21,111,58",,True,3072
symb-medi-05,symbolic,unit_conversion,medium,34,3071,123,0.04005210029306415,3.896489088979864,0.11431955560352901,98,"98,80,27,86,55,4",,True,3072
symb-medi-05,symbolic,unit_conversion,medium,36,3071,124,0.040377727124715074,4.408800354471036,0.04545546402587676,104,"104,20,66,25,12,23",,True,3072
symb-medi-05,symbolic,unit_conversion,medium,38,3071,126,0.041028980788016936,4.023559059925455,0.12888548500192648,54,"54,11,75,57,37,64",,True,3072
symb-medi-05,symbolic,unit_conversion,medium,40,3071,123,0.04005210029306415,4.151541650508948,0.1083001399179572,44,"44,56,88,68,57,73",,True,3072
symb-medi-05,symbolic,unit_conversion,medium,43,3071,126,0.041028980788016936,4.0502306400092385,0.08605165730849086,105,"105,6,46,7,43,56",,True,3072
symb-medi-05,symbolic,unit_conversion,medium,45,3071,126,0.041028980788016936,4.3793365754379465,0.05363001139830318,36,"36,103,121,24,16,25",,True,3072
symb-medi-05,symbolic,unit_conversion,medium,47,3071,125,0.040703353956366005,4.2978713980374454,0.07150539329526077,12,"12,64,34,82,61,33",,True,3072
symb-medi-05,symbolic,unit_conversion,medium,49,3071,123,0.04005210029306415,4.343135988764986,0.048144041691489114,56,"56,33,16,61,27,43",,True,3072
symb-medi-05,symbolic,unit_conversion,medium,51,3071,128,0.04168023445131879,4.439604935396856,0.04217753605937793,55,"55,48,19,11,66,94",,True,3072
symb-medi-08,symbolic,text_cipher,medium,1,1834,128,0.0697928026172301,4.705872042583652,0.024597545096373498,3,"3,51,44,80,101,127",False,False,1835
symb-medi-08,symbolic,text_cipher,medium,3,1834,128,0.0697928026172301,4.593895414275027,0.055445080352439724,96,"96,88,24,100,61,70",False,False,1835
symb-medi-08,symbolic,text_cipher,medium,6,1834,126,0.06870229007633588,4.4433707672070675,0.07161351397684039,111,"111,52,127,33,15,93",False,False,1835
symb-medi-08,symbolic,text_cipher,medium,8,1834,121,0.06597600872410032,3.8934697360678667,0.1312958320315407,69,"69,70,77,54,110,109",False,False,1835
symb-medi-08,symbolic,text_cipher,medium,10,1834,121,0.06597600872410032,3.759293852870016,0.23120279943176011,48,"48,111,65,49,7,19",False,False,1835
symb-medi-08,symbolic,text_cipher,medium,13,1834,114,0.062159214830970554,3.8666386299089686,0.13310721493084327,104,"104,120,35,21,64,87",False,False,1835
symb-medi-08,symbolic,text_cipher,medium,15,1834,124,0.06761177753544166,3.7728436405721166,0.17065182875856044,17,"17,125,113,54,91,86",False,False,1835
symb-medi-08,symbolic,text_cipher,medium,17,1834,116,0.06324972737186478,4.143981055922617,0.06372822841127748,30,"30,111,74,14,116,59",False,False,1835
symb-medi-08,symbolic,text_cipher,medium,20,1834,123,0.06706652126499454,3.9731352319168587,0.12251464986216412,58,"58,85,105,16,87,30",False,False,1835
symb-medi-08,symbolic,text_cipher,medium,22,1834,128,0.0697928026172301,4.318897530390301,0.0707674435776976,55,"55,94,7,32,48,72",False,False,1835
symb-medi-08,symbolic,text_cipher,medium,24,1834,121,0.06597600872410032,3.921461544980398,0.14522383090588661,20,"20,87,35,50,24,46",False,False,1835
symb-medi-08,symbolic,text_cipher,medium,27,1834,125,0.06815703380588876,4.27555354968071,0.05243157139098247,37,"37,0,11,101,105,39",False,False,1835
symb-medi-08,symbolic,text_cipher,medium,29,1834,126,0.06870229007633588,4.143188577268635,0.13914880426355314,44,"44,40,13,47,116,73",False,False,1835
symb-medi-08,symbolic,text_cipher,medium,31,1834,126,0.06870229007633588,4.238114575952891,0.06775824719328412,61,"61,4,1,58,31,59",False,False,1835
symb-medi-08,symbolic,text_cipher,medium,34,1834,124,0.06761177753544166,3.864952191866523,0.1938929890507282,4,"4,23,33,85,89,62",False,False,1835
symb-medi-08,symbolic,text_cipher,medium,36,1834,124,0.06761177753544166,4.328545952682011,0.0764192915491363,114,"114,0,12,34,16,37",False,False,1835
symb-medi-08,symbolic,text_cipher,medium,38,1834,125,0.06815703380588876,4.2094731378568095,0.09484016230971593,88,"88,119,64,57,100,92",False,False,1835
symb-medi-08,symbolic,text_cipher,medium,40,1834,120,0.06543075245365322,3.7359617170746584,0.18768752022914845,15,"15,125,126,32,56,90",False,False,1835
symb-medi-08,symbolic,text_cipher,medium,43,1834,123,0.06706652126499454,3.5771949415763733,0.24531781225338803,51,"51,20,120,107,109,56",False,False,1835
symb-medi-08,symbolic,text_cipher,medium,45,1834,126,0.06870229007633588,4.403027602316192,0.04250971786913143,43,"43,108,53,83,36,91",False,False,1835
symb-medi-08,symbolic,text_cipher,medium,47,1834,125,0.06815703380588876,4.327009236886807,0.1049882582504528,116,"116,98,61,77,126,65",False,False,1835
symb-medi-08,symbolic,text_cipher,medium,49,1834,125,0.06815703380588876,4.108459809554314,0.09476920115544356,95,"95,77,24,115,46,92",False,False,1835
symb-medi-08,symbolic,text_cipher,medium,51,1834,128,0.0697928026172301,4.5366017938021646,0.029373875313185745,79,"79,81,91,30,3,19",False,False,1835
symb-medi-11,symbolic,bit_manipulation,medium,1,1954,128,0.06550665301944729,4.664904860530339,0.029440218093977663,12,"12,109,79,50,51,83",True,False,1955
symb-medi-11,symbolic,bit_manipulation,medium,3,1954,128,0.06550665301944729,4.512316137729911,0.05156231859735596,81,"81,7,117,88,100,82",True,False,1955
symb-medi-11,symbolic,bit_manipulation,medium,6,1954,127,0.06499488229273286,4.355235447161785,0.05454059037215542,111,"111,21,75,52,94,60",True,False,1955
symb-medi-11,symbolic,bit_manipulation,medium,8,1954,120,0.06141248720573183,4.101282372631502,0.08934172146057287,4,"4,77,69,90,92,81",True,False,1955
symb-medi-11,symbolic,bit_manipulation,medium,10,1954,123,0.06294779938587512,3.7286218334770167,0.14869164933504886,48,"48,63,124,111,123,7",True,False,1955
symb-medi-11,symbolic,bit_manipulation,medium,13,1954,119,0.0609007164790174,3.9083258444226856,0.1007803201824622,35,"35,4,104,8,87,112",True,False,1955
symb-medi-11,symbolic,bit_manipulation,medium,15,1954,121,0.06192425793244626,4.017823522688496,0.07852172792461316,17,"17,125,102,113,74,64",True,False,1955
symb-medi-11,symbolic,bit_manipulation,medium,17,1954,115,0.05885363357215967,4.01262005311967,0.059535954380836247,21,"21,35,102,27,110,59",True,False,1955
symb-medi-11,symbolic,bit_manipulation,medium,20,1954,122,0.062436028659160696,4.0899752928308075,0.08797137051332997,85,"85,52,30,58,105,93",True,False,1955
symb-medi-11,symbolic,bit_manipulation,medium,22,1954,128,0.06550665301944729,4.194515458707807,0.10421505640256452,55,"55,94,7,32,20,72",True,False,1955
symb-medi-11,symbolic,bit_manipulation,medium,24,1954,120,0.06141248720573183,3.924145795341992,0.10871294472215166,87,"87,20,35,41,46,24",True,False,1955
symb-medi-11,symbolic,bit_manipulation,medium,27,1954,123,0.06294779938587512,4.1422523462055745,0.09427720202884082,0,"0,37,36,11,32,118",True,False,1955
symb-medi-11,symbolic,bit_manipulation,medium,29,1954,126,0.06448311156601842,4.272696600713716,0.09640475223558263,47,"47,116,121,57,33,105",True,False,1955
symb-medi-11,symbolic,bit_manipulation,medium,31,1954,128,0.06550665301944729,4.20277783174263,0.0974296091482934,75,"75,61,53,54,112,125",True,False,1955
symb-medi-11,symbolic,bit_manipulation,medium,34,1954,124,0.06345957011258956,4.160337748535937,0.10358496572255864,4,"4,124,89,95,58,33",True,False,1955
symb-medi-11,symbolic,bit_manipulation,medium,36,1954,123,0.06294779938587512,4.091102040783763,0.0870162777563984,96,"96,124,12,122,114,99",True,False,1955
symb-medi-11,symbolic,bit_manipulation,medium,38,1954,121,0.06192425793244626,4.169318444582349,0.071140464440488,57,"57,116,11,119,110,88",True,False,1955
symb-medi-11,symbolic,bit_manipulation,medium,40,1954,119,0.0609007164790174,3.776699034652853,0.08971726399869298,90,"90,112,56,114,126,100",True,False,1955
symb-medi-11,symbolic,bit_manipulation,medium,43,1954,122,0.062436028659160696,4.078976640102003,0.08010589446926747,56,"56,20,32,109,51,120",True,False,1955
symb-medi-11,symbolic,bit_manipulation,medium,45,1954,124,0.06345957011258956,4.388529518042088,0.04271285697771706,1,"1,108,78,0,83,13",True,False,1955
symb-medi-11,symbolic,bit_manipulation,medium,47,1954,123,0.06294779938587512,4.419559792715287,0.03517006359467036,61,"61,40,77,112,114,118",True,False,1955
symb-medi-11,symbolic,bit_manipulation,medium,49,1954,120,0.06141248720573183,4.21570795029076,0.054409409621901744,107,"107,24,56,78,115,50",True,False,1955
symb-medi-11,symbolic,bit_manipulation,medium,51,1954,128,0.06550665301944729,4.419010472169022,0.03836791249228642,30,"30,124,0,19,81,78",True,False,1955
symb-medi-14,symbolic,symbol_transform,medium,1,369,128,0.34688346883468835,4.607866115503665,0.03102704472281809,50,"50,51,83,99,4,123",True,False,370
symb-medi-14,symbolic,symbol_transform,medium,3,369,125,0.33875338753387535,4.432934482958279,0.05917931161514472,96,"96,100,115,54,12,76",True,False,370
symb-medi-14,symbolic,symbol_transform,medium,6,369,118,0.31978319783197834,4.381413743088471,0.07505920301154631,111,"111,93,15,45,52,29",True,False,370
symb-medi-14,symbolic,symbol_transform,medium,8,369,108,0.2926829268292683,4.156133875371244,0.08416669732207578,77,"77,104,90,115,87,120",True,False,370
symb-medi-14,symbolic,symbol_transform,medium,10,369,105,0.2845528455284553,3.92861781218323,0.09927401145194534,46,"46,84,76,63,39,37",True,False,370
symb-medi-14,symbolic,symbol_transform,medium,13,369,99,0.2682926829268293,3.8671935120246967,0.08425021314503085,46,"46,35,65,63,34,3",True,False,370
symb-medi-14,symbolic,symbol_transform,medium,15,369,113,0.3062330623306233,3.6647604395166096,0.1795724914392693,125,"125,17,102,89,40,95",True,False,370
symb-medi-14,symbolic,symbol_transform,medium,17,369,95,0.25745257452574527,3.877773044020835,0.12213065392064844,30,"30,74,116,21,35,59",True,False,370
symb-medi-14,symbolic,symbol_transform,medium,20,369,106,0.2872628726287263,3.9914842571203053,0.10720887808407588,16,"16,47,105,85,58,98",True,False,370
symb-medi-14,symbolic,symbol_transform,medium,22,369,125,0.33875338753387535,4.269365102235517,0.08271609234749974,94,"94,7,55,17,20,54",True,False,370
symb-medi-14,symbolic,symbol_transform,medium,24,369,112,0.3035230352303523,4.128403055923071,0.06646316716868884,79,"79,20,59,35,24,46",True,False,370
symb-medi-14,symbolic,symbol_transform,medium,27,369,117,0.3170731707317073,4.19527555831297,0.046396235995044104,64,"64,11,73,36,39,13",True,False,370
symb-medi-14,symbolic,symbol_transform,medium,29,369,116,0.3143631436314363,4.229995148446318,0.05502134005925475,47,"47,33,98,94,40,95",True,False,370
symb-medi-14,symbolic,symbol_transform,medium,31,369,118,0.31978319783197834,4.26489251777581,0.05334211449464589,58,"58,61,53,98,21,103",True,False,370
symb-medi-14,symbolic,symbol_transform,medium,34,369,111,0.3008130081300813,4.237179328740957,0.04871880331772172,95,"95,124,55,111,80,89",True,False,370
symb-medi-14,symbolic,symbol_transform,medium,36,369,121,0.32791327913279134,4.268530404920317,0.06268717388473741,114,"114,65,26,12,104,22",True,False,370
symb-medi-14,symbolic,symbol_transform,medium,38,369,119,0.3224932249322493,4.298713088506341,0.04585817412598387,119,"119,93,79,110,64,76",True,False,370
symb-medi-14,symbolic,symbol_transform,medium,40,369,113,0.3062330623306233,4.134261643112245,0.05354423565815319,63,"63,90,100,71,126,111",True,False,370
symb-medi-14,symbolic,symbol_transform,medium,43,369,113,0.3062330623306233,4.094229052080557,0.08336352557121553,46,"46,107,7,56,91,48",True,False,370
symb-medi-14,symbolic,symbol_transform,medium,45,369,120,0.3252032520325203,4.298896520795781,0.04228311457566464,36,"36,74,108,103,78,91",True,False,370
symb-medi-14,symbolic,symbol_transform,medium,47,369,117,0.3170731707317073,4.282661891088858,0.06790979121856514,34,"34,10,12,61,16,81",True,False,370
symb-medi-14,symbolic,symbol_transform,medium,49,369,110,0.2981029810298103,4.192029443209678,0.06321179129848412,78,"78,115,16,25,20,24",True,False,370
symb-medi-14,symbolic,symbol_transform,medium,51,369,126,0.34146341463414637,4.482295238927291,0.04347640830952573,78,"78,19,99,64,119,12",True,False,370
symb-medi-17,symbolic,base_conversion,medium,1,3071,128,0.04168023445131879,4.733776272965924,0.021127008577006067,51,"51,101,71,68,80,49",,True,3072
symb-medi-17,symbolic,base_conversion,medium,3,3071,128,0.04168023445131879,4.645458380461488,0.03688732837184141,96,"96,117,115,55,2,86",,True,3072
symb-medi-17,symbolic,base_conversion,medium,6,3071,127,0.04135460761966786,4.518397422322228,0.05490300355952822,111,"111,52,75,92,15,93",,True,3072
symb-medi-17,symbolic,base_conversion,medium,8,3071,127,0.04135460761966786,4.224301715057423,0.09845761597239068,69,"69,77,90,54,110,55",,True,3072
symb-medi-17,symbolic,base_conversion,medium,10,3071,125,0.040703353956366005,3.889117199556106,0.16540865847389388,48,"48,46,39,7,111,87",,True,3072
symb-medi-17,symbolic,base_conversion,medium,13,3071,123,0.04005210029306415,4.111519414778097,0.08767571516026704,35,"35,104,65,4,120,13",,True,3072
symb-medi-17,symbolic,base_conversion,medium,15,3071,125,0.040703353956366005,3.8023059617960895,0.21606330843312418,17,"17,125,69,86,113,102",,True,3072
symb-medi-17,symbolic,base_conversion,medium,17,3071,120,0.03907521979811136,4.202430739283195,0.05397500308335871,30,"30,21,33,116,59,74",,True,3072
symb-medi-17,symbolic,base_conversion,medium,20,3071,125,0.040703353956366005,4.192057001773784,0.07453577259681406,58,"58,16,85,52,105,47",,True,3072
symb-medi-17,symbolic,base_conversion,medium,22,3071,128,0.04168023445131879,4.348657442515773,0.06798362334097639,94,"94,55,7,9,32,16",,True,3072
symb-medi-17,symbolic,base_conversion,medium,24,3071,124,0.040377727124715074,4.043414901435305,0.13584306623347128,20,"20,87,79,35,75,74",,True,3072
symb-medi-17,symbolic,base_conversion,medium,27,3071,127,0.04135460761966786,4.381747035536235,0.04389882209929336,37,"37,36,0,14,11,13",,True,3072
symb-medi-17,symbolic,base_conversion,medium,29,3071,127,0.04135460761966786,4.363021024210317,0.053667293944268515,40,"40,94,47,116,44,121",,True,3072
symb-medi-17,symbolic,base_conversion,medium,31,3071,126,0.041028980788016936,4.115758541828226,0.16484817221162312,75,"75,58,61,53,21,33",,True,3072
symb-medi-17,symbolic,base_conversion,medium,34,3071,126,0.041028980788016936,4.219614784986758,0.09376631513165916,4,"4,98,27,89,120,21",,True,3072
symb-medi-17,symbolic,base_conversion,medium,36,3071,126,0.041028980788016936,4.345883374886846,0.06009775602285931,114,"114,12,66,65,88,70",,True,3072
symb-medi-17,symbolic,base_conversion,medium,38,3071,126,0.041028980788016936,4.2952655197733405,0.06415475822898313,119,"119,57,84,11,88,76",,True,3072
symb-medi-17,symbolic,base_conversion,medium,40,3071,125,0.040703353956366005,4.033634238398514,0.06984367039943315,125,"125,15,90,56,57,126",,True,3072
symb-medi-17,symbolic,base_conversion,medium,43,3071,125,0.040703353956366005,4.073434745724649,0.1430229194323471,56,"56,120,46,99,105,84",,True,3072
symb-medi-17,symbolic,base_conversion,medium,45,3071,127,0.04135460761966786,4.34497117228127,0.06459181796650675,74,"74,83,108,1,116,53",,True,3072
symb-medi-17,symbolic,base_conversion,medium,47,3071,128,0.04168023445131879,4.437405008570513,0.04316993511569712,98,"98,12,61,41,23,65",,True,3072
symb-medi-17,symbolic,base_conversion,medium,49,3071,126,0.041028980788016936,4.31691683920637,0.04897025731209106,85,"85,24,127,115,107,46",,True,3072
symb-medi-17,symbolic,base_conversion,medium,51,3071,128,0.04168023445131879,4.575769701387691,0.030503763216165374,91,"91,54,16,78,72,80",,True,3072
